-0.025977395604855624,-0.1317438878439752,0.7446841622187612,-200.0
-0.18256973680290595,-0.16930941773478875,0.9440260028249208,27.730862583867978
-0.09817611397019901,-0.0034786064305276643,0.2409300121251461,4.263372052914511
-0.08644503859378957,-0.040037079802423214,0.9099447840118948,16.427979244256065
-0.19076438651200806,-0.09418227616132707,0.5797936915212508,24.59772984630351
-0.11352272387217846,-0.08585545847870157,0.9204652615934891,24.21364063674873
-0.015382763117199272,-0.1479631664399122,3.1650580397439088,-31.218598070934814
-0.061735452596812984,-0.22139706980243948,3.0561140041372568,-87.96870928148893
-0.20667783834970738,-0.07691946387078519,0.8240354975960247,-14.201323755988714
-0.03370438037657869,-0.20311542894920676,3.1971380811165413,-200.0
-0.16187447621559078,-0.1714967509732434,2.801785786284653,25.10272357415642
-0.11393704597060347,-0.20524695558112757,2.7443312305503103,-3.1935094172906453
-0.09301299215053355,-0.24584757049262257,0.6248246300276792,-200.0
-0.28696698139946825,-0.0822437151918872,0.26364514325753835,6.580192686982691
-0.12007002651020024,-0.19813123666413818,0.08231225621184513,11.041668819326791
-0.1471804764357497,-0.231138747837903,0.10315911668914109,14.414812070470568
-0.0018682495503975494,-0.0035139752483609454,2.847786764584027,0.7712529426740272
-0.26300073622697506,-0.1007786924377502,2.7982241590863017,10.851890871161093
-0.08997051653786259,-0.2055780729031022,0.7504438231727592,-200.0
-0.1744568741195953,-0.21131397969981275,1.5774778345882285,16.465007733709374
-0.020766840296179034,-0.2399471096206143,1.5257970814864201,-200.0
-0.0247764998857416,-0.17996347183200007,0.8900761819726315,-200.0
-0.15975592071607453,-0.29813039500980626,1.4655671276431277,-200.0
-0.09804367173892323,-0.028321458467281957,1.6955642361133607,13.460699776373701
-0.2075853403073268,-0.29572339394858654,1.517804477075532,-92.65782047758456
-0.08262813838920222,-0.007529359375776645,1.0819606223842915,7.465181858625307
-0.1884557032152341,-0.12477838982091063,2.593424732223651,23.930755747392848
-0.20544063868614398,-0.08738140203846659,1.7619552288854319,14.794709444968213
-0.16370227120731337,-0.006909004786077533,1.6728294833593638,-61.385302100810065
-0.23984618772302513,-0.09041612717790334,2.7493322189065568,14.125583598916283
-0.2492152312102713,-0.12886963203750776,0.6640574333060544,13.746711794175987
-0.024438102122609606,-0.2032301512089148,0.37479436523400655,-200.0
-0.24883618126105533,-0.1709087649919316,2.5534741270377386,27.660053738155895
-0.28179618976645493,-0.2807908580690707,1.0328536457239352,-2.8059862487024363
-0.057426586996145945,-0.27249691763773476,2.33623599903577,-200.0
-0.16627168901891587,-0.018144936150214397,0.30584294233403186,6.4281767536452925
-0.060409639096215384,-0.10819026023965439,2.619247171957511,15.04134321869364
-0.1604202363364795,-0.01763059566241504,1.8703154991264619,-21.100264399657316
-0.2528176772782939,-0.11238566142840922,1.0402575791681758,-30.06480106644852
-0.25027194629559507,-0.1354432093039775,1.4467975372365842,17.133917181788714
-0.11225840979689125,-0.22406498466015545,0.9716432593907842,-200.0
-0.255741580740217,-0.05600416141738618,2.5242730764594725,-43.833080306114894
-0.1275329861212333,-0.1383144524188866,2.6260230368344293,23.398570192883323
-0.0288587644572178,-0.08171705929685366,1.291813205207065,4.124297804865073
-0.27245810611397003,-0.0580346869804535,2.673503023475753,-53.75134891251544
-0.05880228038710297,-0.006895855921324134,1.8672188763339275,5.708121365923937
-0.022478273522725023,-0.19330827299999226,0.07521423111377264,7.625678972029194
-0.2885490706994354,-0.06809378264549748,0.5604568234107988,-200.0
-0.1603473489401057,-0.29402669756630917,1.1196463264028347,-200.0
-0.11485206724024716,-0.0316438911460305,2.3957102804481276,12.588227969156762
-0.24158262919241943,-0.19208961607718394,2.7603837343050683,26.194098595441673
-0.1304554036143539,-0.10461085757411351,1.1651496105674244,26.348265527993604
-0.0756281233783839,-0.20366594226346918,1.7538912057447609,-200.0
-0.2742768647491918,-0.062410774094595584,0.3574229206985199,-38.532627771426164
-0.27562302139908945,-0.16000374125561762,1.0020748240326491,10.409500116442928
-0.08563709222838622,-0.20888297897431324,2.7063378650964647,-40.538579886947375
-0.2718317138892823,-0.23589528993950698,0.19488968763931722,23.746335099833612
-0.03395150571292316,-0.14062559650905673,1.0880682201919478,-200.0
-0.14281646078175822,-0.06820449106193921,1.3766025631359968,23.255844387164988
-0.20999923755640557,-0.15238916772662547,2.5794681514459126,25.67472929186783
-0.22538907924908785,-0.22398934466396977,3.119446551082255,25.913399662283723
-0.16723159290518308,-0.0796772012432111,0.5454275613192877,23.774227543932763
-0.18023736577288738,-0.010609446666806188,0.9848034244145611,-200.0
-0.21902624605159227,-0.13289368131505339,2.4562762980533277,26.620319876572406
-0.10101227579324115,-0.041583111267212536,0.013703163395600541,0.7995773655820382
-0.15211792683081576,-0.05215993827915208,1.6716004671564404,15.40382656152323
-0.017119643466571466,-0.10053103236729,1.3282374348392096,-37.271914165095836
-0.03419718264260607,-0.04215007411862026,1.4995798426639455,12.692563595063906
-0.18540139362877084,-0.2235229656029999,2.5363927229676944,22.55530711873079
-0.18866776586736128,-0.02811218325046283,0.19252658140627132,8.99999651004019
-0.07746942624356429,-0.1661581116609221,0.296320239304896,8.093822180104642
-0.17398041245261822,-0.11797154071296156,1.3784117503958235,28.727770964662025
-0.1406131057751557,-0.02761237538036504,2.181410599945593,9.074205438153065
-0.056439757819382486,-0.2207300948691781,1.6496121770182919,-200.0
-0.00706628642127638,-0.1327955623257047,2.381561124024659,-62.86509882906826
-0.0771924808429312,-0.22060248594913862,0.6874077887548514,-200.0
-0.1867633975111681,-0.23101058974037508,1.5838503044297985,8.039934505740387
-0.19574191143193165,-0.12359662319121431,0.59776422127655,29.42154719273425
-0.26849330232216,-0.09548043609156129,2.9893681262916747,8.282155921950743
-0.08487847634492524,-0.1026017836783977,0.7337502464034499,24.503621026072924
-0.013782942861488234,-0.2181796817088325,1.7490851832085692,-200.0
-0.07615307695905987,-0.13606060158207003,2.241207745115972,11.589041254436637
-0.18696031071573388,-0.017741257156927315,1.4396008703536989,-200.0
-0.24394258820863735,-0.00836519310255801,2.834274676659464,-96.56029205111858
-0.016445389688207634,-0.2863247839562951,1.753347560146136,-200.0
-0.04677460142802431,-0.036581656876342405,2.828687703381489,8.086614967979635
-0.23630665588569552,-0.29885944336637565,0.9374440818728612,-61.23854979280314
-0.20198246641904563,-0.2144310334673924,0.8553132032714976,20.532275025458137
-0.08229209704724874,-0.09361655317227349,2.3463629652455062,19.364398324115996
-0.2578153613395192,-0.0029115490063665317,0.13971077544924113,5.0454594853179175
-0.2925055395409164,-0.14581746414709357,0.24847639260519766,24.03685627362744
-0.1594591143816111,-0.2543680714526799,1.1729134608460459,-200.0
-0.22403179910969517,-0.1946504526237022,1.5585333280616165,25.94921284169932
-0.02778511316268223,-0.13990434750620126,2.3112730683630973,-41.37054649846297
-0.1107236744871104,-0.2639249387575832,0.9263240185048078,-200.0
-0.2042416262425703,-0.051104925411992796,1.1238681449189767,-200.0
-0.07795237529487176,-0.29781016719029035,0.9271109775426256,-200.0
-0.2508051961866465,-0.05679248418690183,1.2734942793156483,-200.0
-0.18768435749515977,-0.07359026531439278,2.6634884579407077,18.88133421040267
-0.009680202588027376,-0.18777794775407713,2.0643813511722717,-200.0
-0.1571778996354578,-0.061013455220841284,1.7604948607616562,18.71779385149456
-0.06235142228701901,-0.20148575721441225,0.6971063473433671,-200.0
-0.06633850894960999,-0.18256395632712372,2.8679824391279993,-23.462502446455407
-0.03981397684109539,-0.19024778772740236,1.020355318006832,-200.0
-0.2731232569940529,-0.1433367511810115,0.6310758480535188,8.146754687743453
-0.017832749556441208,-0.06373794640797267,0.41526854043151373,9.79163808997233
-0.18562968764745713,-0.13019488579267155,2.0438225621124926,26.626009634142253
-0.13174809104283,-0.28493283612050047,1.2122288695575145,-200.0
-0.18758485604887737,-0.050465258734055995,0.14100864871685645,7.963148360818979
-0.053153272227606546,-0.21576329176292675,0.8871593006782055,-200.0
-0.17427348931623102,-0.24542024045931254,2.162458881995927,-3.1128128339530257
-0.2694860719068326,-0.09391321028373012,2.1134779949434224,-30.256548101562778
-0.195509509574823,-0.01377257156282713,0.20790987389992158,6.8690346561740165
-0.16579359398227006,-0.07981374079300377,2.2699105277376974,21.731213994389957
-0.1933800884176085,-0.04345936820044666,2.919698534288395,8.00211565298505
-0.17817951148389832,-0.17139460270628173,3.0439963910892387,24.36055639583247
-0.14765900758953582,-0.08360950491975644,0.6862760899199744,25.741972624903546
-0.18551712913040927,-0.09475649506114722,3.168456074118364,19.601737140231936
-0.1453465985152981,-0.03475226317755131,0.8301184817173264,-1.9448617199794924
-0.2487799244716512,-0.12134921532155754,2.1518937669957094,19.981742060714968
-0.168293123623569,-0.05221197335885014,1.7694750895297067,8.952227879494703
-0.28940877090119105,-0.11776578632850407,1.8960868178124906,-36.581959866858995
-0.14047743214161418,-0.18336712314133086,2.6940441197244502,21.719175044354746
-0.0016898366547361543,-0.07767625321470703,1.8194447627296957,-12.98387886713488
-0.08813641920177717,-0.0953314439980204,0.7112985475748,24.477305356326085
-0.16961477833725422,-0.19089361274633754,2.608599569026988,25.709609908417352
-0.16893833198227773,-0.23867296857086773,1.7583434740637303,-14.521684106254188
-0.06569361399868384,-0.04017803014939092,2.441088672464934,10.15853731602949
-0.17193763594734807,-0.21479866315449242,2.949634389081596,22.278900286050987
-0.2652951194660004,-0.09831184785772171,0.5345594307421965,-34.11117034211518
-0.17116370738839912,-0.1684121921678335,2.3204391914666997,26.915702504982956
-0.29696860963651056,-0.2738012302685888,1.7701820608407024,13.785866923656457
-0.06608253995111965,-0.10852953590253442,2.966977548712748,15.780296147649516
-0.18484423141270678,-0.09943019273914425,2.205953661978117,24.622646056817647
-0.27197812940354316,-0.2820110588410996,2.3722698296983067,20.984456262208877
-0.21558792000243077,-0.2625283908437864,2.6359073103150283,18.002878488641333
-0.003810641953187144,-0.14079991047304743,0.7950232696148197,-200.0
-0.18506501250155588,-0.2340090440726984,3.059309831041177,20.887033791609532
-0.02690289995032047,-0.2946240828058041,2.870247443333156,-200.0
-0.14227767679406922,-0.03441982042272129,0.3083619858910604,12.057766608042984
-0.17056562690393273,-0.28120361627104945,0.1493275415102627,16.620207247777117
-0.06010516579170144,-0.28336059251776474,1.8722117527350832,-200.0
-0.2672238552820627,-0.12258494088429231,0.5034056192638365,5.658392572095877
-0.12818009638536415,-0.2935927795430172,2.4674430843742883,-200.0
-0.28296981207839783,-0.009283798021865575,1.170090505280483,-200.0
-0.08052017821107191,-0.16581249236793055,2.8687951669437943,3.3220634345862265
-0.07937451881283286,-0.21406300118445765,0.37242546016025396,-63.60242773841469
-0.10841552129924412,-0.20707346210919353,1.2744607557430734,-200.0
-0.21702707587513176,-0.038670990469728106,2.633621114896108,-16.487534332358123
-0.19356115436059768,-0.23840545003149913,0.30440927043207733,23.970994344670675
-0.181504235055158,-0.28438841457113667,1.6685764498292261,-200.0
-0.29461731278464226,-0.2202091721005824,1.4664708978891943,21.793323549767383
-0.27859800271795543,-0.06084585606424586,0.8588969803217692,-200.0
-0.09796364083421077,-0.08965724131499589,0.10437852772835728,7.279583281568149
-0.1416946024453558,-0.18133013426325145,1.0212501149698052,14.2377549734994
-0.2900699775944589,-0.061664923315524534,1.5456633659629917,-200.0
-0.025414843898992012,-0.014750835273844687,1.2219690299832102,5.6286000614352885
-0.04034741687294824,-0.031311921752619765,2.052123632416136,8.755273255069417
-0.056827807554578114,-0.2558304704603761,2.52647690323874,-200.0
-0.23996109875470367,-0.06586346291174183,2.4048940683769757,-16.681469933584612
-0.0202408783109429,-0.27802176285266966,1.0703058066683637,-200.0
-0.1863317040911317,-0.28440360598342773,1.3350203732862327,-200.0
-0.286447413267509,-0.03072255928682044,1.8340560448713363,-200.0
-0.29385657719004316,-0.01367020021811105,1.8542421882856521,-200.0
-0.06476524330565211,-0.07453162141518241,0.22209340562988167,11.150106997401075
-0.19825491443835996,-0.24154314181951797,1.1790655866869963,-2.9980593648796194
-0.138536065733445,-0.16115127392446066,1.174680847265619,25.52019923032299
-0.023088640288672413,-0.20919210571972952,0.6959961248798048,-200.0
-0.15245202751147405,-0.17487998704107638,1.3116645859288063,24.95750343015021
-0.0421837382362345,-0.28744941416465175,1.9849430861607091,-200.0
-0.2877072059147073,-0.012284199321103972,1.7866073942219662,-200.0
-0.049528061143613356,-0.27093341300405016,1.0846154725917956,-200.0
-0.2534313893369802,-0.1502742692566725,0.0799843383002026,9.51912263076528
-0.25228271734245206,-0.25878565480235743,0.04440292098859568,8.921734930492722
-0.19411536128990606,-0.2072600840407945,1.8366723492737442,25.96970548900383
-0.20963649193610784,-0.009995842918090081,0.43200483789591076,-85.91424679148643
-0.005877210489135476,-0.21273109615099206,0.003533157280889501,1.4964322743613727
-0.1388705406365484,-0.14673878416951636,2.453716385456442,24.957755143194717
-0.17080107276449757,-0.1869209057658602,1.3743732391435017,25.567218364014344
-0.19181637513042582,-0.23361659068678764,0.07270794209007976,11.924857178007617
-0.16849891330026834,-0.2618555969428028,0.4812383256203929,-38.70275701165701
-0.07949903216643261,-0.17201415958885688,2.0709885380125286,-23.77117710453081
-0.08383925727158423,-0.1587080049283646,1.5757276478156856,-15.639365714637847
-0.24364337790273224,-0.22314693269341904,0.06063928216126588,10.205465528253505
-0.18041809266522307,-0.20009071036221562,0.3860857076384275,27.279853074616053
-0.10562328522849437,-0.29602920593303145,0.49441045595477173,-200.0
-0.24105864451730147,-0.06654932899758506,1.1497769436431395,-200.0
-0.12332436674540556,-0.030984358838476223,2.255319905386157,12.881365395353553
-0.013964914905013448,-0.29226702032553514,1.6258529034463578,-200.0
-0.012105810848172138,-0.17873666083849324,1.3316911707357209,-200.0
-0.2942338456483297,-0.25278444788732873,2.0314852559908405,21.181116926086023
-0.06847686275894593,-0.14578520155168814,0.5509282224182364,-10.514928426950096
-0.06649095522438717,-0.11935871239405368,0.36069304074791075,15.993602833031073
-0.17743405907955914,-0.03344988169585311,1.0756998282229284,-64.59624598908613
-0.048310497971589594,-0.12653985525067013,0.17288817314927823,11.33978949150572
-0.17306308322403646,-0.26661775065824367,3.1665718873220166,0.4322054010584857
-0.12201916030096627,-0.25850248231317985,1.1510107088442623,-200.0
-0.0912448207328257,-0.2126307535072421,0.9561616243290051,-200.0
-0.23550073144562927,-0.0007278022106601001,1.7443167643032547,-200.0
-0.26136337697730694,-0.14409818059475424,0.5540049517763648,22.43870315545805
-0.21624775058736279,-0.0984761432563184,2.6710364502699053,21.930703777023233
-0.12027206959467182,-0.14439632112235493,1.6418325278178796,25.551688395372572
-0.19458668014382619,-0.18831141040711835,2.0845520922634733,27.730244744861945
-0.29304400886995274,-0.12925531038024113,2.4494356240965525,5.32820511683455
-0.23219698151167056,-0.03549845780814315,3.1762258898714797,-11.207531147609352
-0.15687337534974377,-0.19567499835379354,0.5276304076145995,20.860910899598597
-0.18161238697748644,-0.24920409469602856,2.3255708339973022,3.6720029374853915
-0.25934896997418166,-0.2532985540169495,0.9456373616467268,9.188675219895998
-0.1334977916979074,-0.02384115760021943,0.7575534057060693,-2.700501871974172
-0.04700848192723117,-0.19175554617101376,1.3228778028938821,-200.0
-0.14299247016672198,-0.17038225830906173,2.582360564557652,24.375272242550277
-0.15853727023413067,-0.07740486984723136,0.6601500988894777,24.439525723860527
-0.15886753056286673,-0.09917132581963117,2.384241364605065,22.082956634451016
-0.13908654565480555,-0.13397394314684766,2.0994124036350863,25.66660263487011
-0.1938048963709823,-0.02972345351504413,0.47720330904173314,-31.915731045393294
-0.19208581253046247,-0.09150045001249393,1.9173177287017424,23.238024774111434
-0.04296772873993643,-0.28030296072891286,0.38890522073860967,-200.0
-0.26048956348813834,-0.13746716128088557,2.9842798310790823,24.937264105930247
-0.2113852781129632,-0.28673480314234095,1.9212230990174466,-27.68083387768102
-0.07192989436511191,-0.04735903202508829,2.7739765972610693,10.578937376847845
-0.039327482505075506,-0.27298865575621717,1.519799900072598,-200.0
-0.09690848115912357,-0.00013419269385456234,1.230167851575849,-2.662455234761266
-0.17248074316059764,-0.26299987433700667,3.091950547139188,1.3500178717829279
-0.2046407941951131,-0.033313682127802946,1.8372534699417356,-67.96004820862207
-0.07859975800372632,-0.14507008810101205,2.961498439636893,12.631489054036859
-0.15253923690929216,-0.049791529876028584,2.4069366222974615,15.982304008585315
-0.05781343669133132,-0.1353365378463199,1.1412616888865625,-31.35834801360142
-0.16412019790376886,-0.2551017668781,1.1632498347557332,-200.0
-0.11746345402649516,-0.1527343292462379,0.540351592777061,23.156359461499328
-0.12489592092728447,-0.003075196312157469,2.1274230862539256,-1.1971071805733118
-0.23422845408751117,-0.2871896996798773,1.8024158964086607,-8.286623729399711
-0.24003253427305166,-0.16749090648144227,1.2943684884743627,28.917475458272836
-0.06277423179494182,-0.25625907447941637,0.8878363315103899,-200.0
-0.09102993832915149,-0.19182413720616265,1.5783226748296868,-85.01968934727637
-0.23831554415640832,-0.0541874314365291,0.04556453660453322,2.6384286582953376
-0.21815614893944144,-0.22207919744251414,3.1372972542833324,25.80118387830086
-0.2880438386258584,-0.0010476257308587034,1.483738984801136,-200.0
-0.2191674597476979,-0.008181463844311787,1.5990372757661662,-200.0
-0.28107875898362294,-0.19491851793449536,2.7290003512173464,27.830868068689544
-0.11371018941573147,-0.1255652922126564,1.0560476272765997,27.69031853458337
-0.09515127320642999,-0.16424329724928677,0.9066284343984873,-19.34015178934998
-0.11279597745223291,-0.06401030026841298,1.548756182300475,20.346533370874955
-0.15502460666115048,-0.06280655304339183,0.5061812076347608,20.2095046579681
-0.1479516087801257,-0.20923125699490286,0.2538123088185868,20.73637591706603
-0.2870111600368249,-0.08253845043779898,2.2900687696524518,-75.35444054114265
-0.07176981897256102,-0.08562070205415248,1.1164777903266307,22.884067373321667
-0.020039412577717797,-0.1742416609633069,0.45333156191181356,-200.0
-0.22451120703709987,-0.04968627645637408,0.054398684733320636,2.967698903585819
-0.23245081673558127,-0.07604895020065072,0.763378032894922,-73.53617870140364
-0.07004313270201465,-0.05547805811375264,2.056702716046704,14.352820944531135
-0.05272603485434152,-0.14933224904409678,0.6888080182901031,-70.2562554730816
-0.08374798634005512,-0.19536832583576588,1.6520231969328394,-200.0
-0.28063307357420547,-0.2725930384617589,0.3391481927574966,26.219838889631315
-0.25644607696052396,-0.10507115580415968,0.33050618238767204,18.68909602466643
-0.10540473740200054,-0.28951382053716385,0.5355532552602339,-200.0
-0.1009009259781821,-0.14681883219748113,1.2052999642529052,13.104685838561714
-0.001111062946756225,-0.2048620149286628,1.7576089184973451,-200.0
-0.00775692120504301,-0.05495901953827659,1.9030939356447043,6.32152261091376
-0.2625004741392912,-0.26888533694593425,1.4638729396411447,9.723644127471559
-0.1768162743486105,-0.15227729373881352,1.234287475688757,28.261919928061758
-0.23452542634837542,-0.19109187936809024,1.9909819120743482,27.186790188253365
-0.13706034244543333,-0.24709846495336177,1.0225476948494516,-200.0
-0.233481315934582,-0.28923183991178286,2.005547505576276,-3.77453094401484
-0.19646007339188626,-0.29012163556952253,0.7963583721666248,-200.0
-0.24523176356343634,-0.08940781083930804,3.095434842911894,15.13774606765153
-0.02893464786554073,-0.24160190341478174,2.54595681305858,-200.0
-0.1079725183320851,-0.11397080912356838,1.1874788475877789,27.110292146772064
-0.184331715317113,-0.28158900194571174,2.4548332474154364,-27.237108654498293
-0.13301260263417464,-0.0014143718661455695,3.1704606982112753,5.0211388969714985
-0.010117294393644227,-0.08615072927015824,0.24320877389234272,7.336979155828631
-0.1948004007604733,-0.04790165798018975,1.4858740431126076,-39.92441309601412
-0.2081584638834134,-0.12401269099755186,3.0145095443202625,22.973823771131624
-0.26148803803001275,-0.08495362004131116,2.762003421834815,-0.9321049502521781
-0.1488273187191501,-0.07410505196963718,2.9828324612171833,16.817263004012887
-0.15582947551932028,-0.18156636210466603,2.676441338478035,24.807671429589877
-0.18980181605439142,-0.0907595713774686,1.0045533007576675,19.452612987540867
-0.023387388849790414,-0.019625366450656212,2.5049485118578825,4.920775358655256
-0.011855354084008951,-0.004639616650005951,0.6691438711854936,1.8887986109030512
-0.1976725769634715,-0.04495669377953193,2.253057682947003,-7.328315405681032
-0.1075983417075993,-0.18584192723879006,1.114117778077989,-42.04061033078203
-0.2112012469877941,-0.11917960285563103,2.6394450879284843,24.813037283370253
-0.02454079614303606,-0.24470940719630893,2.9163843664835465,-200.0
-0.16233950072400405,-0.13076825815982093,1.317174000899874,28.022315712383328
-0.0780961549629541,-0.015017844176182182,0.15125382187424055,2.6478672389982365
-0.11288589828605575,-0.28319125827441416,1.1667070427653083,-200.0
-0.15054698008881748,-0.22967334949045626,2.491863076550602,0.14522900851696718
-0.07303790526950377,-0.21175170194868492,2.1901421691621126,-200.0
-0.09397311359766528,-0.044078296013002616,0.11885873726011571,4.5576562524837465
-0.03351046150968051,-0.2244903973290878,0.5110767226247243,-200.0
-0.15227980974358182,-0.029109986247716046,3.1208486428084465,10.770377611556448
-0.20007436003651075,-0.1486023140094582,0.7562888270573789,29.338741261277757
-0.012237714468035565,-0.14367193125336908,2.4289199241722796,-73.20388003062125
-0.143139462988815,-0.29093191324886,2.846284009462509,-200.0
-0.06225809893737483,-0.2997409139977625,1.2825581069270746,-200.0
-0.17799353813695667,-0.08954676402566264,1.7917901416738662,24.722688778190527
-0.1792377205982883,-0.1870394106982593,1.2393268173941054,26.20646237094378
-0.12441628715005545,-0.21326845620733936,2.237504557062177,-15.783083165890787
-0.033295489839185566,-0.28342435967453583,1.287361147194555,-200.0
-0.05967535045630004,-0.24368810360519177,2.9991700124193374,-200.0
-0.053920208810164544,-0.1892185766134871,1.5962431868785425,-200.0
-0.10004684166412467,-0.18022594398398545,3.0250184820085444,8.391306156118098
-0.06614814913403261,-0.19969593323476353,2.6755706461858644,-60.378644106722774
-0.26334955065566285,-0.29101106920740294,0.6215974012900806,-1.0303869138490445
-0.05762947739495744,-0.1935764803552607,1.906264841816251,-200.0
-0.19179016418535663,-0.05179845686082507,2.762685475538022,11.031773895492318
-0.09429529991327681,-0.2797071822140503,2.229186353561677,-200.0
-0.12363044665264761,-0.037155289825406446,1.7630965569187145,15.056937080219708
-0.09478457969578022,-0.2429616756179077,1.2335548113042112,-200.0
-0.008316531132336713,-0.28822532554744,2.5566290005066854,-200.0
-0.035885193315779496,-0.14555842278600611,2.702149195277313,-21.89136065967103
-0.246829603286291,-0.18123712526370883,2.382501488037945,27.719729276440173
-0.11707600149717443,-0.14167723529876747,2.138446065570652,24.342446713364478
-0.2570941538856738,-0.10931206553374437,1.541444136445415,-21.96275989018726
-0.15751003956456497,-0.10522645398111513,1.9542970895615277,24.609610820296528
-0.05211794920723459,-0.11804135679313099,1.064053483413393,-11.023085475572909
-0.07372452589730233,-0.2350710245201336,1.6332252430406378,-200.0
-0.13488745751398554,-0.06763393221457367,1.2517004262460931,23.628915067035738
-0.18922484064038653,-0.06202447965015506,0.7720946623329581,-11.779623512673847
-0.08539400190108076,-0.24508879888286056,0.39063748403911713,-200.0
-0.28995176615212875,-0.23614906079155118,0.4421016046227386,25.364022144798124
-0.12525365680135772,-0.19954345630846976,1.3033261281782487,-31.03462050692964
-0.17601256638528684,-0.07269522497158454,2.541352500523108,19.58338499050813
-0.2409953205524905,-0.199416357687771,1.5492752890111574,25.249326559719695
-0.11142077172533515,-0.20792531846061266,0.1354346084493214,14.556817655713406
-0.095411895331074,-0.06909168484076289,2.1991236981424187,16.672522245693965
-0.15386081292119144,-0.19894650141319892,1.237972852005072,8.012078573359343
-0.1766531886091346,-0.11511872389446154,1.062412155841579,29.647378297109103
-0.16958183078687036,-0.20507416146327315,2.4133666567498517,23.42947644917061
-0.18701528771221262,-0.09469206658582732,1.7073691871281262,24.993701210421328
-0.27740501066896966,-0.14653424036768106,1.6919525791674712,10.446125553941197
-0.044262270874498855,-0.04807508385847448,3.1820867889238804,9.15959176605098
-0.02732119546110806,-0.06419237833160932,2.985132811090218,10.347194748552967
-0.2760639013649264,-0.2789002308772587,0.9738737402683614,-2.1269709896431506
-0.1250280896385964,-0.05030620631065402,2.418711187155694,15.614885374346393
-0.2610129030057182,-0.001115232671015709,1.3625255649994346,-200.0
-0.13953929273915702,-0.029492185245015512,1.367126233072418,-0.337569529217145
-0.27387261801283835,-0.21114610994301547,2.0622293852787954,26.680096633603124
-0.06795996953567157,-0.2816472783972759,2.882186601499068,-200.0
-0.27883427136427547,-0.21371772355012492,2.2158100330017283,26.889404232961596
-0.2365846007561308,-0.011804025373993998,3.0672537251323493,-47.534689269927576
-0.022289248768968706,-0.2851749618618923,2.297608738435736,-200.0
-0.2519531413811597,-0.0996659995718801,0.12234402103345288,11.067853928957014
-0.2149947535599666,-0.23413663354885564,0.7906789219064676,14.704121259179995
-0.2194403140204119,-0.020956181893006298,0.4354988986293104,-80.9710397593114
-0.29725089341517513,-0.10109070863269096,2.1680860789462106,-65.38789654254916
-0.11366470717981433,-0.16473423624333,2.2256979662205536,17.31765119260829
-0.14074400501082338,-0.2711125807018312,2.158835494742337,-200.0
-0.08176674899231465,-0.03626555177383428,1.7016928963048426,13.258858599883636
-0.07360197664453427,-0.09103265468426716,2.6621890028295905,17.305199979336315
-0.2696778151422544,-0.2302860630401396,2.8552035409309586,25.924688383037495
-0.09006678491588482,-0.10111293628034582,0.12450650397269153,9.217259464632534
-0.031813865449623335,-0.28002835207665994,1.0424802810161606,-200.0
-0.007591032691018518,-0.1269202522407924,2.0719551156960523,-76.15574665335579
-0.037670139110124345,-0.10679529224684858,2.652149268818254,6.729732777051218
-0.1763255106931027,-0.0935625478156914,0.4903248094275434,25.31654886158543
-0.2636976128390692,-0.18823996761351636,2.7128688770978555,27.300814267948272
-0.1782023227582347,-0.23484000614461348,0.5313332185457894,4.141957625210203
-0.06776102274444334,-0.12464439428863958,1.9072683333339353,10.203774105824362
-0.2956853984376147,-0.08533222156738227,3.164219148371156,-12.458813846372298
-0.24284898242560923,-0.06226322025001149,2.9799102813152443,-1.4523130458642406
-0.1474244205000766,-0.22909126718352554,0.18888120053386825,18.31375319285605
-0.10838433228857619,-0.17799782044307647,2.9880053423725017,13.140292725633895
-0.2920764667228562,-0.12437625900919624,1.5685540185269948,-63.59049205534092
-0.01324564521945143,-0.24782402262761488,2.0302455261926835,-200.0
-0.15142893201361024,-0.07212578084097024,0.9860416412009642,23.849265069061467
-0.10234099823882248,-0.02632188566087945,0.03219620691546365,0.9945164953958485
-0.07118605699192943,-0.29421676995196777,1.88372532583168,-200.0
-0.03673361299685296,-0.15187975108356805,1.8380382145426832,-200.0
-0.1767138329070116,-0.10047743359011832,2.0041432488882034,25.455045599373857
-0.29353900625901563,-0.28389986095150116,2.9149945697885538,24.088916391190455
-0.2811153963582578,-0.24624228003325466,0.9156056869056322,9.78529595407256
-0.15079329007824133,-0.2890980821145533,1.2105923833209693,-200.0
-0.2688137997517348,-0.17417907379738962,0.6375779923709111,27.47963636950384
-0.020988484905950622,-0.1620663453257229,0.3636140322107939,-66.52256978530362
-0.2926832529284924,-0.037317635638000834,0.9638149382456751,-200.0
-0.28085521849285594,-0.290650076614908,0.05473475955667717,11.406099434075568
-0.2769652686734869,-0.021499204200552846,0.4000006166301609,-200.0
-0.13055164594026356,-0.06960951990869607,1.6397569671477665,22.024984073698153
-0.25309766640782166,-0.2857318326387629,1.30404137718844,-10.093889891834785
-0.13274247769248154,-0.16850514191545568,1.2910162512733616,19.622358698340914
-0.11673533376950682,-0.24447874638746314,2.549512405253033,-65.95487475296227
-0.02328212307865979,-0.02794166659980396,0.47539035127227636,7.7681670999021275
-0.2293748820779667,-0.12568013894338428,2.218142658723849,26.573221432246076
-0.05268930310195366,-0.26691439086960783,0.05239565996836379,7.967617757732873
-0.19940960952329717,-0.025115352552205483,2.273563903985841,-35.038751859324435
-0.13260675184801873,-0.0020052807101400005,0.7562661133395566,-37.46284106580375
-0.1954436316659694,-0.10347746238812922,0.3220961724263681,22.12801366975679
-0.18466522576064656,-0.12588231273174164,0.4840874657615169,27.255536225068656
-0.2893146863734821,-0.11038608009736203,1.7943220004160534,-70.51374424535783
-0.10475389417662642,-0.0005819199879293913,1.7375010601840808,0.1456281069512917
-0.1424394481517939,-0.11997377975561063,1.9047920512433878,25.161905651163057
-0.14987523289144333,-0.01725041786043907,0.46959971627952185,-3.183051457406302
-0.007846467963785742,-0.21203679043402218,2.747499531502423,-200.0
-0.010320837934143512,-0.11227514908105712,0.5012064956287637,-40.729823800770774
-0.05930859823501111,-0.2586176291365022,0.4072796303877825,-200.0
-0.010782310762280645,-0.09593985066234742,2.2346769189788156,-11.493681327533093
-0.28411372112577904,-0.07246535398256937,1.960054688525652,-200.0
-0.2507392918176697,-0.2306875084199054,1.073092697977783,16.050675760442594
-0.2678872858958774,-0.23461923006790353,1.8930978155507105,22.904564484273216
-0.10966560738790951,-0.1245289083581638,1.9896162931938344,24.629556804813863
-0.22225664206508094,-0.29475509087684904,1.3644495499468388,-63.34667909947147
-0.007471053277174233,-0.09810265777649974,1.1807472435870443,-61.10054364171927
-0.2747601558452456,-0.24394861920756222,1.8557224697009678,21.166148196689374
-0.21094186560873146,-0.23807579103187326,1.806051614416365,19.031744238440794
-0.215656122306789,-0.2642385369480857,1.5026445901210719,-7.519921604243784
-0.01815219184707695,-0.13383147496185643,1.2708649651871498,-200.0
-0.26576766523825096,-0.003906607921091931,1.914665528037309,-200.0
-0.11542122771388405,-0.2913894511497719,1.515043956519223,-200.0
-0.2512171960351937,-0.08268902639618234,1.5205653803303605,-200.0
-0.14174760917566787,-0.057193554194384266,0.2943365475283378,14.184925572812784
-0.13792151782746287,-0.11025857713251544,0.39872481438977925,22.415417305834247
-0.16996795270092088,-0.035821409228933676,2.250560899231361,3.3691580920927358
-0.09722069851596407,-0.2846422734034272,2.014745452480882,-200.0
-0.21591346920249233,-0.09758602818862189,0.6257915763161629,13.66645635109261
-0.06213607586865183,-0.14080552704095012,2.0881521390682645,-5.450642125251317
-0.25362648071773214,-0.17946104850673417,2.448847583682483,27.973174912872075
-0.23358883654530627,-0.14759296666209196,0.7593601802056782,29.029124866927397
-0.23811074029562884,-0.2571115326438111,0.37160579279326905,25.55789270857906
-0.04011219689642098,-0.058985238231793025,0.7735954437173996,16.626621576913607
-0.2552819808858238,-0.17115260605268862,1.8624035443077132,29.40489543785211
-0.1469044175102944,-0.1817401264964186,3.1964544675531332,22.40377490631553
-0.10379486454987127,-0.06735768609584974,2.272206729636859,16.45979194397525
-0.17751703411936584,-0.04649786341439005,1.2282681178166655,-24.667213772895145
-0.2961493672076271,-0.19319708847285455,1.6678605521480354,24.667150322799404
-0.054939752502455474,-0.045158475270280496,1.1219967438820826,14.947769827716535
-0.2242321085626412,-0.1549193208322445,3.133756497622286,23.925904127579653
-0.1615866144606331,-0.08425893311661273,0.9660174156890369,26.165265339146654
-0.2753408669377367,-0.2559431519003687,0.5945246408723789,16.510898901083344
-0.05329267693914891,-0.005293277961965714,2.504115741888501,3.6550520919027525
-0.14663292624595975,-0.09344510465001854,1.215394203487543,26.843083262661676
-0.29634618179114497,-0.15016587534098166,2.356741974375062,16.52488167811807
-0.04133207155466939,-0.00033457308057627255,3.1473295010266034,1.4142640964997137
-0.29990946397682494,-0.1873166062632414,3.0349620119443785,27.558742687278677
-0.13013890967115221,-0.008821453897256026,1.8255331494287201,-5.38718001332467
-0.25417555395424735,-0.18282574223623455,2.683918090792615,27.10143494456316
-0.13299275048596249,-0.28665973945290735,2.9251531224970755,-200.0
-0.009305257599032335,-0.2316945519891022,0.7697146829501174,-200.0
-0.21589239004005453,-0.273057897752475,0.6559950732812339,-20.360420870881203
-0.23470385419993234,-0.004768041880566953,1.138599820785246,-200.0
-0.16740265324372058,-0.22957434599612223,2.8182910449737935,15.392040398313743
-0.2923496417482439,-0.15144657574403572,1.9541274953505763,10.160761347684282
-0.023978664971249397,-0.2941330716066746,2.1846626521388983,-200.0
-0.2891373060587558,-0.28055650779106306,0.9181116354259209,-2.73129825229757
-0.15511605883125848,-0.07527749079033816,0.18400363682256396,11.104789226623206
-0.11805364879237523,-0.17759654159534816,2.8811055147602964,16.693589075988612
-0.26348556421217023,-0.2973187609292765,2.042032775792745,8.00851219401915
-0.16398781474246554,-0.05193744639364489,1.4420254867563356,5.862437855105899
-0.027281096290224016,-0.015248176355136256,1.1599313144742838,5.906773981550397
-0.28899821442963175,-0.03286072114304939,0.010213355321956158,0.01941703000517836
-0.1915369984367847,-0.13724176192926538,0.36574037431127615,25.064906786050425
-0.28497947505584176,-0.09268377168581868,0.8722299763897884,-200.0
-0.286730379661841,-0.015587433425633457,3.005841098287437,-200.0
-0.02055204574437669,-0.11714636757146815,0.9165971981124497,-200.0
-0.28521633917001493,-0.2472668330740795,0.1478648170582668,20.91233169923562
-0.08836187147781696,-0.05960400950098729,1.5472408243230034,17.799349378853822
-0.18325222508939823,-0.12012143264028549,2.157717734768876,25.78534612223386
-0.17591884743030123,-0.27133441410780634,2.2526967358407415,-33.22413676183149
-0.00309473197957294,-0.2975404994061496,2.7532704324239927,-200.0
-0.2638974417123109,-0.11100807352800027,1.8521048859008695,-11.365929810455125
-0.055587140908674115,-0.18866342344339665,1.5142090388038856,-200.0
-0.15844310763576377,-0.2505035898886007,1.461829759198625,-88.77979123729433
-0.16249935429967868,-0.24829587075259718,0.21649024082256837,17.694305962139854
-0.08937057970036291,-0.09033017648666969,2.521703478236367,18.37829123031074
-0.13210451147457092,-0.2021935874102011,2.561240025873293,9.459610715439535
-0.19841175043822526,-0.0018059824337317565,1.7217763118247182,-200.0
-0.11231557576709744,-0.08285348981529761,2.243289872151596,18.87265506613427
-0.07125674481135494,-0.13883972333014727,0.6800586495414891,-6.804297269242998
-0.09110631171707034,-0.20569687523213614,2.5575353022025804,-35.36460142886788
-0.25321893634916726,-0.28102860473018404,2.132304668592116,15.511737044611316
-0.2644094286053488,-0.012386730304050131,2.7864449665126387,-200.0
-0.2032830019179159,-0.0563975897540368,1.6812350350341152,-24.720568247432382
-0.2821943382351278,-0.2839126935256791,1.1308844921971553,-3.345888360355903
-0.21935456756940808,-0.22915434955950797,2.877974483651925,26.173055731954697
-0.03709718038186466,-0.026470483832304326,1.6069515323845633,8.611839923250868
-0.1251456403857902,-0.1182386341457223,2.482814294368456,22.304670646751113
-0.22073915068416844,-0.1259089753235251,1.9807174015090556,27.670552147820334
-0.05387798698438723,-0.266744607289292,0.11207393654555242,3.6117382683296633
-0.20116122210085938,-0.2708035175982184,0.46703197510259475,-7.348170500807168
-0.27272058197930127,-0.29509757360243893,1.3299000488254382,-8.499663781962829
-0.027551575567628772,-0.08979361769316399,0.9824243277547581,-7.112194995832738
-0.12392363604353837,-0.03250491176437498,0.5022361580452931,13.723909494046197
-0.04480633284787028,-0.19381951242410922,1.543926858970983,-200.0
-0.16599124487962957,-0.21195372188836942,0.8953322778061876,2.6414630801911763
-0.022020186725160984,-0.2938800583620674,2.5380076918309276,-200.0
-0.12268641368291927,-0.25989488431070057,0.7985622391725263,-200.0
-0.18650905790585354,-0.11552259289579167,0.7675329689966124,29.703423012133214
-0.07649456936518245,-0.10353783098223734,1.1991778419054238,22.353769803188506
-0.08505404766921706,-0.2969182808770431,2.107391216939783,-200.0
-0.28396531918850226,-0.2428672853394685,1.2656695896034038,12.83132181157102
-0.1517228645602662,-0.06947219067795124,2.8947532020889466,17.074111389520194
-0.16329366696918649,-0.04881879035790365,0.487352200146312,12.73664868721998
-0.06144976477023653,-0.08445195495981095,0.47199126089090326,18.69533376863917
-0.25564366674893385,-0.016199481489282963,2.054947967346485,-200.0
-0.03224779465807398,-0.21654217660627145,0.8265953858616518,-200.0
-0.29035929566311497,-0.2271227967772223,3.143853217087756,25.81471755790148
-0.008005083346194874,-0.07129813871012528,3.0501663945823867,5.924123974801757
-0.003389675537159076,-0.058247556117323324,2.616468980460188,5.647640014347775
-0.05518222135460937,-0.1492648183729667,0.5282327924825878,-32.64067005473841
-0.11594281698635087,-0.00896379367442468,1.387886689062617,-4.364074098392262
-0.1464631065442872,-0.09023476736348357,0.16782663509934273,11.253019775916677
-0.2210671854188614,-0.19789605869625065,2.633204360190356,26.560463969824543
-0.04684250817675145,-0.0709812122961187,1.4757271868642745,17.510595088513874
-0.10037365730931155,-0.0012459709464453517,0.8125701385153999,-3.8194407259121963
-0.15627452038427808,-0.26171311551691845,0.4573881774255667,-53.29227153497847
-0.032962682498278384,-0.1480747269800192,2.799045666254008,-24.67915579889643
-0.23382725864974158,-0.21731107242586004,2.2389802168965094,26.64208921678602
-0.047415442308802236,-0.20101976669822547,2.485022581916205,-200.0
-0.13825293913540262,-0.12348828255660341,2.2029220842424215,24.17479375319053
-0.11067081575538426,-0.2593175180567856,2.6780184718597058,-200.0
-0.13524784049260866,-0.11901474259534855,0.6279750083177316,26.868691973971053
-0.02963083332039529,-0.2613127276198329,0.7524797443286313,-200.0
-0.019570502819652447,-0.1732069931631477,1.6474868020247861,-200.0
-0.10427822111952678,-0.18107479901289525,1.3548639220307,-29.83365033955439
-0.16384482406331705,-0.191482055708264,1.3874765300573717,21.810860640206
-0.01703608105614174,-0.15861763555764177,0.9349680164912763,-200.0
-0.25353920600224156,-0.19282409271164141,0.12506476724348717,16.03073444772228
-0.22923138467721116,-0.22942728043301458,1.8739937169804262,24.55726030311842
-0.2986438821701802,-0.25443029646288373,1.5868061089692365,14.546230777298666
-0.27652359972626206,-0.15847631554898198,2.0096746630961553,24.5850086141666
-0.2069497931852789,-0.14216429984233409,0.6102750162382863,29.8764088803414
-0.24699988296373335,-0.03826135164847294,1.664117568569024,-200.0
-0.24279086082465556,-0.22417914514878073,0.498708339849522,25.716996540403915
-0.2950081154000424,-0.025801580555544046,0.8560243193244983,-200.0
-0.27924943145335346,-0.10254073623878629,0.6895272881586226,-200.0
-0.10225521627033043,-0.13658366130410327,1.5284174324231872,21.902617542928684
-0.19032251776661055,-0.288679300497896,2.636962307341628,-21.559550164071343
-0.24149948242136207,-0.2421872912016387,0.5473174410591228,22.164377580877172
-0.149431434794263,-0.08744016616340097,2.810380709221525,18.55507492880627
-0.18366062993981927,-0.044893880535420705,0.42843238305438763,4.72316556710868
-0.19855570017818813,-0.055929629963045346,1.3608855466946423,-36.761648873698064
-0.2707195185529819,-0.12030579453445384,1.9093874202421237,-4.046468355780021
-0.10464028796085076,-0.1392834120892002,1.1608732485624644,20.999771502977747
-0.09281919211614112,-0.1809175462246579,0.5740672125850554,-32.727728570865864
-0.11852647117106196,-0.12739132851837018,0.4211839409016646,24.637755320029516
-0.17896777086144544,-0.059181447387603114,2.30588239318569,14.74480387414414
-0.11252762073634562,-0.2459964518886139,1.4023844292209642,-200.0
-0.22644299570499,-0.18654325155932425,0.6183967629334083,27.055962995515692
-0.1820775791086437,-0.04387718493432291,2.4155964607848284,6.0282677787889085
-0.1440835125791081,-0.17332130749343988,0.9055954071726211,21.882969466564404
-0.22345711673620555,-0.06399940777724525,2.344492112736185,-5.500586934940216
-0.11262079980737086,-0.2555518914642487,2.978336063214459,-61.518761463302916
-0.2579089042005075,-0.2600395234653759,1.266403119145995,9.299490895280655
-0.2888371543208406,-0.22871888364204757,1.5059248044507771,20.061779464867172
-0.03264100487869148,-0.0829479417074806,1.5105473979543298,7.823749492541491
-0.035664225241856806,-0.07866904019545154,0.631484813683695,12.415634523042495
-0.12974118434403012,-0.1412403354403249,2.037415096567759,26.086169711106162
-0.07262458755870052,-0.2547729815246303,2.0610617886525673,-200.0
-0.12320977879974454,-0.10584682314056934,1.0195194000305905,26.614673674843957
-0.22521853752728024,-0.14614638281104628,3.1058246083119916,23.991158286258653
-0.10527960604476258,-0.19199076048913905,2.542077098021026,-3.246282118505402
-0.11202660308726217,-0.17842741343936885,2.3453282897598746,9.598528361953996
-0.10581350380960561,-0.011594379836810331,0.0518378156819658,0.8658951887222044
-0.27572246894745456,-0.11288466710505085,0.7867741916771651,-200.0
-0.13470351168111094,-0.25231619415702494,2.7459847996369535,-34.81510115440061
-0.18747829052741716,-0.2872210934388489,1.8102214447047829,-89.0062788769025
-0.2933850997120052,-0.03758483807540608,2.232290494776748,-200.0
-0.294005053598865,-0.15358674235394826,2.808207146422679,23.754647359962654
-0.06396189163811736,-0.26657599668837006,1.1070631538575881,-200.0
-0.2944780838354519,-0.19859385114589612,2.038689733369871,28.08340402545498
-0.294344122274848,-0.24688766781387517,2.082637378527923,22.47439429393924
-0.13697447709278168,-0.09828205059438586,1.2525340236141878,26.050444392268442
-0.0029287854876048347,-0.05321178439009058,0.5768124389020138,4.108095638184157
-0.001750287493698044,-0.023150527692229306,0.20631184602739783,3.177325790089181
-0.2315395101837548,-0.025378689138145005,2.085425969332963,-200.0
-0.2789246725053479,-0.046673652321770176,0.626476830023952,-200.0
-0.18405230904992792,-0.1311188530233874,0.9922184189241785,29.665609761637196
-0.23909606262856287,-0.10867218363322337,0.44275428267026595,19.15653003673076
-0.1971984185264948,-0.2272352050674239,2.7694525615435452,24.484963479928016
-0.03284739327376379,-0.20399866287468632,2.029766604987725,-200.0
-0.1398412374914297,-0.2146875539044527,3.1164970119354383,12.154488429813544
-0.20037877928506387,-0.06003827831627806,0.4106880228907838,8.973329216160064
-0.2991883529836424,-0.26723013203576623,1.3837117940122265,6.899456863657993
-0.05693368565438331,-0.12156063628402153,2.7683642871803804,10.81380459451626
-0.16128295954090857,-0.28910244508408817,0.9789651649161043,-200.0
-0.25967119178105885,-0.06605635232369694,2.9114713545832522,-12.31256927074779
-0.1736055209956708,-0.18323482758834614,0.8993438930859621,26.178917776528213
-0.007603089283703568,-0.24833964362353647,1.8592585084931514,-200.0
-0.10860508807345448,-0.22677497057510446,1.1783918798760726,-200.0
-0.03438666088321535,-0.12237460679789594,0.619855247817751,-34.281633672508434
-0.16562159247904312,-0.27905312927548187,1.5853021120601871,-200.0
-0.20452456997429946,-0.2299230746305267,1.5583710057242695,17.930006859863592
-0.16659585152939754,-0.0338710016880055,0.1326554022890558,5.774675382111427
-0.08017439947226948,-0.29255316129186953,1.280558790590837,-200.0
-0.06854495322411236,-0.012464043921210366,1.358718362692915,9.004898899361574
-0.12728880586950148,-0.040281175237121936,0.8444271321477846,14.798168525591482
-0.020857860929681227,-0.247514102729995,1.838962830668871,-200.0
-0.05189028926876302,-0.13349218975064991,0.3260456927491164,6.956900440728564
-0.17711691347073827,-0.26922117721634664,0.997237331849552,-200.0
-0.2511120110630101,-0.02270713045341849,3.154144188726182,-43.092677228477854
-0.042307405768336914,-0.08871325420809512,1.3452509284313698,10.616853380737822
-0.1523580240216743,-0.04677744172045695,2.4750603605250427,15.169028966168321
-0.007188217507032912,-0.21866384675277648,3.146109733234237,-200.0
-0.16907127496937613,-0.2490447392751792,0.44869753192223494,-10.467429807751333
-0.06914676524524502,-0.06301697141050985,1.5116836568215437,18.068472236884112
-0.0846260703781336,-0.11451535315463371,0.647203890942098,22.60763701627325
-0.2214842070151772,-0.009833020129559777,1.2131348801391937,-200.0
-0.27638564096306556,-0.2564077744666925,2.3383839739678103,23.83055137699605
-0.020630766546637924,-0.15602166223641842,1.4029985051173837,-200.0
-0.1280909796622733,-0.17312950192087123,2.420726577274257,20.571879307675648
-0.21382898341138495,-0.10135542855857263,0.6414700138339687,17.60770242935912
-0.22796103353887903,-0.26546235463696427,0.3710559148883013,21.870654727808535
-0.21116935404695866,-0.27326747503563803,0.724605239336302,-33.914171360726336
-0.24890740705527387,-0.2509446838842414,1.9227636958591512,21.780232846449554
-0.1530086711483643,-0.15922223679278966,2.632062973192749,25.139362393171965
-0.061574290630985795,-0.04752370620769847,2.1228482667625332,12.407976515360058
-0.011254579828573918,-0.023276042168518474,2.9424292736177744,4.6966401553150465
-0.013649919422542234,-0.26976197193893797,1.3824768313512898,-200.0
-0.2728491812581413,-0.2889528657538108,0.5156245365722373,11.889629087192635
-0.20557375151372975,-0.13360718503354863,1.81704993339891,28.898153932268
-0.10384815915892062,-0.10959216849842374,1.426673592980868,25.967352884079858
-0.07234683205346942,-0.15219621999885347,2.2480527184388257,-2.9352808686676646
-0.07671808844303221,-0.05232169161228059,1.1838984666257737,17.153124937950565
-0.12450005681292586,-0.24184319456610004,1.8647794745799489,-200.0
-0.29687334664427995,-0.1961032149087803,2.735392018236167,28.30437005363055
-0.13191542831254136,-0.06619410762847647,1.734221477333713,21.280700273450208
-0.05116266392176977,-0.19883262383621642,2.670249001252305,-200.0
-0.2787412258596464,-0.16237596430523066,0.3666872755996503,28.505172235432347
-0.22839057918529143,-0.05105002096493136,1.2066601673091064,-200.0
-0.001084973019140123,-0.05409988286109546,2.4616277912900335,5.210336572900994
-0.15532868924135634,-0.10292504330867316,0.3026529372456963,19.075368639648254
-0.08475824447415392,-0.29239935225231456,0.5088103700404344,-200.0
-0.16975267732313623,-0.14016390272102647,0.25401603142005164,20.538595482729903
-0.10719329334584535,-0.26582038606273295,1.1279695554891283,-200.0
-0.04718328370546615,-0.12303032020766344,0.1819308703546875,11.433476260781926
-0.2343985621101512,-0.059498504669672075,1.6374334860685176,-200.0
-0.12097984483448279,-0.05762691305007231,1.3361910932543282,21.27451406282867
-0.15645472828412046,-0.11985607773745618,1.1557274636593524,28.013584380760694
-0.2353636670279916,-0.26054083230226327,2.815200880898864,23.96223584631269
-0.06593335499264785,-0.08643306769969464,0.8329309589739822,21.94344041464086
-0.04081887122100292,-0.14918505208789212,0.9648572988388475,-200.0
-0.1536227867786553,-0.08527593411000225,2.1892757534657954,22.006258723021748
-0.16160211560114232,-0.06693163614573369,1.6979445318281372,20.070453812518988
-0.05576558728609832,-0.01312750310406302,0.8020640567688428,7.931556447108621
-0.22560549349891976,-0.25815817272979585,1.8623768283139157,14.0888523802337
-0.1634848792113136,-0.2131155397119257,1.6612196625757918,8.86057763012548
-0.21964446880280108,-0.0336442851521232,0.27192341638148265,3.6100319243701833
-0.008180275225021183,-0.2690893052484753,2.1311882488881237,-200.0
-0.06021786041756974,-0.13109039041887954,2.8655472068130132,9.326417281524154
-0.2704150039578248,-0.04942027904526086,1.3507626813394804,-200.0
-0.13737248168222468,-0.10435994268085799,1.5424499750614267,25.317242292047414
-0.12584940636036618,-0.05723002719121423,2.4698909515626926,16.13763060078386
-0.22363596662936663,-0.27912244158926747,3.0068843058673704,16.759628530935792
-0.022835221249356497,-0.28197114093477094,0.7541136663435999,-200.0
-0.21774391785132058,-0.17746440094014498,1.0809489022835475,26.367244070900377
-0.07587766484358885,-0.13708105197156598,1.9395075137910194,7.943991668403129
-0.22461027976961445,-0.21094750224440043,0.8132230336453466,22.22344105517978
-0.046124556603880984,-0.1293042551817647,2.4605615036577326,-2.726385284338175
-0.02364548944017325,-0.019441393031905452,1.6126115552199178,6.36675568634086
-0.17998244155426835,-0.21299256866687366,2.1597852284596772,22.967890392230004
-0.1934929572915567,-0.03720178609591751,0.9142133733624459,-200.0
-0.21459519287900808,-0.21330120518630158,1.295186112750105,22.740989031649303
-0.21699702015725697,-0.23059059022188177,1.9477645758280575,24.129403432724917
-0.016055032350569765,-0.012707815613988538,0.651893558189008,4.455072579946944
-0.041661382825580906,-0.020061473674418795,3.045954929482818,4.700628295752187
-0.08235718419765212,-0.0025153579779085833,0.8290775786383295,5.00395749924554
-0.06580750173073516,-0.003872978076704392,2.139894423015867,5.321950021630344
-0.20974724686775642,-0.047450983036605665,1.2028669714422167,-200.0
-0.04179694585837257,-0.10637331244745596,1.4940064122098131,-3.397157854453738
-0.14901748073862328,-0.06912195795922021,1.5291051495614827,22.732417328188394
-0.15959425684003142,-0.1448734146345761,2.607770406668609,24.294105270848412
-0.26808595611334185,-0.06153782005230096,0.6188248296717307,-200.0
-0.1905241699597981,-0.13006186606119363,3.1915448848127137,21.34648391083342
-0.13652578940091478,-0.20436929265905857,1.5744135332053792,-11.57152029092332
-0.1563150598287243,-0.06050884022907008,2.5315475251280586,17.793156974093428
-0.2139339735947749,-0.18420712444773668,0.7760263406742576,26.093286594209694
-0.2951753770679644,-0.13402851224004153,1.344709283330661,-68.20340054183602
-0.03998456994006472,-0.29515200719122614,1.9916344192332731,-200.0
-0.28594463894921435,-0.018295297516155995,0.9582391524376345,-200.0
-0.2475115898865319,-0.20698850929882268,0.5701447837964472,25.565832793385983
-0.2048141638967973,-0.08201526901338416,0.5987332971358829,9.001028400828329
-0.15910473725067295,-0.0762286593764914,0.6238508932368322,23.963614930797732
-0.08664410774296175,-0.23554143537719943,2.2245099984696655,-200.0
-0.06112796363291029,-0.18890320435893782,0.8921446548196958,-200.0
-0.07863737180028824,-0.10276513349987401,0.16948408856447544,11.741723645384027
-0.2478013777355294,-0.2912248294247885,0.2651130161888064,24.160569568595736
-0.11013940719741683,-0.16578103025552735,2.6182636398461945,16.94337675881506
-0.1311530441179603,-0.15805935155924422,2.6559767131822447,23.561896002781403
-0.1190515133376846,-0.20463448312593985,1.6934173011971378,-34.76986540787124
-0.23931002873984952,-0.11307828205656487,1.431528102132471,4.075091104622153
-0.21950222688206295,-0.1287601372762811,0.12718523299489243,12.333368161881175
-0.09452848075886497,-0.2525787555584863,1.245192154612516,-200.0
-0.1610929162632271,-0.15889810048113537,2.8500881641450686,24.330375158139354
-0.046944493776102714,-0.2748546987787578,3.181710140551245,-200.0
-0.026633628583042745,-0.11169876474477564,1.3098493541799012,-41.47721601759737
-0.26954525079315245,-0.1400842654621718,2.1180545053197664,20.299846376223947
-0.2954479798502755,-0.2530978045745788,2.1392267980410926,22.114746367275952
-0.19091309213121466,-0.27460517214916663,0.9024582223227308,-103.2668941520617
-0.22062658094132748,-0.10975040639065645,2.766836584782838,23.455405258877985
-0.08084236551205501,-0.018993010551924983,1.9621307594734603,9.671939353017265
-0.19129711351518022,-0.2794258835637237,3.156795151744316,2.8553475195640665
-0.01628595307918096,-0.14954482523545537,1.0919685468015252,-200.0
-0.17538554753634178,-0.28983898894688725,1.1962338951562026,-200.0
-0.15359765270664152,-0.03961864832947559,2.2460785059874984,11.955743006813627
-0.28420310696000695,-0.155639183770991,0.4499198043407095,23.618389699824053
-0.21476800349354078,-0.09611813214587656,1.0744801997307671,2.834198511432298
-0.29482634754281895,-0.2770355217834121,2.479627881971151,22.48097815731339
-0.07877167517501635,-0.11844665092631382,2.3708146145078905,18.605899917236442
-0.20518526227190392,-0.1228571950625641,2.041371913790637,27.627326610908735
-0.20339000912781435,-0.29373426502960337,0.9503584219972936,-200.0
-0.00864946002239747,-0.035112393805444064,0.7037456357933699,8.725174415172624
-0.03037471108726869,-0.09081307518133763,0.5228725928273558,5.112134529098167
-0.09929369072881308,-0.0296606532100408,2.9997756168618426,9.281077743705364
-0.14707135866099072,-0.23639928079572703,0.256702359186985,13.623245299834409
-0.2576162856551243,-0.1473519167234914,0.5167645335361795,26.636633195371598
-0.2269177912488296,-0.28736131094189943,2.431984933617625,5.317050227783305
-0.19379276684024543,-0.20112645742778212,2.642091135777717,26.66743094633099
-0.20711082494414745,-0.17342402489482797,2.2973078334201538,26.863133452933987
-0.29750328099994977,-0.09782793548121937,2.0925941954810736,-200.0
-0.13333786209274343,-0.1290385167737356,1.5367050584100237,27.511817763666958
-0.05863279238835309,-0.23820897312777412,1.4954397813897322,-200.0
-0.22662021143001565,-0.24347566494274164,1.5072098029167456,16.499778628127324
-0.22889285261750572,-0.046350421935553776,0.2724993878871702,6.744803743692792
-0.1818314581569036,-0.23287739394386375,1.0978509261995384,-9.602953212618726
-0.25008442723575824,-0.18438955045771965,1.0715366941352265,26.31021011049157
-0.01617668755681073,-0.2404806398728796,0.24713764306933578,-200.0
-0.006292924224400642,-0.05930943415026396,3.1552061128755593,6.755420787408831
-0.23547700907181587,-0.055709327090532446,0.21370002170868801,12.589832362334057
-0.13510341794109282,-0.023377018694944407,1.3271474955502303,-4.633274708335318
-0.13126024102530914,-0.29198568603919167,2.258028924501104,-200.0
-0.25062759238420407,-0.17574141775215923,2.9983547115169835,25.869040171937858
-0.1207448216087571,-0.29332652134561127,0.8614477493204249,-200.0
-0.19674251026319922,-0.11418794117334874,0.34211163629810387,23.63373094697432
-0.2796893743128716,-0.17964259709648128,2.734583671764593,28.101299888020396
-0.0906502512049335,-0.11684177432863627,3.029058802866075,18.59359987011837
-0.10515026793247959,-0.19371518017330788,2.510557941394109,-5.756341110555663
-0.2294565790219374,-0.019741340824438958,2.016187826814879,-200.0
-0.1973256721761535,-0.08399697715788312,2.329829629844425,20.44282834912289
-0.12939675930259972,-0.26528381365548304,1.2062484224790917,-200.0
-0.08455264600906345,-0.20401699785211957,0.04606055749053093,7.006864256157711
-0.027158416214918324,-0.16062634493143568,0.03740842776319236,4.699907030473232
-0.11601151860533143,-0.14045638624034712,1.3069642234083556,25.45540969416014
-0.22480588485373323,-0.2167597856033206,2.856729705370173,26.435922370298233
-0.07490675273144179,-0.15315122429711064,3.088790872343308,8.696441064109258
-0.13676629244515368,-0.08211186773670787,2.6998004784739518,17.8779206633087
-0.23238947285817146,-0.14891859744198757,0.5841885163900106,30.137601906258187
-0.16705876349746532,-0.07197180623366345,1.6144611669171625,20.700463177332892
-0.16331562913219608,-0.2139104151493803,2.1120002503072914,15.200434748243179
-0.10504553521214433,-0.17018725317491484,1.3850854655950624,-8.043071401766877
-0.17079223576385458,-0.29080877593827714,1.8644117128625766,-200.0
-0.2981929632187724,-0.22689474930450448,1.6668643013893705,22.508259420431937
-0.03443551648869936,-0.18764524502348345,2.601156094207928,-200.0
-0.19261900452159597,-0.27348983753839395,2.934129805225914,4.026176328197703
-0.24417052724094776,-0.2822067155677735,0.6794253319130364,-7.764731251407608
-0.2251653730472577,-0.039833901585757336,0.7971675099810986,-200.0
-0.14120940212021688,-0.2633949851379916,0.0589349179019807,10.370324475927271
-0.2228876267233026,-0.18561364705540445,3.1175251616331816,24.722997978362663
-0.18683683441642063,-0.05625371726483269,0.9724833402821255,-25.04817806917599
-0.19040606307421892,-0.29213688783807373,2.3101284807310645,-44.36843043081231
-0.004538592129146313,-0.12181969595426201,2.325053977200464,-49.48028613699442
-0.2628626952340432,-0.19633881538345782,1.8012315910472863,27.443985835677402
-0.21075339056327225,-0.11017718605408436,1.2550625408465623,22.053551216819173
-0.2122587519492556,-0.2602966202625368,1.5002432212116075,-5.692744469544003
-0.2892909797576517,-0.07177936726242565,0.16420403340623985,12.884780205394222
-0.2850429098871469,-0.03816983184078687,1.9381475072933885,-200.0
-0.01934583762911618,-0.16400927854541267,0.8975338568803063,-200.0
-0.2282126563792124,-0.01037515195602795,1.4735918112027075,-200.0
-0.24807234313683774,-0.0028869361826878714,1.0478624554483598,-200.0
-0.17846124393292534,-0.18307545702954398,1.1084347146651172,26.5891871002605
-0.2182869053786277,-0.1045036430195683,3.0831400636834156,21.82322438033948
-0.14212162693097977,-0.23388603458907817,2.47610837580245,-12.8205108484816
-0.02614202224790324,-0.20031881042281213,1.7383050414656855,-200.0
-0.11787037776945403,-0.006420435954521131,0.8703001781916391,-13.900454182649131
-0.10198880287582276,-0.183876421034958,2.3528535520739644,-2.8633208988549335
-0.169829231154343,-0.1925972070177131,1.879777936547457,25.578436785680587
-0.07416105220042135,-0.22513076284854242,1.925014266512889,-200.0
-0.263703952361869,-0.06667284818669017,2.705020613093273,-25.408724174019063
-0.24070048573377772,-0.2689729495087861,0.0811212013257076,14.46165058781286
-0.1924756503047727,-0.050847164019062446,1.057614885067135,-50.44837189242763
-0.045043613642264946,-0.12043246436671104,2.0463768381715353,-3.7701813218834843
-0.2285431150957141,-0.27515981678800405,2.211308671914132,10.769879430631299
-0.23199950094173238,-0.23210787432898827,1.409723004295828,19.75094037761812
-0.03551807061957668,-0.14813521204739255,2.3239600287802147,-41.636147794192425
-0.24311745371316268,-0.17657640760534213,2.093337292007649,28.460822893712056
-0.0223919245582217,-0.2233032592443247,1.1892618901193257,-200.0
-0.16194032735829303,-0.2622080277320404,3.1090530884304908,-5.321765405513762
-0.23759860297430765,-0.18802089596074845,2.4200553410758268,26.99130664759478
-0.22985736406687957,-0.1594497998290793,0.7225808658163171,29.807626636191095
-0.28153767352782083,-0.2218826762359895,2.836118847411795,26.29808557644558
-0.22774283926458413,-0.2212689761848444,0.3841405477970316,27.9419009849722
-0.2656369571606357,-0.03115677455990934,0.30072625072532566,-38.046909251862765
-0.10331703190881117,-0.0715069138162466,3.1618902603818686,13.552153455257764
-0.09612880599687221,-0.23727237452901917,0.29326250850235386,-31.187898153694363
-0.26798625478004084,-0.07718355301981109,2.5449718093407463,-25.404105844029328
-0.028202375650645706,-0.23650562888129817,2.9814894611486435,-200.0
-0.012723470348905197,-0.14395482733178583,1.0374120061832748,-200.0
-0.27757955255262284,-0.23234888983014707,2.7525326284366285,25.904732164537766
-0.29589890919394995,-0.19221501295567492,2.5121805824653376,28.63260165119412
-0.08680517497456039,-0.2065477648769573,0.024654576187804776,4.520249922984241
-0.2611665213965604,-0.1616685214619366,2.5437191282322598,28.140221969178224
-0.24514185747913614,-0.2736366581063499,2.0783771272424985,15.921234511617808
-0.29414622279301433,-0.0905326898351877,3.199674154013471,-5.278280156642989
-0.12892508528916552,-0.25173650472468845,0.31770672909020364,-22.643228346409952
-0.04918721043020036,-0.022160211939183383,0.4553239611460332,7.050620785458013
-0.0027693859334208537,-0.21238476664679978,1.9528132952831443,-200.0
-0.012515060059433758,-0.08470086172571334,1.6970162663052197,-10.395621763825762
-0.26937622513483034,-0.08009871863320417,1.8100854609893589,-200.0
-0.050474807095908014,-0.27830718621658407,1.2623017249867694,-200.0
-0.010475607528242836,-0.26553592043972674,1.446388336297482,-200.0
-0.0065595189352125605,-0.21609912446281399,2.7922585414156393,-200.0
-0.28561894912771874,-0.20741239258927535,3.08527439400544,26.469531124772917
-0.028559644509935977,-0.088679227083717,2.4023967218414715,7.6791536309959465
-0.024689254149479534,-0.12278057726983424,1.4088029151113821,-74.83601346290297
-0.10955558774048757,-0.24662974119590936,0.3324482289284785,-46.99053274177793
-0.197793194436923,-0.1418681895905067,1.6853604368925321,28.6909043386578
-0.06714169125367186,-0.14195374375733538,2.2906804102187563,2.026377173008015
-0.18931072870575238,-0.26272367019945264,2.6202371878820223,4.094825008100287
-0.1677067374305133,-0.21849314619293086,1.5540012334059272,4.620178652245357
-0.01791979807464167,-0.016876532122393872,1.8313632698220914,5.15868949498668
-0.03199002780996152,-0.14637257009707225,1.4516601377524172,-200.0
-0.01876918470612854,-0.16786316285421712,0.5133254939384108,-200.0
-0.0391828197852489,-0.2698718350563173,2.4740414119517116,-200.0
-0.01773224633185816,-0.15696972736618298,0.7403125636430605,-200.0
-0.2945587521780529,-0.1309664344868434,1.6784670634216536,-37.94264590268995
-0.07087561208097432,-0.29909976673923383,2.6611622513876614,-200.0
-0.2740202405279504,-0.13795394377586642,2.774953199576254,23.37773896170035
-0.10805715697845067,-0.20870490740477243,2.2651687717799143,-29.909316510554266
-0.10285829782620654,-0.06995851913513051,0.32463217710744713,14.537024651548126
-0.21417202160290028,-0.051364154720334065,2.8290237406342515,2.948579919195083
-0.10326247606346847,-0.009653750766253744,0.15188672380918633,2.822009954360539
-0.09621011933667534,-0.28482731565407254,0.8101041069006314,-200.0
-0.22738729872154018,-0.07426790515562881,0.8937702313829633,-78.72436902651054
-0.052059227495044436,-0.2105221737987637,0.4504170490028921,-200.0
-0.011782744085250874,-0.275559345627259,2.5540358798829317,-200.0
-0.04113385914432105,-0.2772446250021161,3.072144951089264,-200.0
-0.24437233203309672,-0.12505197536596957,0.3270738854546684,25.104385576358776
-0.13740503797382883,-0.06021430074013265,0.2173941064644913,10.873385002225204
-0.25453733835432585,-0.21069441436470762,1.7989278363788175,25.212081237788922
-0.11432348401632589,-0.09501057501374618,0.15643914077375687,10.739596480867828
-0.2909815730635551,-0.29153833427934106,0.4311759938069094,19.10635051016188
-0.005380270497612694,-0.10441108207696984,2.9721507629305317,-8.475468473417944
-0.1852959096063371,-0.10414021380749036,2.015945659638397,25.962521963382134
-0.036292330269025785,-0.15858836662815723,1.7306430491229774,-200.0
-0.02355522531203441,-0.0006211741102776225,2.776725919194086,0.7960682649847532
-0.2566498600038392,-0.22650338777951423,2.2542047840464545,25.749297167307333
-0.20249504962698028,-0.028782915049034574,0.2813043219837754,4.93062602842506
-0.29070533250849334,-0.2670940351412538,1.5936671330934615,12.1268971674784
-0.1851532415319713,-0.13066423174116715,2.5349732266019087,24.197881406356974
-0.25334197653670987,-0.24931194484359287,2.936430130241748,25.938059470357622
-0.04772327321466757,-0.015883664074640647,0.8350444455458819,7.58961886370672
-0.15482266986519147,-0.041454861405932186,2.00510386003405,10.745004722575597
-0.2562163206684718,-0.20085633162416977,0.369740700510937,27.877500549161557
-0.19066261592858402,-0.27209122053404083,1.6393056073264693,-50.34036730033415
-0.0006913433659813117,-0.07839024899674227,2.558048973244442,-2.3452476203122057
-0.2602631285917306,-0.022362014665746555,2.0366515064960677,-200.0
-0.28606904955512175,-0.06810164822005962,0.5685780345822287,-200.0
-0.19105856037614655,-0.12397814658394024,1.5355975660383345,29.217106134878478
-0.19290123972139156,-0.022850973465987634,2.8805256638727297,-5.7117522568320815
-0.26894369892883113,-0.1909339717054162,0.8680001855063364,25.061235586772835
-0.07285275448744974,-0.14823752781396937,0.8469654059914137,-27.473466634704927
-0.2311172927307767,-0.2182319665567627,3.0482197754976808,25.975802143538917
-0.2786543309176236,-0.009549928025697374,1.4563800101702142,-200.0
-0.09639500017705743,-0.0960285221085494,0.566727710326128,23.46752415026988
-0.006002504020300503,-0.061926238847273385,2.717372032290137,6.113807935386511
-0.21640309947884812,-0.26076176694605535,0.19554313535103818,23.523145826541356
-0.17437467317148378,-0.008051657450484306,1.4596224590240228,-200.0
-0.07913960652512783,-0.15650412530325064,3.0473600513538406,9.0337981849388
-0.07466549959242016,-0.26879955552995854,3.0367831432115597,-200.0
-0.20945575834968264,-0.07147510087528827,0.9068514401834519,-33.60184438969654
-0.2863545204901223,-0.1723619915980184,2.375790160058374,27.7790496054366
-0.27118589662496934,-0.10361222895372027,0.2571454056573068,18.79774929686298
-0.27970260174035516,-0.10568361997509576,2.7785848102116697,4.488472368434827
-0.11021946282116046,-0.2606003894146381,3.126991726180762,-64.47256138926461
-0.10453343592267175,-0.18001659929114872,1.9557855038284757,-6.185562123902322
-0.17514023708831722,-0.10547676610326986,1.8027806610068584,26.719000933742905
-0.2643652567251767,-0.0031124410388726487,3.177284916485643,-200.0
-0.0462913318296832,-0.20640887344930078,1.6006326871046497,-200.0
-0.08149425046192338,-0.014595066484146935,1.5600947166111478,9.96005144429854
-0.2776667396888099,-0.1822456745598354,3.1778629754246017,26.393551338348576
-0.2360031581330693,-0.26301441571489215,1.115078187942887,-0.44230724274492506
-0.021623255226244364,-0.13876660522992693,1.824692028877375,-200.0
-0.06498866455581276,-0.15118192593855598,1.3434743063465933,-46.077685075619115
-0.21657728950870947,-0.21682711378862352,3.125872789571401,25.79623888441745
-0.2559197482051863,-0.0621860886168521,1.7847220612089938,-200.0
-0.2720902149668409,-0.24678774769812242,2.78084309732047,25.648078740380186
-0.04592283362316324,-0.0390931824290795,1.9236573725958914,10.986428577002759
-0.029442249508391805,-0.1403560373895968,1.6903012241529063,-200.0
-0.05442885530069613,-0.13562413143379776,1.6105787434779124,-23.139696851323567
-0.2884496564897147,-0.0634887761675714,0.158261171232774,11.811030786948162
-0.18305209756327556,-0.0942428592918251,2.622437971598595,22.081577156336422
-0.11302092773475719,-0.17088229358771928,0.22698839150583305,18.66692340336662
-0.22967166227567273,-0.08727599850114962,0.9689868063551703,-40.51563801171433
-0.057086292637495484,-0.10302910503524507,2.3019929416306746,15.047181858457947
-0.22037294104595992,-0.17767987498277618,2.754491114976504,25.694609581357888
-0.143284634301699,-0.01489930988627175,1.9408851596218402,-5.665927802916686
-0.031681391568370965,-0.20427445797595178,3.1675169384899076,-200.0
-0.23579269489997323,-0.07543944259295726,2.8847301696893055,9.275876726482629
-0.1205105942356991,-0.04702257751940658,2.0119032574180973,16.718480847097823
-0.024139655272282845,-0.017039408408941525,0.29520428691393,3.705202787578324
-0.11564916103342976,-0.16298058169613508,2.477978491607708,19.558030130491556
-0.2990070114432044,-0.11675748207312403,2.550968241740915,-8.622138630139975
-0.015461428185047199,-0.09624472756869085,1.4609081121910898,-28.09108284776131
-0.19864718807124293,-0.13505819991287565,2.8229322845749,23.649628576994434
-0.15934721444510205,-0.25138178353099583,0.346937975476013,-2.114429850776496
-0.14493413784941814,-0.18968005771175153,1.1734894392863953,9.34058153281893
-0.2748153492205374,-0.25805826824617306,0.9436956672068275,6.579084419784047
-0.2526739172321927,-0.11752387853293586,1.3102171695742155,-11.543954998592937
-0.23062551246560575,-0.13585111437634298,0.5589881104342228,28.844900287915852
-0.23023813075384564,-0.16108757384859632,0.9322805924467158,29.22885514818086
-0.2591874850848805,-0.2749165866029723,2.025792364565829,17.55230886178689
-0.19140321493951004,-0.2487393301883699,1.4678712177351279,-13.003010801124482
-0.174968875221276,-0.14715327404273376,2.485986278373245,24.947511559987667
-0.011081229694647032,-0.10087095584039482,2.3291003676590765,-13.556998901465185
-0.03068924843372095,-0.18112299480178184,1.120884915723564,-200.0
-0.16256428037643336,-0.2090971994342702,2.45733625965514,20.10406621278048
-0.038124967037893365,-0.02561394988479626,2.5718820655410415,6.364016566669423
-0.0935226397540411,-0.28285031785267245,0.10134306935679765,9.324966498760672
-0.09200121409009221,-0.2704556486090511,0.10932022502111471,9.430863468105938
-0.10618074473764103,-0.21703552815395527,0.9286289692171744,-200.0
-0.09141679379805986,-0.2792740815231636,1.4519629771635327,-200.0
-0.2646136663320779,-0.22283934570739883,0.3521142346716131,27.456436155567857
-0.0015002707273675808,-0.06062987590706226,2.3695412882292777,3.66931417610604
-0.22023340938596597,-0.0015272045189178018,2.23844262668277,-200.0
-0.03771815231081094,-0.10065296252409595,3.1309795243505993,10.001585015975914
-0.15445752949526284,-0.14090931093308587,2.9036326308115568,22.683113409158306
-0.21201749778374873,-0.15667648120006109,0.6342820638818392,29.307004371136028
-0.031378276134805594,-0.04902062729034057,0.9950008937560583,14.603263504733581
-0.14624970258462175,-0.038903293601469824,0.6770930161719656,6.485757365442566
-0.07437240122521843,-0.22298373834783053,0.7241804956117996,-200.0
-0.1649882077709438,-0.14477975172040533,1.7089390034179126,27.622042962306047
-0.015069842855457871,-0.039567415306729414,2.789839900551099,7.5535145510762245
-0.12696527872244912,-0.0642919109664567,1.0868261098651555,23.25738454107534
-0.1186315764477846,-0.006107245497359637,1.8485922078165933,-0.41564166115011325
-0.19444452654659994,-0.12806753444706762,2.499369471931196,24.87664922069247
-0.26299910002480764,-0.1173161782457792,0.3063471865539006,22.109608712478927
-0.16948874228981367,-0.1385048875376851,1.9117289700691353,26.6613194204296
-0.12853547253211967,-0.29846485967914704,1.869318348590892,-200.0
-0.07242597422520866,-0.2013135221362004,0.36787525628470485,-47.70205328224188
-0.13941033228577082,-0.19546377900401346,1.0385584950918405,-5.633676984835716
-0.0657216633438206,-0.27626918850927057,3.0755340271298497,-200.0
-0.09335391682923569,-0.010093495781686557,0.09452222481979583,1.4468594661351504
-0.17048358629712693,-0.10030751394079321,1.8178775134996923,26.107790311449467
-0.2359988447413832,-0.1369846598216288,0.1465816909660693,14.669691745821522
-0.006362676606432693,-0.027735328954943683,2.176341882433858,6.26579158361123
-0.02017703953831812,-0.057799822848111804,2.397341372888533,10.051914410453918
-0.07030613040657735,-0.23205958579507308,2.9321397075733526,-200.0
-0.1454244765043556,-0.19593287799113057,0.03442023480197503,5.781181255565578
-0.033118380812387826,-0.09871657529468422,1.0399520381413347,-11.172656342363581
-0.05028732399363539,-0.1524693505424356,1.5327573904366745,-84.8467100214861
-0.1681028292305638,-0.1297558674296475,0.6930319633052942,28.281650917111794
-0.022759672635043193,-0.28604346041756806,0.2027484666002024,-200.0
-0.2650287809014961,-0.10396791453684387,2.201542342067607,-5.039537514098921
-0.12069558605341887,-0.23299807574679082,1.1970783203957158,-200.0
-0.09244652124715635,-0.2721219993439327,1.8284666492370687,-200.0
-0.0662736354097147,-0.14742219540395607,3.171785370352899,7.518967972432822
-0.09214627989378166,-0.21568264105499727,0.043003899003376984,6.974636311674804
-0.190864316754354,-0.027364982742256294,3.079178165248659,2.235483558473476
-0.25203717112598295,-0.14230456622854365,1.9266272627884673,25.930288948352967
-0.28794329982151695,-0.16284382383570875,1.844004953317404,19.0227922461133
-0.13782094272814596,-0.14855878219295687,0.012551943450449413,2.3671553095678473
-0.08130642088515658,-0.23197675074159807,1.5718650992699668,-200.0
-0.21973802355838995,-0.058343131828151595,0.7991306188550313,-200.0
-0.053432083689593984,-0.16867580362112577,6.44855031684872e-05,1.0578985851249396
-0.004266086819592452,-0.23134316810811767,2.898402357628644,-200.0
-0.19494578973697513,-0.10164144272711081,2.049573031292189,25.327791069873903
-0.27133177223348093,-0.212210425021628,0.26942415786077206,26.217988615989523
-0.21001238568811292,-0.06464104414735553,1.9812726040307056,-5.989044574253288
-0.010693071118120512,-0.10380362223310452,0.743870444366398,-60.55782275039988
-0.287245773518665,-0.2830020261128204,3.158133815278999,24.655127446097925
-0.24961184852523546,-0.24242167941457315,1.8354404584069752,22.2950793000243
-0.12604013063353822,-0.10005290393934888,2.1194656106731453,21.874918083284335
-0.12161618693606285,-0.27050935663856085,2.80048034837412,-200.0
-0.2844329074870401,-0.09255483977360343,2.761363388477681,-12.245967540355423
-0.06780242293540878,-0.199394136690127,1.3182844713373987,-200.0
-0.00911268587479619,-0.01951465468265101,2.7082866383744073,4.237641462005286
-0.21486176602401702,-0.058861028995170345,0.604814188585047,-41.90765988340013
-0.00610884387692745,-0.06689745008925424,1.2467157193103426,-6.665622417445899
-0.2782623071503562,-0.00794200835653025,0.3558571180656244,-200.0
-0.13809312433284796,-0.13511492277284404,1.457069793054852,28.117464599259353
-0.10683791250610913,-0.03776487749038887,1.9584342328197513,14.710030075238766
-0.1410057601050379,-0.07489228643629253,1.2036610011889555,25.01944705105459
-0.05427043968789777,-0.21491491841838864,0.2916977200737802,-54.56455152109294
-0.2349673513714725,-0.09174562473073875,1.881434682476687,-1.9784152274849411
-0.19162441190750856,-0.24388543927909934,0.7882298976076451,-12.01014659119238
-0.26977088620784406,-0.05309993900365145,1.713058684804153,-200.0
-0.06291610456828198,-0.2760674144300893,0.06500267644310896,8.777752461556767
-0.14875897899838558,-0.1563684000103561,0.8633726438953451,28.507929016253076
-0.2524365184703021,-0.24946972822959865,2.4142994192767855,25.216441035474123
-0.1552207637172094,-0.19265631355435853,2.1291926323017187,22.35801595380067
-0.24206668332856904,-0.06784717915073937,0.1297903102902726,9.825794336125842
-0.014908588620943741,-0.1890244627132759,2.961054734130041,-200.0
-0.2803986625917525,-0.02822224822521291,0.2348641323278023,-14.382127726784255
-0.07831686448818051,-0.2900283601149605,2.66728717085949,-200.0
-0.20163244056641416,-0.09237983508127601,0.13657846036478358,10.584526011572276
-0.0031875294483650896,-0.24741535778669477,1.9490381987452274,-200.0
-0.19501479469133043,-0.2603913381106562,0.5370475961859535,-11.067221335291816
-0.07293363810880568,-0.1431157025497334,2.4341207369726092,7.287110163314118
-0.04782479469916606,-0.17859140200632811,1.5042162536615764,-200.0
-0.21689697937077507,-0.23091007615211212,0.636168342673594,20.454700118114303
-0.26712571504740307,-0.04525429417057725,0.9404581814553992,-200.0
-0.21662834655502433,-0.07595738453020245,0.7603377939606726,-29.398929369274853
-0.22434691334369722,-0.2258650812265044,2.008396605788605,25.661480024448153
-0.23879305942708767,-0.2561505724699454,0.7308591701633235,9.701033682007775
-0.011665390543062093,-0.13597100009412222,0.9549694603296077,-200.0
-0.019687509989706142,-0.25786136054350467,2.1671699017048307,-200.0
-0.06720995096428656,-0.19926062506194503,2.135395890342645,-200.0
-0.22272412934516894,-0.14660607071846016,3.188747853238393,23.46938905741754
-0.0715160338124943,-0.06096104073194333,0.784223077193746,18.705342801172648
-0.28388218807207716,-0.011130954350813793,0.02714778183179254,0.22714408552438192
-0.002656301076008616,-0.2047472887182154,0.11130121184914693,2.9694231695327105
-0.29652100871238235,-0.18649792432395867,0.10016204818443636,13.532034403941699
-0.040082922114120345,-0.033959409598695145,1.4450721549363266,11.033330718614256
-0.24717456750006603,-0.08010844808956771,3.0231739543099216,9.24693450602772
-0.14095899852222432,-0.13551107503183965,2.1161818607327016,25.721093163667692
-0.26417508363334363,-0.0749292935906504,2.4897180780258483,-27.410958489662303
-0.243476207302103,-0.013969819024471808,0.01890282021052432,0.12421419648042786
-0.12667089445190213,-0.17639481476845148,0.5055023361766714,16.985507452080366
-0.23883261626420033,-0.14372346722654616,2.4881138665233062,27.437648941366675
-0.06927423326548537,-0.13964742425814253,2.808991220686805,9.892381993766662
-0.2816314154888078,-0.2063141289267087,2.2311819374411335,27.7988740193033
-0.0807859680301242,-0.016060241696215338,1.1622634787485897,10.922804314248687
-0.20727899059817356,-0.19470644574324547,0.7122625161728828,25.990818886446128
-0.26832301031540573,-0.1257985364562168,0.9699134948454478,-32.538566572831954
-0.13226177859363886,-0.05000049849652949,3.1795367359977713,12.991382860594559
-0.10926355412929731,-0.04303797193264819,2.8320807675907425,11.952607967582656
-0.19367647242191416,-0.08024473840728044,0.17413385069062587,12.220860130646733
-0.07019754043238263,-0.29324609808247015,2.908114639052919,-200.0
-0.10629186646150612,-0.2284248674662036,1.2417210048920895,-200.0
-0.0782097544706773,-0.11266484481705877,1.0508983059679406,20.077782595527466
-0.19286146062192525,-0.22804955348041522,2.812141496426746,23.63028532506429
-0.16751516637087796,-0.269621557071033,3.145312107366447,-6.468648782992364
-0.299659777934063,-0.061444190107374536,1.840805892434682,-200.0
-0.08338828093321446,-0.2636373921840293,0.24272423283282146,-45.546710306471134
-0.2002409701076549,-0.018018194295527645,3.1405529311835414,-7.065874517181756
-0.18954484582622688,-0.02100162571098929,2.6304383853841498,-12.674454478869613
-0.09948157636115953,-0.18087235593540918,0.6604063020047802,-31.709310385550264
-0.23309068072536054,-0.14283374897063844,1.9961483107430222,28.89577981331533
-0.03646088078092058,-0.04072672996688104,1.7032299175984567,11.837634814572457
-0.06761139072548189,-0.21426593141959163,0.20183368640956717,-1.8515959726517686
-0.06457609529795169,-0.06863162753771851,3.0611143894928374,12.890792421875123
-0.14594536141784545,-0.18625468134602405,2.1110196403968335,21.415755661117068
-0.2397874823154274,-0.09899160583313019,1.7100263867891883,-4.997206598716428
-0.09779645812044363,-0.19404654999971688,1.3151493616027379,-200.0
-0.035308356203214875,-0.20223902761417722,0.019991800435975468,3.643633185647022
-0.07051699405913611,-0.26639532037745084,3.0184582191056957,-200.0
-0.21219593792723151,-0.28027608388403213,2.9241163246163997,10.548656356761487
-0.2721676018960089,-0.10223314743236592,0.3449104778260712,9.694968467351735
-0.14461866921182812,-0.18529377054325358,0.2663447537707087,22.722262063513952
-0.19692551865122931,-0.29037111627981943,2.4355664547007296,-25.225355192106516
-0.25174512989183434,-0.12526324462346908,1.3822298740567884,3.7302813617122403
-0.08976733283074018,-0.0977270610695195,2.7410423082915454,18.33285157410134
-0.27291621799349436,-0.02693323771350359,2.102046665535668,-200.0
-0.08774541790117021,-0.04761904195046662,2.2280607919614304,13.153670922925556
-0.1963541738571663,-0.02071288774046709,0.20406517652481193,8.148448308544916
-0.06899439471258623,-0.02414267956216648,0.3819721543326393,7.695111563859937
-0.09360983165911257,-0.11460429576273756,0.6904305398639852,25.059879340152577
-0.09657610215729814,-0.18468430582409656,1.9988727278097067,-21.38374556403941
-0.07817769070549566,-0.28413765387327966,2.750609773191806,-200.0
-0.06871730239213433,-0.28589960157551025,0.2751320921713932,-200.0
-0.07488270080146081,-0.18886394944354906,0.7213492475261207,-200.0
-0.19987117171199217,-0.1148858434485073,0.3550039551254869,24.34638941101536
-0.18730008246168345,-0.08065985284890434,0.6545558841180551,17.34475655528472
-0.2237123787331117,-0.2680186138754104,0.056179467400043495,10.858153593059825
-0.24020702333708865,-0.04200569132021281,2.240089571994845,-79.87752864710468
-0.19303121027493536,-0.25709822306974733,0.8267046751911142,-36.48334806679257
-0.1810142571282327,-0.2897714924302896,0.8772258081182646,-200.0
-0.1717690647073105,-0.0013096191000014912,2.94913220258279,-9.156916653078653
-0.05530766386614511,-0.2684604134205217,0.7818809695190944,-200.0
-0.03716719845376576,-0.02937107615350215,3.162683109289021,6.037776479172355
-0.2851678011554172,-0.11690401815726284,2.1409418606924198,-14.124929868625692
-0.2116364678290379,-0.12700043636215147,2.065592283543935,27.86993578947046
-0.1316937015000876,-0.2809257330687195,0.639475719282077,-200.0
-0.016317377688778223,-0.16920576926716666,0.6047140853901727,-200.0
-0.23167270109059612,-0.2911864074470742,1.5561138145714641,-28.424658017002503
-0.29322883185678106,-0.2758195029467645,2.788238020504612,24.143304112860378
-0.19115534313698868,-0.11526999221701376,3.1598422640203894,20.93734865246556
-0.2949388053547302,-0.09585550102459398,1.538032960739588,-200.0
-0.26211543037187224,-0.041193179461955276,0.5218543917356587,-200.0
-0.02499227390958253,-0.1516916680284499,0.3107739812084184,-22.328834607706693
-0.2603928238648112,-0.014141670410308227,1.1509294760055626,-200.0
-0.1342062571115846,-0.07661094873257004,0.9982982896499384,25.257253702286793
-0.22503517023908504,-0.1384701270807109,1.6791566412729595,29.279633633367805
-0.061859021327434455,-0.03691464361745567,1.0146689049577087,13.430254832486106
-0.13683548019191374,-0.26860129933486715,1.9186340388047651,-200.0
-0.08883306005541405,-0.11582742455352182,2.9954006718366,18.531117107260517
-0.1386759926397594,-0.12206955520304127,0.5267850612495869,26.129604998469006
-0.07228078339097066,-0.20056771759616632,1.0952588398010865,-200.0
-0.12626480939302814,-0.20264835116410035,0.23419802660068667,17.567437906066527
-0.03871121231634722,-0.08455183042758455,0.3508267394037628,13.196750629638188
-0.13461642533872545,-0.24981325463142748,2.694448951168992,-33.843931879699895
-0.07552848646904439,-0.2413355204323596,2.375123114019951,-200.0
-0.19998982504451782,-0.2246562965911335,2.0331528961078047,23.49331058455764
-0.2135299924905828,-0.11251148346744319,2.048473366983761,25.766515577334868
-0.11943455369917899,-0.09328019068334906,0.4214619483638276,20.652589796115645
-0.02974725735109074,-0.010497135902408528,2.308743452793233,3.359098755102832
-0.11242709203933862,-0.2656488975515344,0.23356020235477024,-16.071306123671587
-0.0694804001160263,-0.18711014350508542,0.8359373349455969,-200.0
-0.12115653165470047,-0.29020429751256466,0.058582061974206456,10.267821477651834
-0.27556961163576127,-0.21020717770930608,1.1984244449426693,21.623673392210055
-0.16463386956334206,-0.21772280794079563,2.245131969175612,15.069298812837761
-0.08547634112937327,-0.21839515421931502,0.9299838082749832,-200.0
-0.10279596812191741,-0.2112594762503475,0.25211556223427917,5.65731457707232
-0.20017099263781424,-0.23737041188903546,2.5943255348179353,22.3804128385839
-0.06344834686513479,-0.18485333585875147,0.4401879178640391,-67.51538693468231
-0.2642105257593783,-0.2107664640190926,1.0772974826995347,20.547940202587036
-0.2973275635051083,-0.2588094229864446,0.06912989103218911,12.636166220915012
-0.16606387309128975,-0.29436284766302045,0.13608420809280458,15.075116025161803
-0.26050901719764896,-0.046043337391645955,1.415090405470018,-200.0
-0.07727204591528561,-0.04505790266081988,1.1845423298481739,15.940020511395677
-0.1861486982082305,-0.18749662968872605,2.83332661949685,25.89787380842529
-0.10634969795604601,-0.25754792226128886,0.9226384222919415,-200.0
-0.006694250926331968,-0.24303191739717672,2.5874603316459943,-200.0
-0.0841999408925388,-0.29397186896715044,2.0458161453084807,-200.0
-0.06030618854770253,-0.0024025501563960105,1.5033604065071862,5.7489867909926256
-0.27660715645000616,-0.03879333883568448,0.3872672996906425,-200.0
-0.07335460540667482,-0.08986166389313957,0.8028886459717065,23.1364051512366
-0.17910639725424082,-0.21787374604451917,1.691624761612001,15.92393477063763
-0.018608555764101864,-0.007631122310920446,0.8863867032961731,3.2561844196571514
-0.05094340356157562,-0.243770768091008,0.24447856113981664,-63.0197506647514
-0.05616043073037991,-0.12488468742031139,2.759033064315982,9.255950450691682
-0.259284877208506,-0.19675064733104985,1.877095428130135,27.398889907494134
-0.06319441456466607,-0.048227497087383664,1.2330387184168663,15.640389994052498
-0.034224267404295516,-0.17273666875612573,1.1814918936711583,-200.0
-0.02765246675094435,-0.16448831268820358,1.6871548392244167,-200.0
-0.20985207706079592,-0.12843401389536885,2.968723442070002,23.429627455689854
-0.06441576015132888,-0.233210351026831,0.4175968050632133,-200.0
-0.17346718875857653,-0.17977955252010908,0.32043773349023436,26.19052701138336
-0.1195773849761319,-0.20893927100585608,0.07463160781838243,10.582130223307379
-0.025111609930790146,-0.037603872260122906,0.6716491267728251,11.419683304218553
-0.18314954913412687,-0.0734356317483657,2.4111353605599297,19.411458161638414
-0.16054806091484927,-0.12106779428018638,2.662755240358866,22.083012988244047
-0.0012318064147108232,-0.2771346214455361,1.390309175656916,-200.0
-0.07605964324678907,-0.2837314699913637,1.7777809942551728,-200.0
-0.014669404501318595,-0.04456474108228764,2.4350559458083416,8.653537984200758
-0.2219441041879675,-0.15368927060787105,2.5908946072788224,26.274398034452616
-0.2980855163946484,-0.2503163178157064,0.873058934792041,8.167922087290975
-0.0968424336428923,-0.10890101293373411,0.5248902432671044,24.209966580203602
-0.2403454925227334,-0.050595426827676065,2.8519608065056223,-14.608963718332703
-0.05848662757734158,-0.07229223895739956,1.573806045422538,18.979767860391487
-0.23772026777878677,-0.036668524743210584,0.04741442339570191,2.0984624672884005
-0.046594452966585265,-0.23374392720618103,1.7117135854425176,-200.0
-0.0842138287001494,-0.19876986335686864,1.2256276164064208,-200.0
-0.021502834377057134,-0.2522740445354778,2.9526112742799366,-200.0
-0.24550747815342272,-0.2425110170045106,0.8109952457616537,14.472258139242134
-0.07216479633758957,-0.22590688274153162,2.508976615731039,-200.0
-0.2649523423847845,-0.2609907197373337,1.9691968097269414,20.56940783811481
-0.21528125077690502,-0.11835158988962444,2.4509315086488006,25.651165844310277
-0.20095059755039113,-0.05521008113778017,2.7331638974416284,9.526226628668834
-0.1793133977219229,-0.20515111729625007,1.369541992560889,20.351940887887697
-0.2653299512490275,-0.11072320804606697,3.0404052996877744,17.72723253269624
-0.02847867867120224,-0.25150573029545403,0.32229303073583426,-200.0
-0.24358607676949545,-0.1342342269074288,1.7678303956629653,24.45334291860529
-0.18074026130317034,-0.11111541908821895,0.02076942675353268,2.5316258417155746
-0.24460863596745014,-0.2094878472155396,2.4832807575899634,26.600048231178707
-0.09678216131370113,-0.1677562528120756,2.210605228169466,4.326198247063498
-0.09229846073766007,-0.17002479016898311,2.624985655076368,5.358521362748256
-0.0582561940923601,-0.142532878559781,1.034322838642338,-50.2040685097479
-0.28820070853541696,-0.23755962394095478,3.039718364050906,25.63912888442512
-0.28661878585481926,-0.0952040431931393,2.019878014318426,-78.09437527816033
-0.13258789688723863,-0.028033667080759717,2.294742320842539,11.315581344681089
-0.04667565469634022,-0.11703281008091901,2.388456916549321,4.954644669852396
-0.0751691879659667,-0.1804559242228701,0.8469322747050128,-200.0
-0.2153035090765923,-0.030699086584410562,0.4332988971482629,-46.14980709121954
-0.05289375652587727,-0.08659023032049179,1.8133115274846476,17.031533453547734
-0.2960791847289791,-0.1329451145744011,0.8983578045823993,-200.0
-0.28200067157841635,-0.12742881993012006,1.5511985879724894,-30.59815086752189
-0.0014793020788601563,-0.010961971460121456,2.2076786600645906,2.691029698673867
-0.19613103625912878,-0.2804966763963642,0.042198173675483515,8.857109828293133
-0.2134447125550244,-0.19245523327502406,1.5814298641740114,26.527670357984377
-0.13385526715645973,-0.18974323354227676,0.3927181707524243,18.206871370612753
-0.1196909051019798,-0.2154932110259815,2.842064750713782,-5.181091022973476
-0.18644421485574642,-0.08127052400587917,3.1180391215026177,18.835345962280343
-0.06125629822420664,-0.2668699981021822,0.5581336220258973,-200.0
-0.08656763937767173,-0.19767461335557293,1.3992441116452738,-200.0
-0.05154983745470215,-0.2351588268554605,0.5397306902070859,-200.0
-0.032585596250881366,-0.10486100245084448,0.32412892124618864,8.3763673029996
-0.015181635707257612,-0.23037170569664406,1.4669244804869723,-200.0
-0.058539204246186166,-0.22748542025066948,2.223558370579059,-200.0
-0.14585705091529455,-0.19830006423037,1.975845468677677,13.593653690935454
-0.11777181757921279,-0.26165671093654885,2.7792036705951535,-86.24537811925484
-0.08448099364737116,-0.15686813727171653,1.3202367210242987,-19.4616952161694
-0.15609590733380801,-0.14267072671941952,1.0613461984758268,28.698360012834083
-0.04209712613162686,-0.270691890972281,2.6861276036893598,-200.0
-0.29846094293684966,-0.08831721706636833,2.669287091821415,-39.774112686536355
-0.21327653765223942,-0.19975208571587055,0.3116072115963673,26.93706818118324
-0.28831096558991914,-0.09713809403480486,1.7999936379535002,-200.0
-0.2413432325295869,-0.23221085865478214,2.853169569819686,26.34153576854363
-0.030483761729285574,-0.15434843842592016,1.7354146960781305,-200.0
-0.12590164912589777,-0.29864734754019945,1.4590246626923473,-200.0
-0.16007051259459992,-0.09667953234625279,1.9357564835109793,24.581747566132425
-0.1411592176944882,-0.08931544446434855,1.970876178504966,22.489497456353863
-0.24938887954941813,-0.2053544098091482,0.5825217187251795,25.565871388132237
-0.22952252478041796,-0.22433300243432486,2.8624309843856466,26.43756673086764
-0.22354800800751945,-0.019899764796718344,0.6228112583264309,-200.0
-0.11138519650356013,-0.17388636820394218,1.4724765881263597,-2.8571436680119326
-0.2665344037168259,-0.1131519226104288,1.9890213677815396,-4.823181156697093
-0.253979910744844,-0.17674982791587102,2.488612435009198,27.975687984745374
-0.05666226913443562,-0.09335143193331147,1.4115081926890907,17.12525475204784
-0.135950393296443,-0.06529045063504196,2.7123365909750543,16.470332115819712
-0.07709733486837458,-0.13978121905518512,0.5654818844140109,4.881336583307558
-0.041448290783237085,-0.009383720154933772,0.8210061076441844,5.449906265194506
-0.1871761948178564,-0.12761404501583892,0.16073914462297334,14.298441781325987
-0.048944573266335945,-0.07333223197181432,2.9467871817433346,13.147161475749783
-0.22898201047447836,-0.16382566758921419,0.17733836674970183,18.427258240697515
-0.009907371206911153,-0.2518765739107515,2.0599551752076484,-200.0
-0.09274016987755027,-0.28407224778231677,2.679557185702672,-200.0
-0.16688007129735544,-0.11243904465103968,3.0042835055847683,20.19254958811817
-0.22137793575447856,-0.002329259458984878,1.4124758584103372,-200.0
-0.012632807114256073,-0.029080599058238565,1.4239074128604259,8.509273189188356
-0.04520443972969107,-0.09959976754473698,0.4822725790685497,11.229766995801189
-0.1228882847503466,-0.22569512799476066,1.2400657959366246,-200.0
-0.204428683555468,-0.2370130024995018,2.8869320435908925,23.954876711506788
-0.03522200483204768,-0.15619355508567395,0.2901290632933944,-11.487844231383804
-0.2497143196737743,-0.2774246475853083,1.3256544461743007,-2.763968527058264
-0.09912257784365797,-0.2304656047605061,2.7964506537831326,-50.30928726064293
-0.18036150243819032,-0.10128902579336463,0.38975727278343925,23.6847275588218
-0.03616945327912863,-0.05993655032982215,1.9507629456345361,13.893927329151134
-0.12683205840624498,-0.21639642826487038,0.40147006785658335,-7.721512504435935
-0.15012775111194337,-0.2403450915267162,1.7249754527600736,-51.46641894779394
-0.047966844357070604,-0.05585606528407294,2.0811891595982575,13.89140556865361
-0.2983672439572217,-0.02126427297307909,0.5960642473203086,-200.0
-0.25141063886830123,-0.2972965142117057,0.7929612177385597,-30.29458316179322
-0.27264156834091463,-0.24955890208209103,0.20580073390819018,24.926763990071265
-0.12418221272739038,-0.26932166455355644,2.8919418175932607,-77.7056818564095
-0.13875343784432634,-0.09452765720136569,2.681567776055209,19.080975778690863
-0.12738158333553265,-0.27171764601414694,1.9647447412099845,-200.0
-0.08907558777308258,-0.2854350043222373,3.109984710394036,-200.0
-0.15062470675872808,-0.26508591784786967,0.947949515172153,-200.0
-0.18492101925697507,-0.22623092497263358,2.748583307119821,22.251936967225262
-0.061631765522080495,-0.15300829362228682,1.7832975679689396,-33.9175326717416
-0.008841705288339607,-0.11198794668555898,1.0367388898701628,-200.0
-0.172721267470676,-0.22099083456755414,2.3147839843475633,17.919675790186314
-0.02836794508332957,-0.05012404735540954,1.4043522020682073,13.51716882503479
-0.2050211220994438,-0.09721285885091252,1.6049280017125185,19.916507604953317
-0.15665758216050701,-0.29683599326754645,1.3753484538128362,-200.0
-0.23372962547353793,-0.12983458505277606,1.0647566148355792,20.276873946916872
-0.16508783147308936,-0.2685322034081531,2.359923716478565,-38.35448053874977
-0.12902781622838924,-0.08380533346417074,1.9288129523398823,21.406630702034725
-0.1814171003483236,-0.22984257125237467,2.825080484807062,20.45540122577517
-0.2921184471584179,-0.05060945553506635,1.3894954527843508,-200.0
-0.09029522859075503,-0.038861513558998806,0.06145982908970358,2.309290547107679
-0.06370389108207741,-0.2130600273281391,0.2889682585163356,-37.34635826418353
-0.060754254407104746,-0.14777519505082717,1.8971481756284856,-21.67043932761875
-0.23282994114948163,-0.17860473842338176,0.314640236933161,26.189330815854962
-0.16204300265696456,-0.2976883345270703,2.8317396663692875,-67.71547435969381
-0.0955574055505782,-0.09276843058196796,2.9567351148079983,16.94986110372559
-0.10931531003758035,-0.23913312767934194,0.38328523394757485,-63.88288922013426
-0.2993439035112228,-0.2537734195068218,3.012407895610055,25.195900803656826
-0.14777583722765983,-0.16339922472073132,2.213595348193353,26.3940390053075
-0.23398521791950072,-0.2330832366358465,1.1256210498535681,16.647473923221035
-0.10368018018166558,-0.17739346832278674,1.170693112129572,-28.98356885461641
-0.25386382870239127,-0.1827514939721573,1.4966922272136618,28.00633263888382
-0.29054313596028714,-0.023481972677114493,0.7063473551199392,-200.0
-0.24839618861013685,-0.26612489206992573,0.9987097391894552,1.232466705442632
-0.035775691949764765,-0.035093627849280495,3.142499304087408,7.012384770860827
-0.054657352586170826,-0.2879579153185864,1.6894215560230355,-200.0
-0.018097496270242375,-0.19422550174627035,0.16562694803365197,-4.518164407171874
-0.14517957950048052,-0.05974412155046116,2.8669747266986363,15.943411665206927
-0.03941889603842197,-0.20588564960009015,2.100788526414135,-200.0
-0.0683090136982038,-0.2904717019472763,2.284533150877008,-200.0
-0.2781876394750751,-0.199830957178603,1.9869863777812373,28.02982969680489
-0.09840848584435549,-0.14595115311366377,1.3915192132396603,13.193061612448503
-0.2540751312144603,-0.14424646025871932,2.9734999296331477,25.740988041061858
-0.12922616549156332,-0.216627814674547,0.6070102955713836,-44.298008113558275
-0.24471650786020877,-0.2084988176424557,0.7420512859144617,22.454662900539912
-0.21980883902354176,-0.24562486903807879,2.404204357995142,23.42703957950862
-0.0953790029769164,-0.18665125529125412,1.522840547606542,-55.28592617214716
-0.23926620496046314,-0.01876306465259503,2.551530803104824,-200.0
-0.12439612605167483,-0.1077680683775665,1.700460996344273,24.742832378157527
-0.13547924251003352,-0.11444913035326998,0.17844857782609772,13.880194822461734
-0.24980782590076833,-0.09297580210831502,3.0613740447923283,15.072752230986044
-0.24910849747531255,-0.23938361157845917,0.8224714879715741,15.029354051799686
-0.17772261888898017,-0.17365248111876092,0.3008769512261728,25.276821597823766
-0.2741960226004523,-0.024412788238435235,2.0241610621594073,-200.0
-0.21846981446411506,-0.0417221558499386,3.13672024466279,0.3588661147106258
-0.0019023291060004666,-0.09551535216809312,3.111933515205955,-3.9199333293682876
-0.2714653090066304,-0.26956489118310956,1.13516974883117,3.5015788997743913
-0.017441528141373897,-0.2417273490716241,0.685850047253288,-200.0
-0.057120662982605264,-0.07923123878122021,0.42007657935308756,17.01972657871946
-0.18880201444714967,-0.09181574476086651,1.3539561604761947,22.176329555614096
-0.13966295854164723,-0.08829356836393978,1.0082152871558427,26.4475083831635
-0.08295677561168413,-0.11061375563474932,0.3279316567264799,18.996777065005567
-0.13440615950609142,-0.1612430884897411,0.9595837241291231,23.882481111404054
-0.2049427813809363,-0.20992798259183948,2.143268447522535,27.037310053240425
-0.11328409444672988,-0.23087685169925987,2.782263731097823,-30.83353134080284
-0.27095383447993326,-0.1672031084180008,2.5784288704013956,28.20961760749471
-0.06975449829395783,-0.05252707410506638,0.4241836351585564,13.290710784362435
-0.18239356067864695,-0.0770624362245117,1.1674923600696985,13.281965857747714
-0.28336209217397085,-0.19734137423249853,0.19896513890858347,22.582792873577247
-0.15432903092567074,-0.23774398533005914,1.8894020349520664,-27.63085245954071
-0.07200399419250866,-0.04397950274072959,1.3735648218230814,14.793540249538783
-0.18816825597934322,-0.250164272531468,1.7411705300809157,-8.690651178942982
-0.21246081289162555,-0.13939591018380695,2.4058577662264584,26.619633345246374
-0.014473231911551532,-0.21807054493312344,0.18321464791756978,-24.409229457728316
-0.12382833058391868,-0.01864240170981568,2.120237122207506,8.389107943610702
-0.10053667430989296,-0.2197390960613928,3.0510892111349994,-21.57209521847851
-0.1606219890042735,-0.006280429186587666,2.1061999612194438,-26.28270876952371
-0.18377062441116832,-0.1507081442481241,1.0533653702462673,28.33053483690305
-0.23220282195321773,-0.04786759099918153,1.7457667092512033,-200.0
-0.03339492528141058,-0.048932412421460125,2.9049986070421148,9.623659078381023
-0.039025738757569484,-0.21886201126289473,1.1952351548265248,-200.0
-0.23643706282615057,-0.01732036893490807,2.7945477105664303,-61.25802007682195
-0.12151198791339565,-0.26769990400175053,0.29822686855801894,-42.1531413394245
-0.03790019297078734,-0.09219529287906261,2.3626453547474884,10.601920894170622
-0.09414185861255545,-0.26837174775859707,0.8043577608060035,-200.0
-0.1381712886291432,-0.023546362575490032,1.9573605951584172,5.213683187633009
-0.19010393193830333,-0.1533986892202538,2.4641606490115113,25.515485978999372
-0.22089289300171264,-0.04532547724240976,0.06384804472289678,3.3393940520365035
-0.054766331527937306,-0.25795158594379863,2.7269086208418725,-200.0
-0.26679246191784833,-0.18936200809066533,3.135668198575889,25.91413676271431
-0.1485400066556418,-0.05281334958350917,2.92672819835704,15.15427149894131
-0.00391433500702093,-0.17888102913412113,0.9880481349674964,-200.0
-0.02675303450176103,-0.15543743678336275,0.22008693942365404,-0.8598185280527879
-0.11448129053476955,-0.2533881233215672,0.2991498493565799,-32.478904084006146
-0.12768198851218196,-0.20715113059534124,1.3680271679048663,-40.8221302291755
-0.1887865431855622,-0.13333863739362647,2.7099776931423567,23.625175643614085
-0.2185304911345285,-0.2964518701728294,1.2271521599640645,-88.78711648912547
-0.03006604611453101,-0.023743050231010976,1.7651009735553242,7.374718315963037
-0.013386684206241395,-0.1254346000867238,3.001682193685504,-16.81308728325811
-0.2846207353333026,-0.1345560057476236,0.09222761056690193,10.33346032216081
-0.2018828647847927,-0.06711388513867511,2.568629400348888,13.67858035253635
-0.1829531428172172,-0.20375861093839143,2.7311891559538157,25.718042581918855
-0.22600360249068363,-0.08244970906618063,3.100518880359811,16.87507620131536
-0.026334268818037798,-0.02726491015991872,1.1226691230618944,9.473333076889247
-0.09760932182126672,-0.10780730412747619,2.529935298458008,20.53356788676878
-0.2640190885146572,-0.06186083007569712,0.7027436645716847,-200.0
-0.03178817194232747,-0.2944209760660613,0.8895027931248786,-200.0
-0.12468757460163596,-0.25952953275760765,2.0358128825281776,-200.0
-0.27239590263840124,-0.24069443692191578,0.533637421984784,21.76572510554749
-0.20670689389517324,-0.2715593340125411,2.2602783168692886,0.7278543414225105
-0.05819469162284241,-0.10871060024925197,1.4630443015433703,10.22491316894763
-0.015931553674590315,-0.02011297281069052,1.3976588818013347,6.675766925565676
-0.23292738483643602,-0.017534486580312536,1.7887036171981852,-200.0
-0.27024979675587785,-0.0816158167863652,2.8731391035481817,-6.865457348496999
-0.15161433422221032,-0.11279538498899502,2.8147786852979237,20.491549049793505
-0.10065218871538506,-0.1782196979825319,2.8383185474096297,8.047787115443644
-0.052520230861884176,-0.23710547741073904,1.4366513094580045,-200.0
-0.24534934841577632,-0.15816518155210577,0.4863068375305901,30.020207820895028
-0.03344410186239044,-0.005158124702285327,0.03921682594537487,0.2830969837057111
-0.21573720784115158,-0.22630718348697335,0.14269852684775136,19.299574583213882
-0.2831466752925919,-0.17129904421789255,1.523203983932865,20.550143681369466
-0.14529796216811244,-0.27164230863863004,0.7305806075963578,-200.0
-0.0022323573437249,-0.2342237714375371,3.0527849316534295,-200.0
-0.19000952336102883,-0.2254453191935049,1.2817710267052755,10.016329073811573
-0.17061803537216344,-0.19687160999706588,1.0065524100310437,19.623794991257263
-0.15398518678557466,-0.2476240977160263,2.1562257136105742,-30.99240869358768
-0.05411841392171493,-0.017149530061638607,2.8414373690570898,4.9961343958405955
-0.28011615786243715,-0.1361612223377042,0.8178519615550126,-28.630932158804413
-0.2077172367226564,-0.2934929768250135,0.8255541298658774,-200.0
-0.17525651481126958,-0.007454826384183377,1.5975993505339703,-200.0
-0.1541452771745113,-0.16890877377830826,1.971497311844348,27.17830411324247
-0.004022169714837709,-0.17781933853598264,1.8204641296231707,-200.0
-0.1800902369920263,-0.29277964666482836,0.4373899815561241,-70.15564131241382
-0.1129651962346033,-0.2853662921511032,0.5104213002672787,-200.0
-0.1737905186323367,-0.07615108771492707,2.096687935924485,21.35083851654777
-0.27396403750099174,-0.2521546139493401,2.165201045530336,23.12719524395202
-0.14913927254139123,-0.19803133254110944,0.7916300439733215,4.812665138704588
-0.2301378842556973,-0.09888215552326388,2.4272614510998394,18.53322383494143
-0.13777535005634456,-0.20601352819285113,0.8843470397656976,-26.615544878154648
-0.24844805598907987,-0.1312259798245626,1.0269424110865442,8.388487541036081
-0.2554265077288575,-0.16703667241729178,0.426967979165146,29.729339205415624
-0.0917949603042901,-0.22896690374301237,2.342883022644326,-200.0
-0.1785448597808017,-0.18168281944670372,1.0849603656507243,26.785915842118378
-0.2577293037674433,-0.005995342024865347,1.2198452102792467,-200.0
-0.06248000780691912,-0.2945966819878082,2.3896494313590875,-200.0
-0.1457161550726451,-0.026658613695517364,2.426539971068698,8.967015753701723
-0.1391789142039869,-0.07072813151738738,1.7496584375220694,22.16499688445351
-0.14999100896741302,-0.021818100985067035,0.2235809516388254,8.305312578572458
-0.02926471187880736,-0.28644196585928094,0.953413526462267,-200.0
-0.05630290716141689,-0.10154065981437022,1.0595741770383127,12.062487579029526
-0.2518573984208152,-0.2769156241239761,1.176052593659875,-4.779896360374423
-0.13713694710461813,-0.23572742024022936,0.5080221106732156,-49.78249648404844
-0.05133096520300273,-0.027054014195233345,1.3408818948957124,10.02055435069552
-0.10085392759822537,-0.21626170229101604,0.034055204281421274,5.952608616689992
-0.13561781341437418,-0.10591009511992983,0.7778508661884205,26.54110065301799
-0.036083592108091644,-0.07561864552931949,2.4946994434656826,12.649494065714844
-0.22573232072894928,-0.2619591077616954,1.9086700840599466,12.568894534817701
-0.27016867539585415,-0.15099051927562135,2.793285290516804,26.43286446544902
-0.02256587589892073,-0.22645597228457776,1.4748737736102266,-200.0
-0.08039074151865938,-0.2541095483411959,1.1331071989047126,-200.0
-0.28327278737130224,-0.0019915326527690236,2.1285135140348252,-200.0
-0.1482321622338219,-0.205982774066986,2.385311135699379,14.648511018700553
-0.06265003156144192,-0.08637678573756338,0.22584759935778426,12.488396562794158
-0.19905895063304035,-0.29628651834547876,3.011927483195076,-8.603746757176115
-0.027848354998243063,-0.06449510448541729,1.552215240701897,12.306381754743416
-0.07778870390203307,-0.05153852470608905,0.3306703943897232,11.366214567483361
-0.22671525656046837,-0.08185187705832161,0.11362210839221734,8.82748433004895
-0.030179843219080016,-0.2519908617772515,3.0296201179979647,-200.0
-0.28096268162361304,-0.07724274291908487,1.7167889856884526,-200.0
-0.20105093003132246,-0.20090203684736843,1.2079967511415173,24.47622025088577
-0.10728559708001739,-0.23357092740111424,1.2439512441364,-200.0
-0.08363904849897683,-0.10925289732369128,2.9407642841930697,18.07436459217743
-0.2140382997942169,-0.03684744160448927,0.9959944438404277,-200.0
-0.16540312409789906,-0.1706690408108779,0.7515359063990945,28.15778279441974
-0.1131415678193112,-0.16562499867540284,1.5887596475744021,10.477802029827714
-0.24184380267812708,-0.1758473984473029,0.7609804038950012,28.174033366543604
-0.23940063246472396,-0.11379076959035386,2.818057506776592,22.783732012306796
-0.016845092474731593,-0.0787207372875239,1.4885079654726723,-3.2132223098806953
-0.04972802301087975,-0.15448600064980625,0.6822438828437735,-200.0
-0.2967638755555768,-0.2395248879728148,0.7807793001061398,13.677057672918094
-0.23694041545356131,-0.012853648648955829,2.609643149705321,-200.0
-0.24269620143638188,-0.2614706839173846,2.9653379522126664,24.79743156426447
-0.15312950600903139,-0.2832789053279607,2.7652740709679504,-59.0686644843381
-0.16486117603544484,-0.24609858532004422,0.11770241365359882,16.404447326758955
-0.2761898816892337,-0.25737257502347194,0.7465307881368269,10.051217768565193
-0.23406994237103224,-0.004848431558868549,1.687553282140819,-200.0
-0.25378068344471905,-0.07081041346876071,1.8857238233134361,-82.46524823066474
-0.15090696110017987,-0.16514932448747444,1.5849805101235122,27.556362362100092
-0.11637236783365748,-0.21485523585814503,0.31484172264794336,0.9024804387686203
-0.23032797957886714,-0.006551914078416099,1.010008021668362,-200.0
-0.151388461000265,-0.09631750049622897,0.34442414693189294,19.944893667802564
-0.27992050505985233,-0.13238062314887228,0.33695379783713636,22.347033636365747
-0.08096144274948383,-0.014474618130061512,0.23813218009548495,4.421798267473722
-0.20881900608866077,-0.13460616239983775,0.8400546065239765,30.275622221197512
-0.15812024853452444,-0.18186992708090138,1.448152861013701,24.50043055674111
-0.1557449353941033,-0.016911348493310163,0.41326127969434867,-0.5694874759609583
-0.12701855241896318,-0.2409678985660915,1.4292574199226156,-200.0
-0.25539758945922814,-0.2582684526978586,2.7571394884610005,25.42303611399021
-0.001301409464546155,-0.2647334462892205,2.623836999185011,-200.0
-0.10262184113331196,-0.23008727502584378,1.9748232483626127,-200.0
-0.0503176457653029,-0.07275566594006874,1.99439383396968,16.447511444394276
-0.11929762008643582,-0.20350327572302634,2.6562855270163546,0.86948675723173
-0.04077729970261912,-0.11130671627639577,0.16301667267815323,10.31290761725983
-0.1643384306659104,-0.05868681548265292,0.517827200065687,16.861818957892194
-0.24616553068500072,-0.08577830128354566,0.9772500023591066,-200.0
-0.19434762845430836,-0.18405087931387734,0.7789674604191065,26.870095213630247
-0.017626334235873564,-0.03858544897363653,0.6634444940538925,10.663442520678586
-0.11381957716022095,-0.24888001999430365,0.9393703912406478,-200.0
-0.05291498328326924,-0.2702186754755711,2.373833859837935,-200.0
-0.2974846181529345,-0.2479070650715771,0.5866341536969337,17.62728626132258
-0.2994465168135837,-0.22219561874150534,1.9346357228763584,25.55943531321052
-0.09859591705390672,-0.233488768117659,2.8402313225851867,-53.94252163246693
-0.0430816948064256,-0.13956858673025688,1.1290540561185016,-200.0
-0.24824229161430428,-0.025481550275592568,0.21888738193845866,1.7922238244182545
-0.22707569363359426,-0.18949982559512152,0.02188958670832919,4.13217319924707
-0.254780692297782,-0.07328624783669832,2.7155076239131164,-8.478542384853654
-0.11180420664420532,-0.27794047484021883,2.6465528142032677,-200.0
-0.13752891032811945,-0.25897000101540674,1.6575921619849983,-200.0
-0.025335536443232,-0.2485615516694758,1.550794925663923,-200.0
-0.15328966069121475,-0.2486156273977117,0.6326295535519957,-86.4768139194215
-0.20042163893086828,-0.06329942786739157,2.332154934705818,9.175918074083427
-0.010908434489443841,-0.011006527723447845,1.0836534168573233,4.061975143337751
-0.19915898927472908,-0.2615809579202327,2.6289035064087787,11.171006527480088
-0.15044448357592818,-0.016558928770366466,1.3220980900215613,-36.80444998662904
-0.2784688061733101,-0.0938471785720163,2.5955052152692653,-12.668333672502264
-0.10669973107425465,-0.26313502978422487,3.114653636839557,-79.74769185946452
-0.14651256250455516,-0.20255535141849867,0.39963279169371235,17.650582970458807
-0.04129399825937047,-0.07936274460901072,0.9797116211349701,14.179916278390767
-0.0725798039501272,-0.1547258589871049,2.505792278890366,-0.03345451204307892
-0.23710030611048638,-0.15956196773621356,3.1936695923722183,24.360717383536233
-0.11737878599520338,-0.2799853634192147,1.7318432483251507,-200.0
-0.04028242389461001,-0.17645508316650305,3.009473557081064,-41.70321472550373
-0.13760589153393357,-0.19442015516971745,0.9135456379567857,-6.061005137443633
-0.17410588010578235,-0.11087414468065876,2.4908372725242436,23.085548358899928
-0.23969203623612947,-0.09741017684591796,1.145664298402109,-34.85079127245888
-0.18960676200076293,-0.16944740562159277,0.9303037322446639,27.44386210182582
-0.19250703111385642,-0.1859018231072989,2.9109067224333796,25.592873632210765
-0.1644511270239436,-0.18358115967445968,0.7657307448841892,25.067541061075474
-0.09291246102540796,-0.20175685468550497,2.562950084692467,-27.027640443040074
-0.06707302137351448,-0.07449496353881768,1.3719828976996264,20.670608957959335
-0.1995877175366379,-0.28765195860575715,2.5708455260755017,-13.119124450720722
-0.21431829031839866,-0.13410683478903954,0.9379669833492005,29.59583278752237
-0.1640051952503758,-0.07788924814191395,0.8419290089097521,23.449824357357425
-0.23129522007254089,-0.047731388665631314,0.45921476447018494,-51.0557313555274
-0.03597416903650452,-0.040424277898546135,2.163688694591881,10.319757375701355
-0.16766594672750054,-0.07949788086544474,0.6573389831528081,23.786576180344646
-0.0368118130850279,-0.2317475333451383,0.7129719778314778,-200.0
-0.17251466231428644,-0.2952431966056981,2.502097060462575,-71.24130117685661
-0.1111118827542262,-0.002651204193346357,2.3998233247135867,5.116245006067942
-0.025259053740858517,-0.057816969693224196,1.4818948320814904,12.425462781396206
-0.19701952416230295,-0.1575896285100776,0.392505376686348,26.698815270722967
-0.016552199738704587,-0.26343201047658865,3.1741599183725073,-200.0
-0.1841471602779165,-0.014984201953632426,0.3968903709807716,-19.503066458503298
-0.08803032486181478,-0.1923154243622095,2.307498516855929,-31.65520526030792
-0.08195819987254557,-0.06572010161486774,2.4077223511593733,14.991727878452139
-0.1405518930435242,-0.29586533951995075,1.8844167050304392,-200.0
-0.11984390975613024,-0.1652180342098375,2.4013263830745117,20.19245753838119
-0.14341570113241517,-0.13087783025947508,1.1575487916214564,28.370787660859623
-0.11767466009640551,-0.05420194227880587,1.1303753245732195,21.120059650740142
-0.12834683377427916,-0.23525955443787167,1.469952829760673,-200.0
-0.09643756059721287,-0.11158750233187736,1.671292342092654,24.537424939794768
-0.13413712804875086,-0.23890522820108212,0.319208011422874,-5.514352170590481
-0.2062150652757433,-0.05472570200156485,0.8087730845309941,-71.42166545648443
-0.17885347167174226,-0.06700139727194188,3.03146428244827,17.27694299824343
-0.269251066063174,-0.2565304955513749,3.0643410011242715,25.60678616038557
-0.1480613593937716,-0.15732284364717175,1.283634979040336,28.256240625563414
-0.1663379265950586,-0.25661867462176696,2.6601193549462736,-7.988057572428485
-0.29622368606031274,-0.2002029832108013,0.8455379979071614,19.68272232042275
-0.15109019546901817,-0.08678313621258829,0.0881365293261657,6.408325566949905
-0.2902575833618582,-0.19275673605590138,3.055116013291527,27.23823029257624
-0.09032362901015173,-0.2203296387488793,1.2295447622040048,-200.0
-0.29270408699897715,-0.0008314687863289483,1.894530225304973,-200.0
-0.26879119876475716,-0.07381096353457689,1.0875114042222735,-200.0
-0.24543813489015875,-0.24194893591966232,1.773274965841004,21.822099714789356
-0.26480202587600177,-0.2199842242247921,2.4800280916552815,26.288421471301728
-0.11886534048120037,-0.07916604522384932,2.122103488151647,19.3208436067046
-0.21603342734117142,-0.28611489778241794,0.739643665767791,-55.62439505277848
-0.05970449414035092,-0.08708245025676917,2.3398176941872313,16.987459826810213
-0.03074147542241623,-0.1449327170858476,0.15683268918538817,8.58146608725253
-0.06881749169527707,-0.2877151307821475,1.045156766398352,-200.0
-0.17146585274828507,-0.10539918953187297,1.8920154931515716,26.018017155725172
-0.17169056173970676,-0.27072786165592083,2.9699755734185334,-8.505949413713516
-0.21370404989519332,-0.20804956539745761,0.4601017920359691,27.914402244551585
-0.024053631977722256,-0.05502378353848819,0.005516269921847557,0.6550589110651697
-0.22449701365112384,-0.08134591960956922,1.5331883527837984,-20.71267431832714
-0.19797904132683455,-0.21142414890606218,0.3862779195926093,27.713975217237248
-0.226828020090531,-0.2601775830803515,1.4217470941520787,3.380969487704128
-0.2015288386703414,-0.05295336199339398,0.32904008309791544,11.46804991981989
-0.2770850431184486,-0.27379961272576386,1.932685641764416,17.530454135402834
-0.2209271388132825,-0.24313575982102228,0.6405558203650026,15.628455162410553
-0.19524939097431543,-0.15998561950631482,2.580511403410363,25.421149046281123
-0.2544018851579038,-0.24464550217605832,2.9902740545725397,25.98352507023945
-0.2768460395587093,-0.2539130645256026,2.9627760276440633,25.50904057816332
-0.033041165569512976,-0.286518771592245,0.9837266057445645,-200.0
-0.12343214006801426,-0.15905889872905685,1.0671832211403107,19.544919529628864
-0.20398774270792164,-0.26451220149318627,1.7822781194578632,-9.456458988302888
-0.2128300319669123,-0.0650431214968126,0.9255482216013311,-63.36965655719149
-0.2887763187082395,-0.04162452658431093,0.1289762402743763,8.857168096677867
-0.09074137998098841,-0.17177733792881386,2.421492733926841,-0.4340502410630549
-0.2259733344848363,-0.26445578866784997,2.7224275288514677,20.945270578136235
-0.03736813895353036,-0.043323436663249504,3.05754585718165,8.554723968725906
-0.27917706093326383,-0.01563171206618752,1.5342357619768354,-200.0
-0.14474814804275188,-0.11635031588509448,1.300170607959699,27.15141248320433
-0.09986662171653052,-0.23798656870353546,1.2787824732927726,-200.0
-0.07733661056622163,-0.16300486674548406,0.9237017259882919,-58.016558207716145
-0.14269896584966715,-0.13374934715083062,2.2854874463801225,24.804162299751702
-0.1801274877076625,-0.11609800126449449,3.122930932495444,20.51261814368674
-0.038872570839573795,-0.21242837580958057,1.8665914778609527,-200.0
-0.15026832766145182,-0.19910016308476297,0.47927920158766874,17.514897545450182
-0.133225037659899,-0.13737461042320717,1.0317122664881593,28.758513726417068
-0.19227241072388174,-0.16180244834414675,1.5608493476057135,27.94788172309991
-0.23189901456140558,-0.25922426253685255,2.3783741455229594,21.70060771845102
-0.013481352654958034,-0.07371603968050564,0.5528953774127952,1.7720644041709566
-0.27737550263775007,-0.22320371606618195,2.196742653766117,25.782239713524344
-0.1439575877258536,-0.25833034428973917,1.887065232352643,-200.0
-0.12951627497193,-0.0239364194709506,1.3772280867337094,1.5821764425251352
-0.2043190642756606,-0.040882137413632724,1.3716489928774742,-200.0
-0.228748922906719,-0.04420753306624453,1.1427435695092676,-200.0
-0.19427906014890556,-0.19828498585482468,1.2874866535992064,25.14009447285636
-0.23136720157222995,-0.06367690619138403,1.3423938578364574,-200.0
-0.07329127369011812,-0.18366437583821993,1.3793242118333318,-200.0
-0.2898235452017014,-0.14454967377807182,0.8738881931508653,-33.873285003187775
-0.08552027217545627,-0.03972113397932625,0.286956754410234,8.861780786534322
-0.2080434610360737,-0.11401818154529239,0.6492464385258864,26.896717020229882
-0.1343397376148266,-0.149662308525747,2.569682117697016,24.345179783392616
-0.2971986590075922,-0.03126516987589112,1.6461867494818159,-200.0
-0.2715321829169696,-0.040585715859544846,2.5213676817757653,-200.0
-0.04551063806493111,-0.0032973255990097483,3.0188115854113917,2.1886478365503654
-0.019830364513453824,-0.036467517071638145,0.48910184708542587,9.467255604443558
-0.05073231282061458,-0.23392867742107604,0.2825215707250977,-200.0
-0.18195493180822758,-0.18194465966901174,2.5082536678183467,26.772385579722695
-0.16292153571674794,-0.07509386106707736,2.057985502723914,21.86729033472728
-0.026589960065738327,-0.28351092711660325,2.283068958969753,-200.0
-0.08958494618186441,-0.17923309207798144,0.463791847286255,-16.423416615744745
-0.07842650213058053,-0.24572729337267496,1.8779229877707484,-200.0
-0.16303259636027792,-0.2401271274072708,0.5486415868817012,-22.43688140039733
-0.0256053032371672,-0.19003403637781396,0.36406426456966345,-200.0
-0.2617175849749281,-0.05202209278622133,0.8541859555995596,-200.0
-0.12210009261067314,-0.039347376775183185,2.708225110624623,12.980540059239708
-0.12172729398117749,-0.05929948034245924,0.49502037737451704,18.785491552545235
-0.07392150758081562,-0.00213100024319135,0.9488387151122469,5.991820379934766
-0.10128444135466594,-0.015780264594139337,1.8281320091343294,9.709068892161405
-0.05481244488483483,-0.002241673225389429,1.5948052315844121,4.980792802874441
-0.11728820849990956,-0.09431073658496866,3.0532540828928365,16.95354436063393
-0.2663155675197125,-0.2753686129310003,0.26675580453554254,26.975945603397545
-0.18994547692924757,-0.28780830827746917,1.3081821288577127,-200.0
-0.2084408516670136,-0.08688108987523338,1.1527036325718119,-1.5967088197849932
-0.07788748972004728,-0.26822737004076347,3.1347653145217187,-200.0
-0.22123064803773185,-0.15390349157918226,2.9287666709686673,24.688342647303386
-0.2417660117633882,-0.06931422829785563,0.10654787736236099,7.948592538900122
-0.13451323852912545,-0.27610775516742614,2.2678670555607012,-200.0
-0.24859441151154965,-0.20760465611517287,1.8327892567663537,25.67730208188974
-0.10257371517467173,-0.261199690942461,1.9569622712941641,-200.0
-0.268228550899169,-0.21614530821208097,0.5441529864777076,25.08022605162688
-0.08987285936425377,-0.21764716238139675,2.0072057996338284,-200.0
-0.04387270157412687,-0.004085452686804214,2.546773385353528,2.668881052039292
-0.0008668585445821275,-0.27444002120211763,1.2485562736659825,-200.0
-0.055852491037995444,-0.08317757258140224,0.10455732695026249,6.530128268732145
-0.08314443661626383,-0.07803423150062475,1.7564015029264295,19.979977348550058
-0.04581338890693748,-0.08812969387378175,1.50924112275918,13.659866348988341
-0.2798427894263179,-0.2390167357269311,0.5329638328042939,21.821165131247696
-0.12317935777493916,-0.18452459276505892,1.3956139790705686,-4.628375087889445
-0.16479011814192485,-0.06045669291870295,2.9309932878797094,16.570416194586993
-0.05953447661939659,-0.08845903692071841,2.4453262814509227,16.63241635360663
-0.2199148619836277,-0.06954467963446906,0.49755406219209575,-8.767553629008805
-0.11552673327144578,-0.074661244551534,0.5812584958938825,21.19190070103763
-0.29163366070335656,-0.11818042768327777,0.6514567628790313,-200.0
-0.2089605176850003,-0.035641002971371016,2.5073957758480905,-18.13091323230163
-0.055091613168790965,-0.282634326171808,1.5389475457050805,-200.0
-0.20659093013156404,-0.18537459443559356,3.064872746972055,24.934228511311744
-0.0424049534942067,-0.23531312049607156,1.5182524373719364,-200.0
-0.09572094328365263,-0.18242256379856303,0.4461022522503002,-10.08871029400516
-0.2368285924948837,-0.2128071587302152,1.2618278059228696,21.548456672820816
-0.22334431779872452,-0.21916171285776848,2.8022731890843824,26.560978162345734
-0.02121108043950326,-0.18441966728262882,0.40903487934836535,-200.0
-0.2712364108362242,-0.27354825374512454,0.999547600374417,0.48665348116941853
-0.010554489165386483,-0.0643415120610612,2.2560112640995205,6.235312576830365
-0.17460652156698994,-0.2554932113448371,2.0538648940351303,-19.97514569343485
-0.09705037563377672,-0.18509219643342031,1.139725521088434,-71.3239030519027
-0.263143840709053,-0.19522724885921172,0.6990305954487281,26.096295546285134
-0.04355696450909802,-0.23272143454369476,2.3960432928906013,-200.0
-0.19936440868573369,-0.05373973338842067,1.4389286390166363,-38.6192300040662
-0.019744658115017633,-0.17280060581171303,1.1455200016114142,-200.0
-0.07894306099024806,-0.09790819198841852,1.417305956870627,23.204006086471686
-0.20366554913685586,-0.018830861534260945,2.136535841499604,-68.29690602701996
-0.1748916302033915,-0.11345853099045855,1.0549685897187895,29.554406945472675
-0.16018680172944325,-0.13153188985188405,0.908000430670949,28.38780466216087
-0.2509136831784004,-0.12606845514243786,1.7050761793850726,14.242864744939055
-0.05010168259392528,-0.10882742298223905,0.8032475923014355,0.3277666891694295
-0.23203158314850886,-0.13161814544553013,2.9480666331236565,24.725591337878203
-0.018947921326464223,-0.03378426492406705,1.7261247981171914,9.346335970296105
-0.08624368520075379,-0.1295208726883437,2.6442175307732247,18.42199374521727
-0.1959462630319483,-0.2356814775348518,3.1725550058735,22.915518162679977
-0.08214086007676272,-0.00875947026719176,1.7872680037109907,8.120803145330225
-0.18805790161097902,-0.06535175052443937,1.2355403022931999,-6.439132216981385
-0.10185077088435332,-0.10629406109981673,0.5147434366063129,24.07367388838898
-0.29060159163030397,-0.09982363735354088,0.3162660193513529,3.6455606198805626
-0.15185405718518888,-0.04065523847893121,1.6088378110951789,6.418819353484896
-0.20222746481426174,-0.20446649036790415,1.3261823655753395,24.455451893023007
-0.25274112807526206,-0.22694021690991462,0.8190091468952998,17.552287291688966
-0.2911413987376255,-0.19017868162917068,0.45769709546074683,29.260764633705953
-0.17785936131913177,-0.01202993703433547,3.0136722243000964,-3.0001380286712163
-0.01577401462086958,-0.15453322127787805,0.34791834894774454,-52.01779327288132
-0.20470736958321384,-0.27220107537175997,0.4372021645091925,-0.8178012775507639
-0.20861560083478276,-0.13638789290329478,3.148346686184297,22.674829349925968
-0.29132749316919704,-0.2974429075115987,2.698245503047786,21.743498591222547
-0.13233014616679878,-0.07111378995824119,2.437700356840561,17.991047306886355
-0.11211366044027796,-0.24087754244526727,2.791251532785834,-47.50104934445102
-0.06697313713071334,-0.16738055861056955,1.501732985589574,-85.17448681596461
-0.08350867457682881,-0.12099495727706536,1.0491060834061308,18.83766080924103
-0.1828630235494973,-0.27180232604401217,0.3517027091407399,-2.637768447944822
-0.048450539765455936,-0.2624886218313389,2.5661104646212647,-200.0
-0.005977519131985853,-0.29556622129282584,2.843610377847674,-200.0
-0.11712933751727916,-0.17182378640364387,0.015527970573255162,2.9824707639552472
-0.24816353342430475,-0.05984334197555086,0.12133916098586475,8.865419876230941
-0.06516958787682284,-0.10645844710947114,1.0074460651654233,15.427298110613297
-0.20135544195974459,-0.18412219006462938,0.4686075402015014,28.290863591631727
-0.004338750053553886,-0.19753634678197302,1.8761069501778487,-200.0
-0.05225968373345505,-0.07896026644105464,0.25990367931342234,12.591811246821134
-0.05438598500568656,-0.006684545789871543,0.6036170087397521,5.698514537682687
-0.12106950383878101,-0.04293938347561854,2.7317336374921997,13.224131049473534
-0.13282250236296847,-0.05162805242054147,1.6229950866191407,18.966204698986903
-0.11532687151486806,-0.27856919933663865,3.0778870313470064,-200.0
-0.24292208788348496,-0.06075063740694864,1.491318626382544,-200.0
-0.17907923956468502,-0.0042498828924427134,1.2860922745566485,-200.0
-0.16691798864647026,-0.25028783828771867,2.281909155263468,-12.597131475081664
-0.22235721633031474,-0.15588794346459536,2.0116035303601345,28.613271543710763
-0.010068248928600199,-0.21352167123124133,0.864938050729583,-200.0
-0.2529465608510007,-0.1863387392929764,0.022462748150053134,4.136324507013048
-0.08743239795467514,-0.07758149022590519,1.3048012511995006,21.824403286078724
-0.17026679238700584,-0.07799204004729599,1.40116488043266,21.93193633728554
-0.20563896711859825,-0.06631609474235817,0.6098391871194719,-13.327170132993071
-0.2599879776456061,-0.28854743821329115,0.5788358897896633,3.20631803005735
-0.2366216112055082,-0.14944849602502436,2.0941688902715043,28.972477593449764
-0.1754286692025457,-0.22307577165208126,1.6761282263736268,8.98998667922482
-0.10217875625625397,-0.08082509096288751,2.1923935699789516,18.59043039971367
-0.10591537352794886,-0.020536379698216478,1.9362940158988344,10.983416151641446
-0.28616316683855797,-0.2664187860725337,2.0396177678164347,19.847480846406455
-0.1393053350982345,-0.0574595215688517,0.25068392479975293,12.219786425399978
-0.24015315047318428,-0.02298006718199591,0.7097651402952649,-200.0
-0.2874783088314923,-0.05736555941353555,0.52939612585116,-200.0
-0.23502278111510863,-0.24997418209135727,3.1933462294542245,25.326090638595314
-0.23469806402751425,-0.06012277871909613,1.001347537062829,-200.0
-0.2979858673120484,-0.16632429858619627,0.6844150370202761,2.274568579862393
-0.034071464016117936,-0.07811587485801949,0.8200969901281839,10.518687602081354
-0.10824863584232666,-0.15372436967542327,1.0173486315140596,12.385370778933666
-0.09230092389214187,-0.10213704495911977,2.497793866075074,19.946974004232164
-0.12220311558108266,-0.2568621233178214,0.9891982344725299,-200.0
-0.03140708004717735,-0.18053170415629094,2.8502690074325385,-77.93043005073123
-0.21315821670682444,-0.01074119747240121,2.432570557942972,-73.26281193560108
-0.18832082799944358,-0.2343811881500708,0.9931583949808523,-5.0519443118770475
-0.05199106640422502,-0.16712239343916924,0.7378018770477051,-200.0
-0.15831606227748096,-0.13043072011336324,2.1532450076030694,25.061532153131026
-0.035063310573706485,-0.2637189646381548,1.632085976614008,-200.0
-0.2737103099470085,-0.11950068780110343,1.4049547251961274,-43.044146297271084
-0.1100703769807766,-0.24263553598703558,2.9913648003136957,-41.545028542561724
-0.13572235441008393,-0.07681683896486452,1.3189641075891854,24.59891636131685
-0.06363531878297207,-0.07826152300505354,2.821100640869802,14.91059188517599
-0.26396629277005607,-0.02457668615203029,2.6995555881141033,-200.0
-0.10780438582834179,-0.20814395873753014,1.674907707641608,-75.89935680758522
-0.1859650779835574,-0.22457018817204144,0.28543697137067375,24.936711733685122
-0.15332349455452532,-0.12855317788432843,0.09151534326000087,9.040842899875397
-0.1685726228696985,-0.14701969664559592,1.5644893191821714,27.998158441822373
-0.14135065447783227,-0.08434867099341434,0.14442576066516583,9.425203584753017
-0.0005437444600500108,-0.127891947330851,2.306304070299523,-73.85712255617129
-0.012087911345123659,-0.17296295165714035,2.621189324889748,-200.0
-0.01526091986837158,-0.14974348841544213,0.743123086932195,-200.0
-0.11835920028874489,-0.23980255318371385,0.8949253798064813,-200.0
-0.15788516418262968,-0.10610464240447778,1.6239735518396445,26.386773155581793
-0.048861498776294976,-0.2325198171229622,2.242244553772517,-200.0
-0.24791900957717483,-0.016688451498736656,2.0247861437127117,-200.0
-0.22552407429535243,-0.03191507441662761,3.1751293517758015,-9.950553264566151
-0.13143979505662703,-0.1529245784676499,1.1264011823479954,26.154648465172617
-0.15152296523362396,-0.0914830634826983,1.2232969410697703,27.107808456153947
-0.16789802446252758,-0.02112255234582827,1.7659501988748976,-30.71459130382573
-0.057955856406676776,-0.1649120285715156,3.1873953919280225,-6.999966764460275
-0.19972746855326806,-0.03045492699016017,1.5631470572685942,-200.0
-0.21026026406523257,-0.2823055485986524,2.725153473320713,4.83038390882621
-0.07531611922429235,-0.09373020512594157,1.7086454248993512,21.63803184108453
-0.1418921921320774,-0.07015129544505114,2.525201519842451,18.212893983327074
-0.10353574881753982,-0.09012762461410337,2.6927966110184194,17.73777798714681
-0.29662943229748345,-0.03523436459257295,1.2933837324007778,-200.0
-0.06905057336871842,-0.19159843140117816,2.0285617892392938,-200.0
-0.29224879761648825,-0.19051495117394893,3.106826667485112,27.16588786467491
-0.06997173107187063,-0.16551744621437606,1.11084655860528,-200.0
-0.1545416701023568,-0.22340515795444044,1.4891380530757563,-20.567728555589444
-0.18774136031402927,-0.1737783926535751,0.9360892656120194,27.31764892094471
-0.05109373603215783,-0.22932904703344287,2.063560287307,-200.0
-0.08967588642402594,-0.03633436673152812,1.2017446857905758,15.947259430114798
-0.2239994823173414,-0.20245556145256904,0.07073132751608517,10.677446446303943
-0.28486434622341533,-0.23148279241471564,0.11961405322726214,17.53615740306343
-0.07405632561324701,-0.2733294556074966,1.3941090130692535,-200.0
-0.06486144032510643,-0.08808254688332653,1.072586090874121,21.58217090425459
-0.15871647061404906,-0.18572880820729354,2.9594560118085207,24.10339511579235
-0.13318366812189777,-0.14301717531460684,0.3033470401325765,22.694429964919433
-0.276475336861395,-0.20689360475203347,2.5993421827288756,27.262513523407716
-0.03849263916341644,-0.19846014675351742,0.4407821849734056,-200.0
-0.11450537747095688,-0.20825061481556406,1.659069195014314,-56.504111289101125
-0.03783068338398732,-0.20934316502081013,0.5626087486557018,-200.0
-0.2462552547939773,-0.09130418615254071,2.0507312194489824,-7.539579260253198
-0.10642138181547925,-0.09289166950780856,0.39469164801053513,19.803568818004774
-0.04752996468963522,-0.13901751853972508,1.5666991955723217,-45.00032890052863
-0.06094777522553532,-0.05688745055991129,0.18506662803739987,7.71779245757886
-0.13100553920617153,-0.1749039885602713,1.1720241163246692,12.313069072256194
-0.25518427712776093,-0.17506214805575349,2.658599511622628,27.483893383622334
-0.14783189695925825,-9.29425405046258e-05,1.041780076538707,-99.58601908133409
-0.2698834944412653,-0.036189590351797585,2.986151109319236,-60.97704668331683
-0.18118942892694806,-0.046227680328739085,1.3336976710120712,-27.25196916510253
-0.2660087963748524,-0.07434739342140922,2.919234846077698,-8.867796237311428
-0.10170627632779303,-0.20300037255080777,0.5777869310757965,-71.32638772197211
-0.16735895305945367,-0.08464552303476514,0.9820781127482459,25.236213964628856
-0.15479912000307763,-0.15199395250399794,2.2473326364727066,26.357676748710578
-0.005441510742666855,-0.16826488469339934,2.764017609815968,-200.0
-0.13633663721549094,-0.02167462818127358,2.822267573319562,9.727808697076213
-0.021933181262525747,-0.06927164331757557,2.955065938357056,9.517237998971206
-0.08308372102148615,-0.049304685702266704,2.0328806488343223,13.866894383297776
-0.20290484945822718,-0.01991921142242492,0.11732876500199155,5.1014142824459965
-0.14235042103016787,-0.22755283143955682,1.7966315820998338,-33.219172698922605
-0.2871384912447201,-0.2169003207690685,2.2019478494352986,26.863799494678258
-0.2105054291087748,-0.28138661704308177,0.7178425024131116,-52.1101432967464
-0.25875304751232564,-0.17198949178823855,2.891122677785825,26.79201080594674
-0.21366084167465438,-0.18496816108483372,1.6137360972290875,26.98042094624108
-0.29086749271008105,-0.2759880354882013,1.4869608311116425,7.490899564021073
-0.21924430519993582,-0.23183445048516776,2.6349298030766977,26.138975990342026
-0.17505428742880952,-0.0536257304654455,0.582216364922699,4.844921637546388
-0.16111702303005926,-0.2045459177036606,2.42328520063401,21.15781480430576
-0.04940197189440115,-0.12020520887749694,2.3328747898197837,4.334791929368883
-0.07340729613411598,-0.026207318069058128,2.2875187323247643,8.923091536971407
-0.042224510028233464,-0.13259626938521726,2.178228281771202,-16.473869284289048
-0.011340474324867122,-0.2954448731519416,1.8321332121033862,-200.0
-0.002503786611664338,-0.08272928468392546,2.7060024816324137,-1.7919742057026777
-0.2573102370330015,-0.25505608615729364,2.304961317485106,24.213076366738132
-0.2619102931323795,-0.28594805137148194,2.685394898810536,21.496249789883162
-0.19831376347851323,-0.13470044490248087,0.6536608272621143,29.88280845395978
-0.25972358922541816,-0.25428002484436085,0.7680901990927711,11.392035586598418
-0.22254059443974877,-0.028940502672650137,2.34164001996399,-58.914835280221055
-0.14606269220157048,-0.11181841401866935,2.0766851316028845,23.721349232237674
-0.1596437611890655,-0.051456482836316264,2.2782520452232973,15.653302050600917
-0.14372932734934085,-0.12113059429964304,2.6503879485855744,21.878598036069242
-0.10704607612662917,-0.018565306358431954,2.183989984124143,10.229327501469067
-0.17202014565622473,-0.20831029390470474,2.936723338172908,23.495836663918137
-0.009447930468271748,-0.09860621391841337,1.185858003733707,-56.446335023731464
-0.20538040337783842,-0.12817517263247735,2.5835991289249094,25.138287027814254
-0.20606020878260017,-0.1462422905934358,1.9664782560026088,28.0977732203242
-0.05161940000444931,-0.20676507989615178,1.591909259993501,-200.0
-0.08891548644114286,-0.20128856629200453,0.43054030058313536,-44.69293458881974
-0.17950497387655212,-0.04033278809207802,0.9505388195043077,-48.33066293763683
-0.06669169565858618,-0.267349039841726,1.2139132373972552,-200.0
-0.18608752418092117,-0.02598252307170995,1.8860163092643392,-41.4605451706048
-0.17013818754121687,-0.28757564689407555,1.8788508383967188,-200.0
-0.24567196840017402,-0.02471777861075808,1.7186865131607736,-200.0
-0.12949575924341938,-0.11333026633223814,0.6016147612544475,26.08326364268227
-0.25943783760148054,-0.0555199723497021,0.09908022802154642,7.027168853358422
-0.06337849619132879,-0.16245548254003764,1.784205726620094,-50.94543767464634
-0.21046084503697937,-0.0625332101187841,3.0661884183921835,12.958337190544984
-0.15828626641257532,-0.2918668166476859,2.715986771370982,-73.62574116520007
-0.11645834935514696,-0.22509913980488855,0.9010758292626231,-200.0
-0.18662622911607188,-0.10570925589387384,1.1866090458644578,28.087268574402394
-0.2265613359236408,-0.21987259615728988,0.8689755243456543,20.09403030972601
-0.09370122568018652,-0.032063222953708836,1.6160013914746447,14.187331386865335
-0.19962945493537898,-0.1291183934452469,2.8135661152449853,23.608941411377316
-0.04434254154747769,-0.09652509129289527,1.3062965759729415,6.585400946611646
-0.26476382067385795,-0.27933450279868427,0.8753108704588973,-3.208861469285706
-0.23670400312627993,-0.08719179425016227,2.875299321642758,14.88286176586194
-0.07753281435160347,-0.23960864841962454,0.22439020457024517,-18.07960133667768
-0.19928638249502637,-0.2535041153200052,2.6483783760348096,16.06051431909622
-0.027414638982888595,-0.11866022748553476,0.37768402079710045,-5.877985778274663
-0.09834377683670653,-0.05333438064481938,0.0066497699353635295,0.6990176965389515
-0.03497425690617556,-0.008524675613927724,0.2760951185468716,2.276267344246261
-0.2875357810032415,-0.19727756033922267,2.6104585990507574,28.29101800077868
-0.057266585370635614,-0.02658294285601631,0.9213043943335025,10.912077769877952
-0.16133396837254696,-0.035504233945060915,2.794806671172476,11.196577697975547
-0.2542582429734922,-0.22822981222918837,2.600459289033121,26.23685770585231
-0.07477234095031626,-0.1696748737519549,2.883556076104411,-3.193301364728658
-0.08402037809709467,-0.12319132160585086,1.727196631446378,19.34755057973114
-0.2584657756323584,-0.06496509439234219,1.7387686851199022,-200.0
-0.15289283071330972,-0.12675956374180103,2.4955555526283066,23.176842219121273
-0.02263637339795599,-0.26108190788410807,1.1545124209708435,-200.0
-0.2627077266030253,-0.2512142186013015,1.9147731350452215,21.480496773928746
-0.04878844981481045,-0.26999518324486976,1.118476958968183,-200.0
-0.05567840609076408,-0.2936828225027314,1.4279299233004394,-200.0
-0.1197145337711227,-0.2270997026361639,1.645834432849332,-200.0
-0.09785973359187114,-0.03246502122741818,2.3128727580352324,11.828783486281214
-0.19402556277439692,-0.042572157924429865,0.7144358404658333,-60.53973417169615
-0.24428290382557516,-0.057921911667408454,2.000323513568986,-78.41203256115857
-0.1253783413485834,-0.2584188945750462,1.4802794810798587,-200.0
-0.10167791037387341,-0.06350859989716351,0.07019652165070223,3.931016061411513
-0.03634555309061899,-0.2703930181928745,1.7178006636427807,-200.0
-0.2620387677848208,-0.23629783702222223,1.168572041273364,14.606858303981038
-0.19324337349736875,-0.13764116443168875,2.447667007922553,25.226016657167996
-0.16923256948097376,-0.25456878370599295,0.7892897753628354,-85.65397602930847
-0.13536818167256462,-0.08892012044981254,3.1419901781299155,16.490029888483715
-0.03361465389725604,-0.10195527510440724,2.853622026192051,7.560683347983552
-0.05833546555760563,-0.287016341657754,2.5117583940459403,-200.0
-0.07388181129185256,-0.24332676487350596,1.3474403172341214,-200.0
-0.18333311994068063,-0.1754188732554343,1.1480242042030644,27.471773631010848
-0.0698468545029475,-0.17070312772512747,0.12590939475269933,11.629941743105382
-0.10131477534450722,-0.2894353406976453,0.8806562190560046,-200.0
-0.02644894298992584,-0.21517854440223344,1.3141268370350132,-200.0
-0.1073932472051336,-0.0747645989460203,0.3349859745289078,15.607470326301623
-0.22158173895374164,-0.06649278382180832,0.561492266079002,-28.439302461591126
-0.047635730898287765,-0.08054429140631136,1.5704980988689234,16.644430851061294
-0.0872426931859766,-0.2646731672783468,2.1268353621161813,-200.0
-0.06868299866489846,-0.0383204188639642,0.23045978921650698,6.799337064698171
-0.23861555457999373,-0.09201291641961024,0.47806733214870684,2.765674472125543
-0.08578187018277028,-0.23927387594198812,3.086975434171835,-71.61158271377715
-0.04922705396286858,-0.11428266487389901,0.24602449010128705,12.722724181941322
-0.23095373986255693,-0.19664456000297012,1.4783937599758148,25.254126605100733
-0.2432574462193539,-0.1699747505887764,0.9736804774575198,28.19766657065563
-0.2895931655861893,-0.0016530399539418372,0.17154320426330552,-4.380648155286165
-0.019464594757091724,-0.18391919227085154,1.1007322310951517,-200.0
-0.2995685315242419,-0.04991106948833052,2.198286701388399,-200.0
-0.2826739943563182,-0.1216055202233208,3.101002912875682,17.57580041821648
-0.14037961487586478,-0.010214139342807738,3.121580393976238,6.749520608134439
-0.2525096625490969,-0.10376325712197862,1.416466207986165,-32.80831860498955
-0.29379444808563226,-0.14412077307353696,2.6051382457003216,18.42262265477496
-0.14971282914243772,-0.2883209596448327,2.293918987041191,-200.0
-0.29395730961413413,-0.12199988632403916,2.15463901202337,-17.241005473678406
-0.14190003144196442,-0.02363503670947148,2.523342766541011,8.978697389939278
-0.12868838372360986,-0.015991258254769714,0.7339941066918834,-7.397415107630106
-0.1567143178750486,-0.2726412104835181,2.538937722493552,-47.954164149471765
-0.23143126110677842,-0.24646632380285105,1.6445470476125963,18.160000406414373
-0.24223234192579607,-0.08518604296493484,1.894132790361505,-19.651440817496578
-0.26559643240868847,-0.2477306259560937,0.6655749033495219,15.899125530466296
-0.11822549009038025,-0.02081712049422435,0.575459384569368,8.766519646014014
-0.1549112716066328,-0.007762604887724511,3.152133440991406,3.855911509713504
-0.014136251888180351,-0.06451684927193055,1.98783997333783,6.9426878990267245
-0.042878596682145054,-0.005059148767407928,3.0740254472391175,2.2679236270153558
-0.023453718715432725,-0.2829468085381455,1.7767177469269109,-200.0
-0.19211101605960532,-0.182098111193562,0.9523455537921139,26.580273436699166
-0.15861927428907904,-0.18871455826921021,3.115125127425388,23.484960089321948
-0.23584436695744826,-0.15932495571820265,2.271541948391444,28.33994437867769
-0.23916735218510618,-0.15152817005314986,2.018223737838901,29.209917639146735
-0.00033063462371779595,-0.16011981790308227,2.605915127630002,-200.0
-0.07108105606101181,-0.06883431376248436,2.2785691393587797,15.908809890226221
-0.27165188142491536,-0.0888346752498261,0.6113710809711582,-200.0
-0.21147521650668644,-0.1272297874842643,0.9678862095837248,28.725020242351295
-0.05803693902235199,-0.215800105197256,1.4069740632091732,-200.0
-0.28225496290760727,-0.2023598432601666,2.379093449145944,28.13696250337981
-0.2904550641460819,-0.11562900478447735,3.0805636521334314,11.644262588189818
-0.1208621668412515,-0.1476670921360554,2.7451148877255287,22.542512921557307
-0.2777287861400491,-0.07130643489821753,1.9302930877903277,-200.0
-0.17151760974292685,-0.23816620882682568,1.4401290625228773,-23.54337861825196
-0.14933027548582456,-0.06673328826254143,1.1470182778625826,22.117858598386878
-0.1691149271434241,-0.23269294374266775,2.9009452301002394,15.298716001825674
-0.00011011994459270147,-0.19431746840049208,2.2806050708522587,-200.0
-0.010224711928836894,-0.16146622688038312,1.821700090428226,-200.0
-0.18721941016923488,-0.27528792382189,2.8457087645652237,-3.1574514393948157
-0.24060187505867361,-0.16595012331895265,0.4449464247325195,29.39391147663259
-0.18133259910454155,-0.2190128162270646,1.7418856204484634,16.997735488203254
-0.03896767386294897,-0.0900850690631948,1.1341310525095158,5.943698957508946
-0.04366982422739896,-0.05843845640671311,1.9431207040072493,14.576071430536214
-0.07887169585958945,-0.2260716713008177,0.37338603905701434,-200.0
-0.2749568659817848,-0.25312946211057874,0.2554778359473808,26.791150612386573
-0.00046137138167262615,-0.16194267297995768,1.38048945800175,-200.0
-0.11175846132122158,-0.18780094357276278,2.42392550411922,3.5379422335405764
-0.11666336037859418,-0.022691526125154404,2.3494253635480917,10.90884892798102
-0.21105744676592714,-0.24234749974507142,1.4298328998096332,10.328578206088501
-0.27950673040706686,-0.2285897283667533,2.8064955601708466,26.02539296285342
-0.26185480596098426,-0.23245565555157208,0.6132719402283264,20.64464614878029
-0.28365979505131195,-0.2006429151789879,2.1752436867944165,28.351087864681578
-0.18440471249165954,-0.2678710887682729,2.177827313254579,-20.26164925210516
-0.2878651705330453,-0.24426271259753118,0.8829580357497258,10.429119783564094
-0.05914404523452163,-0.11968356332590532,2.860154035580166,12.43441564384823
-0.14860687383019783,-0.1162442908831321,0.593800777110637,26.46921341946528
-0.08496416456789113,-0.07056145639412953,0.9610555753583893,21.15273420669821
-0.16646076955094183,-0.19717348496539847,2.074913354632105,24.048989167852408
-0.025705897577039005,-0.222530365841711,2.741950641535412,-200.0
-0.1481179771707795,-0.04314207338711645,2.7807241284951196,14.123243058957454
-0.1223113217283007,-0.14696686947628435,0.2503865893747625,20.303726968616523
-0.14837114058474796,-0.14780481085280167,0.33433311674342026,24.413584691092943
-0.08243914486635867,-0.12227969713919154,1.320763784981114,17.945067161034633
-0.08713755596424574,-0.08076227140140876,0.7645572812065926,22.64627225046912
-0.252158040683618,-0.13520812646939473,0.5648697554302736,21.6073957631323
-0.04961827276815378,-0.28968833811820915,0.8965921057941687,-200.0
-0.009759077374863756,-0.185136038186033,1.1015586762290777,-200.0
-0.24492029197830614,-0.14389118715826668,2.4247472364987446,27.615362909823904
-0.2778133261144431,-0.15597467248762917,2.612886900504494,26.534692544193632
-0.03090153966549608,-0.013252836732037587,2.943861283797243,3.3152205512431996
-0.07692099343130934,-0.17906960409614242,1.830125715160383,-57.702230308570705
-0.13498918882018415,-0.2136657169758424,0.8780455642827619,-51.45137286098584
-0.108861518953833,-0.1542868849591022,2.0348142030133096,18.876553521287036
-0.19745491405768856,-0.20625158904004443,0.9665026232447169,22.374968020089533
-0.03231649154086086,-0.17395780607631867,0.3767952733928246,-79.26662085144378
-0.047337004976053365,-0.21088675815246158,2.7430687842484507,-200.0
-0.2460173308759896,-0.005358404835540509,2.10408472745596,-200.0
-0.1279015190104682,-0.21530698385924935,2.9683250376744468,3.516758484579398
-0.2827769329959518,-0.23688920395160334,0.2148846497343848,24.840287100994846
-0.10401055654625141,-0.2538534418952242,0.7084206875086966,-200.0
-0.046074947762912266,-0.06122910981636975,1.7748011833500925,15.778751151536483
-0.2615900681699762,-0.1318854088746632,2.879942703610512,24.037710023818185
-0.14368236744898244,-0.14870972126377846,2.944999164124371,23.069883356054223
-0.1337758600897146,-0.10095363106219249,3.0587578154409703,17.927970960529155
-0.07639038621959762,-0.11218393035720678,1.913538534963683,19.626438187211058
-0.2005616087241941,-0.22167722674032075,2.819679476714907,25.60560210522482
-0.14389830054990763,-0.0163686047504647,2.5673555807864568,5.59436778116096
-0.00851982980120003,-0.24078262456211996,1.6288034595486462,-200.0
-0.23800983392668723,-0.0764100329317845,2.5922523871422474,2.9705994632472645
-0.12130643542817166,-0.03400685601160647,0.717985262418123,13.66189992996482
-0.13618004498123182,-0.004188156319986425,2.5337061190377255,0.9966883406826597
-0.05373225364219386,-0.15679063131903329,0.6140813615733607,-77.33003977738527
-0.29552755108394546,-0.11478864004191927,1.9107404559013403,-56.713761427935204
-0.15808956720847092,-0.057515590128925376,0.3680508834157167,17.35899683352585
-0.20236127421567002,-0.16656680350440933,1.4784916687143186,27.81188244018823
-0.10993807529746946,-0.009771957499469575,2.648916970004134,7.76889065474792
-0.2706787752718866,-0.11178969427918331,1.253674601754208,-77.04790802687161
-0.013806763955450274,-0.054518314034585014,2.7189824232722484,8.490911630322207
-0.0327968650473377,-0.2033967413313698,0.19836074730623987,-13.073747594940347
-0.04643824481679493,-0.11327596727039879,0.606130255142765,-2.3837217223565155
-0.004408590890495001,-0.17626094888870897,3.0846476057402232,-200.0
-0.26004932093328675,-0.042423968570084125,1.598876628083483,-200.0
-0.28970800194255264,-0.23019108929497298,1.4530723776381853,19.054890325825397
-0.1769931823981773,-0.2850469989932333,0.7494258213344503,-200.0
-0.20073584072925021,-0.0483616307096052,1.0609583366538973,-200.0
-0.08607462732339816,-0.13718013173262159,1.4955990991003423,11.250771209345157
-0.16312428009302452,-0.024852702204929245,2.4402949924088215,2.105728232942422
-0.171303755582342,-0.241170782530417,3.0820810866411357,13.688634883919104
-0.014072392727955296,-0.10240876229114063,2.2293381054090005,-14.356999570105906
-0.044499434856694664,-0.11204649998255034,1.4220095373704709,-8.171004687900506
-0.03852435685558059,-0.15287375661612232,1.7953288257527324,-200.0
-0.24738146662660807,-0.03798117740782414,2.863506104925772,-36.436143451421444
-0.12428199899477788,-0.19296907048130213,2.003058718508646,1.3009234239536411
-0.17471141844040644,-0.29967719221359346,1.269732838305309,-200.0
-0.13995193761171915,-0.15749072617908488,1.823296436952671,26.889822220754688
-0.011439614674508825,-0.07534139318081759,1.8980210726817948,-0.36455443826012157
-0.09317602752846862,-0.19455643533069492,2.1210573217256328,-37.1157309750144
-0.22637269007026542,-0.008670526454990723,2.2209809633700126,-200.0
-0.2825062551786277,-0.29637549521320816,1.7594519888523186,6.647909813123765
-0.06100746931200332,-0.25906790100281696,2.355502357126398,-200.0
-0.22175236271695448,-0.07777937989776496,1.5132797353507954,-24.045581721465968
-0.05332019072185312,-0.04563507339517431,0.7046292794524843,14.53040840848358
-0.2970695933602402,-0.0912845519937878,2.8930976872639165,-19.617815664548704
-0.05871739875590698,-0.28183662170848,1.8995643587056557,-200.0
-0.06066867241995577,-0.09702481718782166,0.6447729206049582,18.23813414763359
-0.06537918298431944,-0.21726709392749216,0.6951484010766239,-200.0
-0.012333286675061617,-0.20546533642866027,0.7162139010673708,-200.0
-0.19810963934874698,-0.29148739915892735,0.8005198792020762,-200.0
-0.07924733610131976,-0.1861198439336632,1.628397873259765,-200.0
-0.010833282486231555,-0.014327073568282944,0.7940614329870436,5.0293191674195805
-0.249546227536028,-0.031088919768531453,2.354195899757816,-200.0
-0.14022194734292281,-0.1867100105428767,2.83649563994508,20.935766243403872
-0.2857994861403638,-0.1977863600069854,2.994108056104407,27.114892402134924
-0.15462512635507064,-0.24530433422770412,2.703124501997823,-6.020483490203208
-0.2814581406976292,-0.27845137185411667,1.0927419201258703,-1.12303946785498
-0.2886252451258696,-0.23856016383691386,3.1253006218896386,25.5222482374153
-0.18126460117239707,-0.14247344338301787,0.8056821053187074,28.747983209341257
-0.19623321175183123,-0.12268262629151275,2.9016367530697416,22.778129599314397
-0.0020128297322924427,-0.24141951442205384,2.5006537510259434,-200.0
-0.2186289416133556,-0.08921194329414459,0.8371680330739736,-11.347425266253683
-0.24641656171805404,-0.27814777909068183,0.20841878884967524,25.14052992224368
-0.10911764022748544,-0.014071249661036345,3.1517002532186655,7.792889608780775
-0.0735311558138394,-0.03302234986210745,2.559162446788328,9.088653323997187
-0.049095981383293685,-0.05354924998486779,2.4106218339824728,12.343921413296925
-0.04992605693164254,-0.12411580502911188,1.899901053562825,-5.367301261146256
-0.031008485398743346,-0.1322966476240688,1.312438918638267,-200.0
-0.1882517739787074,-0.17458473506224192,2.2346372825372893,27.262637411824006
-0.2609777152749407,-0.21011166040455687,2.3607031700277967,26.706880873842696
-0.17325291762192377,-0.223806112940236,1.0935112052919453,-6.0091247926028615
-0.1146027314117071,-0.19321383706928935,2.0524823205079183,-7.955678699862975
-0.13134648711238578,-0.2215881388704355,1.947055542109023,-32.106494117187125
-0.018862352875437027,-0.23692922351061318,0.40625740744154487,-200.0
-0.1256961172390897,-0.16371047976891434,1.4202357220265882,19.407698439949176
-0.0600272568590835,-0.17152641406635813,1.6537657746994103,-200.0
-0.14157979341171786,-0.10717771794828312,0.014006611531526878,1.9108409171967304
-0.12632929027379122,-0.1417465751381715,0.47465670978856533,26.463436045852063
-0.01837468576231366,-0.10983023431121422,2.7140677402311786,-6.53611575197079
-0.003716930028201948,-0.23318193995071343,1.0124615762994364,-200.0
-0.1308877452914753,-0.013004593699710687,1.4336080440429066,-11.819139457791131
-0.10142477794144397,-0.08593094336860471,1.7149340418888634,21.59161102264605
-0.003626753269836691,-0.16885526613561036,1.967744202086076,-200.0
-0.28133937713114004,-0.03676556065824432,2.664708238716184,-200.0
-0.2624692741500267,-0.2719594322844787,0.49370908953328957,18.449489557090736
-0.13508161156015414,-0.1641037274887993,0.2365181955592157,20.946132393997825
-0.0372057058916932,-0.028866742897558417,1.8044070708452336,8.738180863421556
-0.23446520484832048,-0.24973470309593035,1.1056472098871473,9.22247775919508
-0.09134579610101665,-0.16090455806536674,1.506741091705231,-10.128939299897368
-0.1492641064363115,-0.2966546052246075,2.53111969731597,-200.0
-0.030266805598568702,-0.2855308862754915,1.9519846028770358,-200.0
-0.19231555955570845,-0.09194975596573166,2.3004689048970346,23.0668871986128
-0.24486943830137534,-0.27232406534755654,3.0690423507536266,23.599919537989884
-0.1826286477181394,-0.20076208637075843,3.153280835861066,24.793229542824346
-0.00563855561286436,-0.00040468049418157515,2.516762191444204,0.24223818984278844
-9.954090615449385e-05,-0.2824968991866377,1.0034975763264595,-200.0
-0.29977556965094243,-0.160234495183182,0.09796237602113804,12.223312674370941
-0.23416659147006025,-0.19575008687295264,2.804758154071834,26.011653307537557
-0.17268273926622354,-0.12823365436758874,0.34595509892314064,23.24379324878204
-0.14423661914669625,-0.061104272389658015,1.9974634505521747,19.75545640795915
-0.014295003446320398,-0.25494832624820885,2.1246845542007073,-200.0
-0.27586878268293763,-0.04689633793497189,1.7056981917370195,-200.0
-0.2735571960837808,-0.17213762807443486,0.6159139438202569,26.40084884523864
-0.2873815931062199,-0.10738612373420184,1.240726566522728,-200.0
-0.14734554763784416,-0.067511885798957,3.0073928816781454,16.127961347489375
-0.1651156428828033,-0.09220609583338976,2.251201420977676,22.913616311843448
-0.15616553734500466,-0.26748541473064064,0.18796497540911541,13.991298542454565
-0.16288572405127563,-0.2786760068770821,2.321383211309967,-68.70864412033369
-0.02580101375691407,-0.2929626102311809,3.0036048194089187,-200.0
-0.15990586671323326,-0.13751564121521057,3.1127218216944623,21.498017656832126
-0.12187438493931,-0.2480948772405205,1.3653557586574396,-200.0
-0.15378932839863738,-0.2710132926050977,1.0251963917430134,-200.0
-0.09198386371347889,-0.22528710858598594,2.169438202008409,-200.0
-0.029311679182777328,-0.2526923808879584,0.21848125157425657,-78.05009306761693
-0.024836862173104268,-0.08154559848494941,1.8164005946369817,5.142416699944281
-0.04540206342880326,-0.0755994090469767,0.9462648989388427,17.293394735701337
-0.22119123379293507,-0.03922845630692723,2.971498558322405,-7.020585363003828
-0.25134258665581755,-0.2400453319368978,0.030927360598544812,6.403230329532824
-0.176477925311256,-0.1668996667038142,1.5450360630718913,28.306627407677844
-0.09483882586950124,-0.2019392751893221,0.23989751772568313,7.686820552944123
-0.06192661618183637,-0.13135021327886345,2.5894060287987894,8.365348119771934
-0.0419545034745743,-0.12068490656486372,1.4258930748771206,-25.119417123917373
-0.2703027664180906,-0.11120382254452829,0.5918568866076727,-31.480568194802547
-0.005757048298480449,-0.012580818481003786,0.13345407366476733,1.2858518091677766
-0.03156351132019747,-0.03434031432524509,2.3667685176446334,8.429358565182245
-0.11044014183394435,-0.17023324151339078,0.3617386390604191,17.338082920597486
-0.23614867193774106,-0.15512261958999546,1.89089194552873,29.53378495742729
-0.07311364701645423,-0.08339185854490691,1.425012964430681,21.938602704081962
-0.07990128462485557,-0.29071829889335266,0.6775350677142288,-200.0
-0.0696523466786631,-0.16316258432873768,1.1772184195462232,-84.12704713526664
-0.0873068677985549,-0.0684856158162492,1.8269953127763996,18.011073666917223
-0.03210330592005456,-0.0899572704135933,0.5247111581649232,6.77305523285251
-0.008709576185185974,-0.20498003770314827,0.6810756164380608,-200.0
-0.018424150845224696,-0.20273486264233592,0.17628880962256732,-11.219302574010218
-0.2936066354144756,-0.05091164806159332,1.0308093204960103,-200.0
-0.2752606971734467,-0.011297246218453516,0.3537338138866609,-200.0
-0.029006507762717793,-0.11875375374348496,2.2265190967341204,-14.886696680778343
-0.028113960278578654,-0.2344552861973535,0.7197890484035646,-200.0
-0.12558447300578812,-0.10408351614957836,0.5894083956309351,24.893541171806397
-0.04519667431905128,-0.08699797738744497,2.9214621321717895,13.202460688775915
-0.25753677138048325,-0.03326003214700468,2.9641761730031133,-49.12024967162442
-0.11123826555038141,-0.12632611720840167,1.5648511464309691,26.315523302827586
-0.29894115858228315,-0.15507626708585476,0.08385418094558701,10.446009264533648
-0.003413181207041871,-0.22488631515301608,3.0549328886219698,-200.0
-0.038005594087397454,-0.2448364384405897,2.4771339751941133,-200.0
-0.06953417042952906,-0.2247066312817621,2.0775276372973503,-200.0
-0.05652449808589899,-0.2643005419799818,2.8303628779592747,-200.0
-0.1299116645914744,-0.07632874962887967,0.8622493975144295,24.75439027443118
-0.13557251156888228,-0.16902634556268561,1.1249821934175306,20.150449103697877
-0.13182469092381274,-0.16989568886003162,2.88939677895788,22.00184048097239
-0.09261831806036339,-0.030144503529583144,0.48513140655018616,12.347638622201512
-0.07661567084562856,-0.1420095879537701,1.6995838173353512,0.4323067418446307
-0.13366120822549019,-0.12776501628918777,2.2487751466581236,24.418006448757478
-0.17803263580127926,-0.10479184237336117,0.6146845817481933,28.0721466268362
-0.2038804708588581,-0.16627209621638267,1.5100176473115388,27.869967542579946
-0.09402830324880626,-0.2397422517069579,2.318829834282098,-200.0
-0.2843451280501566,-0.12170431409830954,2.890662457642638,14.72133020718574
-0.24589314989394745,-0.011768933686058802,2.8762006965897964,-83.74009537659958
-0.2934341102039423,-0.2814570538014685,2.657182319171906,23.234896828295692
-0.12496523801339438,-0.22056024819979536,1.69870911519683,-61.70153113446016
-0.18173456970306506,-0.10016985471139217,0.7253536203295832,27.65301795783768
-0.25234247576935204,-0.053939220520401426,2.816610012296144,-23.56025088936198
-0.059042554396804975,-0.27739906247733687,1.59284610319199,-200.0
-0.25893591844492103,-0.15063715023738267,0.5638071499469397,25.998215283604505
-0.23250367121875803,-0.2648527816402021,1.6172678603183759,7.278256689635864
-0.24676605677932073,-0.10281984208467615,2.23282343014253,10.095530007451543
-0.04347194586063319,-0.2991262539215649,2.6137356003660197,-200.0
-0.06406109490331219,-0.1903839787623856,0.4809215228673777,-200.0
-0.05731948385045116,-0.18064859695037677,3.099686245174515,-23.317818275332986
-0.09054155941976016,-0.26947882190419997,0.12357470464641707,7.558950904124519
-0.2685459948736936,-0.2223989769233382,0.26826035198568016,26.3588666159307
-0.1722498323824122,-0.006355879358372396,1.3384682620049784,-200.0
-0.031114716388268626,-0.0527677354629115,0.14357784873610052,5.534169649422534
-0.19602899066282153,-0.23640313916199196,1.8561642128030096,14.52350288380261
-0.22050323288658447,-0.20867499831240832,0.7078592122037348,24.00587807166298
-0.05605986878105046,-0.051824767800069005,1.0899675736893524,16.652247558283232
-0.09585333880008351,-0.06776956176949545,0.5075248071520585,18.092029158247247
-0.13664363589474324,-0.03354446549702916,1.7235029555743155,10.09262712581111
-0.2549565049446252,-0.02981459356867816,3.008522934215127,-47.66993121778846
-0.22471134315113658,-0.1798485542408855,1.7799342943414662,27.59074734794317
-0.16264522462920816,-0.0736433749359443,2.5963648713356604,19.431766165784907
-0.22914899355999563,-0.21948184989038766,0.6173593041142276,23.923389469728647
-0.2076352082794634,-0.04280750893806329,0.8496845356855238,-200.0
-0.1919668699887075,-0.08778381670341093,2.067663024094081,22.23325647776567
-0.1652640072669593,-0.01081772670776171,2.4714269802258846,-10.145888181487138
-0.23727916881451772,-0.06271670382074412,2.146036085828765,-33.73991930054129
-0.26999375623209065,-0.15969635213640593,3.1801426588889576,25.902424499381276
-0.1733378637272687,-0.2928833239540964,2.6877816320433756,-47.70901346568249
-0.20414293923274296,-0.14513570172990006,0.9867597866765423,29.883528148591243
-0.1384919777415362,-0.21756508859263235,1.9742818771837094,-14.013492159384597
-0.2445482192789658,-0.2691245328366224,2.5547894232926036,22.324211731622086
-0.2762138402799016,-0.07950543102758606,1.34644860903088,-200.0
-0.2284453286074968,-0.2451838364887603,2.645253728393419,25.31477738342863
-0.20578010761326077,-0.2278037334752844,2.1514367253206252,24.344592598562024
-0.2560461315751731,-0.1916221291289681,0.050566700045859704,7.882613047089212
-0.15400258169942116,-0.10140353895423629,0.4248243749374166,22.95513967832971
-0.04322101651624921,-0.12086564171236605,2.548533416361066,2.120908637238884
-0.22290593311657247,-0.24657697539544643,1.1421136840341746,7.944535594955873
-0.08703895459581998,-0.24840866391922953,2.261505461351078,-200.0
-0.23895607287863257,-0.05955046652778473,1.0155002082017037,-200.0
-0.10153345057599408,-0.27988907792864764,1.8221656662601977,-200.0
-0.2571928528135852,-0.16979078020527624,2.1706762348746387,29.174464303172964
-0.00891316767520367,-0.21877960163920918,1.925541872688056,-200.0
-0.14956443735281783,-0.2402278860958238,1.2896371751769298,-200.0
-0.08022044221378902,-0.14024995753783584,1.9781104137463263,9.387362706707563
-0.22041618293448362,-0.03577225288223329,0.41270520835820784,-35.997464915982874
-0.23106930977788465,-0.044184861549629084,2.515893977146579,-30.173391528405137
-0.21087094208085994,-0.11611567740081477,0.9612309877317836,24.657784486059473
-0.24779520316985532,-0.02611526936934999,0.20939534989442954,3.8887582505005938
-0.09825058310965562,-0.13865314993318323,1.682446410966826,19.527246994778984
-0.13624887404993363,-0.27566003263920175,0.8221537055792946,-200.0
-0.22313785065964886,-0.016786524035007133,1.5732161039875752,-200.0
-0.27255975752609335,-0.0739184287062235,2.3030970244288818,-60.3467267219622
-0.11525790439538536,-0.16214030487826703,2.9000001870147716,19.746639937818312
-0.22244368446991897,-0.20779576123259216,0.3077235100909401,27.103875574303537
-0.10534694895316996,-0.10207462738135001,0.521195683124446,23.717941644982805
-0.1635427423949881,-0.0036336947731571145,0.4478390189276487,-27.25579555852142
-0.11167138092142026,-0.18038730309138837,2.502500701174141,9.89777852073264
-0.15008808029380377,-0.07294517838024381,0.10743032939498326,6.6701516504088465
-0.17126379237496006,-0.1583954704911906,0.1965578126419535,18.933520603607874
-0.039549484856159,-0.11146888085745135,2.3191759595600483,2.6590667215633026
-0.04279192692613282,-0.0703763215753972,1.2795379300739884,16.919602989755813
-0.17982736065184654,-0.17044998816647297,2.5681832768590875,26.11662830985164
-0.24249427645926877,-0.020650796584344988,3.0330964732416383,-44.11165958937835
-0.09443481962181549,-0.19586394069902913,1.2474452786361379,-200.0
-0.10551290489228982,-0.22668692078108305,0.8838837196457133,-200.0
-0.06544325784299579,-0.11002056670566637,2.334343041911874,16.317805890921687
-0.08167020550624282,-0.29058811653206257,2.7210116184906963,-200.0
-0.15299733319096995,-0.23837038177420203,2.109563414736628,-20.007930947175165
-0.08752044747550139,-0.19742960879186544,2.695599225864889,-22.868561166730277
-0.0024291390173195593,-0.15044628211345573,0.7619138794088083,-200.0
-0.2959871989863724,-0.2959658571162346,0.7383966835236967,-5.122748409814318
-0.2087173326796296,-0.2998877407827691,2.1885058995374744,-38.17465164114262
-0.15271283781640566,-0.08149762442903408,2.8115182507461824,18.39176170821454
-0.12771366519700778,-0.05646260209001017,2.462593212640538,16.245528749210393
-0.21751333492051805,-0.2926601121117216,2.6146570824242965,-1.3175587330742289
-0.1776793198374207,-0.16031555126010122,2.074072675127531,27.226635908227003
-0.03548136783706812,-0.22171610870114242,0.3944451389314446,-200.0
-0.004900241139743189,-0.12495246341563954,1.3533923395233471,-200.0
-0.0383724242575727,-0.025596221385561724,2.583243994145068,6.345491191825393
-0.08796490970117635,-0.051221183446145874,1.078380792683755,18.081489162209667
-0.10307585541942146,-0.03274340046766511,0.7467234273477178,15.622431152710208
-0.19515342858821433,-0.10911574828689755,1.3328535739287497,27.51809575043678
-0.11192028917948058,-0.08858780292726864,0.35979636994038666,18.29077380553943
-0.050034123880465464,-0.2787527820322807,1.763552554465906,-200.0
-0.27507828577166454,-0.10600801472098706,0.8170426465685383,-200.0
-0.12121144526971697,-0.17563949963101724,2.280035512949246,16.092997601979434
-0.11081364616302139,-0.22114111531378994,3.092862269027881,-11.89155809642153
-0.26771090899636774,-0.030891665996019557,3.1300275776772395,-53.5283171273515
-0.28303885355304564,-0.06555069071834724,1.1036648560144333,-200.0
-0.04808543310316449,-0.10705750150415685,0.03573877779798022,3.3892269695337243
-0.042591088540309574,-0.055183797969823395,2.4513996779824794,12.241864965201616
-0.05082256092042314,-0.10721531231114681,1.4424638970456396,4.728756932741145
-0.10574686422563415,-0.13896837127129566,2.2221219976190816,22.279174007049
-0.2802295313507345,-0.003328465043312301,1.636809779662658,-200.0
-0.29472735493135266,-0.1090667295276016,1.2685368208577272,-200.0
-0.2654472038946053,-0.26207237997655985,1.961055533259658,20.282255357558142
-0.14257128717219672,-0.29652249682477955,2.5848119007510046,-200.0
-0.10347151240234573,-0.2982266605707049,0.8282069642762239,-200.0
-0.10778553116678743,-0.030224952264697236,0.783214954897051,14.387832717232577
-0.06939539667171468,-0.03708662419197578,1.569705045245141,12.711694560658138
-0.21066072077329878,-0.08609917701342529,1.2111270000945327,-4.582632392518331
-0.29981150276024304,-0.21380454307547786,2.191156997856273,27.623642303654364
-0.03124236283254017,-0.12422468128906289,3.074829149833962,-1.3427689647914889
-0.23177573728665463,-0.056546524733563364,1.9329402672079725,-56.969961206919024
-0.08637349255887775,-0.0740974014150445,0.9419855959820908,21.830146522935927
-0.2221254547211786,-0.09516590592328023,2.1962447540965035,17.407137261398542
-0.12359911067244295,-0.12072610061088027,0.3374242185668015,21.75388137263419
-0.10748491536211993,-0.2836160464662728,2.976162262034336,-200.0
-0.25030122456657905,-0.17614419771380851,1.406429826535967,28.392880147808032
-0.27933740907132587,-0.23495863847463005,1.4806241681613839,18.04304017184723
-0.29193269891143003,-0.17725792598871665,0.1643973733058738,19.422283990852637
-0.12407729953951013,-0.05340407332648056,0.004327689851597161,0.5714415341662353
-0.22380466469042587,-0.14535887584743742,2.2671196228049975,27.916200698762932
-0.02917863902307022,-0.2452148443051849,2.2366086715818,-200.0
-0.07137521069327385,-0.020314950475241178,1.0661659251977966,11.399500372847461
-0.15207316480902108,-0.29496512419287824,0.17577535553481272,7.335137600134612
-0.026030396025868596,-0.17249689749032412,2.674721418005168,-91.17207555696939
-0.2548044457476436,-0.22862195848994663,2.3591014025710275,25.963719541164252
-0.25169994894042946,-0.2540302691547477,2.641038511094632,25.474680048326498
-0.16805129215775552,-0.29670836053849736,1.7298409945613913,-200.0
-0.2669992383176094,-0.168170463851893,1.2650126222620983,23.769006328804135
-0.14484486867185917,-0.18751716375126287,1.225468859033171,12.008849161792703
-0.19275870654133487,-0.176050565588964,0.7277409423100636,27.612107084207924
-0.03758923062282321,-0.13192466818574314,1.3398154752142342,-68.15574771379589
-0.2834517991772554,-0.2347258834918185,0.5302978284393572,22.613214714779073
-0.2126035529918029,-0.2354559509377473,1.631230270362635,18.562015368502
-0.06462799776871561,-0.22228634919175633,0.4296103631324182,-200.0
-0.24168398742827318,-0.10550785449638322,0.6920960772353405,-9.271045457025746
-0.12193809845839018,-0.017985405551279865,2.929979108943865,9.223605567541988
-0.12048754382397941,-0.29792297315266125,1.249650657708166,-200.0
-0.25503527344042604,-0.09731181262266145,1.6597927362778462,-34.16798107469987
-0.13094381782907522,-0.0037690331261356347,1.2164530478115585,-35.00352672177833
-0.2690501715916852,-0.2916616577623557,1.9723751015400506,11.423275604054487
-0.0650699312375694,-0.27775324800794554,1.0233118016419562,-200.0
-0.21296063942805088,-0.12004331212074862,2.072933585055861,27.151529772132367
-0.011944356980016446,-0.1855757614377872,1.9050998266842432,-200.0
-0.16559598653574972,-0.19128207357864252,2.274558123843137,25.52463299154747
-0.0727749331988071,-0.15641780482952575,1.0970890469788652,-49.91782033914053
-0.04472573047649914,-0.14990034949811093,0.8523021465870166,-200.0
-0.04638638485618518,-0.155751369861847,2.3655955708926735,-34.56936705006552
-0.2582692975210199,-0.139843480108455,0.5996764271643492,19.30175561042555
-0.29249995181101807,-0.13243490826074897,1.4312059700869568,-54.37465103159718
-0.26762673824887945,-0.052609334624568044,0.8913130173903998,-200.0
-0.028701742505271688,-0.1435114395557401,0.2973101912029092,-9.159957684100824
-0.24441598627759092,-0.21927321590995008,1.846287354889741,24.845470186027608
-0.21188659941050245,-0.2394221114503711,0.46601750334189695,22.418378817421864
-0.19470101066444312,-0.2731715205004322,0.6674596088043323,-56.303433903356215
-0.06825094986051375,-0.12641116160466723,2.7381490176818817,13.692330016105604
-0.233112538473907,-0.22244119259266418,1.8604249071975099,25.14993477044199
-0.21742448869484804,-0.2001266971785346,2.6903376005163833,26.54664505670733
-0.1738273339657192,-0.22550028713110948,1.4000768920314774,-1.6332982478183808
-0.06550125352096783,-0.13439097922838292,1.1907820658942088,-14.732150773729916
-0.18895830142662212,-0.10512015895108623,2.7213867240688767,22.585062422404945
-0.20736772546436782,-0.2845060463573925,2.0427937637004687,-22.927782386967998
-0.17615794133629298,-0.09927924668810387,2.2866528916563964,23.840868481961017
-0.055912204779975355,-0.14297024495731867,0.2583531918013278,9.914856975297582
-0.06423860335336196,-0.03450236922753164,0.33939386237370256,8.389445054771114
-0.10492060939063302,-0.011933903194189799,0.47612988692503777,8.427297319428966
-0.02170999547192115,-0.22610719957661385,1.3493059159769865,-200.0
-0.13649166398602394,-0.07003113827442686,2.444095297263875,18.2022626395239
-0.08399892352490176,-0.03216694507935619,2.07943989888442,11.414129044607558
-0.04155209199335175,-0.09573769171484556,1.256960235033648,4.2344633343098295
-0.25889587913895457,-0.2155788044033698,0.770747491608498,20.477213591444325
-0.18273324448290323,-0.1791883531529623,1.4142551617859986,27.73610163430315
-0.014784958525696446,-0.22142550767613423,3.1491033288151726,-200.0
-0.052380622058077475,-0.2599476996517263,1.3160615637587816,-200.0
-0.16878447677434624,-0.22793675083450532,0.08925794105548532,13.442990222005925
-0.01455100161823536,-0.0930435086241104,3.010471410968492,2.8651961552024137
-0.05171371978083725,-0.05534356896540482,2.0801155180680264,13.926334579416142
-0.015503606270943937,-0.18724573383331533,2.0686287659025226,-200.0
-0.1573887711087042,-0.2506593786226933,1.356987216777345,-200.0
-0.0834222691018959,-0.2281352809436228,2.4085950589078102,-200.0
-0.2890885975113093,-0.22575579529826886,0.16695947910635217,21.464267938174732
-0.016645106739145432,-0.1898058789661567,2.4865147977557793,-200.0
-0.04568181495084156,-0.029545625114472784,1.2242352640290992,10.534409585430028
-0.020334292060642634,-0.1344123160585873,1.7976300909426073,-200.0
-0.1728556669856555,-0.1032234103422825,0.8313354607231173,28.893501377925954
-0.1783979230214255,-0.2073122395135476,1.182444282655333,17.00695064896836
-0.2772494158820922,-0.09901667972138237,1.1172996477749362,-200.0
-0.15906059772585482,-0.08321573445388183,2.443568294507724,20.84766735523144
-0.23278563487156337,-0.06973113874366701,0.7726609777204495,-200.0
-0.15746267730756752,-0.20158391708755824,2.209344112393353,19.945735598731094
-0.2868840576433438,-0.16796252147896507,0.24912057902878507,25.266447083029824
-0.21273935665213128,-0.004537902976666175,1.3616870473622305,-200.0
-0.2988129309252154,-0.12894239583710032,1.7809179254323173,-42.070600215002344
-0.06670345716633183,-0.13942751307553264,0.9623979658936105,-23.56254729976654
-0.16085779455714097,-0.1826806167496756,1.1535544660859938,23.815885453990546
-0.2305854083765475,-0.045779606709960174,0.629228496458515,-200.0
-0.1559977006368016,-0.08750147474469011,2.5732300394262086,20.21579601850795
-0.23487925115093167,-0.007833189413985142,1.621761525554883,-200.0
-0.09593621225308474,-0.20180606149750074,2.388257641046305,-30.845358566261048
-0.0505094862030111,-0.086209840959412,0.4345483842374467,16.332788325088924
-0.12615258652309627,-0.2817455463300173,3.128861950426024,-79.7098100916922
-0.14450168261370125,-0.10312709834814157,2.60290411441996,20.41487501399604
-0.08829099771065169,-0.13824383365962375,2.0596464170878526,16.128314738092605
-0.11037987287392284,-0.04478851704332726,1.8470254290445933,16.47922461128677
-0.14612433552539203,-0.27630439716682226,2.465502844989979,-200.0
-0.25439098694905626,-0.130367788802552,1.9207282681622457,19.31763596955566
-0.07526428883242897,-0.045983206840744806,0.5850924479366939,14.494579117117855
-0.23368197484899977,-0.04093919096766663,1.554828260609498,-200.0
-0.053558298862587866,-0.12124646864176947,1.0432244139515081,-13.927923997761969
-0.09975163894235281,-0.19503851720289161,1.751045404220663,-49.7181779638268
-0.08865479399506129,-0.08913549120380079,0.9122955662912373,24.419747959087967
-0.10603806629277016,-0.03173841443865255,1.208941895200665,15.111790452602005
-0.09930608468726959,-0.2193655354918115,0.9039946963016976,-200.0
-0.024345302611428643,-0.2288719252990708,2.5367911938325287,-200.0
-0.29188462608634125,-0.006037480312081733,2.5745844931282633,-200.0
-0.002871434210149404,-0.02435818048591404,1.5310594116838914,6.257975096447967
-0.2746555522907106,-0.07587726930232039,1.2595306230522751,-200.0
-0.051455571213274154,-0.09061581017889433,2.350498931264756,15.282960127859326
-0.1151663993823416,-0.2449493071608314,2.41666176902755,-88.42512240680183
-0.14728849700014154,-0.12387728257144973,2.1082386231626664,24.637800103739625
-0.21639500531556755,-0.1500424365289435,1.4828927222105728,29.799049542966753
-0.2992167936239801,-0.28272857924771105,3.1591060420465773,24.52029719791406
-0.10021058207527048,-0.2987501804815076,2.097928255856932,-200.0
-0.253163418588945,-0.1154190092359573,2.5204015933255053,19.212395430365284
-0.0989969086727599,-0.004365824030581111,2.088601119024311,6.193701963195457
-0.0032489887791993244,-0.17100334024630634,1.9791206707515396,-200.0
-0.02045583288868358,-0.24690149756059365,3.1020146751526383,-200.0
-0.23086199706806165,-0.15177446911693762,1.102406484153432,29.30267992299177
-0.20596184024379083,-0.28062574698932286,2.4384279917143803,-3.8862593367554865
-0.07904007200075475,-0.16361623266213376,0.7274070235537338,-42.42414282999597
-0.11916361719330851,-0.19119833798511765,0.2625111525366973,17.384842721018057
-0.005070210456748658,-0.09319905979289927,0.4920289831871551,-19.867193726507615
-0.2855339251123401,-0.084060121813306,1.395114915581349,-200.0
-0.22802216824902224,-0.11504175402359285,0.3805847269401994,25.23444206603756
-0.1653953501014828,-0.22269955975267447,1.807604335018537,3.894940259623901
-0.07097092289860771,-0.22104077707306632,2.368917856848655,-200.0
-0.07983369268477022,-0.14442333716987155,1.811916716564899,3.3011561136366296
-0.25952150216883973,-0.15261123451190584,1.5624347430086802,23.97490940672125
-0.266890575703183,-0.018408522167577657,2.9543202595799944,-200.0
-0.030552844989450267,-0.08793545126561783,2.3375812190986465,8.597452694519932
-0.23780434200602343,-0.13356485696333642,2.400465622611674,26.864668456397315
-0.16366809662658546,-0.1362567257815827,0.7547329028454127,28.37409187218467
-0.04823501415422943,-0.19392264351900995,2.958399927758073,-61.31769876408218
-0.17620260524523773,-0.005532824082809917,2.718210269553531,-15.112443881786325
-0.03511087170396865,-0.0067062891242319345,0.7363710094876892,4.011178947411623
-0.1519397774721142,-0.17438018250365492,1.7035335346090976,26.009960210634915
-0.032495704045373275,-0.15054255928538943,1.7671847176274398,-200.0
-0.15896086137387425,-0.12216281929259282,0.4558694987348524,25.230729081891123
-0.18053217786137188,-0.19550637517364172,2.8883093281719194,25.584360386891376
-0.07071544194280222,-0.04841239003457831,1.8816786311241902,13.697729912634038
-0.2125013847645974,-0.19046018577392362,2.2123226946178773,27.2667030467459
-0.03653600531274942,-0.18605270980891725,1.60245783075896,-200.0
-0.2008317169694658,-0.22364776519877072,3.093528423626312,25.073976718021477
-0.22497453556652802,-0.2995808449411493,0.5514801704921305,-39.2015633808649
-0.1320370327474936,-0.17817470912629357,1.635623696461758,15.165957911096235
-0.11846666047672208,-0.02157398739048333,1.7282669532619241,8.973045549290532
-0.17738857451492948,-0.07853493216752358,0.002502953220147295,0.6454050625144379
-0.27082802904315967,-0.06475945687051171,2.5186654131838164,-52.8912880944434
-0.14207910010861616,-0.1299420124502989,1.2314573650952518,28.22510410335236
-0.175733384985117,-0.17591690363465395,1.8482554481011282,28.100373213650435
-0.12889121370049,-0.2632308969542409,0.833093590044218,-200.0
-0.26322414780852155,-0.1645723071087481,0.09325450315352339,11.567498672607957
-0.11936968700495246,-0.1604643957946609,2.873912801510829,20.92645902361819
-0.12039055470484356,-0.11095634694960624,1.674594294631569,25.263920181793456
-0.16932708254344467,-0.10767082189804086,2.136006320396826,24.582309580651362
-0.28545485519826197,-0.295659658045538,1.8886585287754831,10.585809757078481
-0.09167738955250879,-0.13267235348838965,2.8579047472936607,18.82429257185327
-0.0966715310174035,-0.29208903580016543,0.8708315810352606,-200.0
-0.2561967072199497,-0.16801191926843906,1.2846592437583002,27.25271591478683
-0.14637169265459357,-0.15384772204109542,0.02635924438777927,3.935797787559798
-0.2151550037452711,-0.026836474768029084,1.5872969343241945,-200.0
-0.007935679241253324,-0.28471757069927023,1.7199185182504904,-200.0
-0.08943959925913805,-0.1513095898144801,3.096997501492269,14.98097615189079
-0.21885378464111654,-0.0603173197086633,2.6382958526197764,2.9632924764352815
-0.20215673589738575,-0.13647736126230414,2.393214325408168,26.018055825073258
-0.06812487595236635,-0.19909512198869705,1.1642013679756984,-200.0
-0.027902713995888395,-0.08508207116841116,2.087256791401687,7.1476777872780595
-0.06137860363176459,-0.020470516242715564,1.8048332653607861,8.402878525994415
-0.07549655793015944,-0.13772744106246557,3.127715787113362,13.890377357994929
-0.154231685508578,-0.08906291979388298,1.0958957375093819,27.32638715534356
-0.25650545435156213,-0.2980005181749835,1.747138385051099,-5.232536965537227
-0.20311279420475314,-0.0683257652491348,2.9867659144285414,15.942127804717892
-0.11895186326753465,-0.045879689173884075,2.775639134131086,13.191047825302352
-0.28377349430985904,-0.28013913851244204,2.021478549979903,17.5052710693272
-0.11657420497533208,-0.1627743151443405,1.9819716540510237,18.41190911286427
-0.11475986634724575,-0.2775528574429962,1.62038382660523,-200.0
-0.2622454461728164,-0.11658115706960287,0.20154256388219222,18.900732629607223
-0.18450012899444562,-0.09695282924896043,1.5305881473132628,26.051802708125496
-0.08679765430134531,-0.019300550117403947,0.45150064038773485,9.645577582136692
-0.12472433846957864,-0.2463967552005272,1.6251930222393303,-200.0
-0.004102728342626372,-0.045402693576540865,2.4303430684034937,6.804453867752313
-0.2730986711979031,-0.22539797735350456,0.048706908829558124,8.68420174060298
-0.2465482703649189,-0.2529100455805798,0.41010967802027554,25.524056318135642
-0.2411599701599048,-0.032325106166561146,2.73001374460169,-46.64396079191958
-0.21038996927516962,-0.14880009553334234,2.2088224706407384,27.329678388118506
-0.2910209919563324,-0.2626123886203034,0.15448949203974713,22.132584385159227
-0.007362591254536532,-0.22771026943901507,2.008812232950378,-200.0
-0.09718870225905585,-0.2930926587724178,0.542229145798059,-200.0
-0.16671973964106335,-0.10660852965755399,3.1912191733826063,19.00619008265324
-0.029596195718578522,-0.13809623452017505,2.161725953190487,-43.53902231287371
-0.09503257915410976,-0.2764510010582259,2.6972888660357683,-200.0
-0.17009796624516554,-0.03842212213900248,3.150539581139005,11.795390847891815
-0.026242937087569973,-0.11381250640230811,2.173458320184779,-14.150343120484788
-0.1534856730720102,-0.24051403610014566,1.4329770432524522,-68.50253954689035
-0.0021406637138060014,-0.11941705367261174,0.11092017475792085,6.742765282121523
-0.195827334330349,-0.08550618289606984,0.17026478029728348,12.365243256659571
-0.0795810209855699,-0.25917196852608776,2.382989457374185,-200.0
-0.08104270154173368,-0.007370780139859201,0.6563569688297579,7.90311016094339
-0.07962170463031584,-0.18143035825052325,2.7365015151643757,-12.443413173517325
-0.2510796657319006,-0.14224618127344626,2.2194904090280794,27.114060662214552
-0.019299346569028042,-0.27951155788063536,0.09604705183200925,0.23957127606670525
-0.10018090462884302,-0.11978388935193077,1.4487520879113691,25.412888530633182
-0.03202081709413046,-0.08666325823773954,1.2557261335333858,2.7957657163686527
-0.09737456857921015,-0.2953271565370544,0.8766068059863854,-200.0
-0.16223281229839145,-0.17894798444803772,1.5247213005364655,26.59260434476157
-0.11098369503623193,-0.16487690342277045,0.9016787727726223,2.894650532507832
-0.21502634892929426,-0.1205478880498935,1.0353755350675968,25.04044946291103
-0.008423492817955014,-0.27660102453603835,0.6940379072313912,-200.0
-0.28192561162677143,-0.19305719023269668,2.8863335447783642,27.450493427139268
-0.14962705195967102,-0.16170447694899884,2.932649154235186,23.90241600732807
-0.25745681895585687,-0.22763374800230746,1.8579761764262022,23.71663052544069
-0.07769579198327686,-0.14525843924473886,0.7896756124089898,-11.766398713220802
-0.0072531348753269165,-0.10798065332476461,0.43851052794714873,-26.538688854375103
-0.07623827105435974,-0.014269002531223096,2.091488120016484,8.101042387788265
-0.17106518550471622,-0.26623991556299764,0.15359276629397195,17.9453806833277
-0.08929555278684226,-0.0116868441545539,0.5468897743462976,9.009758194678374
-0.09959977573142328,-0.08543171276745565,0.6736438995344437,22.918783215938085
-0.15548512590261743,-0.1801304596351328,2.737652757029987,24.723417548498144
-0.22206655871671233,-0.030313046755477246,2.0272828262733955,-200.0
-0.20373094099373615,-0.27006767743058646,3.001454965983936,13.093598839193632
-0.1020232731479101,-0.29897113762037525,2.103300027338961,-200.0
-0.155642201926224,-0.11667128807220925,1.8423835003899414,25.514523477345694
-0.12960948811786716,-0.005885199560941967,2.3629610962121284,2.128836237749626
-0.25693392945886934,-0.034276380285233055,1.9160231478769703,-200.0
-0.22586008912265082,-0.14465584811734059,1.618416316278507,29.75964539545865
-0.27179992599017055,-0.03315785522493159,3.038070700936787,-64.98824084549773
-0.16797442737173154,-0.16438558084020338,0.6976485068145237,28.732090281568144
-0.02801930832074606,-0.1503165459636395,2.0985745580496906,-85.72174180504993
-0.01304492950628866,-0.2576570722692919,0.08448208774988214,4.505560935227518
-0.009893171448004945,-0.17694174158251985,1.2600342051780868,-200.0
-0.053619679918784136,-0.16465345519493546,0.3413100749037008,-15.061299837017863
-0.2090503750567133,-0.016254533645912506,1.7922821916418366,-200.0
-0.03486494847902066,-0.07023583967343058,0.22186055370590602,9.746586739996022
-0.09741154858736231,-0.032997306065351784,2.700882844631131,10.436616091419978
-0.11753250931630813,-0.2097258852939924,2.3515344892867307,-15.313494862714194
-0.1430689940029612,-0.048535682767265775,1.7439282198957535,16.393146317423444
-0.08434027950924441,-0.15342605889944813,2.3228534079880414,7.2036756790996925
-0.22181629572457873,-0.10836588400694455,2.7855715936712055,23.163158765076165
-0.2286270863117295,-0.02575538624813062,1.4181411116296885,-200.0
-0.018579597485656574,-0.169595598426934,1.3566606181237562,-200.0
-0.20278839134789078,-0.1964704796938285,1.132061276218349,24.84349711523907
-0.22323743008971425,-0.27283439081954647,0.4447939845495227,10.285363899365343
-0.14899822048746372,-0.2115606505832373,2.651304182801148,14.394852258479357
-0.02135437688218922,-0.2977040527034096,1.2008814389810223,-200.0
-0.13726233599249635,-0.0704514261729684,2.9922271201888773,15.712892544157302
-0.22166587426904455,-0.15556014356759795,2.870597049915408,24.988546759379272
-0.23070682631055517,-0.1831690886796431,1.296303369905825,26.369328647494605
-0.08762751635496799,-0.047219564963648764,1.7725718906928472,15.004771104390223
-0.28471981408634317,-0.13215237821909034,2.4670553319345436,13.564506279388148
-0.16276592858614194,-0.16661050782589487,0.41917131771700245,27.668592042790102
-0.1939319290242446,-0.2572191859723733,2.4576120938075627,8.376974430284289
-0.2437302996300617,-0.20572220640860256,0.9757901121882675,21.410490346159772
-0.02183738529048035,-0.00706058488953315,1.2887659250399506,3.133925797633565
-0.2376364576247743,-0.27576259709800427,0.6437524694418353,-2.4877017850138365
-0.11338464953462535,-0.07255690417771585,2.317557448883329,17.37176859527086
-0.05407035872571783,-0.2152820064488023,2.6789701966327857,-200.0
-0.1274987197238882,-0.056187909687919146,0.8392565816856902,21.524291136987284
-0.08527867558721561,-0.019260095124434995,1.0138295346156718,12.00011711026691
-0.24505139385865796,-0.12718534111427823,1.1076150690251698,7.957572876912209
-0.24335377059850538,-0.1413048859906758,2.0699218102722576,27.83891181263924
-0.09909080415620455,-0.21957117367293444,0.9322123157567402,-200.0
-0.2200883992282151,-0.07318266672213772,0.5924835368409925,-19.80321157289556
-0.07440224054651823,-0.16225624296180338,1.902875105013412,-23.301348781841206
-0.20833203789596375,-0.05436289096189026,2.587826226043859,3.2889991173397277
-0.2862357795637259,-0.15828600237828833,0.5899537482555728,13.710172033151082
-0.029802104388045758,-0.03482394278377521,2.6883094802141576,7.738274134577058
-0.10317568430430793,-0.2150392416850217,0.7811661284130423,-200.0
-0.24906121586173618,-0.20207397749616007,1.680300097677072,25.65870131310358
-0.273608587079799,-0.04261582501809402,2.9097250910429238,-62.69990556217127
-0.27809324800698426,-0.1157913542648353,2.5751494269124304,8.200525522657866
-0.09991167185606761,-0.06565742714699196,0.8488669539988374,20.926369970336264
-0.2623368383937559,-0.11922670912766373,0.8140491402864134,-28.932946546300773
-0.18571444513995194,-0.09166461791686101,2.1248171790253054,23.83844876845893
-0.17296870545832538,-0.024207923348900706,2.645431627197907,0.6595928540352407
-0.263564307967769,-0.2869456310979605,1.0104963280228894,-11.277220816487695
-0.037487904433047226,-0.06314771272279154,3.1898332570850005,10.787948201960258
-0.1048452447399218,-0.25200725914263233,1.6503604585312777,-200.0
-0.2807126411743642,-0.25773945700102885,1.4353207222980187,11.956784174153988
-0.28352800407920864,-0.1634402507125894,1.9460074569489256,23.190705336287685
-0.03693113873122078,-0.059017251193769826,1.455072674655459,15.44127350095415
-0.09499708326498571,-0.041345858382387635,0.01778451230683244,0.940325841672204
-0.16580474820777782,-0.08030368515406097,1.841714259204645,23.458228574615628
-0.08009302420183007,-0.15487307085434016,0.0572274459532045,6.77501266594124
-0.2142968046425182,-0.03744287579032557,1.3394380877397605,-200.0
-0.21444263532447244,-0.1777211543226984,2.496121985311786,26.440977246033874
-0.06203611733104175,-0.04656579689644941,1.4193183496545843,14.695643172259482
-0.12249017314179639,-0.25486423807517156,2.3717458646503666,-200.0
-0.0382132142969181,-0.06139019166628523,0.1860833953405101,7.8836199000390375
-0.21892850529729613,-0.12538779268918168,0.8660752635441127,26.05255682588555
-0.06383140769173298,-0.1002536828401202,1.6060375313748871,18.181596841077873
-0.19754767342553786,-0.11492643162523308,2.783861244703005,23.209080989275982
-0.21720368541386167,-0.03051576465649125,0.5547168570517068,-200.0
-0.25905754031333367,-0.08354889601252782,0.359056721238074,0.565959015660269
-0.18217084201459832,-0.2993141259475906,2.8061054614745036,-38.093616820670725
-0.00476559021196632,-0.0940479064364585,2.1858452346251105,-17.26634133366925
-0.07598971098439564,-0.20968233725913704,0.775270178438122,-200.0
-0.20250914702355272,-0.11591694406005451,0.9410309005956263,27.65676203142184
-0.09349138310894925,-0.12299254488677039,1.7906152364913384,22.690171965981758
-0.04468403413780131,-0.061753623553502224,2.3671223553617624,13.54149996956546
-0.19685483648423796,-0.10421458932197789,1.0793821658121887,24.54733835834946
-0.24869572191492093,-0.25604258025564314,0.5681594446454429,18.136775686874415
-0.004635630308476801,-0.18913789344114754,3.0901920033835792,-200.0
-0.1794062704587403,-0.23671190612873821,2.52822437171682,14.661122969241475
-0.10115494094913402,-0.2145128536757961,1.56796324252077,-200.0
-0.05542242343482795,-0.049526081073771044,1.3973181727684538,15.324578656525372
-0.021021609053833712,-0.14147383189369525,2.5601542040643874,-41.39174134515724
-0.040689823582977014,-0.13053899140326433,1.9015259586923694,-25.50207102022135
-0.27719998608482077,-0.20617693404509216,0.02929349111369861,5.453950079899777
-0.027025477143268917,-0.2712321305452885,2.090116944694582,-200.0
-0.20205420829197906,-0.13140136786442733,3.185109973242377,22.003084511707797
-0.04575756062473513,-0.2504589158244409,1.7555077641239962,-200.0
-0.03387649871788012,-0.18347372645200918,2.9417651648283685,-70.06114883405002
-0.240459499437226,-0.24966581937453297,1.7399087272804548,19.517880381850016
-0.011120609117891755,-0.14158776347968063,1.6624410868568456,-200.0
-0.0067096523619305515,-0.12751056212215106,0.8381890085827486,-200.0
-0.13002827507059853,-0.028649640580446,2.2925346653890726,11.801388324220435
-0.08201867259020193,-0.05249926517944997,3.139027709939445,10.60289594914135
-0.1484599377967722,-0.10189289404358712,0.6679119920822648,26.52775590997328
-0.2499647889201663,-0.13027154929967907,1.3598568473315145,10.851583615001427
-0.05750096630537602,-0.044443414878436005,0.8073711798119059,14.737831845977729
-0.13073577525619126,-0.031522374279357,1.484889230162794,8.998315336985481
-0.07148800559990082,-0.15208189428485308,0.1912384594150251,13.564020136968022
-0.2362154071929104,-0.09560483674261991,2.912369186284955,18.501912372601844
-0.1555642258137175,-0.08103694242847545,0.31309580088913536,17.823697049293134
-0.2794489149388238,-0.15782399281327464,1.6156648889472984,16.320711963855924
-0.15264183895546635,-0.19066031790299115,3.070980459513582,22.60912456588354
-0.1980538484609519,-0.1349731163909543,1.271672532157445,30.020337788764497
-0.0002113508121308616,-0.1348653124667554,0.2800190818983953,-20.759947439141314
-0.23265724309422478,-0.2219038416935769,1.778233369881016,24.717947632136358
-0.12299527841495755,-0.28560034819236846,3.0216396889684893,-200.0
-0.13351801941737088,-0.15767813045172796,2.6020287146036143,24.028885922012154
-0.21871773336632966,-0.2249813970955319,0.08068962680340722,12.74841312422888
-0.06414608568762933,-0.16643873066053205,0.7290438611131295,-200.0
-0.2666480142468829,-0.05462745840026623,0.7355471402266733,-200.0
-0.10699083371498541,-0.17705028941364792,2.194222521162216,4.669663510967375
-0.06055501270478181,-0.1751768817293264,2.3122201692696964,-47.38262195765337
-0.019179041349004444,-0.2500264321612985,0.06824581336358083,6.98720254898363
-0.13031607289431776,-0.2473021652875032,3.0219231331819825,-21.946359804783786
-0.18949999770204176,-0.01907622302636197,2.856417996625332,-7.413165423645147
-0.16458989454603326,-0.02997437761832661,2.922312272516905,9.219673899448882
-0.21715022779118087,-0.08306617593412621,1.8517076794926153,4.1755566769495225
-0.28125015409120996,-0.04877323954332552,1.7757992262699773,-200.0
-0.18474437905734792,-0.2999532530129185,1.9928153969365772,-200.0
-0.043796445371079296,-0.2029848275548004,1.8745370470184213,-200.0
-0.22615836406748346,-0.05386031866930724,2.6042184761144966,-8.980318968612622
-0.12910593628802589,-0.08766982963945882,1.6632359074131953,23.093310655111857
-0.18915124803622668,-0.12368703876054024,2.9347494007437263,22.22074295655168
-0.1890362664657857,-0.09970196943535986,0.8159368942437357,25.724310865589587
-0.13403517982616417,-0.057046210532519875,1.8451553374725245,19.537852127812755
-0.17551893283064224,-0.13782302113587794,2.340500785771119,25.00437190830536
-0.2658771287840952,-0.17443829389854137,2.844616144659643,27.289178069056877
-0.18221109083850634,-0.04360871293120472,1.1099826354657074,-44.28894846874378
-0.021404554243332152,-0.09853336350371264,0.04057436454128946,3.3384009184636776
-0.268150750461561,-0.18818226446568348,1.9838621163243784,28.775007234582436
-0.05452680787824096,-0.2164946546444544,0.5126575446432704,-200.0
-0.17456484061284483,-0.046997612677916245,0.6383458263932473,-7.109088409537691
-0.22783053459492286,-0.16535319484559519,1.8538083869873803,28.81061249834758
-0.14081123698740927,-0.04710071711050523,3.085990175955664,13.586592607134715
-0.20646712804288997,-0.2569298329765133,2.9522974278195124,19.377134455050317
-0.017568307660115745,-0.10749195320647853,1.1367475849695443,-61.10475100038279
-0.2823321559109387,-0.16398542407251937,0.5035803991297241,24.880273803525665
-0.27339140365668296,-0.01382931542080068,2.4692049999278973,-200.0
-0.19464399975719981,-0.010529576486514147,2.300923875555401,-51.861943557027345
-0.21730366349418034,-0.2992633880469636,1.4923667398765355,-78.11336537147314
-0.2912976670366806,-0.07516501305992979,0.6475200821791761,-200.0
-0.2957075659462625,-0.2445359278345996,2.4181240376561846,24.697708857536465
-0.1237981183772191,-0.2825902726478767,0.4042367439400019,-200.0
-0.12980181326504597,-0.07653669694941062,2.6919908928354235,17.022274390371543
-0.21338469322772424,-0.08371604844032715,2.739423307239786,18.420282683123244
-0.15765544596999906,-0.27413773917714046,0.8510445655874843,-200.0
-0.25819976913059595,-0.10966179861209216,0.3493979922852608,18.85690634835293
-0.27223711275565526,-0.23459057282306306,0.49085739540459655,24.060878460031677
-0.2384811185788368,-0.21896161984729623,1.8134528463117914,24.926118619596203
-0.07682992783721218,-0.2104703706135163,3.184635255741449,-31.938942066743206
-0.04985999988085593,-0.12799981530006127,2.7509498402339467,4.476663105879194
-0.14755126190164675,-0.2638573863452165,1.7515761901129203,-200.0
-0.17879856357125137,-0.2671778607802626,1.4697971365781777,-82.514629807662
-0.2598322639734344,-0.143489656233992,1.994913757327093,24.43784646539201
-0.10417422330710244,-0.0017667923230468285,1.556890385227059,-1.1054769359969434
-0.23744032413203447,-0.2536808932487591,1.630619967688784,16.01439309452306
-0.11586848318727008,-0.15407262085234238,1.7708324736113479,21.19870058497906
-0.2379319885590707,-0.12667418892668383,0.18761974410924942,17.475564182081698
-0.2673138061728952,-0.10844173360401735,1.945541092505221,-14.559343263290334
-0.2953947698321465,-0.009490189581050967,2.861814470724773,-200.0
-0.20128383117218923,-0.242050887417409,2.0835179062524016,16.755866357503294
-0.24388869311692982,-0.27425769744870776,3.0345425844263634,23.053205342117707
-0.27900025786104865,-0.28994969215322514,2.3637874857257337,19.626523282484495
-0.1838572621871613,-0.2141372939138088,1.9775670165151138,22.682872168059905
-0.2818914979417278,-0.1368327156660858,1.497914904105264,-16.05859687938977
-0.21616942372021114,-0.28682538831613685,3.0431319706597755,10.255610510696155
-0.2896385000378672,-0.14563171310138373,1.735786393174536,-1.6739679843992121
-0.11158197824956598,-0.030022244541739185,3.161036553525572,9.750336650944206
-0.22010406083473882,-0.06872142558229333,2.6658541209543234,8.736994493984461
-0.0851793398320489,-0.00027764044634515095,2.5982481195466796,5.354768792407319
-0.26615510347274685,-0.25534227084144434,1.6832090812834186,17.704438159974288
-0.1468654069869058,-0.24109352020913954,2.1342449596746578,-31.819808746707025
-0.06434508732731004,-0.09117716076001056,0.7857409517567676,20.977415388947044
-0.24126325084961536,-0.03465117021723735,1.5893419419635009,-200.0
-0.13581738725400652,-0.210393534869533,0.6299716576492765,-22.422043377841092
-0.25584679929663773,-0.298352860188369,2.8967836090139376,18.092358251546
-0.0987963657442611,-0.011391148720523436,2.7253622345597748,7.721082789920021
-0.14679969195722092,-0.027166980009518116,1.6485848688044737,-2.8371337484505155
-0.2606850733901496,-0.06890238048778363,1.257776635685639,-200.0
-0.006449728602421101,-0.2546673220027083,2.1606676842012345,-200.0
-0.28403686231538666,-0.2201031717152811,0.07208129127420906,11.621672253358863
-0.2572408354195419,-0.2657224791101868,0.976802855174891,3.4674760941715945
-0.23705841395804422,-0.13203177714425393,3.110581064630382,24.172823131711354
-0.2423111385106857,-0.08095776449465752,2.628095952291052,4.806756606894357
-0.2858528240626921,-0.253455254588695,2.022781549134373,21.258693067998806
-0.0009427424947272556,-0.12945094746851293,1.9656736505428467,-200.0
-0.023846301534973635,-0.045537303038909405,0.41422279348836866,10.331533812056232
-0.10874348217234964,-0.10497793416509801,3.068345608428188,18.111521090101807
-0.1609235771172974,-0.24122736887189586,1.5807516957599024,-40.82506616743444
-0.2732539918810601,-0.04618308808839,2.427979614179395,-200.0
-0.14014377894663382,-0.17161961203551446,0.5868122832604827,23.92748947571148
-0.039605678103404485,-0.29713992227252023,0.6006862771814572,-200.0
-0.1444393176687404,-0.2283117875470757,3.0205163205329644,6.163679797266333
-0.0804600029441743,-0.049815203590769463,0.6702347356513682,16.25561586682551
-0.10944381619311991,-0.15913343895008206,2.872276346154109,18.878522336001282
-0.08698233299858565,-0.06723966739474635,2.39387895545002,15.375940705219612
-0.07184403551926374,-0.18230918671868868,1.5909967936264884,-200.0
-0.14555076877797357,-0.09094578421934932,0.19326267550746853,12.646718307841867
-0.2700910851349043,-0.2552786778675211,1.7135116993043085,17.965477093064415
-0.04865414499605547,-0.26496446160301235,2.498892981017131,-200.0
-0.05928118468461491,-0.29318568481776036,0.06584830169260605,8.326732528143905
-0.052490281820814,-0.24898487327239915,2.586213880781352,-200.0
-0.2651909000202093,-0.07571204389938116,1.942370147670177,-200.0
-0.04723478668255937,-0.20415654356988272,1.243358461211165,-200.0
-0.07979420677336713,-0.16052547102290549,0.6759667057135013,-29.05485576542515
-0.0827634827612545,-0.039400386388234176,1.0242906058108217,15.937373975204025
-0.0229377469483093,-0.09769777478676431,0.14539582123410164,8.25752665865617
-0.04810522149550822,-0.2455092627808742,1.9316392873526145,-200.0
-0.053095262225989204,-0.11646840515412177,2.3771438869255586,9.028739623804366
-0.241920048268988,-0.21168736397464358,0.11605167367715058,16.12204278705987
-0.24947066792164757,-0.14547633243615454,0.2610190335052209,23.73405994271325
-0.11815049147371706,-0.06542229892823184,2.001729141698714,18.602024178196718
-0.227596513439828,-0.08346931380346548,1.6577636115133971,-15.024027159453198
-0.27105405995714665,-0.12612390397421513,2.9133729281528886,21.008866980329127
-0.10395005679607905,-0.01741768488681067,0.5563600747844072,10.136019456333855
-0.19026348402190163,-0.0435735331856682,2.4424072311510505,2.029113413776077
-0.2183875997339349,-0.23603795511070746,0.0765107875009144,12.641537945330878
-0.06281951200554536,-0.12378041713344032,0.39642222445336955,12.73997089915784
-0.1709483399027888,-0.2528222819823564,0.6723348361907533,-55.695046899166144
-0.2272781033407552,-0.1330339425248953,0.008591915322270506,1.683042025898326
-0.164203061060956,-0.21431329431032742,1.1119052938330023,-2.446410693732755
-0.12677014068620485,-0.12832506829895088,0.18074232416331593,15.193324512915996
-0.2985318386247043,-0.06265540892456214,2.2883633838103847,-200.0
-0.09609728080535687,-0.17934556968600213,2.3577085695570434,-3.923890905462649
-0.15085780392479198,-0.10753175548938873,0.5725300649261892,25.895829824131443
-0.29879878707217444,-0.022420685236170135,2.171957039715121,-200.0
-0.11401465873910208,-0.0581804351269361,2.132068556327478,16.88898786271878
-0.2585967156644016,-0.015368598765657437,2.446837207206746,-200.0
-0.22766931771194587,-0.26406036207627814,2.4935066173368603,19.940359084585936
-0.017326073599775726,-0.1589718760781748,3.10320921453552,-44.30329687415144
-0.29153272058489527,-0.11858762271108395,1.641313250966519,-72.7202143417816
-0.06680698644259744,-0.11045998678448274,1.144419124722313,14.143064432453475
-0.21152766640642662,-0.024050718639304858,2.1746278830694856,-67.63216335784166
-0.235221499634242,-0.16137031854149056,1.217549867369171,29.23477650963036
-0.274383976124825,-0.035358123959465526,2.803750989640775,-200.0
-0.03972612563516109,-0.17267920658750913,3.0419233375908648,-36.06996315942193
-0.23332422284109733,-0.013584158859675288,2.6424093946392224,-83.77192759873232
-0.18586128734889795,-0.09800389205307866,2.53319759187383,22.938470503671205
-0.21194999574601875,-0.021374633892348338,3.0448382924115287,-14.36638786082992
-0.12710172930244146,-0.054818426999866665,0.24150531552040513,10.961530448201074
-0.20686942170596878,-0.22730334283127118,0.2623537794629755,26.051933770810358
-0.24762613101154562,-0.19480835016953862,0.7055552573523272,25.519565301238153
-0.20741237019819564,-0.2948648219334901,0.15490429299273858,19.71111581660992
-0.014397051666375227,-0.15989484069616375,0.4711750771730824,-200.0
-0.0884029409602623,-0.10233294122161116,1.52671095454004,24.10327607462284
-0.11050598012092727,-0.19363597126576715,2.18101542981595,-9.224047524268641
-0.1579219345635819,-0.037870613075473014,3.027563629861308,12.461451504324762
-0.17235354940940345,-0.07069107746396816,2.7241566518904214,18.76411410267541
-0.06251496892244782,-0.06513834496792192,1.6014337258113465,18.01218711334104
-0.18065840792922455,-0.16870740426874678,3.0485776802093376,24.16645761861603
-0.14563050648164613,-0.2884358972613783,2.3982681282143536,-200.0
-0.043994516551745966,-0.19796626882391033,2.9067149084484827,-87.01438418215078
-0.26261875911188204,-0.14056188099289726,0.42578252918199866,25.75890115988095
-0.28455090244682546,-0.17353621736758293,0.21121625756796603,22.84063200472256
-0.04311409873403971,-0.050741092952752864,0.6657350679972688,15.19743226474441
-0.1389900480746506,-0.13919803821015597,1.0273228292349181,28.89662678418256
-0.10650509570253872,-0.029292976649962776,1.4544766216624996,14.054034153464748
-0.20786516191874566,-0.04463942758691669,2.9569987540516127,3.7808715211217994
-0.15655759192763227,-0.1472845544642554,1.7160599770970446,27.891713783466546
-0.29141849830947547,-0.2994440376801585,2.3871949316853733,18.495028298575395
-0.0023692852954896315,-0.18472960537278077,1.330605547364038,-200.0
-0.12870700035604607,-0.2557170644359383,1.04573561688531,-200.0
-0.1621305662627111,-0.16072147219425856,2.331489230399139,26.522617822855207
-0.28532148193647255,-0.07186228509494305,1.8718211293712326,-200.0
-0.009036270635917998,-0.062368788686559345,2.1487854175388295,5.727888598210949
-0.09015972808707753,-0.27392509069794635,0.5376717708019572,-200.0
-0.15034138792483162,-0.11722869639366124,1.6193020520703378,26.287388792676737
-0.22716552896152642,-0.22976139458631384,2.1142541497043563,25.723096238306805
-0.012405854028627095,-0.2653837679512008,2.6264769446780747,-200.0
-0.183535999279478,-0.24712563513425237,0.6836215403734598,-21.606932389107772
-0.005294107417024685,-0.19211419121033296,1.058923265561887,-200.0
-0.009269110717956941,-0.002771015243788588,0.608895180048424,1.167944134518109
-0.28768141311607653,-0.1752510287269176,3.1393616462100105,26.836292476475396
-0.18090872853898476,-0.10650428299990938,0.01638721025973936,2.0748467310476735
-0.29761500237971095,-0.2312524949045733,1.5221182839900966,19.815717945164298
-0.0051779929260548085,-0.03808995301701784,2.5761718583872386,6.692072843764441
-0.11499583528131505,-0.15329030957546588,1.1131263807804903,18.266901000012872
-0.14143983482084435,-0.009189618366797159,3.097677931951619,6.251171370216598
-0.03469728359483176,-0.08487683172348429,3.183784545248063,11.04251422125904
-0.17589449541361107,-0.1366947141466816,2.90595612654516,22.462629906199076
-0.09328572802663493,-0.24225611764211638,0.4992595979248942,-200.0
-0.038609393639659206,-0.15088639636964846,1.7482074627956938,-200.0
-0.1965339107052218,-0.20751353256426153,0.21068892256803956,23.1371431847517
-0.28052322461579926,-0.07739520723793339,3.09593672391077,-10.728073056178825
-0.2082897730736304,-0.12332780584690509,2.898105623936057,23.54880645996927
-0.05987756550036838,-0.19867023776599718,1.999418142244614,-200.0
-0.2154815342729729,-0.04108400843726484,0.5732395698047806,-90.52431163939461
-0.07579659277918538,-0.20857197119476173,2.92727799959876,-42.54207326288204
-0.09383614217925587,-0.18840022585785998,0.1320096611478462,13.406503838470723
-0.21467639205068145,-0.0134709871254437,2.3164469097121816,-87.2604877221906
-0.06746255829745382,-0.032619528747947324,0.7325187970994463,12.593879883703401
-0.21809474080939023,-0.27654131805729354,2.481872013232748,9.209565273393864
-0.1688487108246839,-0.1367387015879787,0.0856218356934943,9.05130388757272
-0.19139621161064907,-0.22425917374244575,2.335369443000601,23.122729094006406
-0.11623648338587231,-0.2208564630931975,2.6823260492091876,-18.667975374243003
-0.28650010920743124,-0.17478660961728784,2.6896752596421107,28.016321037616066
-0.2035492088485054,-0.2888083500915426,2.788440415452367,-4.025244376516344
-0.08871703370703776,-0.12144106211587843,1.3239037167497987,21.645293393099628
-0.17564577829402134,-0.11439311523354664,3.016310064743018,20.684773083398177
-0.1735715232829955,-0.07979779985235619,1.0180804121202984,20.52823686599377
-0.025569218389864423,-0.03913932266596015,1.3698652401709595,11.821605523421095
-0.2928908874056524,-0.04187030555670501,2.452335009374527,-200.0
-0.20285886526519922,-0.1153577137440451,1.4770083974526838,27.888397645680026
-0.12787096274911636,-0.20168819525217563,1.011577262692129,-37.695384641453614
-0.22412330392205984,-0.14645441091147215,3.186393666755252,23.554210550296155
-0.034593936331487274,-0.048115659604952066,2.0670640031029692,11.971328540127544
-0.2664412943530233,-0.021912561116946228,2.9504208758266617,-96.34789589630479
-0.29524243043672826,-0.06295336105190674,0.09575777303328772,7.802178166908129
-0.23004491261235369,-0.1460984693934861,0.31841206703854197,25.614686235724268
-0.12300088239258045,-0.0009242527530250455,3.0762896481808233,5.432687609190952
-0.21239890675134104,-0.28802104930897715,1.2206770516396332,-76.66158103025678
-0.15720769083305053,-0.09245774416424449,2.4638656845850813,21.17650155293521
-0.20798186615236425,-0.2754939574987602,1.7939488140714142,-20.41986430380713
-0.11504627121685948,-0.25111020429984743,1.4716382506591223,-200.0
-0.27590650977547604,-0.27142645465280174,0.2773437614217714,27.17289118169706
-0.12650446032673215,-0.12518589683296186,1.7247173839170626,26.506740627755317
-0.24255289969311172,-0.11294521197924273,3.025139675029312,22.20713636405584
-0.1824199049862285,-0.12961796820153795,1.6845347049721946,28.001299558539166
-0.12847257194731002,-0.05446991817704927,0.3338387977427495,14.500852176131273
-0.2563259959686725,-0.24818398951778542,0.9113590846704462,11.180892844259994
-0.0765602194920732,-0.16602959166054046,1.3373224820388727,-58.68546895032685
-0.2662946554888018,-0.055672775527885326,2.269731342807678,-200.0
-0.11619377069421435,-0.15125823701518182,0.5575110801419124,23.06175942887772
-0.24743971394463996,-0.04197254045103527,1.1377319758382016,-200.0
-0.19785787447991185,-0.02507104994966486,1.080324933336207,-200.0
-0.13159442414862427,-0.25743561727714354,1.3862193335924513,-200.0
-0.25686985143678676,-0.18376087850893877,3.062997205507265,25.81316055740799
-0.05776497420403007,-0.2200902828307572,1.9682130308089114,-200.0
-0.29018242590099547,-0.25632584084085674,0.4539526364274159,22.569406840793796
-0.2674553819141654,-0.18210441908191613,0.859978888340931,25.59065492609924
-0.2917323463424415,-0.0964282596078041,0.3762567551900201,-20.150617078826063
-0.244028337926542,-0.24323380148321577,1.2772215204713855,15.154452553595338
-0.013158356532189996,-0.14112557117536018,2.7560464807716554,-42.543673905606
-0.27838263581900713,-0.2788092723337676,2.2586529889693856,20.72125018859585
-0.2063520560874189,-0.15465741368068114,2.390521973209699,26.315063714831165
-0.07066239139400946,-0.1669973633766248,0.16120389004442803,12.497058390078955
-0.2734214740259487,-0.2604241183310225,0.20016557425502382,25.044441647002653
-0.094639151441508,-0.23155529951203074,1.3640186531915774,-200.0
-0.19872223451811138,-0.19073813899573683,1.4904831753459065,26.88243202226628
-0.09256881256130958,-0.21859761167400404,0.8435174235371501,-200.0
-0.04333928591518571,-0.1766964677497939,3.02646399067449,-37.27190688817906
-0.1797592278524822,-0.2727539646051401,0.10125278892785468,15.77345142430387
-0.0035893373808815743,-0.1033625505215415,2.1935235547648766,-29.372975987834234
-0.15925395003433218,-0.1868391914207321,2.1501283576625485,25.16314260616989
-0.23567553219853343,-0.25965095675177613,2.217563797832225,20.983031997378138
-0.2504399094499772,-0.0230928603638223,1.2753345124676896,-200.0
-0.10974132330079253,-0.1597623961123055,0.5708782135425964,14.9515360012496
-0.014866846111770471,-0.06598500547311228,1.15934509804049,2.5164015365893455
-0.14279245925533188,-0.2567903921932411,2.1551795748409757,-76.68495487183151
-0.08596247422377876,-0.28082128130502015,2.326988856066153,-200.0
-0.14412027033609195,-0.005602197667894104,1.5402870367273314,-37.316801045641256
-0.23042591465157103,-0.02465931083088979,0.1596797329242263,8.0245040311089
-0.24303706216202103,-0.2514397761558582,0.4167092834865869,25.36719707132592
-0.280063739975934,-0.14839609362704886,2.9808761230399936,25.09174969523871
-0.26089733267240545,-0.11786677972373447,2.9230857213919776,20.63316014775888
-0.21762371038517989,-0.2679062920705899,0.5196246029116888,2.8817756091078657
-0.18795739810639442,-0.28934144138624246,0.11433390152310563,16.989747360590602
-0.03473105803825777,-0.21107836172559644,1.985783505242234,-200.0
-0.10859208811864043,-0.0674267966874457,3.0174532756079206,13.729180234090325
-0.16616980967083494,-0.29851628472530645,0.061920679413025086,11.64681112961292
-0.10896555551123885,-0.16252308606612845,2.1107105931367625,15.285868003086357
-0.044592387503912034,-0.15796078579128497,0.7659800149262161,-200.0
-0.2670110225204846,-0.27479253921955793,3.0799786140672065,24.851505646204973
-0.11996684219163314,-0.20983728754715414,3.195670250323194,5.098384035193451
-0.019095797244134183,-0.2681994598329108,2.9393444833613227,-200.0
-0.1360943867929752,-0.015416772629096132,0.9577016699203642,-23.502235284742387
-0.01820731118400093,-0.01013912694075847,0.2847442109331397,2.2470598237819956
-0.26593946571896127,-0.09481383904286494,3.107487437018056,10.933340700945266
-0.2546833362649336,-0.04226878154277963,2.7976528062374015,-43.686679085923004
-0.1772766848192908,-0.15722495001970332,2.0557232121632336,27.126758141781192
-0.20585673975748964,-0.11053667125162914,1.1572442747967828,24.1937815567298
-0.12148275095098068,-0.03499396529207982,0.8078230210346661,13.6625407599937
-0.27549645415666935,-0.2594934111419043,2.5149924177058094,24.51577404287099
-0.08787312123485982,-0.18853493048194375,2.6298799814820635,-14.471583935746505
-0.09081569654311486,-0.28879747794280575,0.6616254534580519,-200.0
-0.15122669083096307,-0.009037147169016824,2.1467493515447162,-11.895401579956118
-0.20267475337241436,-0.16919256972667696,2.82419046385815,24.98594836676862
-0.01724725000882804,-0.16265932075728345,2.5137137664081064,-200.0
-0.19565041813233655,-0.285210570762902,2.5779544806530987,-13.945073932812516
-0.006940110125721988,-0.20789149390117706,2.8956273514178723,-200.0
-0.1201249792808605,-0.018374286222084923,2.179254261156185,9.15646394885005
-0.16714591236170637,-0.043700860495556715,0.856865974046426,-15.410935889899164
-0.1839415060801616,-0.06386736455366163,2.2002371023831158,14.790364009224767
-0.27670024081438166,-0.03183444962187454,0.49631488816787955,-200.0
-0.1686393113283009,-0.11742191741396532,2.276838392678257,24.10619374218785
-0.19897523485232982,-0.08191194330867924,2.7277954644974436,19.7826689241875
-0.26166673440238036,-0.17403707378796848,0.953631641395862,25.789848349048846
-0.10298947052994803,-0.2524316161480802,0.17276683616704658,5.046403612615542
-0.11873083048067451,-0.08232047219425412,2.2628829312916827,18.960956174969066
-0.2226918744421182,-0.26128703375100376,1.1932737822339574,-6.265490448031247
-0.04264285975335558,-0.12240365421990793,1.0298195589251742,-36.64158601134042
-0.09560633679800509,-0.2961938606166229,0.036408603909490904,7.385997175153204
-0.006821418762643805,-0.07886993686798618,2.104994111592071,-3.8191291647608736
-0.02318013577125161,-0.25164756521067516,0.2707287765646232,-200.0
-0.18536398434001228,-0.2388080280326996,2.6532431061427535,17.40869850494513
-0.26912127048054646,-0.21966849364371235,0.3564500872941567,27.54082818620283
-0.1862109524729282,-0.21744002685521485,3.089350910306372,24.17005170638069
-0.09041637030615188,-0.17715665236700356,0.4643500384193326,-12.73932298768624
-0.03663547936072392,-0.07238319822742029,0.007988631269283506,0.9751627125163754
-0.21796269948399405,-0.17951408727967047,2.2762419624804986,27.03570938869825
-0.12570507485708246,-0.0072903920148198464,1.669458514790135,-7.686989918472854
-0.0673807591439162,-0.008219961209123494,1.1941061774379207,8.159873800500272
-0.015679611710054886,-0.09996746691812555,2.2153434440600788,-10.672187717133593
-0.13248955411998126,-0.2359160682392778,1.604083417927026,-200.0
-0.16149010086291707,-0.20344846169390945,0.7153355820523131,11.936991556448685
-0.08125536567422983,-0.2440981397332832,0.4681390608477429,-200.0
-0.2070756948848792,-0.2374334325862244,1.190275147444429,8.325752410309146
-0.21784219333553528,-0.05315487528777252,0.1309803075864233,8.385613306597467
-0.06754052694590962,-0.2441635676025472,2.7577851221122986,-200.0
-0.0418723160594055,-0.21718364045329375,2.6726302503127797,-200.0
-0.2977422967275462,-0.07104966921344552,1.9193958897297265,-200.0
-0.21011083226742377,-0.18293126353541947,0.5192833154182646,28.02108167749267
-0.2034385852762344,-0.10809733540725738,1.579111753646207,25.729689025762376
-0.13394293815199204,-0.0071565936895223725,0.38115298500754435,4.011743187202704
-0.21304349534632905,-0.27674477098042527,0.29045183879532616,18.98687108099298
-0.18850608625832058,-0.012154008056828869,2.165816183666968,-50.32960449017308
-0.028675675226112807,-0.08119826447523365,2.9154178615607607,10.173440985054754
-0.24705037886126505,-0.12621694531796074,2.517772521630258,24.465074886066876
-0.05528342988867124,-0.04919324140636455,2.59111966892854,11.105495735278653
-0.16021889686063626,-0.012971257586434914,0.866261168056015,-83.31663852027046
-0.029968101696662697,-0.22926857520409283,1.005333160227999,-200.0
-0.21676369762221254,-0.011429438071922315,1.6948386025740954,-200.0
-0.07508277149047454,-0.017894314430739133,0.06628605617559792,1.3105481408707902
-0.17313339135537806,-0.1676093530151308,2.3282345190531935,26.85260932822081
-0.29828428353758096,-0.03606558145076333,1.349368859472957,-200.0
-0.2501342681018437,-0.16755514721202916,3.037023959230253,25.754436754863292
-0.08152339919427318,-0.09449640899746595,1.6655014424826753,22.521049627924306
-0.19310078975633194,-0.06620251532756277,0.658258969582505,-2.7704190913514317
-0.14506452815277607,-0.019176307251906388,0.7767637162656461,-24.396747189708456
-0.16074204597762506,-0.20387986112461423,2.973933298725534,22.115766330419117
-0.24631721711077695,-0.016476413639954224,0.34313835519187674,-69.45274848913547
-0.17863214930030535,-0.24914127548510362,2.5633453658454317,6.398751041963845
-0.139202205606731,-0.191343392620681,0.2371412825071261,21.01454031314767
-0.02681104154582825,-0.2768792253597017,2.3915286372289097,-200.0
-0.0055090934821077076,-0.07841529481378307,0.08962762962672405,4.824095549287612
-0.10071978556407857,-0.1722078939675703,2.826717661294511,11.090278499487443
-0.059489262270980975,-0.2750655725472733,0.14981180701089328,-10.755604655125286
-0.28289192326963025,-0.022565552007511147,1.9374310435633975,-200.0
-0.24598436855642017,-0.24616532456772922,0.8815960779871598,12.312398018631868
-0.023738972149789817,-0.18795031338927912,1.4437093561076404,-200.0
-0.11343608318811182,-0.133244811840898,1.4498113366049457,26.26677912364182
-0.24084165133686758,-0.15520255597666355,0.5415647793901079,30.114648132223316
-0.23852317418640917,-0.2745793582011832,0.9904540874042969,-12.913286789322623
-0.012928031054303513,-0.11768107048838417,2.3146461687418065,-30.67658751866355
-0.09881742508427313,-0.012682695481939565,1.5162126381571623,8.026450472629293
-0.26127736497745796,-0.2608838176014762,1.0688619056121724,6.483484811342963
-0.04490634245993036,-0.19417992347432983,2.147510649441899,-200.0
-0.17962070256006765,-0.19659317022663403,1.0523688513276734,22.82790635223236
-0.14438876105274548,-0.2821605113704665,0.462371468857023,-200.0
-0.2030159523933896,-0.2623914327624287,1.943939560632147,-2.0938685398715045
-0.17180060924054968,-0.07280182845410704,2.4717038585546476,19.91628758470837
-0.12251619363533783,-0.005459873843562779,2.547540179240604,5.1752402910098105
-0.18342793655929485,-0.15255693138084114,2.6546770573376115,24.64372241448508
-0.0828946315427368,-0.026786017015634933,2.1426260876890697,10.364139580853434
-0.05625288144909507,-0.0049500632857154,0.6347093085248533,5.747673246408286
-0.22903940287801838,-0.19515622275546213,0.22940937963212008,23.543341308786996
-0.27511628110511765,-0.004455048560327857,0.3796206155516141,-200.0
-0.2978617498931818,-0.056636568320338726,2.182434521521942,-200.0
-0.04054154091811485,-0.21591361876375414,0.6999104000416764,-200.0
-0.019982086669142307,-0.16676948596195426,1.300534600744657,-200.0
-0.15692647152176895,-0.05026420535004225,0.4735594454707143,15.644897283795007
-0.10761968901438901,-0.2376932279447553,2.116544815683112,-200.0
-0.04042306725409894,-0.005711138308951924,2.4363211525921407,2.834947403810572
-0.11691121876660601,-0.07902570700480471,0.03180519040746725,2.53831785227074
-0.11420074638204114,-0.12323141347740979,1.2181608758702946,27.59913759681917
-0.2675341903305809,-0.15535043048794678,2.1869376684971504,27.119176584684496
-0.2466551080102079,-0.2651743591507412,0.9806275884072635,1.3934404060593426
-0.022160856302299914,-0.24276496489072116,3.1042142246804505,-200.0
-0.10447101913948009,-0.15417917749207052,0.011578029185830901,2.301797427491426
-0.13836776737327106,-0.26607370219123255,0.9244800358053369,-200.0
-0.26078745773278433,-0.014630471160330283,0.8413399124059984,-200.0
-0.20528670968154805,-0.2508247019838116,2.540356797373406,18.690791913451108
-0.17403679228300367,-0.29248980618225584,0.9093810818791597,-200.0
-0.24726943089332962,-0.03597940389046439,0.9337302361805364,-200.0
-0.05129436944983251,-0.2121802507529256,0.2790397795971468,-45.73153978297401
-0.08859508118432577,-0.04325245748332712,2.772242584188859,10.72209339004829
-0.1577260013279653,-0.022262172958703752,3.1240993974375204,8.457715566534048
-0.2745584068044893,-0.19693615980223075,1.8500966554879381,27.908115207287832
-0.22300018748478734,-0.23338484213546687,1.302013946146373,17.491092446159893
-0.2299140158434278,-0.1577437915857005,0.2736147442202786,23.878218810323446
-0.1570637402710496,-0.031452456244035254,1.868753574845795,-0.7070581322030272
-0.17708715123220775,-0.17304565089317867,0.024451213042631457,4.137550132303111
-0.11417728282365291,-0.04926601544187831,0.6457072663757129,19.02653684581356
-0.15114269140017356,-0.12864104970626208,1.3519612387878535,27.76550632641087
-0.2421050594412899,-0.1635298957764218,0.7477462462148668,29.228496120380257
-0.2006662192489128,-0.02854189341654173,2.0957628126901966,-43.77083476037404
-0.22977452093619002,-0.08782602903097061,1.2979601385558972,-29.687044955805735
-0.10431545149002344,-0.17687292632791646,0.28624766906209204,15.74011119552748
-0.058906980609937126,-0.1755115042815362,0.028123896674822853,4.28271764957978
-0.09965711161018723,-0.2782685999060372,2.965143425164413,-200.0
-0.06807265879062169,-0.11899360964673306,0.27669221299782887,15.911538865866266
-0.16171961300196427,-0.18546795438552838,0.4081673795375509,26.760110719016605
-0.09180492877463856,-0.22373023386953525,0.8513007092245867,-200.0
-0.0825411139320176,-0.2387864665338031,2.2639907633669094,-200.0
-0.050651697798896,-0.27960052163210647,1.1043870889884917,-200.0
-0.080610781384503,-0.0585478748414682,2.9757223286872985,11.893087899670839
-0.20913923829658293,-0.16325370773556666,0.6506512382777578,28.572054206621935
-0.01582845835832719,-0.07679896119342919,2.9183387742657914,7.186227704476016
-0.10043193934881572,-0.2701321421474965,2.266261988351005,-200.0
-0.18976847809184422,-0.008424774379868327,0.21284237936625489,5.93073353482167
-0.13026448635668522,-0.09683223220583287,0.0779213092474632,6.223316044648287
-0.016997967263494285,-0.28621196735676874,2.903099925456639,-200.0
-0.22542079720698066,-0.1381186789595557,0.28320962150577256,23.509991485937334
-0.19725638271081347,-0.07204256520405977,0.48824260813536285,12.86100533461721
-0.25552786215742535,-0.27769921281563403,2.353148077467744,20.08806414060787
-0.23950758988409893,-0.04436565506519957,2.41231266388535,-49.61417580226109
-0.0742688814097199,-0.16155969607055407,0.5878514641065787,-31.045731827272313
-0.26860669883142885,-0.11353495979120579,2.7701488062658397,15.25383409370238
-0.045318228534899085,-0.05691273334395067,2.848289096526933,11.37441945034436
-0.04107774351600174,-0.28816722735476746,2.7106387244493226,-200.0
-0.2095693721572093,-0.1331135770682289,2.8590845633093567,24.07327114240572
-0.24577768766825595,-0.042786551660632444,1.733070682407804,-200.0
-0.18081274307609385,-0.2597781090443583,1.5399930150986287,-47.489416797474604
-0.1264031929478321,-0.15628252135636492,0.19039360945726844,17.76853248136481
-0.10813266331324287,-0.04860114291052314,1.2991623173923115,19.201904207385095
-0.08117926232705602,-0.11364897058849649,2.6174402964807504,18.92167052981086
-0.06353585056272493,-0.022016530514753718,0.7209462596766076,10.24456156743796
-0.1435276307820674,-0.01335495085474625,2.994975992951667,6.961515357665331
-0.24053436710812848,-0.2740477930883956,1.0907519682782048,-9.937041763818339
-0.013512862779912094,-0.20660388656355358,2.9460955106912543,-200.0
-0.059935017901802806,-0.29707188020785374,2.9779933276813555,-200.0
-0.04417869801163643,-0.12447156743093135,1.5829291269430554,-22.48496671027885
-0.17210267478729818,-0.28421950332155377,2.6122068043615463,-39.34220558509425
-0.258653134310527,-0.06790396272614585,0.4044771777728049,-32.254153971727845
-0.2929492962068946,-0.07997279543666722,1.8082659172790017,-200.0
-0.21175067639396702,-0.17259253628762533,2.682677076507888,25.694131704740276
-0.28813592146860145,-0.13571258641402492,2.527612545942776,15.16200794588772
-0.23732233538970143,-0.10175310056670617,1.6561297198919975,-0.5503201524127945
-0.07454804494142869,-0.025276318757607552,1.6349077109604888,11.13496497692495
-0.19535374747246395,-0.26773351612493285,1.2674293750782715,-54.32849780167102
-0.26016395366324074,-0.042300850473051044,1.7891626119028214,-200.0
-0.09751701620080666,-0.02757244737902026,1.9631281720886982,12.413044767246188
-0.20144014826777232,-0.03416940664292073,0.40228630049507336,-14.010594409607808
-0.2085778743713862,-0.14985453792765718,0.4610957927250565,28.26833299850457
-0.060841391455439264,-0.1962789026121563,2.1441823446489354,-200.0
-0.0007137293836876335,-0.02782380313595939,2.291978678680161,5.493451838631595
-0.11571660817189819,-0.25103925350068973,0.18006076457445375,8.022969470153722
-0.2824595539310927,-0.026010161544289756,0.7015787529034382,-200.0
-0.2061665520645946,-0.1895398545123133,1.6774171064086898,27.19147803640973
-0.09157979252529586,-0.020298451155329134,1.0991305943645289,12.06441693544369
-0.20920790671714634,-0.10991029029742236,1.0496335992298353,21.74332124493954
-0.28046792349127486,-0.2917752469118334,2.020612518658469,14.245116031864681
-0.22811796176016952,-0.2100448362160825,1.610882047533206,24.868663862649335
-0.19888663629629422,-0.20952373355147463,2.3481643074231107,26.876879398399602
-0.03921571019027381,-0.17839582768731216,2.8775976487584085,-54.06502138845519
-0.27447266351286037,-0.015123111294422675,0.07720954246092956,3.585696098083971
-0.12276592643070225,-0.17803284281034548,0.22845991054354556,19.538459963284623
-0.20938853708982474,-0.1934855069930254,1.0545804818992377,24.696358149618035
-0.056774434025901266,-0.16085594907548692,2.472967863120542,-23.076450903097555
-0.26454774250852586,-0.21186002611479687,2.2046553022314286,26.55060041484584
-0.29314088472331173,-0.15701776717619878,3.1986345541002974,25.147299117502623
-0.011512781453592191,-0.16832124956052222,0.6423659421271597,-200.0
-0.049354983646217765,-0.2675023643118512,1.2503589072172778,-200.0
-0.06329094683959297,-0.02498804292757828,2.3799221153249355,7.705544496058984
-0.009599221644280065,-0.14105864019555378,0.0011065731962507683,0.9741019994766977
-0.10909488442325013,-0.18073132387305033,0.08654567066020707,10.690428876892716
-0.012879247266555871,-0.09497757987774011,1.7206439671772888,-21.789806387321217
-0.25673841900099204,-0.24434000549658874,0.04945061087018279,9.316405479983931
-0.2515737804537814,-0.09938797371026578,3.0699990983246304,17.1786531555595
-0.1282721339624386,-0.2628956892777821,2.013676129473124,-200.0
-0.226295033984718,-0.07300641914820333,2.220207336660062,-2.6910461654120645
-0.2040090196957008,-0.21345680009751983,1.6273172163067138,24.601847569205297
-0.20170816094315025,-0.08416481168050238,2.564553388800402,20.082768939628398
-0.044017418541361986,-0.20286944367193088,2.2995423492809093,-200.0
-0.2580137396449315,-0.027414736326652478,2.8260276496331156,-77.42434249790186
-0.14007787908081265,-0.17055968937014737,2.4588700251167808,24.153757989161846
-0.29645914773410703,-0.17467973212473484,0.8576250426654579,4.587110626229144
-0.2505390959807968,-0.08041499421769266,0.5438555767341814,-48.366157395033866
-0.15985974775966563,-0.17535471030658553,1.6435368155962218,27.151758025948222
-0.040988210496266775,-0.05879567483684542,0.23226323664735649,9.136735494335456
-0.030820688293090093,-0.14902139218523072,2.1702534170349956,-64.70650794137207
-0.09868532271752989,-0.2635595960609941,2.2601946096728187,-200.0
-0.048547297908517195,-0.19700903316830282,1.0470333716117244,-200.0
-0.06524035201423034,-0.28116483526657093,3.1695472491019063,-200.0
-0.016787475478233893,-0.10690162751826654,1.2759744012564325,-55.67609879341073
-0.08910226583409556,-0.15713042898284763,1.0283950259859418,-17.113946984205764
-0.1666690414171677,-0.23661719966783662,2.9381431631529473,12.559577119531454
-0.23827219041809777,-0.26419373433213394,1.068123390720834,-0.9042179567813298
-0.2583024675411433,-0.23784997018596962,2.7731701742515513,26.070735487503512
-0.2274047779550475,-0.14275985106346814,2.9965046166373224,24.59714200489574
-0.23510360605554964,-0.10687835892709655,1.607779852928201,6.428051826998406
-0.10987519868881684,-0.12682447283727155,0.22784683151414034,17.467376975733377
-0.18421197508272075,-0.2507238890950234,3.132477024350424,15.138849213633602
-0.02503194366395367,-0.23071750398880966,1.410998707415391,-200.0
-0.024290147039979226,-0.03227838936148153,0.04016589044960914,1.2250188117324425
-0.0909947643539481,-0.10942389227127922,2.2054327248496532,21.689209581618307
-0.18788135253114346,-0.06484428863702035,1.263749732988898,-6.301115837082772
-0.19663685354676214,-0.16505007210723746,0.6745379793240958,28.11750083809282
-0.021140560649958173,-0.096743130433112,2.3474517934796784,-1.147474809574721
-0.10245353472984173,-0.16542194562337695,1.4369413053673517,-3.3772441113832734
-0.16837473670702663,-0.2435410278988414,0.549602956963165,-20.719486011508696
-0.09520069959418095,-0.21793444892226424,1.1920636787753103,-200.0
-0.12544697985075456,-0.22047487314777103,1.3920396720772674,-200.0
-0.27053799971304426,-0.1484350599849528,1.9278821170916478,21.58827177713349
-0.09432812536141913,-0.06851413503338155,1.652307689738142,19.001511275138157
-0.11688095299568088,-0.2778958499553024,2.7848343115960703,-200.0
-0.07040178092149696,-0.04124372615757377,0.5963374837728089,13.442386915401409
-0.10671383253388719,-0.26591171855228346,0.3103264503634711,-74.96859117144815
-0.1765765017998932,-0.03997859265338333,2.2957915988739592,3.873017170689309
-0.2332053291845122,-0.20047232883358151,0.8795214626043077,22.868076717509528
-0.11101578944219365,-0.07162951260104847,0.9189321100374048,22.65814912433223
-0.08583296514722696,-0.2743969749226742,0.10829360880884564,8.371923235103491
-0.13063721505102519,-0.10826731654289681,2.0174394186060205,23.360199872011275
-0.00820024392804053,-0.22276184736983007,0.13840664642691303,-6.829221989600228
-0.14333752336415878,-0.028470634889073476,3.031938788030922,10.995130892422772
-0.06653686551441551,-0.1960167410351837,2.767460819000269,-45.80383447636905
-0.07023193660235075,-0.2556912927808408,0.14023003025035838,2.251187846368474
-0.08618659639941703,-0.06983901810284832,1.814584067025293,18.28252945528639
-0.17030565369021722,-0.2125298119025568,2.047916612338086,18.901660731492072
-0.07160316501807146,-0.2621918862245323,1.8584353400059737,-200.0
-0.2779625110064468,-0.1432532492809412,1.2367258090280355,-10.902463316839093
-0.08326386903813862,-0.189982657979474,1.654829985540485,-200.0
-0.1397748580763111,-0.11882809780518297,2.8640247874796625,20.67807808598794
-0.11790318972084368,-0.021738657659527705,2.667859147145063,10.266782440980776
-0.08181805229626862,-0.19991413380929335,0.9916102071819735,-200.0
-0.06304281947005172,-0.15109333940606617,0.4225748058296439,-7.478653192073427
-0.004846408963769033,-0.06339729751008816,2.8387815697022303,5.75699089343194
-0.306,-0.306,0.8663339705580005,-15.699591288912146
-0.306,-0.2996326530612245,0.8663339705580005,-12.015534805599843
-0.306,-0.293265306122449,0.8663339705580005,-8.884258104518885
-0.306,-0.28689795918367345,0.8663339705580005,-6.130384770648657
-0.306,-0.28053061224489795,0.8663339705580005,-3.597827489723654
-0.306,-0.27416326530612245,0.8663339705580005,-1.1579105423018943
-0.306,-0.26779591836734695,0.8663339705580005,1.2816477670813802
-0.306,-0.26142857142857145,0.8663339705580005,3.769835019142568
-0.306,-0.2550612244897959,0.8663339705580005,6.308740046139973
-0.306,-0.2486938775510204,0.8663339705580005,8.853926432468864
-0.306,-0.2423265306122449,0.8663339705580005,11.317732826799931
-0.306,-0.23595918367346938,0.8663339705580005,13.576347426390733
-0.306,-0.22959183673469388,0.8663339705580005,15.478578031874672
-0.306,-0.22322448979591836,0.8663339705580005,16.855178296779012
-0.306,-0.21685714285714286,0.8663339705580005,17.528065963563606
-0.306,-0.21048979591836736,0.8663339705580005,17.31677704066635
-0.306,-0.20412244897959184,0.8663339705580005,16.046435487440885
-0.306,-0.1977551020408163,0.8663339705580005,13.551094599974665
-0.306,-0.1913877551020408,0.8663339705580005,9.677056950754615
-0.306,-0.18502040816326532,0.8663339705580005,4.284687700637168
-0.306,-0.1786530612244898,0.8663339705580005,-2.7508303245111883
-0.306,-0.1722857142857143,0.8663339705580005,-11.539471007160149
-0.306,-0.16591836734693877,0.8663339705580005,-22.181486491558495
-0.306,-0.15955102040816327,0.8663339705580005,-35.13268579767009
-0.306,-0.15318367346938777,0.8663339705580005,-52.674225576594466
-0.306,-0.14681632653061225,0.8663339705580005,-78.11541524797646
-0.306,-0.14044897959183675,0.8663339705580005,-200.0
-0.306,-0.13408163265306122,0.8663339705580005,-200.0
-0.306,-0.12771428571428572,0.8663339705580005,-200.0
-0.306,-0.1213469387755102,0.8663339705580005,-200.0
-0.306,-0.1149795918367347,0.8663339705580005,-200.0
-0.306,-0.10861224489795918,0.8663339705580005,-200.0
-0.306,-0.10224489795918368,0.8663339705580005,-200.0
-0.306,-0.09587755102040818,0.8663339705580005,-200.0
-0.306,-0.08951020408163265,0.8663339705580005,-200.0
-0.306,-0.08314285714285716,0.8663339705580005,-200.0
-0.306,-0.07677551020408163,0.8663339705580005,-200.0
-0.306,-0.07040816326530613,0.8663339705580005,-200.0
-0.306,-0.06404081632653061,0.8663339705580005,-200.0
-0.306,-0.05767346938775511,0.8663339705580005,-200.0
-0.306,-0.051306122448979585,0.8663339705580005,-200.0
-0.306,-0.04493877551020409,0.8663339705580005,-200.0
-0.306,-0.03857142857142859,0.8663339705580005,-200.0
-0.306,-0.03220408163265309,0.8663339705580005,-200.0
-0.306,-0.02583673469387754,0.8663339705580005,-200.0
-0.306,-0.01946938775510204,0.8663339705580005,-200.0
-0.306,-0.013102040816326543,0.8663339705580005,-200.0
-0.306,-0.006734693877551046,0.8663339705580005,-200.0
-0.306,-0.0003673469387755479,0.8663339705580005,-200.0
-0.306,0.006,0.8663339705580005,-200.0
-0.2996326530612245,-0.306,0.8663339705580005,-16.14493111738213
-0.2996326530612245,-0.2996326530612245,0.8663339705580005,-11.935395117436832
-0.2996326530612245,-0.293265306122449,0.8663339705580005,-8.445921146653154
-0.2996326530612245,-0.28689795918367345,0.8663339705580005,-5.493142279225141
-0.2996326530612245,-0.28053061224489795,0.8663339705580005,-2.9034607157936314
-0.2996326530612245,-0.27416326530612245,0.8663339705580005,-0.5222678748433314
-0.2996326530612245,-0.26779591836734695,0.8663339705580005,1.7766200216875623
-0.2996326530612245,-0.26142857142857145,0.8663339705580005,4.082474276954195
-0.2996326530612245,-0.2550612244897959,0.8663339705580005,6.441352744976338
-0.2996326530612245,-0.2486938775510204,0.8663339705580005,8.852092189724562
-0.2996326530612245,-0.2423265306122449,0.8663339705580005,11.266845979679603
-0.2996326530612245,-0.23595918367346938,0.8663339705580005,13.595152843138699
-0.2996326530612245,-0.22959183673469388,0.8663339705580005,15.710953015498264
-0.2996326530612245,-0.22322448979591836,0.8663339705580005,17.461755076379227
-0.2996326530612245,-0.21685714285714286,0.8663339705580005,18.676746364827178
-0.2996326530612245,-0.21048979591836736,0.8663339705580005,19.177436041654445
-0.2996326530612245,-0.20412244897959184,0.8663339705580005,18.784047547885745
-0.2996326530612245,-0.1977551020408163,0.8663339705580005,17.321848525670088
-0.2996326530612245,-0.1913877551020408,0.8663339705580005,14.62558355442512
-0.2996326530612245,-0.18502040816326532,0.8663339705580005,10.54242078325186
-0.2996326530612245,-0.1786530612244898,0.8663339705580005,4.933666825570718
-0.2996326530612245,-0.1722857142857143,0.8663339705580005,-2.3245180214615075
-0.2996326530612245,-0.16591836734693877,0.8663339705580005,-11.341160224500307
-0.2996326530612245,-0.15955102040816327,0.8663339705580005,-22.21812968372665
-0.2996326530612245,-0.15318367346938777,0.8663339705580005,-35.48899986324392
-0.2996326530612245,-0.14681632653061225,0.8663339705580005,-53.551864080592104
-0.2996326530612245,-0.14044897959183675,0.8663339705580005,-79.23975684785344
-0.2996326530612245,-0.13408163265306122,0.8663339705580005,-200.0
-0.2996326530612245,-0.12771428571428572,0.8663339705580005,-200.0
-0.2996326530612245,-0.1213469387755102,0.8663339705580005,-200.0
-0.2996326530612245,-0.1149795918367347,0.8663339705580005,-200.0
-0.2996326530612245,-0.10861224489795918,0.8663339705580005,-200.0
-0.2996326530612245,-0.10224489795918368,0.8663339705580005,-200.0
-0.2996326530612245,-0.09587755102040818,0.8663339705580005,-200.0
-0.2996326530612245,-0.08951020408163265,0.8663339705580005,-200.0
-0.2996326530612245,-0.08314285714285716,0.8663339705580005,-200.0
-0.2996326530612245,-0.07677551020408163,0.8663339705580005,-200.0
-0.2996326530612245,-0.07040816326530613,0.8663339705580005,-200.0
-0.2996326530612245,-0.06404081632653061,0.8663339705580005,-200.0
-0.2996326530612245,-0.05767346938775511,0.8663339705580005,-200.0
-0.2996326530612245,-0.051306122448979585,0.8663339705580005,-200.0
-0.2996326530612245,-0.04493877551020409,0.8663339705580005,-200.0
-0.2996326530612245,-0.03857142857142859,0.8663339705580005,-200.0
-0.2996326530612245,-0.03220408163265309,0.8663339705580005,-200.0
-0.2996326530612245,-0.02583673469387754,0.8663339705580005,-200.0
-0.2996326530612245,-0.01946938775510204,0.8663339705580005,-200.0
-0.2996326530612245,-0.013102040816326543,0.8663339705580005,-200.0
-0.2996326530612245,-0.006734693877551046,0.8663339705580005,-200.0
-0.2996326530612245,-0.0003673469387755479,0.8663339705580005,-200.0
-0.2996326530612245,0.006,0.8663339705580005,-200.0
-0.293265306122449,-0.306,0.8663339705580005,-17.26186467372416
-0.293265306122449,-0.2996326530612245,0.8663339705580005,-12.367887469450393
-0.293265306122449,-0.293265306122449,0.8663339705580005,-8.36389941883122
-0.293265306122449,-0.28689795918367345,0.8663339705580005,-5.064128905367423
-0.293265306122449,-0.28053061224489795,0.8663339705580005,-2.2855467078400302
-0.293265306122449,-0.27416326530612245,0.8663339705580005,0.14414887767961293
-0.293265306122449,-0.26779591836734695,0.8663339705580005,2.3776557486271743
-0.293265306122449,-0.26142857142857145,0.8663339705580005,4.539069091316463
-0.293265306122449,-0.2550612244897959,0.8663339705580005,6.714840748155888
-0.293265306122449,-0.2486938775510204,0.8663339705580005,8.947561737625666
-0.293265306122449,-0.2423265306122449,0.8663339705580005,11.23273541365419
-0.293265306122449,-0.23595918367346938,0.8663339705580005,13.51934326893112
-0.293265306122449,-0.22959183673469388,0.8663339705580005,15.714466855297315
-0.293265306122449,-0.22322448979591836,0.8663339705580005,17.689259959008307
-0.293265306122449,-0.21685714285714286,0.8663339705580005,19.289665296079153
-0.293265306122449,-0.21048979591836736,0.8663339705580005,20.344556472108117
-0.293265306122449,-0.20412244897959184,0.8663339705580005,20.67478776550946
-0.293265306122449,-0.1977551020408163,0.8663339705580005,20.10069551584165
-0.293265306122449,-0.1913877551020408,0.8663339705580005,18.448014496940512
-0.293265306122449,-0.18502040816326532,0.8663339705580005,15.552200955851688
-0.293265306122449,-0.1786530612244898,0.8663339705580005,11.261304334449534
-0.293265306122449,-0.1722857142857143,0.8663339705580005,5.437575304011428
-0.293265306122449,-0.16591836734693877,0.8663339705580005,-2.042082542597406
-0.293265306122449,-0.15955102040816327,0.8663339705580005,-11.285740760333898
-0.293265306122449,-0.15318367346938777,0.8663339705580005,-22.397019080544744
-0.293265306122449,-0.14681632653061225,0.8663339705580005,-35.997783438233554
-0.293265306122449,-0.14044897959183675,0.8663339705580005,-54.59351284174737
-0.293265306122449,-0.13408163265306122,0.8663339705580005,-80.99497353010567
-0.293265306122449,-0.12771428571428572,0.8663339705580005,-200.0
-0.293265306122449,-0.1213469387755102,0.8663339705580005,-200.0
-0.293265306122449,-0.1149795918367347,0.8663339705580005,-200.0
-0.293265306122449,-0.10861224489795918,0.8663339705580005,-200.0
-0.293265306122449,-0.10224489795918368,0.8663339705580005,-200.0
-0.293265306122449,-0.09587755102040818,0.8663339705580005,-200.0
-0.293265306122449,-0.08951020408163265,0.8663339705580005,-200.0
-0.293265306122449,-0.08314285714285716,0.8663339705580005,-200.0
-0.293265306122449,-0.07677551020408163,0.8663339705580005,-200.0
-0.293265306122449,-0.07040816326530613,0.8663339705580005,-200.0
-0.293265306122449,-0.06404081632653061,0.8663339705580005,-200.0
-0.293265306122449,-0.05767346938775511,0.8663339705580005,-200.0
-0.293265306122449,-0.051306122448979585,0.8663339705580005,-200.0
-0.293265306122449,-0.04493877551020409,0.8663339705580005,-200.0
-0.293265306122449,-0.03857142857142859,0.8663339705580005,-200.0
-0.293265306122449,-0.03220408163265309,0.8663339705580005,-200.0
-0.293265306122449,-0.02583673469387754,0.8663339705580005,-200.0
-0.293265306122449,-0.01946938775510204,0.8663339705580005,-200.0
-0.293265306122449,-0.013102040816326543,0.8663339705580005,-200.0
-0.293265306122449,-0.006734693877551046,0.8663339705580005,-200.0
-0.293265306122449,-0.0003673469387755479,0.8663339705580005,-200.0
-0.293265306122449,0.006,0.8663339705580005,-200.0
-0.28689795918367345,-0.306,0.8663339705580005,-19.19381810227272
-0.28689795918367345,-0.2996326530612245,0.8663339705580005,-13.460676121380043
-0.28689795918367345,-0.293265306122449,0.8663339705580005,-8.78374943899155
-0.28689795918367345,-0.28689795918367345,0.8663339705580005,-4.980726102506168
-0.28689795918367345,-0.28053061224489795,0.8663339705580005,-1.8661204619444538
-0.28689795918367345,-0.27416326530612245,0.8663339705580005,0.7423415751217552
-0.28689795918367345,-0.26779591836734695,0.8663339705580005,3.016066541225425
-0.28689795918367345,-0.26142857142857145,0.8663339705580005,5.106020041339318
-0.28689795918367345,-0.2550612244897959,0.8663339705580005,7.133651412214847
-0.28689795918367345,-0.2486938775510204,0.8663339705580005,9.182477961899757
-0.28689795918367345,-0.2423265306122449,0.8663339705580005,11.291836419905236
-0.28689795918367345,-0.23595918367346938,0.8663339705580005,13.454208016144559
-0.28689795918367345,-0.22959183673469388,0.8663339705580005,15.614839398941431
-0.28689795918367345,-0.22322448979591836,0.8663339705580005,17.678085808941177
-0.28689795918367345,-0.21685714285714286,0.8663339705580005,19.513564930641547
-0.28689795918367345,-0.21048979591836736,0.8663339705580005,20.965414960968836
-0.28689795918367345,-0.20412244897959184,0.8663339705580005,21.86163995740826
-0.28689795918367345,-0.1977551020408163,0.8663339705580005,22.02277876016447
-0.28689795918367345,-0.1913877551020408,0.8663339705580005,21.269309764406437
-0.28689795918367345,-0.18502040816326532,0.8663339705580005,19.427460791874495
-0.28689795918367345,-0.1786530612244898,0.8663339705580005,16.333416838659854
-0.28689795918367345,-0.1722857142857143,0.8663339705580005,11.83589334995008
-0.28689795918367345,-0.16591836734693877,0.8663339705580005,5.79808479999652
-0.28689795918367345,-0.15955102040816327,0.8663339705580005,-1.9015108552127309
-0.28689795918367345,-0.15318367346938777,0.8663339705580005,-11.370303575997934
-0.28689795918367345,-0.14681632653061225,0.8663339705580005,-22.715823156083466
-0.28689795918367345,-0.14044897959183675,0.8663339705580005,-36.6579062681273
-0.28689795918367345,-0.13408163265306122,0.8663339705580005,-55.798170637804716
-0.28689795918367345,-0.12771428571428572,0.8663339705580005,-200.0
-0.28689795918367345,-0.1213469387755102,0.8663339705580005,-200.0
-0.28689795918367345,-0.1149795918367347,0.8663339705580005,-200.0
-0.28689795918367345,-0.10861224489795918,0.8663339705580005,-200.0
-0.28689795918367345,-0.10224489795918368,0.8663339705580005,-200.0
-0.28689795918367345,-0.09587755102040818,0.8663339705580005,-200.0
-0.28689795918367345,-0.08951020408163265,0.8663339705580005,-200.0
-0.28689795918367345,-0.08314285714285716,0.8663339705580005,-200.0
-0.28689795918367345,-0.07677551020408163,0.8663339705580005,-200.0
-0.28689795918367345,-0.07040816326530613,0.8663339705580005,-200.0
-0.28689795918367345,-0.06404081632653061,0.8663339705580005,-200.0
-0.28689795918367345,-0.05767346938775511,0.8663339705580005,-200.0
-0.28689795918367345,-0.051306122448979585,0.8663339705580005,-200.0
-0.28689795918367345,-0.04493877551020409,0.8663339705580005,-200.0
-0.28689795918367345,-0.03857142857142859,0.8663339705580005,-200.0
-0.28689795918367345,-0.03220408163265309,0.8663339705580005,-200.0
-0.28689795918367345,-0.02583673469387754,0.8663339705580005,-200.0
-0.28689795918367345,-0.01946938775510204,0.8663339705580005,-200.0
-0.28689795918367345,-0.013102040816326543,0.8663339705580005,-200.0
-0.28689795918367345,-0.006734693877551046,0.8663339705580005,-200.0
-0.28689795918367345,-0.0003673469387755479,0.8663339705580005,-200.0
-0.28689795918367345,0.006,0.8663339705580005,-200.0
-0.28053061224489795,-0.306,0.8663339705580005,-22.078547357220163
-0.28053061224489795,-0.2996326530612245,0.8663339705580005,-15.358150203365314
-0.28053061224489795,-0.293265306122449,0.8663339705580005,-9.852889765414384
-0.28053061224489795,-0.28689795918367345,0.8663339705580005,-5.388255282514386
-0.28053061224489795,-0.28053061224489795,0.8663339705580005,-1.7818552443010534
-0.28053061224489795,-0.27416326530612245,0.8663339705580005,1.1519208766977673
-0.28053061224489795,-0.26779591836734695,0.8663339705580005,3.594779588038368
-0.28053061224489795,-0.26142857142857145,0.8663339705580005,5.716674720346114
-0.28053061224489795,-0.2550612244897959,0.8663339705580005,7.66671334147237
-0.28053061224489795,-0.2486938775510204,0.8663339705580005,9.56388280958845
-0.28053061224489795,-0.2423265306122449,0.8663339705580005,11.489060223964069
-0.28053061224489795,-0.23595918367346938,0.8663339705580005,13.477721285570382
-0.28053061224489795,-0.22959183673469388,0.8663339705580005,15.519024763665643
-0.28053061224489795,-0.22322448979591836,0.8663339705580005,17.555723284132124
-0.28053061224489795,-0.21685714285714286,0.8663339705580005,19.489197553728694
-0.28053061224489795,-0.21048979591836736,0.8663339705580005,21.18696923434164
-0.28053061224489795,-0.20412244897959184,0.8663339705580005,22.491725429393057
-0.28053061224489795,-0.1977551020408163,0.8663339705580005,23.230641764719966
-0.28053061224489795,-0.1913877551020408,0.8663339705580005,23.223983331554358
-0.28053061224489795,-0.18502040816326532,0.8663339705580005,22.292396152840478
-0.28053061224489795,-0.1786530612244898,0.8663339705580005,20.262412169154125
-0.28053061224489795,-0.1722857142857143,0.8663339705580005,16.970954493365717
-0.28053061224489795,-0.16591836734693877,0.8663339705580005,12.268228277099006
-0.28053061224489795,-0.15955102040816327,0.8663339705580005,6.0181293137652005
-0.28053061224489795,-0.15318367346938777,0.8663339705580005,-1.9001120310686765
-0.28053061224489795,-0.14681632653061225,0.8663339705580005,-11.592685659777779
-0.28053061224489795,-0.14044897959183675,0.8663339705580005,-23.17265031028472
-0.28053061224489795,-0.13408163265306122,0.8663339705580005,-37.46807500527383
-0.28053061224489795,-0.12771428571428572,0.8663339705580005,-57.16518420204142
-0.28053061224489795,-0.1213469387755102,0.8663339705580005,-200.0
-0.28053061224489795,-0.1149795918367347,0.8663339705580005,-200.0
-0.28053061224489795,-0.10861224489795918,0.8663339705580005,-200.0
-0.28053061224489795,-0.10224489795918368,0.8663339705580005,-200.0
-0.28053061224489795,-0.09587755102040818,0.8663339705580005,-200.0
-0.28053061224489795,-0.08951020408163265,0.8663339705580005,-200.0
-0.28053061224489795,-0.08314285714285716,0.8663339705580005,-200.0
-0.28053061224489795,-0.07677551020408163,0.8663339705580005,-200.0
-0.28053061224489795,-0.07040816326530613,0.8663339705580005,-200.0
-0.28053061224489795,-0.06404081632653061,0.8663339705580005,-200.0
-0.28053061224489795,-0.05767346938775511,0.8663339705580005,-200.0
-0.28053061224489795,-0.051306122448979585,0.8663339705580005,-200.0
-0.28053061224489795,-0.04493877551020409,0.8663339705580005,-200.0
-0.28053061224489795,-0.03857142857142859,0.8663339705580005,-200.0
-0.28053061224489795,-0.03220408163265309,0.8663339705580005,-200.0
-0.28053061224489795,-0.02583673469387754,0.8663339705580005,-200.0
-0.28053061224489795,-0.01946938775510204,0.8663339705580005,-200.0
-0.28053061224489795,-0.013102040816326543,0.8663339705580005,-200.0
-0.28053061224489795,-0.006734693877551046,0.8663339705580005,-200.0
-0.28053061224489795,-0.0003673469387755479,0.8663339705580005,-200.0
-0.28053061224489795,0.006,0.8663339705580005,-200.0
-0.27416326530612245,-0.306,0.8663339705580005,-26.044607402671772
-0.27416326530612245,-0.2996326530612245,0.8663339705580005,-18.198336064156077
-0.27416326530612245,-0.293265306122449,0.8663339705580005,-11.716160087142585
-0.27416326530612245,-0.28689795918367345,0.8663339705580005,-6.4342658460992945
-0.27416326530612245,-0.28053061224489795,0.8663339705580005,-2.177383229288714
-0.27416326530612245,-0.27416326530612245,0.8663339705580005,1.2371589167585553
-0.27416326530612245,-0.26779591836734695,0.8663339705580005,3.994553363939003
-0.27416326530612245,-0.26142857142857145,0.8663339705580005,6.2758216573304475
-0.27416326530612245,-0.2550612244897959,0.8663339705580005,8.249644101096134
-0.27416326530612245,-0.2486938775510204,0.8663339705580005,10.06355438507568
-0.27416326530612245,-0.2423265306122449,0.8663339705580005,11.833449326703544
-0.27416326530612245,-0.23595918367346938,0.8663339705580005,13.637227081470185
-0.27416326530612245,-0.22959183673469388,0.8663339705580005,15.507716339227684
-0.27416326530612245,-0.22322448979591836,0.8663339705580005,17.430477374671273
-0.27416326530612245,-0.21685714285714286,0.8663339705580005,19.345187866777774
-0.27416326530612245,-0.21048979591836736,0.8663339705580005,21.150596928933027
-0.27416326530612245,-0.20412244897959184,0.8663339705580005,22.712179667697598
-0.27416326530612245,-0.1977551020408163,0.8663339705580005,23.871223761693678
-0.27416326530612245,-0.1913877551020408,0.8663339705580005,24.454111187993515
-0.27416326530612245,-0.18502040816326532,0.8663339705580005,24.280662993305764
-0.27416326530612245,-0.1786530612244898,0.8663339705580005,23.171716757843097
-0.27416326530612245,-0.1722857142857143,0.8663339705580005,20.95494012761573
-0.27416326530612245,-0.16591836734693877,0.8663339705580005,17.467756120543097
-0.27416326530612245,-0.15955102040816327,0.8663339705580005,12.561027878928183
-0.27416326530612245,-0.15318367346938777,0.8663339705580005,6.0999022043319115
-0.27416326530612245,-0.14681632653061225,0.8663339705580005,-2.035554866116751
-0.27416326530612245,-0.14044897959183675,0.8663339705580005,-11.950594329944767
-0.27416326530612245,-0.13408163265306122,0.8663339705580005,-23.765899935027917
-0.27416326530612245,-0.12771428571428572,0.8663339705580005,-38.42716656766717
-0.27416326530612245,-0.1213469387755102,0.8663339705580005,-58.69435149266275
-0.27416326530612245,-0.1149795918367347,0.8663339705580005,-200.0
-0.27416326530612245,-0.10861224489795918,0.8663339705580005,-200.0
-0.27416326530612245,-0.10224489795918368,0.8663339705580005,-200.0
-0.27416326530612245,-0.09587755102040818,0.8663339705580005,-200.0
-0.27416326530612245,-0.08951020408163265,0.8663339705580005,-200.0
-0.27416326530612245,-0.08314285714285716,0.8663339705580005,-200.0
-0.27416326530612245,-0.07677551020408163,0.8663339705580005,-200.0
-0.27416326530612245,-0.07040816326530613,0.8663339705580005,-200.0
-0.27416326530612245,-0.06404081632653061,0.8663339705580005,-200.0
-0.27416326530612245,-0.05767346938775511,0.8663339705580005,-200.0
-0.27416326530612245,-0.051306122448979585,0.8663339705580005,-200.0
-0.27416326530612245,-0.04493877551020409,0.8663339705580005,-200.0
-0.27416326530612245,-0.03857142857142859,0.8663339705580005,-200.0
-0.27416326530612245,-0.03220408163265309,0.8663339705580005,-200.0
-0.27416326530612245,-0.02583673469387754,0.8663339705580005,-200.0
-0.27416326530612245,-0.01946938775510204,0.8663339705580005,-200.0
-0.27416326530612245,-0.013102040816326543,0.8663339705580005,-200.0
-0.27416326530612245,-0.006734693877551046,0.8663339705580005,-200.0
-0.27416326530612245,-0.0003673469387755479,0.8663339705580005,-200.0
-0.27416326530612245,0.006,0.8663339705580005,-200.0
-0.26779591836734695,-0.306,0.8663339705580005,-31.210200901900578
-0.26779591836734695,-0.2996326530612245,0.8663339705580005,-22.110606251118572
-0.26779591836734695,-0.293265306122449,0.8663339705580005,-14.512244353760984
-0.26779591836734695,-0.28689795918367345,0.8663339705580005,-8.263609313716616
-0.26779591836734695,-0.28053061224489795,0.8663339705580005,-3.20015884565197
-0.26779591836734695,-0.27416326530612245,0.8663339705580005,0.8536093078982345
-0.26779591836734695,-0.26779591836734695,0.8663339705580005,4.0805410579311685
-0.26779591836734695,-0.26142857142857145,0.8663339705580005,6.665610292522865
-0.26779591836734695,-0.2550612244897959,0.8663339705580005,8.789437501699629
-0.26779591836734695,-0.2486938775510204,0.8663339705580005,10.61880598391048
-0.26779591836734695,-0.2423265306122449,0.8663339705580005,12.299319542035198
-0.26779591836734695,-0.23595918367346938,0.8663339705580005,13.944975449477585
-0.26779591836734695,-0.22959183673469388,0.8663339705580005,15.630386844959727
-0.26779591836734695,-0.22322448979591836,0.8663339705580005,17.385120331077538
-0.26779591836734695,-0.21685714285714286,0.8663339705580005,19.19145351857968
-0.26779591836734695,-0.21048979591836736,0.8663339705580005,20.986020394458706
-0.26779591836734695,-0.20412244897959184,0.8663339705580005,22.66498181564442
-0.26779591836734695,-0.1977551020408163,0.8663339705580005,24.091809910735876
-0.26779591836734695,-0.1913877551020408,0.8663339705580005,25.106222606760245
-0.26779591836734695,-0.18502040816326532,0.8663339705580005,25.533855689579564
-0.26779591836734695,-0.1786530612244898,0.8663339705580005,25.19492562268255
-0.26779591836734695,-0.1722857142857143,0.8663339705580005,23.910243776770333
-0.26779591836734695,-0.16591836734693877,0.8663339705580005,21.507788614162894
-0.26779591836734695,-0.15955102040816327,0.8663339705580005,17.82604379587052
-0.26779591836734695,-0.15318367346938777,0.8663339705580005,12.71664327568769
-0.26779591836734695,-0.14681632653061225,0.8663339705580005,6.045708533259823
-0.26779591836734695,-0.14044897959183675,0.8663339705580005,-2.305717280519172
-0.26779591836734695,-0.13408163265306122,0.8663339705580005,-12.441958547077416
-0.26779591836734695,-0.12771428571428572,0.8663339705580005,-24.494129574442198
-0.26779591836734695,-0.1213469387755102,0.8663339705580005,-39.53406220310495
-0.26779591836734695,-0.1149795918367347,0.8663339705580005,-60.38529865315766
-0.26779591836734695,-0.10861224489795918,0.8663339705580005,-200.0
-0.26779591836734695,-0.10224489795918368,0.8663339705580005,-200.0
-0.26779591836734695,-0.09587755102040818,0.8663339705580005,-200.0
-0.26779591836734695,-0.08951020408163265,0.8663339705580005,-200.0
-0.26779591836734695,-0.08314285714285716,0.8663339705580005,-200.0
-0.26779591836734695,-0.07677551020408163,0.8663339705580005,-200.0
-0.26779591836734695,-0.07040816326530613,0.8663339705580005,-200.0
-0.26779591836734695,-0.06404081632653061,0.8663339705580005,-200.0
-0.26779591836734695,-0.05767346938775511,0.8663339705580005,-200.0
-0.26779591836734695,-0.051306122448979585,0.8663339705580005,-200.0
-0.26779591836734695,-0.04493877551020409,0.8663339705580005,-200.0
-0.26779591836734695,-0.03857142857142859,0.8663339705580005,-200.0
-0.26779591836734695,-0.03220408163265309,0.8663339705580005,-200.0
-0.26779591836734695,-0.02583673469387754,0.8663339705580005,-200.0
-0.26779591836734695,-0.01946938775510204,0.8663339705580005,-200.0
-0.26779591836734695,-0.013102040816326543,0.8663339705580005,-200.0
-0.26779591836734695,-0.006734693877551046,0.8663339705580005,-200.0
-0.26779591836734695,-0.0003673469387755479,0.8663339705580005,-200.0
-0.26779591836734695,0.006,0.8663339705580005,-200.0
-0.26142857142857145,-0.306,0.8663339705580005,-37.68252291569499
-0.26142857142857145,-0.2996326530612245,0.8663339705580005,-27.214050396357656
-0.26142857142857145,-0.293265306122449,0.8663339705580005,-18.37089804365276
-0.26142857142857145,-0.28689795918367345,0.8663339705580005,-11.015408761935625
-0.26142857142857145,-0.28053061224489795,0.8663339705580005,-4.995554646163852
-0.26142857142857145,-0.27416326530612245,0.8663339705580005,-0.14616261460856705
-0.26142857142857145,-0.26779591836734695,0.8663339705580005,3.70872216897917
-0.26142857142857145,-0.26142857142857145,0.8663339705580005,6.752416646857804
-0.26142857142857145,-0.2550612244897959,0.8663339705580005,9.169065852837436
-0.26142857142857145,-0.2486938775510204,0.8663339705580005,11.138541298724551
-0.26142857142857145,-0.2423265306122449,0.8663339705580005,12.826914870907888
-0.26142857142857145,-0.23595918367346938,0.8663339705580005,14.377539618190637
-0.26142857142857145,-0.22959183673469388,0.8663339705580005,15.901876237911438
-0.26142857142857145,-0.22322448979591836,0.8663339705580005,17.47153475295418
-0.26142857142857145,-0.21685714285714286,0.8663339705580005,19.112816369151016
-0.26142857142857145,-0.21048979591836736,0.8663339705580005,20.8047366350547
-0.26142857142857145,-0.20412244897959184,0.8663339705580005,22.480905605524327
-0.26142857142857145,-0.1977551020408163,0.8663339705580005,24.034729530156252
-0.26142857142857145,-0.1913877551020408,0.8663339705580005,25.327714919057243
-0.26142857142857145,-0.18502040816326532,0.8663339705580005,26.198875799374022
-0.26142857142857145,-0.1786530612244898,0.8663339705580005,26.472884102872953
-0.26142857142857145,-0.1722857142857143,0.8663339705580005,25.96954893681278
-0.26142857142857145,-0.16591836734693877,0.8663339705580005,24.510225561728017
-0.26142857142857145,-0.15955102040816327,0.8663339705580005,21.923332112614517
-0.26142857142857145,-0.15318367346938777,0.8663339705580005,18.048145921688715
-0.26142857142857145,-0.14681632653061225,0.8663339705580005,12.73721919568342
-0.26142857142857145,-0.14044897959183675,0.8663339705580005,5.857649268593395
-0.26142857142857145,-0.13408163265306122,0.8663339705580005,-2.7085302900766415
-0.26142857142857145,-0.12771428571428572,0.8663339705580005,-13.064760228269499
-0.26142857142857145,-0.1213469387755102,0.8663339705580005,-25.356047121674962
-0.26142857142857145,-0.1149795918367347,0.8663339705580005,-40.787645754312976
-0.26142857142857145,-0.10861224489795918,0.8663339705580005,-62.23827527824045
-0.26142857142857145,-0.10224489795918368,0.8663339705580005,-200.0
-0.26142857142857145,-0.09587755102040818,0.8663339705580005,-200.0
-0.26142857142857145,-0.08951020408163265,0.8663339705580005,-200.0
-0.26142857142857145,-0.08314285714285716,0.8663339705580005,-200.0
-0.26142857142857145,-0.07677551020408163,0.8663339705580005,-200.0
-0.26142857142857145,-0.07040816326530613,0.8663339705580005,-200.0
-0.26142857142857145,-0.06404081632653061,0.8663339705580005,-200.0
-0.26142857142857145,-0.05767346938775511,0.8663339705580005,-200.0
-0.26142857142857145,-0.051306122448979585,0.8663339705580005,-200.0
-0.26142857142857145,-0.04493877551020409,0.8663339705580005,-200.0
-0.26142857142857145,-0.03857142857142859,0.8663339705580005,-200.0
-0.26142857142857145,-0.03220408163265309,0.8663339705580005,-200.0
-0.26142857142857145,-0.02583673469387754,0.8663339705580005,-200.0
-0.26142857142857145,-0.01946938775510204,0.8663339705580005,-200.0
-0.26142857142857145,-0.013102040816326543,0.8663339705580005,-200.0
-0.26142857142857145,-0.006734693877551046,0.8663339705580005,-200.0
-0.26142857142857145,-0.0003673469387755479,0.8663339705580005,-200.0
-0.26142857142857145,0.006,0.8663339705580005,-200.0
-0.2550612244897959,-0.306,0.8663339705580005,-45.557463956289325
-0.2550612244897959,-0.2996326530612245,0.8663339705580005,-33.616370512857884
-0.2550612244897959,-0.293265306122449,0.8663339705580005,-23.411897981179894
-0.2550612244897959,-0.28689795918367345,0.8663339705580005,-14.820328819671902
-0.2550612244897959,-0.28053061224489795,0.8663339705580005,-7.7032275524038045
-0.2550612244897959,-0.27416326530612245,0.8663339705580005,-1.907821650025844
-0.2550612244897959,-0.26779591836734695,0.8663339705580005,2.7320119108849648
-0.2550612244897959,-0.26142857142857145,0.8663339705580005,6.3920777374239846
-0.2550612244897959,-0.2550612244897959,0.8663339705580005,9.255842752364774
-0.2550612244897959,-0.2486938775510204,0.8663339705580005,11.507810523870567
-0.2550612244897959,-0.2423265306122449,0.8663339705580005,13.32679430066847
-0.2550612244897959,-0.23595918367346938,0.8663339705580005,14.877509738501765
-0.2550612244897959,-0.22959183673469388,0.8663339705580005,16.301328120457246
-0.2550612244897959,-0.22322448979591836,0.8663339705580005,17.707146355465646
-0.2550612244897959,-0.21685714285714286,0.8663339705580005,19.16355417655906
-0.2550612244897959,-0.21048979591836736,0.8663339705580005,20.69358257929439
-0.2550612244897959,-0.20412244897959184,0.8663339705580005,22.272782595477842
-0.2550612244897959,-0.1977551020408163,0.8663339705580005,23.831772969757417
-0.2550612244897959,-0.1913877551020408,0.8663339705580005,25.26205099348299
-0.2550612244897959,-0.18502040816326532,0.8663339705580005,26.422959176575773
-0.2550612244897959,-0.1786530612244898,0.8663339705580005,27.15200185236963
-0.2550612244897959,-0.1722857142857143,0.8663339705580005,27.273481400243313
-0.2550612244897959,-0.16591836734693877,0.8663339705580005,26.606937367871367
-0.2550612244897959,-0.15955102040816327,0.8663339705580005,24.97402014714498
-0.2550612244897959,-0.15318367346938777,0.8663339705580005,22.203740438353996
-0.2550612244897959,-0.14681632653061225,0.8663339705580005,18.136187169643733
-0.2550612244897959,-0.14044897959183675,0.8663339705580005,12.624837613451291
-0.2550612244897959,-0.13408163265306122,0.8663339705580005,5.537775932789376
-0.2550612244897959,-0.12771428571428572,0.8663339705580005,-3.241997743879775
-0.2550612244897959,-0.1213469387755102,0.8663339705580005,-13.81704146685843
-0.2550612244897959,-0.1149795918367347,0.8663339705580005,-26.350511859109314
-0.2550612244897959,-0.10861224489795918,0.8663339705580005,-42.186874559862176
-0.2550612244897959,-0.10224489795918368,0.8663339705580005,-64.25346868536262
-0.2550612244897959,-0.09587755102040818,0.8663339705580005,-200.0
-0.2550612244897959,-0.08951020408163265,0.8663339705580005,-200.0
-0.2550612244897959,-0.08314285714285716,0.8663339705580005,-200.0
-0.2550612244897959,-0.07677551020408163,0.8663339705580005,-200.0
-0.2550612244897959,-0.07040816326530613,0.8663339705580005,-200.0
-0.2550612244897959,-0.06404081632653061,0.8663339705580005,-200.0
-0.2550612244897959,-0.05767346938775511,0.8663339705580005,-200.0
-0.2550612244897959,-0.051306122448979585,0.8663339705580005,-200.0
-0.2550612244897959,-0.04493877551020409,0.8663339705580005,-200.0
-0.2550612244897959,-0.03857142857142859,0.8663339705580005,-200.0
-0.2550612244897959,-0.03220408163265309,0.8663339705580005,-200.0
-0.2550612244897959,-0.02583673469387754,0.8663339705580005,-200.0
-0.2550612244897959,-0.01946938775510204,0.8663339705580005,-200.0
-0.2550612244897959,-0.013102040816326543,0.8663339705580005,-200.0
-0.2550612244897959,-0.006734693877551046,0.8663339705580005,-200.0
-0.2550612244897959,-0.0003673469387755479,0.8663339705580005,-200.0
-0.2550612244897959,0.006,0.8663339705580005,-200.0
-0.2486938775510204,-0.306,0.8663339705580005,-54.91956139252079
-0.2486938775510204,-0.2996326530612245,0.8663339705580005,-41.414176243490004
-0.2486938775510204,-0.293265306122449,0.8663339705580005,-29.743977981683162
-0.2486938775510204,-0.28689795918367345,0.8663339705580005,-19.798927226976193
-0.2486938775510204,-0.28053061224489795,0.8663339705580005,-11.45452596819165
-0.2486938775510204,-0.27416326530612245,0.8663339705580005,-4.571235667437033
-0.2486938775510204,-0.26779591836734695,0.8663339705580005,1.0038760353659848
-0.2486938775510204,-0.26142857142857145,0.8663339705580005,5.437568190716316
-0.2486938775510204,-0.2550612244897959,0.8663339705580005,8.906707730011409
-0.2486938775510204,-0.2486938775510204,0.8663339705580005,11.594605829051705
-0.2486938775510204,-0.2423265306122449,0.8663339705580005,13.685503056661261
-0.2486938775510204,-0.23595918367346938,0.8663339705580005,15.357422350575085
-0.2486938775510204,-0.22959183673469388,0.8663339705580005,16.77369311164524
-0.2486938775510204,-0.22322448979591836,0.8663339705580005,18.07367430057869
-0.2486938775510204,-0.21685714285714286,0.8663339705580005,19.363662058318212
-0.2486938775510204,-0.21048979591836736,0.8663339705580005,20.70899599462525
-0.2486938775510204,-0.20412244897959184,0.8663339705580005,22.129429873492978
-0.2486938775510204,-0.1977551020408163,0.8663339705580005,23.5978788391283
-0.2486938775510204,-0.1913877551020408,0.8663339705580005,25.041746256371198
-0.2486938775510204,-0.18502040816326532,0.8663339705580005,26.349820083761866
-0.2486938775510204,-0.1786530612244898,0.8663339705580005,27.379869722706243
-0.2486938775510204,-0.1722857142857143,0.8663339705580005,27.968043689915937
-0.2486938775510204,-0.16591836734693877,0.8663339705580005,27.93803510520657
-0.2486938775510204,-0.15955102040816327,0.8663339705580005,27.10928948666381
-0.2486938775510204,-0.15318367346938777,0.8663339705580005,25.30377055260219
-0.2486938775510204,-0.14681632653061225,0.8663339705580005,22.351114905001534
-0.2486938775510204,-0.14044897959183675,0.8663339705580005,18.092224516743787
-0.2486938775510204,-0.13408163265306122,0.8663339705580005,12.381521149798495
-0.2486938775510204,-0.12771428571428572,0.8663339705580005,5.088056438761523
-0.2486938775510204,-0.1213469387755102,0.8663339705580005,-3.9041739257925947
-0.2486938775510204,-0.1149795918367347,0.8663339705580005,-14.696920031198573
-0.2486938775510204,-0.10861224489795918,0.8663339705580005,-27.476514479511014
-0.2486938775510204,-0.10224489795918368,0.8663339705580005,-43.7306755177318
-0.2486938775510204,-0.09587755102040818,0.8663339705580005,-66.43501039854497
-0.2486938775510204,-0.08951020408163265,0.8663339705580005,-200.0
-0.2486938775510204,-0.08314285714285716,0.8663339705580005,-200.0
-0.2486938775510204,-0.07677551020408163,0.8663339705580005,-200.0
-0.2486938775510204,-0.07040816326530613,0.8663339705580005,-200.0
-0.2486938775510204,-0.06404081632653061,0.8663339705580005,-200.0
-0.2486938775510204,-0.05767346938775511,0.8663339705580005,-200.0
-0.2486938775510204,-0.051306122448979585,0.8663339705580005,-200.0
-0.2486938775510204,-0.04493877551020409,0.8663339705580005,-200.0
-0.2486938775510204,-0.03857142857142859,0.8663339705580005,-200.0
-0.2486938775510204,-0.03220408163265309,0.8663339705580005,-200.0
-0.2486938775510204,-0.02583673469387754,0.8663339705580005,-200.0
-0.2486938775510204,-0.01946938775510204,0.8663339705580005,-200.0
-0.2486938775510204,-0.013102040816326543,0.8663339705580005,-200.0
-0.2486938775510204,-0.006734693877551046,0.8663339705580005,-200.0
-0.2486938775510204,-0.0003673469387755479,0.8663339705580005,-200.0
-0.2486938775510204,0.006,0.8663339705580005,-200.0
-0.2423265306122449,-0.306,0.8663339705580005,-65.86695700118901
-0.2423265306122449,-0.2996326530612245,0.8663339705580005,-50.69299952179843
-0.2423265306122449,-0.293265306122449,0.8663339705580005,-37.464576021258296
-0.2423265306122449,-0.28689795918367345,0.8663339705580005,-26.06076197167454
-0.2423265306122449,-0.28053061224489795,0.8663339705580005,-16.37047556203637
-0.2423265306122449,-0.27416326530612245,0.8663339705580005,-8.269027864356618
-0.2423265306122449,-0.26779591836734695,0.8663339705580005,-1.6160669050595091
-0.2423265306122449,-0.26142857142857145,0.8663339705580005,3.742711574067239
-0.2423265306122449,-0.2550612244897959,0.8663339705580005,7.974426105271279
-0.2423265306122449,-0.2486938775510204,0.8663339705580005,11.256390454923531
-0.2423265306122449,-0.2423265306122449,0.8663339705580005,13.772053424919225
-0.2423265306122449,-0.23595918367346938,0.8663339705580005,15.705360666988039
-0.2423265306122449,-0.22959183673469388,0.8663339705580005,17.233528298321612
-0.2423265306122449,-0.22322448979591836,0.8663339705580005,18.518448584351148
-0.2423265306122449,-0.21685714285714286,0.8663339705580005,19.697231328414293
-0.2423265306122449,-0.21048979591836736,0.8663339705580005,20.87352857397881
-0.2423265306122449,-0.20412244897959184,0.8663339705580005,22.11023364076987
-0.2423265306122449,-0.1977551020408163,0.8663339705580005,23.42356408267416
-0.2423265306122449,-0.1913877551020408,0.8663339705580005,24.78296898613211
-0.2423265306122449,-0.18502040816326532,0.8663339705580005,26.113216052520507
-0.2423265306122449,-0.1786530612244898,0.8663339705580005,27.300532089186696
-0.2423265306122449,-0.1722857142857143,0.8663339705580005,28.20087720261508
-0.2423265306122449,-0.16591836734693877,0.8663339705580005,28.64923290577584
-0.2423265306122449,-0.15955102040816327,0.8663339705580005,28.46872060138619
-0.2423265306122449,-0.15318367346938777,0.8663339705580005,27.47872711416005
-0.2423265306122449,-0.14681632653061225,0.8663339705580005,25.50155990279139
-0.2423265306122449,-0.14044897959183675,0.8663339705580005,22.367492988899034
-0.2423265306122449,-0.13408163265306122,0.8663339705580005,17.918261959290636
-0.2423265306122449,-0.12771428571428572,0.8663339705580005,12.009220373258962
-0.2423265306122449,-0.1213469387755102,0.8663339705580005,4.5104157008033
-0.2423265306122449,-0.1149795918367347,0.8663339705580005,-4.693170346086333
-0.2423265306122449,-0.10861224489795918,0.8663339705580005,-15.70257572802625
-0.2423265306122449,-0.10224489795918368,0.8663339705580005,-28.733180136842982
-0.2423265306122449,-0.09587755102040818,0.8663339705580005,-45.41804105247894
-0.2423265306122449,-0.08951020408163265,0.8663339705580005,-68.77338885535931
-0.2423265306122449,-0.08314285714285716,0.8663339705580005,-200.0
-0.2423265306122449,-0.07677551020408163,0.8663339705580005,-200.0
-0.2423265306122449,-0.07040816326530613,0.8663339705580005,-200.0
-0.2423265306122449,-0.06404081632653061,0.8663339705580005,-200.0
-0.2423265306122449,-0.05767346938775511,0.8663339705580005,-200.0
-0.2423265306122449,-0.051306122448979585,0.8663339705580005,-200.0
-0.2423265306122449,-0.04493877551020409,0.8663339705580005,-200.0
-0.2423265306122449,-0.03857142857142859,0.8663339705580005,-200.0
-0.2423265306122449,-0.03220408163265309,0.8663339705580005,-200.0
-0.2423265306122449,-0.02583673469387754,0.8663339705580005,-200.0
-0.2423265306122449,-0.01946938775510204,0.8663339705580005,-200.0
-0.2423265306122449,-0.013102040816326543,0.8663339705580005,-200.0
-0.2423265306122449,-0.006734693877551046,0.8663339705580005,-200.0
-0.2423265306122449,-0.0003673469387755479,0.8663339705580005,-200.0
-0.2423265306122449,0.006,0.8663339705580005,-200.0
-0.23595918367346938,-0.306,0.8663339705580005,-79.12474266276351
-0.23595918367346938,-0.2996326530612245,0.8663339705580005,-61.54467426635321
-0.23595918367346938,-0.293265306122449,0.8663339705580005,-46.66001218135467
-0.23595918367346938,-0.28689795918367345,0.8663339705580005,-33.703783506706046
-0.23595918367346938,-0.28053061224489795,0.8663339705580005,-22.562059352739617
-0.23595918367346938,-0.27416326530612245,0.8663339705580005,-13.123006697108497
-0.23595918367346938,-0.26779591836734695,0.8663339705580005,-5.260504193772698
-0.23595918367346938,-0.26142857142857145,0.8663339705580005,1.166337015694035
-0.23595918367346938,-0.2550612244897959,0.8663339705580005,6.312596943582545
-0.23595918367346938,-0.2486938775510204,0.8663339705580005,10.346054680123157
-0.23595918367346938,-0.2423265306122449,0.8663339705580005,13.444459841384964
-0.23595918367346938,-0.23595918367346938,0.8663339705580005,15.791389889073447
-0.23595918367346938,-0.22959183673469388,0.8663339705580005,17.57047035806326
-0.23595918367346938,-0.22322448979591836,0.8663339705580005,18.957859075123114
-0.23595918367346938,-0.21685714285714286,0.8663339705580005,20.113983313187543
-0.23595918367346938,-0.21048979591836736,0.8663339705580005,21.174462553358183
-0.23595918367346938,-0.20412244897959184,0.8663339705580005,22.240043048448445
-0.23595918367346938,-0.1977551020408163,0.8663339705580005,23.37029241100712
-0.23595918367346938,-0.1913877551020408,0.8663339705580005,24.57844658302626
-0.23595918367346938,-0.18502040816326532,0.8663339705580005,25.83061047207708
-0.23595918367346938,-0.1786530612244898,0.8663339705580005,27.048668366111446
-0.23595918367346938,-0.1722857142857143,0.8663339705580005,28.116462786300833
-0.23595918367346938,-0.16591836734693877,0.8663339705580005,28.88819653829356
-0.23595918367346938,-0.15955102040816327,0.8663339705580005,29.197727640790013
-0.23595918367346938,-0.15318367346938777,0.8663339705580005,28.867645892283544
-0.23595918367346938,-0.14681632653061225,0.8663339705580005,27.717313607341193
-0.23595918367346938,-0.14044897959183675,0.8663339705580005,25.56940391833525
-0.23595918367346938,-0.13408163265306122,0.8663339705580005,22.254851347854274
-0.23595918367346938,-0.12771428571428572,0.8663339705580005,17.616226554413103
-0.23595918367346938,-0.1213469387755102,0.8663339705580005,11.509837424210065
-0.23595918367346938,-0.1149795918367347,0.8663339705580005,3.8067215546807915
-0.23595918367346938,-0.10861224489795918,0.8663339705580005,-5.60716725844658
-0.23595918367346938,-0.10224489795918368,0.8663339705580005,-16.832254993748204
-0.23595918367346938,-0.09587755102040818,0.8663339705580005,-30.119749732399885
-0.23595918367346938,-0.08951020408163265,0.8663339705580005,-47.2479982998659
-0.23595918367346938,-0.08314285714285716,0.8663339705580005,-71.2716724387846
-0.23595918367346938,-0.07677551020408163,0.8663339705580005,-200.0
-0.23595918367346938,-0.07040816326530613,0.8663339705580005,-200.0
-0.23595918367346938,-0.06404081632653061,0.8663339705580005,-200.0
-0.23595918367346938,-0.05767346938775511,0.8663339705580005,-200.0
-0.23595918367346938,-0.051306122448979585,0.8663339705580005,-200.0
-0.23595918367346938,-0.04493877551020409,0.8663339705580005,-200.0
-0.23595918367346938,-0.03857142857142859,0.8663339705580005,-200.0
-0.23595918367346938,-0.03220408163265309,0.8663339705580005,-200.0
-0.23595918367346938,-0.02583673469387754,0.8663339705580005,-200.0
-0.23595918367346938,-0.01946938775510204,0.8663339705580005,-200.0
-0.23595918367346938,-0.013102040816326543,0.8663339705580005,-200.0
-0.23595918367346938,-0.006734693877551046,0.8663339705580005,-200.0
-0.23595918367346938,-0.0003673469387755479,0.8663339705580005,-200.0
-0.23595918367346938,0.006,0.8663339705580005,-200.0
-0.22959183673469388,-0.306,0.8663339705580005,-96.90653344867391
-0.22959183673469388,-0.2996326530612245,0.8663339705580005,-74.5978695062317
-0.22959183673469388,-0.293265306122449,0.8663339705580005,-57.41738486032155
-0.22959183673469388,-0.28689795918367345,0.8663339705580005,-42.81571923155606
-0.22959183673469388,-0.28053061224489795,0.8663339705580005,-30.128073178908654
-0.22959183673469388,-0.27416326530612245,0.8663339705580005,-19.244372348643516
-0.22959183673469388,-0.26779591836734695,0.8663339705580005,-10.052304626042652
-0.22959183673469388,-0.26142857142857145,0.8663339705580005,-2.4248975580695227
-0.22959183673469388,-0.2550612244897959,0.8663339705580005,3.779571764244176
-0.22959183673469388,-0.2486938775510204,0.8663339705580005,8.716981399189091
-0.22959183673469388,-0.2423265306122449,0.8663339705580005,12.55576489419867
-0.22959183673469388,-0.23595918367346938,0.8663339705580005,15.474103651709644
-0.22959183673469388,-0.22959183673469388,0.8663339705580005,17.65546645265758
-0.22959183673469388,-0.22322448979591836,0.8663339705580005,19.283133814655745
-0.22959183673469388,-0.21685714285714286,0.8663339705580005,20.532979555164008
-0.22959183673469388,-0.21048979591836736,0.8663339705580005,21.563680030862013
-0.22959183673469388,-0.20412244897959184,0.8663339705580005,22.508487871105782
-0.22959183673469388,-0.1977551020408163,0.8663339705580005,23.465750594581163
-0.22959183673469388,-0.1913877551020408,0.8663339705580005,24.491810053609733
-0.22959183673469388,-0.18502040816326532,0.8663339705580005,25.596633526223254
-0.22959183673469388,-0.1786530612244898,0.8663339705580005,26.743143303907136
-0.22959183673469388,-0.1722857142857143,0.8663339705580005,27.8503659139782
-0.22959183673469388,-0.16591836734693877,0.8663339705580005,28.799815168595128
-0.22959183673469388,-0.15955102040816327,0.8663339705580005,29.443971793733787
-0.22959183673469388,-0.15318367346938777,0.8663339705580005,29.615616778298925
-0.22959183673469388,-0.14681632653061225,0.8663339705580005,29.13685169143575
-0.22959183673469388,-0.14044897959183675,0.8663339705580005,27.82704028019216
-0.22959183673469388,-0.13408163265306122,0.8663339705580005,25.509259641742535
-0.22959183673469388,-0.12771428571428572,0.8663339705580005,22.01510002618048
-0.22959183673469388,-0.1213469387755102,0.8663339705580005,17.1879972968165
-0.22959183673469388,-0.1149795918367347,0.8663339705580005,10.885208436004227
-0.22959183673469388,-0.10861224489795918,0.8663339705580005,2.9787711628979885
-0.22959183673469388,-0.10224489795918368,0.8663339705580005,-6.644390631640505
-0.22959183673469388,-0.09587755102040818,0.8663339705580005,-18.08428371543681
-0.22959183673469388,-0.08951020408163265,0.8663339705580005,-31.635813720436623
-0.22959183673469388,-0.08314285714285716,0.8663339705580005,-49.220349837361965
-0.22959183673469388,-0.07677551020408163,0.8663339705580005,-73.95842682202104
-0.22959183673469388,-0.07040816326530613,0.8663339705580005,-200.0
-0.22959183673469388,-0.06404081632653061,0.8663339705580005,-200.0
-0.22959183673469388,-0.05767346938775511,0.8663339705580005,-200.0
-0.22959183673469388,-0.051306122448979585,0.8663339705580005,-200.0
-0.22959183673469388,-0.04493877551020409,0.8663339705580005,-200.0
-0.22959183673469388,-0.03857142857142859,0.8663339705580005,-200.0
-0.22959183673469388,-0.03220408163265309,0.8663339705580005,-200.0
-0.22959183673469388,-0.02583673469387754,0.8663339705580005,-200.0
-0.22959183673469388,-0.01946938775510204,0.8663339705580005,-200.0
-0.22959183673469388,-0.013102040816326543,0.8663339705580005,-200.0
-0.22959183673469388,-0.006734693877551046,0.8663339705580005,-200.0
-0.22959183673469388,-0.0003673469387755479,0.8663339705580005,-200.0
-0.22959183673469388,0.006,0.8663339705580005,-200.0
-0.22322448979591836,-0.306,0.8663339705580005,-121.68940075757925
-0.22322448979591836,-0.2996326530612245,0.8663339705580005,-91.9967158612442
-0.22322448979591836,-0.293265306122449,0.8663339705580005,-70.278370275277
-0.22322448979591836,-0.28689795918367345,0.8663339705580005,-53.480707476848906
-0.22322448979591836,-0.28053061224489795,0.8663339705580005,-39.156414983049515
-0.22322448979591836,-0.27416326530612245,0.8663339705580005,-26.733036778963854
-0.22322448979591836,-0.26779591836734695,0.8663339705580005,-16.10348355637728
-0.22322448979591836,-0.26142857142857145,0.8663339705580005,-7.154626296216747
-0.22322448979591836,-0.2550612244897959,0.8663339705580005,0.24136301267679094
-0.22322448979591836,-0.2486938775510204,0.8663339705580005,6.227071394091233
-0.22322448979591836,-0.2423265306122449,0.8663339705580005,10.959159370316645
-0.22322448979591836,-0.23595918367346938,0.8663339705580005,14.60650963818859
-0.22322448979591836,-0.22959183673469388,0.8663339705580005,17.347716883634703
-0.22322448979591836,-0.22322448979591836,0.8663339705580005,19.366934844290228
-0.22322448979591836,-0.21685714285714286,0.8663339705580005,20.846821355944044
-0.22322448979591836,-0.21048979591836736,0.8663339705580005,21.962089512289953
-0.22322448979591836,-0.20412244897959184,0.8663339705580005,22.870171599441356
-0.22322448979591836,-0.1977551020408163,0.8663339705580005,23.70202300670342
-0.22322448979591836,-0.1913877551020408,0.8663339705580005,24.553285738466542
-0.22322448979591836,-0.18502040816326532,0.8663339705580005,25.477196572458375
-0.22322448979591836,-0.1786530612244898,0.8663339705580005,26.480458634289086
-0.22322448979591836,-0.1722857142857143,0.8663339705580005,27.52282593292532
-0.22322448979591836,-0.16591836734693877,0.8663339705580005,28.520505775813863
-0.22322448979591836,-0.15955102040816327,0.8663339705580005,29.352718971812603
-0.22322448979591836,-0.15318367346938777,0.8663339705580005,29.870275713716964
-0.22322448979591836,-0.14681632653061225,0.8663339705580005,29.90492318106945
-0.22322448979591836,-0.14044897959183675,0.8663339705580005,29.27831134651048
-0.22322448979591836,-0.13408163265306122,0.8663339705580005,27.809845723230286
-0.22322448979591836,-0.12771428571428572,0.8663339705580005,25.323008183549465
-0.22322448979591836,-0.1213469387755102,0.8663339705580005,21.650089713296907
-0.22322448979591836,-0.1149795918367347,0.8663339705580005,16.63538878719828
-0.22322448979591836,-0.10861224489795918,0.8663339705580005,10.13712382598619
-0.22322448979591836,-0.10224489795918368,0.8663339705580005,2.028319857031608
-0.22322448979591836,-0.09587755102040818,0.8663339705580005,-7.803371133454597
-0.22322448979591836,-0.08951020408163265,0.8663339705580005,-19.457784475037652
-0.22322448979591836,-0.08314285714285716,0.8663339705580005,-33.28118823088387
-0.22322448979591836,-0.07677551020408163,0.8663339705580005,-51.33374871995903
-0.22322448979591836,-0.07040816326530613,0.8663339705580005,-76.7545600756805
-0.22322448979591836,-0.06404081632653061,0.8663339705580005,-200.0
-0.22322448979591836,-0.05767346938775511,0.8663339705580005,-200.0
-0.22322448979591836,-0.051306122448979585,0.8663339705580005,-200.0
-0.22322448979591836,-0.04493877551020409,0.8663339705580005,-200.0
-0.22322448979591836,-0.03857142857142859,0.8663339705580005,-200.0
-0.22322448979591836,-0.03220408163265309,0.8663339705580005,-200.0
-0.22322448979591836,-0.02583673469387754,0.8663339705580005,-200.0
-0.22322448979591836,-0.01946938775510204,0.8663339705580005,-200.0
-0.22322448979591836,-0.013102040816326543,0.8663339705580005,-200.0
-0.22322448979591836,-0.006734693877551046,0.8663339705580005,-200.0
-0.22322448979591836,-0.0003673469387755479,0.8663339705580005,-200.0
-0.22322448979591836,0.006,0.8663339705580005,-200.0
-0.21685714285714286,-0.306,0.8663339705580005,-200.0
-0.21685714285714286,-0.2996326530612245,0.8663339705580005,-116.46835059528203
-0.21685714285714286,-0.293265306122449,0.8663339705580005,-87.30663075517778
-0.21685714285714286,-0.28689795918367345,0.8663339705580005,-66.16132023559639
-0.21685714285714286,-0.28053061224489795,0.8663339705580005,-49.72966943644178
-0.21685714285714286,-0.27416326530612245,0.8663339705580005,-35.677712275145225
-0.21685714285714286,-0.26779591836734695,0.8663339705580005,-23.514786879163925
-0.21685714285714286,-0.26142857142857145,0.8663339705580005,-13.135680167003015
-0.21685714285714286,-0.2550612244897959,0.8663339705580005,-4.426419272091028
-0.21685714285714286,-0.2486938775510204,0.8663339705580005,2.7416873014404732
-0.21685714285714286,-0.2423265306122449,0.8663339705580005,8.511884304463985
-0.21685714285714286,-0.23595918367346938,0.8663339705580005,13.041618238422272
-0.21685714285714286,-0.22959183673469388,0.8663339705580005,16.501027303605216
-0.21685714285714286,-0.22322448979591836,0.8663339705580005,19.06885694509877
-0.21685714285714286,-0.21685714285714286,0.8663339705580005,20.929079638215175
-0.21685714285714286,-0.21048979591836736,0.8663339705580005,22.26424761867894
-0.21685714285714286,-0.20412244897959184,0.8663339705580005,23.24799156480619
-0.21685714285714286,-0.1977551020408163,0.8663339705580005,24.036174257496242
-0.21685714285714286,-0.1913877551020408,0.8663339705580005,24.75756042340892
-0.21685714285714286,-0.18502040816326532,0.8663339705580005,25.505056327495126
-0.21685714285714286,-0.1786530612244898,0.8663339705580005,26.32878167686683
-0.21685714285714286,-0.1722857142857143,0.8663339705580005,27.232173305154408
-0.21685714285714286,-0.16591836734693877,0.8663339705580005,28.17184228526736
-0.21685714285714286,-0.15955102040816327,0.8663339705580005,29.061206285792352
-0.21685714285714286,-0.15318367346938777,0.8663339705580005,29.777232632830636
-0.21685714285714286,-0.14681632653061225,0.8663339705580005,30.169113562890544
-0.21685714285714286,-0.14044897959183675,0.8663339705580005,30.067603459225573
-0.21685714285714286,-0.13408163265306122,0.8663339705580005,29.293939876520817
-0.21685714285714286,-0.12771428571428572,0.8663339705580005,27.667589832391837
-0.21685714285714286,-0.1213469387755102,0.8663339705580005,25.012485641691523
-0.21685714285714286,-0.1149795918367347,0.8663339705580005,21.161619051930984
-0.21685714285714286,-0.10861224489795918,0.8663339705580005,15.960164175230549
-0.21685714285714286,-0.10224489795918368,0.8663339705580005,9.267045750494688
-0.21685714285714286,-0.09587755102040818,0.8663339705580005,0.9563338817213918
-0.21685714285714286,-0.08951020408163265,0.8663339705580005,-9.082868150785334
-0.21685714285714286,-0.08314285714285716,0.8663339705580005,-20.95071477752003
-0.21685714285714286,-0.07677551020408163,0.8663339705580005,-35.05465880090523
-0.21685714285714286,-0.07040816326530613,0.8663339705580005,-53.58724047616808
-0.21685714285714286,-0.06404081632653061,0.8663339705580005,-79.6426290911723
-0.21685714285714286,-0.05767346938775511,0.8663339705580005,-200.0
-0.21685714285714286,-0.051306122448979585,0.8663339705580005,-200.0
-0.21685714285714286,-0.04493877551020409,0.8663339705580005,-200.0
-0.21685714285714286,-0.03857142857142859,0.8663339705580005,-200.0
-0.21685714285714286,-0.03220408163265309,0.8663339705580005,-200.0
-0.21685714285714286,-0.02583673469387754,0.8663339705580005,-200.0
-0.21685714285714286,-0.01946938775510204,0.8663339705580005,-200.0
-0.21685714285714286,-0.013102040816326543,0.8663339705580005,-200.0
-0.21685714285714286,-0.006734693877551046,0.8663339705580005,-200.0
-0.21685714285714286,-0.0003673469387755479,0.8663339705580005,-200.0
-0.21685714285714286,0.006,0.8663339705580005,-200.0
-0.21048979591836736,-0.306,0.8663339705580005,-200.0
-0.21048979591836736,-0.2996326530612245,0.8663339705580005,-200.0
-0.21048979591836736,-0.293265306122449,0.8663339705580005,-111.09928276084443
-0.21048979591836736,-0.28689795918367345,0.8663339705580005,-82.83027702992398
-0.21048979591836736,-0.28053061224489795,0.8663339705580005,-62.24112470851476
-0.21048979591836736,-0.27416326530612245,0.8663339705580005,-46.15991535370348
-0.21048979591836736,-0.26779591836734695,0.8663339705580005,-32.375736583131626
-0.21048979591836736,-0.26142857142857145,0.8663339705580005,-20.469629710422446
-0.21048979591836736,-0.2550612244897959,0.8663339705580005,-10.337426268139536
-0.21048979591836736,-0.2486938775510204,0.8663339705580005,-1.8645165658752347
-0.21048979591836736,-0.2423265306122449,0.8663339705580005,5.078667033512609
-0.21048979591836736,-0.23595918367346938,0.8663339705580005,10.636845438690976
-0.21048979591836736,-0.22959183673469388,0.8663339705580005,14.96800636927011
-0.21048979591836736,-0.22322448979591836,0.8663339705580005,18.242685410824695
-0.21048979591836736,-0.21685714285714286,0.8663339705580005,20.640316297530465
-0.21048979591836736,-0.21048979591836736,0.8663339705580005,22.344780604490037
-0.21048979591836736,-0.20412244897959184,0.8663339705580005,23.538209438420584
-0.21048979591836736,-0.1977551020408163,0.8663339705580005,24.393252411412657
-0.21048979591836736,-0.1913877551020408,0.8663339705580005,25.06417039828005
-0.21048979591836736,-0.18502040816326532,0.8663339705580005,25.677502496598603
-0.21048979591836736,-0.1786530612244898,0.8663339705580005,26.323387827220778
-0.21048979591836736,-0.1722857142857143,0.8663339705580005,27.048815293117325
-0.21048979591836736,-0.16591836734693877,0.8663339705580005,27.85395832112611
-0.21048979591836736,-0.15955102040816327,0.8663339705580005,28.692302486187373
-0.21048979591836736,-0.15318367346938777,0.8663339705580005,29.474513455904194
-0.21048979591836736,-0.14681632653061225,0.8663339705580005,30.075351480862782
-0.21048979591836736,-0.14044897959183675,0.8663339705580005,30.342426596241335
-0.21048979591836736,-0.13408163265306122,0.8663339705580005,30.105551623476973
-0.21048979591836736,-0.12771428571428572,0.8663339705580005,29.18558050967594
-0.21048979591836736,-0.1213469387755102,0.8663339705580005,27.402086331391047
-0.21048979591836736,-0.1149795918367347,0.8663339705580005,24.579464454407166
-0.21048979591836736,-0.10861224489795918,0.8663339705580005,20.551167552317633
-0.21048979591836736,-0.10224489795918368,0.8663339705580005,15.163305393319973
-0.21048979591836736,-0.09587755102040818,0.8663339705580005,8.276242108996552
-0.21048979591836736,-0.08951020408163265,0.8663339705580005,-0.23500290155666193
-0.21048979591836736,-0.08314285714285716,0.8663339705580005,-10.48056740597411
-0.21048979591836736,-0.07677551020408163,0.8663339705580005,-22.56144732552206
-0.21048979591836736,-0.07040816326530613,0.8663339705580005,-36.95575944738276
-0.21048979591836736,-0.06404081632653061,0.8663339705580005,-55.98026271957485
-0.21048979591836736,-0.05767346938775511,0.8663339705580005,-82.6396076703198
-0.21048979591836736,-0.051306122448979585,0.8663339705580005,-200.0
-0.21048979591836736,-0.04493877551020409,0.8663339705580005,-200.0
-0.21048979591836736,-0.03857142857142859,0.8663339705580005,-200.0
-0.21048979591836736,-0.03220408163265309,0.8663339705580005,-200.0
-0.21048979591836736,-0.02583673469387754,0.8663339705580005,-200.0
-0.21048979591836736,-0.01946938775510204,0.8663339705580005,-200.0
-0.21048979591836736,-0.013102040816326543,0.8663339705580005,-200.0
-0.21048979591836736,-0.006734693877551046,0.8663339705580005,-200.0
-0.21048979591836736,-0.0003673469387755479,0.8663339705580005,-200.0
-0.21048979591836736,0.006,0.8663339705580005,-200.0
-0.20412244897959184,-0.306,0.8663339705580005,-200.0
-0.20412244897959184,-0.2996326530612245,0.8663339705580005,-200.0
-0.20412244897959184,-0.293265306122449,0.8663339705580005,-200.0
-0.20412244897959184,-0.28689795918367345,0.8663339705580005,-106.15422738640589
-0.20412244897959184,-0.28053061224489795,0.8663339705580005,-78.56231753607938
-0.20412244897959184,-0.27416326530612245,0.8663339705580005,-58.51267968064043
-0.20412244897959184,-0.26779591836734695,0.8663339705580005,-42.76736279670175
-0.20412244897959184,-0.26142857142857145,0.8663339705580005,-29.24680875574534
-0.20412244897959184,-0.2550612244897959,0.8663339705580005,-17.594265516174737
-0.20412244897959184,-0.2486938775510204,0.8663339705580005,-7.706017698697643
-0.20412244897959184,-0.2423265306122449,0.8663339705580005,0.5340160901420781
-0.20412244897959184,-0.23595918367346938,0.8663339705580005,7.25604083288842
-0.20412244897959184,-0.22959183673469388,0.8663339705580005,12.605409107767363
-0.20412244897959184,-0.22322448979591836,0.8663339705580005,16.741193144239137
-0.20412244897959184,-0.21685714285714286,0.8663339705580005,19.83443789354666
-0.20412244897959184,-0.21048979591836736,0.8663339705580005,22.064962171215154
-0.20412244897959184,-0.20412244897959184,0.8663339705580005,23.616674828785083
-0.20412244897959184,-0.1977551020408163,0.8663339705580005,24.671259714660284
-0.20412244897959184,-0.1913877551020408,0.8663339705580005,25.400348878605595
-0.20412244897959184,-0.18502040816326532,0.8663339705580005,25.956560273349208
-0.20412244897959184,-0.1786530612244898,0.8663339705580005,26.464170919659534
-0.20412244897959184,-0.1722857142857143,0.8663339705580005,27.01052645368566
-0.20412244897959184,-0.16591836734693877,0.8663339705580005,27.639469828130153
-0.20412244897959184,-0.15955102040816327,0.8663339705580005,28.34791874095121
-0.20412244897959184,-0.15318367346938777,0.8663339705580005,29.086249335100423
-0.20412244897959184,-0.14681632653061225,0.8663339705580005,29.762410192707847
-0.20412244897959184,-0.14044897959183675,0.8663339705580005,30.248995825003202
-0.20412244897959184,-0.13408163265306122,0.8663339705580005,30.39208784691457
-0.20412244897959184,-0.12771428571428572,0.8663339705580005,30.020593690738078
-0.20412244897959184,-0.1213469387755102,0.8663339705580005,28.95502691547212
-0.20412244897959184,-0.1149795918367347,0.8663339705580005,27.014831041233837
-0.20412244897959184,-0.10861224489795918,0.8663339705580005,24.024937708338566
-0.20412244897959184,-0.10224489795918368,0.8663339705580005,19.82001181900658
-0.20412244897959184,-0.09587755102040818,0.8663339705580005,14.246997562725351
-0.20412244897959184,-0.08951020408163265,0.8663339705580005,7.167027365973702
-0.20412244897959184,-0.08314285714285716,0.8663339705580005,-1.5438950795003912
-0.20412244897959184,-0.07677551020408163,0.8663339705580005,-11.99492329606792
-0.20412244897959184,-0.07040816326530613,0.8663339705580005,-24.28868366302369
-0.20412244897959184,-0.06404081632653061,0.8663339705580005,-38.984049026474665
-0.20412244897959184,-0.05767346938775511,0.8663339705580005,-58.51238477514761
-0.20412244897959184,-0.051306122448979585,0.8663339705580005,-86.88746373853564
-0.20412244897959184,-0.04493877551020409,0.8663339705580005,-200.0
-0.20412244897959184,-0.03857142857142859,0.8663339705580005,-200.0
-0.20412244897959184,-0.03220408163265309,0.8663339705580005,-200.0
-0.20412244897959184,-0.02583673469387754,0.8663339705580005,-200.0
-0.20412244897959184,-0.01946938775510204,0.8663339705580005,-200.0
-0.20412244897959184,-0.013102040816326543,0.8663339705580005,-200.0
-0.20412244897959184,-0.006734693877551046,0.8663339705580005,-200.0
-0.20412244897959184,-0.0003673469387755479,0.8663339705580005,-200.0
-0.20412244897959184,0.006,0.8663339705580005,-200.0
-0.1977551020408163,-0.306,0.8663339705580005,-200.0
-0.1977551020408163,-0.2996326530612245,0.8663339705580005,-200.0
-0.1977551020408163,-0.293265306122449,0.8663339705580005,-200.0
-0.1977551020408163,-0.28689795918367345,0.8663339705580005,-200.0
-0.1977551020408163,-0.28053061224489795,0.8663339705580005,-101.20970616926633
-0.1977551020408163,-0.27416326530612245,0.8663339705580005,-74.49782193971477
-0.1977551020408163,-0.26779591836734695,0.8663339705580005,-54.97107629102614
-0.1977551020408163,-0.26142857142857145,0.8663339705580005,-39.548409410854326
-0.1977551020408163,-0.2550612244897959,0.8663339705580005,-26.28810333131521
-0.1977551020408163,-0.2486938775510204,0.8663339705580005,-14.885647233615634
-0.1977551020408163,-0.2423265306122449,0.8663339705580005,-5.237610307537928
-0.1977551020408163,-0.23595918367346938,0.8663339705580005,2.7727243748228716
-0.1977551020408163,-0.22959183673469388,0.8663339705580005,9.27676195601962
-0.1977551020408163,-0.22322448979591836,0.8663339705580005,14.42059913073973
-0.1977551020408163,-0.21685714285714286,0.8663339705580005,18.364116226367866
-0.1977551020408163,-0.21048979591836736,0.8663339705580005,21.278990025497663
-0.1977551020408163,-0.20412244897959184,0.8663339705580005,23.345416213005574
-0.1977551020408163,-0.1977551020408163,0.8663339705580005,24.747305421249866
-0.1977551020408163,-0.1913877551020408,0.8663339705580005,25.665863648780626
-0.1977551020408163,-0.18502040816326532,0.8663339705580005,26.27166960883567
-0.1977551020408163,-0.1786530612244898,0.8663339705580005,26.7156576052062
-0.1977551020408163,-0.1722857142857143,0.8663339705580005,27.119806201828094
-0.1977551020408163,-0.16591836734693877,0.8663339705580005,27.56864208625013
-0.1977551020408163,-0.15955102040816327,0.8663339705580005,28.102847652470835
-0.1977551020408163,-0.15318367346938777,0.8663339705580005,28.716085553789615
-0.1977551020408163,-0.14681632653061225,0.8663339705580005,29.355650219918097
-0.1977551020408163,-0.14044897959183675,0.8663339705580005,29.92680625528417
-0.1977551020408163,-0.13408163265306122,0.8663339705580005,30.30003017724825
-0.1977551020408163,-0.12771428571428572,0.8663339705580005,30.319918788061088
-0.1977551020408163,-0.1213469387755102,0.8663339705580005,29.814244873192706
-0.1977551020408163,-0.1149795918367347,0.8663339705580005,28.60328522512871
-0.1977551020408163,-0.10861224489795918,0.8663339705580005,26.507109821076902
-0.1977551020408163,-0.10224489795918368,0.8663339705580005,23.351104440268237
-0.1977551020408163,-0.09587755102040818,0.8663339705580005,18.97046751375305
-0.1977551020408163,-0.08951020408163265,0.8663339705580005,13.213049105760494
-0.1977551020408163,-0.08314285714285716,0.8663339705580005,5.940954454796458
-0.1977551020408163,-0.07677551020408163,0.8663339705580005,-2.9688094064051462
-0.1977551020408163,-0.07040816326530613,0.8663339705580005,-13.6244394258879
-0.1977551020408163,-0.06404081632653061,0.8663339705580005,-26.131241348823693
-0.1977551020408163,-0.05767346938775511,0.8663339705580005,-41.13912061398031
-0.1977551020408163,-0.051306122448979585,0.8663339705580005,-61.18335432280339
-0.1977551020408163,-0.04493877551020409,0.8663339705580005,-90.08017556597346
-0.1977551020408163,-0.03857142857142859,0.8663339705580005,-200.0
-0.1977551020408163,-0.03220408163265309,0.8663339705580005,-200.0
-0.1977551020408163,-0.02583673469387754,0.8663339705580005,-200.0
-0.1977551020408163,-0.01946938775510204,0.8663339705580005,-200.0
-0.1977551020408163,-0.013102040816326543,0.8663339705580005,-200.0
-0.1977551020408163,-0.006734693877551046,0.8663339705580005,-200.0
-0.1977551020408163,-0.0003673469387755479,0.8663339705580005,-200.0
-0.1977551020408163,0.006,0.8663339705580005,-200.0
-0.1913877551020408,-0.306,0.8663339705580005,-200.0
-0.1913877551020408,-0.2996326530612245,0.8663339705580005,-200.0
-0.1913877551020408,-0.293265306122449,0.8663339705580005,-200.0
-0.1913877551020408,-0.28689795918367345,0.8663339705580005,-200.0
-0.1913877551020408,-0.28053061224489795,0.8663339705580005,-200.0
-0.1913877551020408,-0.27416326530612245,0.8663339705580005,-96.63858754777738
-0.1913877551020408,-0.26779591836734695,0.8663339705580005,-70.63233946989814
-0.1913877551020408,-0.26142857142857145,0.8663339705580005,-51.61227892971051
-0.1913877551020408,-0.2550612244897959,0.8663339705580005,-36.49973727964111
-0.1913877551020408,-0.2486938775510204,0.8663339705580005,-23.495658969764825
-0.1913877551020408,-0.2423265306122449,0.8663339705580005,-12.340133275879584
-0.1913877551020408,-0.23595918367346938,0.8663339705580005,-2.929169388592536
-0.1913877551020408,-0.22959183673469388,0.8663339705580005,4.85471504580088
-0.1913877551020408,-0.22322448979591836,0.8663339705580005,11.14383811913969
-0.1913877551020408,-0.21685714285714286,0.8663339705580005,16.085194140042994
-0.1913877551020408,-0.21048979591836736,0.8663339705580005,19.839461224992018
-0.1913877551020408,-0.20412244897959184,0.8663339705580005,22.578947873259846
-0.1913877551020408,-0.1977551020408163,0.8663339705580005,24.484205900956756
-0.1913877551020408,-0.1913877551020408,0.8663339705580005,25.739126118187873
-0.1913877551020408,-0.18502040816326532,0.8663339705580005,26.52440277754259
-0.1913877551020408,-0.1786530612244898,0.8663339705580005,27.00952170798017
-0.1913877551020408,-0.1722857142857143,0.8663339705580005,27.34369819523926
-0.1913877551020408,-0.16591836734693877,0.8663339705580005,27.646573749009868
-0.1913877551020408,-0.15955102040816327,0.8663339705580005,27.999828822924535
-0.1913877551020408,-0.15318367346938777,0.8663339705580005,28.440972474550986
-0.1913877551020408,-0.14681632653061225,0.8663339705580005,28.960421538179933
-0.1913877551020408,-0.14044897959183675,0.8663339705580005,29.502411769450315
-0.1913877551020408,-0.13408163265306122,0.8663339705580005,29.96955810701348
-0.1913877551020408,-0.12771428571428572,0.8663339705580005,30.230002102554003
-0.1913877551020408,-0.1213469387755102,0.8663339705580005,30.126939967968127
-0.1913877551020408,-0.1149795918367347,0.8663339705580005,29.48781269111863
-0.1913877551020408,-0.10861224489795918,0.8663339705580005,28.1325697450937
-0.1913877551020408,-0.10224489795918368,0.8663339705580005,25.88125531609314
-0.1913877551020408,-0.09587755102040818,0.8663339705580005,22.559778240895636
-0.1913877551020408,-0.08951020408163265,0.8663339705580005,18.004105743138
-0.1913877551020408,-0.08314285714285716,0.8663339705580005,12.062992847687202
-0.1913877551020408,-0.07677551020408163,0.8663339705580005,4.599530751134839
-0.1913877551020408,-0.07040816326530613,0.8663339705580005,-4.508281094986025
-0.1913877551020408,-0.06404081632653061,0.8663339705580005,-15.367654004316485
-0.1913877551020408,-0.05767346938775511,0.8663339705580005,-28.08805019809999
-0.1913877551020408,-0.051306122448979585,0.8663339705580005,-43.42061031772158
-0.1913877551020408,-0.04493877551020409,0.8663339705580005,-63.993176715406705
-0.1913877551020408,-0.03857142857142859,0.8663339705580005,-200.0
-0.1913877551020408,-0.03220408163265309,0.8663339705580005,-200.0
-0.1913877551020408,-0.02583673469387754,0.8663339705580005,-200.0
-0.1913877551020408,-0.01946938775510204,0.8663339705580005,-200.0
-0.1913877551020408,-0.013102040816326543,0.8663339705580005,-200.0
-0.1913877551020408,-0.006734693877551046,0.8663339705580005,-200.0
-0.1913877551020408,-0.0003673469387755479,0.8663339705580005,-200.0
-0.1913877551020408,0.006,0.8663339705580005,-200.0
-0.18502040816326532,-0.306,0.8663339705580005,-200.0
-0.18502040816326532,-0.2996326530612245,0.8663339705580005,-200.0
-0.18502040816326532,-0.293265306122449,0.8663339705580005,-200.0
-0.18502040816326532,-0.28689795918367345,0.8663339705580005,-200.0
-0.18502040816326532,-0.28053061224489795,0.8663339705580005,-200.0
-0.18502040816326532,-0.27416326530612245,0.8663339705580005,-200.0
-0.18502040816326532,-0.26779591836734695,0.8663339705580005,-92.2318991397046
-0.18502040816326532,-0.26142857142857145,0.8663339705580005,-66.96173899143065
-0.18502040816326532,-0.2550612244897959,0.8663339705580005,-48.43114680343068
-0.18502040816326532,-0.2486938775510204,0.8663339705580005,-33.61751439488373
-0.18502040816326532,-0.2423265306122449,0.8663339705580005,-20.866330386632853
-0.18502040816326532,-0.23595918367346938,0.8663339705580005,-9.954525100658277
-0.18502040816326532,-0.22959183673469388,0.8663339705580005,-0.7775963845593736
-0.18502040816326532,-0.22322448979591836,0.8663339705580005,6.782838043869326
-0.18502040816326532,-0.21685714285714286,0.8663339705580005,12.86002790764459
-0.18502040816326532,-0.21048979591836736,0.8663339705580005,17.601861331577236
-0.18502040816326532,-0.20412244897959184,0.8663339705580005,21.169816392706778
-0.18502040816326532,-0.1977551020408163,0.8663339705580005,23.73682105364844
-0.18502040816326532,-0.1913877551020408,0.8663339705580005,25.483768077204957
-0.18502040816326532,-0.18502040816326532,0.8663339705580005,26.594501245332566
-0.18502040816326532,-0.1786530612244898,0.8663339705580005,27.249170685199235
-0.18502040816326532,-0.1722857142857143,0.8663339705580005,27.616132689224056
-0.18502040816326532,-0.16591836734693877,0.8663339705580005,27.842840203813907
-0.18502040816326532,-0.15955102040816327,0.8663339705580005,28.046563085568526
-0.18502040816326532,-0.15318367346938777,0.8663339705580005,28.306109037908268
-0.18502040816326532,-0.14681632653061225,0.8663339705580005,28.65580735836821
-0.18502040816326532,-0.14044897959183675,0.8663339705580005,29.082833186838645
-0.18502040816326532,-0.13408163265306122,0.8663339705580005,29.528116308793695
-0.18502040816326532,-0.12771428571428572,0.8663339705580005,29.891727757239646
-0.18502040816326532,-0.1213469387755102,0.8663339705580005,30.040234412656336
-0.18502040816326532,-0.1149795918367347,0.8663339705580005,29.81539128839021
-0.18502040816326532,-0.10861224489795918,0.8663339705580005,29.04364283261363
-0.18502040816326532,-0.10224489795918368,0.8663339705580005,27.544707593498064
-0.18502040816326532,-0.09587755102040818,0.8663339705580005,25.138840066541288
-0.18502040816326532,-0.08951020408163265,0.8663339705580005,21.652501836231874
-0.18502040816326532,-0.08314285714285716,0.8663339705580005,16.922431263347622
-0.18502040816326532,-0.07677551020408163,0.8663339705580005,10.798306913573619
-0.18502040816326532,-0.07040816326530613,0.8663339705580005,3.144219419404525
-0.18502040816326532,-0.06404081632653061,0.8663339705580005,-6.160868549308791
-0.18502040816326532,-0.05767346938775511,0.8663339705580005,-17.223209425626425
-0.18502040816326532,-0.051306122448979585,0.8663339705580005,-30.158222212803043
-0.18502040816326532,-0.04493877551020409,0.8663339705580005,-45.828130020596845
-0.18502040816326532,-0.03857142857142859,0.8663339705580005,-66.9420926265037
-0.18502040816326532,-0.03220408163265309,0.8663339705580005,-200.0
-0.18502040816326532,-0.02583673469387754,0.8663339705580005,-200.0
-0.18502040816326532,-0.01946938775510204,0.8663339705580005,-200.0
-0.18502040816326532,-0.013102040816326543,0.8663339705580005,-200.0
-0.18502040816326532,-0.006734693877551046,0.8663339705580005,-200.0
-0.18502040816326532,-0.0003673469387755479,0.8663339705580005,-200.0
-0.18502040816326532,0.006,0.8663339705580005,-200.0
-0.1786530612244898,-0.306,0.8663339705580005,-200.0
-0.1786530612244898,-0.2996326530612245,0.8663339705580005,-200.0
-0.1786530612244898,-0.293265306122449,0.8663339705580005,-200.0
-0.1786530612244898,-0.28689795918367345,0.8663339705580005,-200.0
-0.1786530612244898,-0.28053061224489795,0.8663339705580005,-200.0
-0.1786530612244898,-0.27416326530612245,0.8663339705580005,-200.0
-0.1786530612244898,-0.26779591836734695,0.8663339705580005,-200.0
-0.1786530612244898,-0.26142857142857145,0.8663339705580005,-88.05478291472858
-0.1786530612244898,-0.2550612244897959,0.8663339705580005,-63.481374350505405
-0.1786530612244898,-0.2486938775510204,0.8663339705580005,-45.423383816155706
-0.1786530612244898,-0.2423265306122449,0.8663339705580005,-30.89836389877446
-0.1786530612244898,-0.23595918367346938,0.8663339705580005,-18.396936512162128
-0.1786530612244898,-0.22959183673469388,0.8663339705580005,-7.725884333391075
-0.1786530612244898,-0.22322448979591836,0.8663339705580005,1.2199325264625749
-0.1786530612244898,-0.21685714285714286,0.8663339705580005,8.559826556978859
-0.1786530612244898,-0.21048979591836736,0.8663339705580005,14.427975156857858
-0.1786530612244898,-0.20412244897959184,0.8663339705580005,18.97316476239633
-0.1786530612244898,-0.1977551020408163,0.8663339705580005,22.35767108036073
-0.1786530612244898,-0.1913877551020408,0.8663339705580005,24.75502778334125
-0.1786530612244898,-0.18502040816326532,0.8663339705580005,26.34645418996617
-0.1786530612244898,-0.1786530612244898,0.8663339705580005,27.315714564160107
-0.1786530612244898,-0.1722857142857143,0.8663339705580005,27.842383747413052
-0.1786530612244898,-0.16591836734693877,0.8663339705580005,28.0936526453924
-0.1786530612244898,-0.15955102040816327,0.8663339705580005,28.215167135499332
-0.1786530612244898,-0.15318367346938777,0.8663339705580005,28.321796248120286
-0.1786530612244898,-0.14681632653061225,0.8663339705580005,28.489444343300676
-0.1786530612244898,-0.14044897959183675,0.8663339705580005,28.74898816758646
-0.1786530612244898,-0.13408163265306122,0.8663339705580005,29.08442047330411
-0.1786530612244898,-0.12771428571428572,0.8663339705580005,29.434141283098235
-0.1786530612244898,-0.1213469387755102,0.8663339705580005,29.695577647512362
-0.1786530612244898,-0.1149795918367347,0.8663339705580005,29.733104730412233
-0.1786530612244898,-0.10861224489795918,0.8663339705580005,29.387118884494146
-0.1786530612244898,-0.10224489795918368,0.8663339705580005,28.483325244553992
-0.1786530612244898,-0.09587755102040818,0.8663339705580005,26.841250104446242
-0.1786530612244898,-0.08951020408163265,0.8663339705580005,24.281385890755054
-0.1786530612244898,-0.08314285714285716,0.8663339705580005,20.630759686466686
-0.1786530612244898,-0.07677551020408163,0.8663339705580005,15.72692165156926
-0.1786530612244898,-0.07040816326530613,0.8663339705580005,9.420438192279157
-0.1786530612244898,-0.06404081632653061,0.8663339705580005,1.5763875634063353
-0.1786530612244898,-0.05767346938775511,0.8663339705580005,-7.925236928785374
-0.1786530612244898,-0.051306122448979585,0.8663339705580005,-19.1897518440019
-0.1786530612244898,-0.04493877551020409,0.8663339705580005,-32.34095669510108
-0.1786530612244898,-0.03857142857142859,0.8663339705580005,-48.36132196698742
-0.1786530612244898,-0.03220408163265309,0.8663339705580005,-70.03062058254409
-0.1786530612244898,-0.02583673469387754,0.8663339705580005,-200.0
-0.1786530612244898,-0.01946938775510204,0.8663339705580005,-200.0
-0.1786530612244898,-0.013102040816326543,0.8663339705580005,-200.0
-0.1786530612244898,-0.006734693877551046,0.8663339705580005,-200.0
-0.1786530612244898,-0.0003673469387755479,0.8663339705580005,-200.0
-0.1786530612244898,0.006,0.8663339705580005,-200.0
-0.1722857142857143,-0.306,0.8663339705580005,-200.0
-0.1722857142857143,-0.2996326530612245,0.8663339705580005,-200.0
-0.1722857142857143,-0.293265306122449,0.8663339705580005,-200.0
-0.1722857142857143,-0.28689795918367345,0.8663339705580005,-200.0
-0.1722857142857143,-0.28053061224489795,0.8663339705580005,-200.0
-0.1722857142857143,-0.27416326530612245,0.8663339705580005,-200.0
-0.1722857142857143,-0.26779591836734695,0.8663339705580005,-200.0
-0.1722857142857143,-0.26142857142857145,0.8663339705580005,-200.0
-0.1722857142857143,-0.2550612244897959,0.8663339705580005,-84.08344846848188
-0.1722857142857143,-0.2486938775510204,0.8663339705580005,-60.18708848129407
-0.1722857142857143,-0.2423265306122449,0.8663339705580005,-42.58469921947377
-0.1722857142857143,-0.23595918367346938,0.8663339705580005,-28.339219282174923
-0.1722857142857143,-0.22959183673469388,0.8663339705580005,-16.084570248925456
-0.1722857142857143,-0.22322448979591836,0.8663339705580005,-5.651412673906581
-0.1722857142857143,-0.21685714285714286,0.8663339705580005,3.0661324354570425
-0.1722857142857143,-0.21048979591836736,0.8663339705580005,10.188306744270829
-0.1722857142857143,-0.20412244897959184,0.8663339705580005,15.850225229528235
-0.1722857142857143,-0.1977551020408163,0.8663339705580005,20.20157711492382
-0.1722857142857143,-0.1913877551020408,0.8663339705580005,23.40542504860288
-0.1722857142857143,-0.18502040816326532,0.8663339705580005,25.635901640565205
-0.1722857142857143,-0.1786530612244898,0.8663339705580005,27.074527096545214
-0.1722857142857143,-0.1722857142857143,0.8663339705580005,27.904965996341744
-0.1722857142857143,-0.16591836734693877,0.8663339705580005,28.3061825925236
-0.1722857142857143,-0.15955102040816327,0.8663339705580005,28.444157942651692
-0.1722857142857143,-0.15318367346938777,0.8663339705580005,28.46269777848826
-0.1722857142857143,-0.14681632653061225,0.8663339705580005,28.473963346500906
-0.1722857142857143,-0.14044897959183675,0.8663339705580005,28.550993724285625
-0.1722857142857143,-0.13408163265306122,0.8663339705580005,28.721935516033906
-0.1722857142857143,-0.12771428571428572,0.8663339705580005,28.96750540522481
-0.1722857142857143,-0.1213469387755102,0.8663339705580005,29.22288918844448
-0.1722857142857143,-0.1149795918367347,0.8663339705580005,29.382989058711672
-0.1722857142857143,-0.10861224489795918,0.8663339705580005,29.31022615716853
-0.1722857142857143,-0.10224489795918368,0.8663339705580005,28.843693803351353
-0.1722857142857143,-0.09587755102040818,0.8663339705580005,27.808395243297664
-0.1722857142857143,-0.08951020408163265,0.8663339705580005,26.02369627490312
-0.1722857142857143,-0.08314285714285716,0.8663339705580005,23.310374859758635
-0.1722857142857143,-0.07677551020408163,0.8663339705580005,19.496005691659697
-0.1722857142857143,-0.07040816326530613,0.8663339705580005,14.418944767879836
-0.1722857142857143,-0.06404081632653061,0.8663339705580005,7.930724835617237
-0.1722857142857143,-0.05767346938775511,0.8663339705580005,-0.10259877808391948
-0.1722857142857143,-0.051306122448979585,0.8663339705580005,-9.800041722686426
-0.1722857142857143,-0.04493877551020409,0.8663339705580005,-21.26599303434554
-0.1722857142857143,-0.03857142857142859,0.8663339705580005,-34.63562175838683
-0.1722857142857143,-0.03220408163265309,0.8663339705580005,-51.01983430646424
-0.1722857142857143,-0.02583673469387754,0.8663339705580005,-73.25940598877743
-0.1722857142857143,-0.01946938775510204,0.8663339705580005,-200.0
-0.1722857142857143,-0.013102040816326543,0.8663339705580005,-200.0
-0.1722857142857143,-0.006734693877551046,0.8663339705580005,-200.0
-0.1722857142857143,-0.0003673469387755479,0.8663339705580005,-200.0
-0.1722857142857143,0.006,0.8663339705580005,-200.0
-0.16591836734693877,-0.306,0.8663339705580005,-200.0
-0.16591836734693877,-0.2996326530612245,0.8663339705580005,-200.0
-0.16591836734693877,-0.293265306122449,0.8663339705580005,-200.0
-0.16591836734693877,-0.28689795918367345,0.8663339705580005,-200.0
-0.16591836734693877,-0.28053061224489795,0.8663339705580005,-200.0
-0.16591836734693877,-0.27416326530612245,0.8663339705580005,-200.0
-0.16591836734693877,-0.26779591836734695,0.8663339705580005,-200.0
-0.16591836734693877,-0.26142857142857145,0.8663339705580005,-200.0
-0.16591836734693877,-0.2550612244897959,0.8663339705580005,-200.0
-0.16591836734693877,-0.2486938775510204,0.8663339705580005,-80.31620448225289
-0.16591836734693877,-0.2423265306122449,0.8663339705580005,-57.07499760659492
-0.16591836734693877,-0.23595918367346938,0.8663339705580005,-39.911161370499315
-0.16591836734693877,-0.22959183673469388,0.8663339705580005,-25.937161033732362
-0.16591836734693877,-0.22322448979591836,0.8663339705580005,-13.92644241760599
-0.16591836734693877,-0.21685714285714286,0.8663339705580005,-3.728417659862746
-0.16591836734693877,-0.21048979591836736,0.8663339705580005,4.763605339017506
-0.16591836734693877,-0.20412244897959184,0.8663339705580005,11.670797924953366
-0.16591836734693877,-0.1977551020408163,0.8663339705580005,17.12922843237156
-0.16591836734693877,-0.1913877551020408,0.8663339705580005,21.289474387401636
-0.16591836734693877,-0.18502040816326532,0.8663339705580005,24.31538952746066
-0.16591836734693877,-0.1786530612244898,0.8663339705580005,26.381688989364328
-0.16591836734693877,-0.1722857142857143,0.8663339705580005,27.670174463683136
-0.16591836734693877,-0.16591836734693877,0.8663339705580005,28.3643857816125
-0.16591836734693877,-0.15955102040816327,0.8663339705580005,28.64263687421547
-0.16591836734693877,-0.15318367346938777,0.8663339705580005,28.669397164862986
-0.16591836734693877,-0.14681632653061225,0.8663339705580005,28.586648845020058
-0.16591836734693877,-0.14044897959183675,0.8663339705580005,28.504545022799302
-0.16591836734693877,-0.13408163265306122,0.8663339705580005,28.493125016232906
-0.16591836734693877,-0.12771428571428572,0.8663339705580005,28.57711120199196
-0.16591836734693877,-0.1213469387755102,0.8663339705580005,28.73399659756929
-0.16591836734693877,-0.1149795918367347,0.8663339705580005,28.89601105634528
-0.16591836734693877,-0.10861224489795918,0.8663339705580005,28.955558859737405
-0.16591836734693877,-0.10224489795918368,0.8663339705580005,28.773155728016903
-0.16591836734693877,-0.09587755102040818,0.8663339705580005,28.18662905694318
-0.16591836734693877,-0.08951020408163265,0.8663339705580005,27.020347278595338
-0.16591836734693877,-0.08314285714285716,0.8663339705580005,25.09350613706575
-0.16591836734693877,-0.07677551020408163,0.8663339705580005,22.227179958415242
-0.16591836734693877,-0.07040816326530613,0.8663339705580005,18.249584391437946
-0.16591836734693877,-0.06404081632653061,0.8663339705580005,12.999870002020778
-0.16591836734693877,-0.05767346938775511,0.8663339705580005,6.330509095739092
-0.16591836734693877,-0.051306122448979585,0.8663339705580005,-1.8914519949036865
-0.16591836734693877,-0.04493877551020409,0.8663339705580005,-11.784029055458603
-0.16591836734693877,-0.03857142857142859,0.8663339705580005,-23.450706599668923
-0.16591836734693877,-0.03220408163265309,0.8663339705580005,-37.041723268155806
-0.16591836734693877,-0.02583673469387754,0.8663339705580005,-53.80329412183197
-0.16591836734693877,-0.01946938775510204,0.8663339705580005,-76.62808973970658
-0.16591836734693877,-0.013102040816326543,0.8663339705580005,-200.0
-0.16591836734693877,-0.006734693877551046,0.8663339705580005,-200.0
-0.16591836734693877,-0.0003673469387755479,0.8663339705580005,-200.0
-0.16591836734693877,0.006,0.8663339705580005,-200.0
-0.15955102040816327,-0.306,0.8663339705580005,-200.0
-0.15955102040816327,-0.2996326530612245,0.8663339705580005,-200.0
-0.15955102040816327,-0.293265306122449,0.8663339705580005,-200.0
-0.15955102040816327,-0.28689795918367345,0.8663339705580005,-200.0
-0.15955102040816327,-0.28053061224489795,0.8663339705580005,-200.0
-0.15955102040816327,-0.27416326530612245,0.8663339705580005,-200.0
-0.15955102040816327,-0.26779591836734695,0.8663339705580005,-200.0
-0.15955102040816327,-0.26142857142857145,0.8663339705580005,-200.0
-0.15955102040816327,-0.2550612244897959,0.8663339705580005,-200.0
-0.15955102040816327,-0.2486938775510204,0.8663339705580005,-200.0
-0.15955102040816327,-0.2423265306122449,0.8663339705580005,-76.75059751263512
-0.15955102040816327,-0.23595918367346938,0.8663339705580005,-54.14133432644404
-0.15955102040816327,-0.22959183673469388,0.8663339705580005,-37.3990304291554
-0.15955102040816327,-0.22322448979591836,0.8663339705580005,-23.68941247619732
-0.15955102040816327,-0.21685714285714286,0.8663339705580005,-11.919890171400173
-0.15955102040816327,-0.21048979591836736,0.8663339705580005,-1.9543158061131436
-0.15955102040816327,-0.20412244897959184,0.8663339705580005,6.3148527479094625
-0.15955102040816327,-0.1977551020408163,0.8663339705580005,13.00973174771956
-0.15955102040816327,-0.1913877551020408,0.8663339705580005,18.267337297392633
-0.15955102040816327,-0.18502040816326532,0.8663339705580005,22.239148730874057
-0.15955102040816327,-0.1786530612244898,0.8663339705580005,25.089793046900105
-0.15955102040816327,-0.1722857142857143,0.8663339705580005,26.994560399817253
-0.15955102040816327,-0.16591836734693877,0.8663339705580005,28.135512916320597
-0.15955102040816327,-0.15955102040816327,0.8663339705580005,28.695767150520236
-0.15955102040816327,-0.15318367346938777,0.8663339705580005,28.85301248155671
-0.15955102040816327,-0.14681632653061225,0.8663339705580005,28.770903175563536
-0.15955102040816327,-0.14044897959183675,0.8663339705580005,28.589441250045965
-0.15955102040816327,-0.13408163265306122,0.8663339705580005,28.416055528040022
-0.15955102040816327,-0.12771428571428572,0.8663339705580005,28.317812041286324
-0.15955102040816327,-0.1213469387755102,0.8663339705580005,28.316206384743303
-0.15955102040816327,-0.1149795918367347,0.8663339705580005,28.385540139369382
-0.15955102040816327,-0.10861224489795918,0.8663339705580005,28.455100102668908
-0.15955102040816327,-0.10224489795918368,0.8663339705580005,28.41483105676146
-0.15955102040816327,-0.09587755102040818,0.8663339705580005,28.123409846155628
-0.15955102040816327,-0.08951020408163265,0.8663339705580005,27.417403987616176
-0.15955102040816327,-0.08314285714285716,0.8663339705580005,26.12056704832952
-0.15955102040816327,-0.07677551020408163,0.8663339705580005,24.05203330161793
-0.15955102040816327,-0.07040816326530613,0.8663339705580005,21.03317954222508
-0.15955102040816327,-0.06404081632653061,0.8663339705580005,16.89283934983695
-0.15955102040816327,-0.05767346938775511,0.8663339705580005,11.470993560600501
-0.15955102040816327,-0.051306122448979585,0.8663339705580005,4.621059996046533
-0.15955102040816327,-0.04493877551020409,0.8663339705580005,-3.7889212258472575
-0.15955102040816327,-0.03857142857142859,0.8663339705580005,-13.875964725657877
-0.15955102040816327,-0.03220408163265309,0.8663339705580005,-25.742705484362606
-0.15955102040816327,-0.02583673469387754,0.8663339705580005,-39.55890882564529
-0.15955102040816327,-0.01946938775510204,0.8663339705580005,-56.711387160299864
-0.15955102040816327,-0.013102040816326543,0.8663339705580005,-80.14185732983735
-0.15955102040816327,-0.006734693877551046,0.8663339705580005,-200.0
-0.15955102040816327,-0.0003673469387755479,0.8663339705580005,-200.0
-0.15955102040816327,0.006,0.8663339705580005,-200.0
-0.15318367346938777,-0.306,0.8663339705580005,-200.0
-0.15318367346938777,-0.2996326530612245,0.8663339705580005,-200.0
-0.15318367346938777,-0.293265306122449,0.8663339705580005,-200.0
-0.15318367346938777,-0.28689795918367345,0.8663339705580005,-200.0
-0.15318367346938777,-0.28053061224489795,0.8663339705580005,-200.0
-0.15318367346938777,-0.27416326530612245,0.8663339705580005,-200.0
-0.15318367346938777,-0.26779591836734695,0.8663339705580005,-200.0
-0.15318367346938777,-0.26142857142857145,0.8663339705580005,-200.0
-0.15318367346938777,-0.2550612244897959,0.8663339705580005,-200.0
-0.15318367346938777,-0.2486938775510204,0.8663339705580005,-200.0
-0.15318367346938777,-0.2423265306122449,0.8663339705580005,-200.0
-0.15318367346938777,-0.23595918367346938,0.8663339705580005,-73.37803696395713
-0.15318367346938777,-0.22959183673469388,0.8663339705580005,-51.3824583108034
-0.15318367346938777,-0.22322448979591836,0.8663339705580005,-35.04476986855961
-0.15318367346938777,-0.21685714285714286,0.8663339705580005,-21.59329864941039
-0.15318367346938777,-0.21048979591836736,0.8663339705580005,-10.062349234752354
-0.15318367346938777,-0.20412244897959184,0.8663339705580005,-0.32662896958350274
-0.15318367346938777,-0.1977551020408163,0.8663339705580005,7.722276472166698
-0.15318367346938777,-0.1913877551020408,0.8663339705580005,14.207438455485516
-0.15318367346938777,-0.18502040816326532,0.8663339705580005,19.26682505292658
-0.15318367346938777,-0.1786530612244898,0.8663339705580005,23.052810094767374
-0.15318367346938777,-0.1722857142857143,0.8663339705580005,25.73079033188174
-0.15318367346938777,-0.16591836734693877,0.8663339705580005,27.476351694944046
-0.15318367346938777,-0.15955102040816327,0.8663339705580005,28.471849673722623
-0.15318367346938777,-0.15318367346938777,0.8663339705580005,28.900689103819253
-0.15318367346938777,-0.14681632653061225,0.8663339705580005,28.939781107713994
-0.15318367346938777,-0.14044897959183675,0.8663339705580005,28.751238871752648
-0.15318367346938777,-0.13408163265306122,0.8663339705580005,28.47309945302337
-0.15318367346938777,-0.12771428571428572,0.8663339705580005,28.210244711740156
-0.15318367346938777,-0.1213469387755102,0.8663339705580005,28.026737272131005
-0.15318367346938777,-0.1149795918367347,0.8663339705580005,27.94085919090914
-0.15318367346938777,-0.10861224489795918,0.8663339705580005,27.923715523859645
-0.15318367346938777,-0.10224489795918368,0.8663339705580005,27.901702334995772
-0.15318367346938777,-0.09587755102040818,0.8663339705580005,27.76230768097185
-0.15318367346938777,-0.08951020408163265,0.8663339705580005,27.362392197645097
-0.15318367346938777,-0.08314285714285716,0.8663339705580005,26.53738511323344
-0.15318367346938777,-0.07677551020408163,0.8663339705580005,25.110442390668947
-0.15318367346938777,-0.07040816326530613,0.8663339705580005,22.90063357059583
-0.15318367346938777,-0.06404081632653061,0.8663339705580005,19.72967388491023
-0.15318367346938777,-0.05767346938775511,0.8663339705580005,15.427048492233933
-0.15318367346938777,-0.051306122448979585,0.8663339705580005,9.833568021354054
-0.15318367346938777,-0.04493877551020409,0.8663339705580005,2.803601492094103
-0.15318367346938777,-0.03857142857142859,0.8663339705580005,-5.793809800885555
-0.15318367346938777,-0.03220408163265309,0.8663339705580005,-16.074689453298866
-0.15318367346938777,-0.02583673469387754,0.8663339705580005,-28.140870085782733
-0.15318367346938777,-0.01946938775510204,0.8663339705580005,-42.18695995947829
-0.15318367346938777,-0.013102040816326543,0.8663339705580005,-59.74383465929019
-0.15318367346938777,-0.006734693877551046,0.8663339705580005,-83.79781111653237
-0.15318367346938777,-0.0003673469387755479,0.8663339705580005,-200.0
-0.15318367346938777,0.006,0.8663339705580005,-200.0
-0.14681632653061225,-0.306,0.8663339705580005,-200.0
-0.14681632653061225,-0.2996326530612245,0.8663339705580005,-200.0
-0.14681632653061225,-0.293265306122449,0.8663339705580005,-200.0
-0.14681632653061225,-0.28689795918367345,0.8663339705580005,-200.0
-0.14681632653061225,-0.28053061224489795,0.8663339705580005,-200.0
-0.14681632653061225,-0.27416326530612245,0.8663339705580005,-200.0
-0.14681632653061225,-0.26779591836734695,0.8663339705580005,-200.0
-0.14681632653061225,-0.26142857142857145,0.8663339705580005,-200.0
-0.14681632653061225,-0.2550612244897959,0.8663339705580005,-200.0
-0.14681632653061225,-0.2486938775510204,0.8663339705580005,-200.0
-0.14681632653061225,-0.2423265306122449,0.8663339705580005,-200.0
-0.14681632653061225,-0.23595918367346938,0.8663339705580005,-200.0
-0.14681632653061225,-0.22959183673469388,0.8663339705580005,-70.1952086207698
-0.14681632653061225,-0.22322448979591836,0.8663339705580005,-48.7947952084088
-0.14681632653061225,-0.21685714285714286,0.8663339705580005,-32.84505294488682
-0.14681632653061225,-0.21048979591836736,0.8663339705580005,-19.64628728506663
-0.14681632653061225,-0.20412244897959184,0.8663339705580005,-8.351358367276685
-0.14681632653061225,-0.1977551020408163,0.8663339705580005,1.1570259810823487
-0.14681632653061225,-0.1913877551020408,0.8663339705580005,8.988191424189825
-0.14681632653061225,-0.18502040816326532,0.8663339705580005,15.266173137661799
-0.14681632653061225,-0.1786530612244898,0.8663339705580005,20.129879179545608
-0.14681632653061225,-0.1722857142857143,0.8663339705580005,23.732327572195125
-0.14681632653061225,-0.16591836734693877,0.8663339705580005,26.239727514077273
-0.14681632653061225,-0.15955102040816327,0.8663339705580005,27.828678051055157
-0.14681632653061225,-0.15318367346938777,0.8663339705580005,28.681698687322605
-0.14681632653061225,-0.14681632653061225,0.8663339705580005,28.981760578298886
-0.14681632653061225,-0.14044897959183675,0.8663339705580005,28.905014488102633
-0.14681632653061225,-0.13408163265306122,0.8663339705580005,28.612205201710776
-0.14681632653061225,-0.12771428571428572,0.8663339705580005,28.2393675402917
-0.14681632653061225,-0.1213469387755102,0.8663339705580005,27.88879010127451
-0.14681632653061225,-0.1149795918367347,0.8663339705580005,27.621534166039087
-0.14681632653061225,-0.10861224489795918,0.8663339705580005,27.452663581894353
-0.14681632653061225,-0.10224489795918368,0.8663339705580005,27.350062624318653
-0.14681632653061225,-0.09587755102040818,0.8663339705580005,27.237255766502933
-0.14681632653061225,-0.08951020408163265,0.8663339705580005,26.99938214592092
-0.14681632653061225,-0.08314285714285716,0.8663339705580005,26.491511440306283
-0.14681632653061225,-0.07677551020408163,0.8663339705580005,25.54794113970051
-0.14681632653061225,-0.07040816326530613,0.8663339705580005,23.991285131577467
-0.14681632653061225,-0.06404081632653061,0.8663339705580005,21.640583905166135
-0.14681632653061225,-0.05767346938775511,0.8663339705580005,18.317921801336883
-0.14681632653061225,-0.051306122448979585,0.8663339705580005,13.853435705696278
-0.14681632653061225,-0.04493877551020409,0.8663339705580005,8.088789012191352
-0.14681632653061225,-0.03857142857142859,0.8663339705580005,0.8793077601504145
-0.14681632653061225,-0.03220408163265309,0.8663339705580005,-7.9049671809178506
-0.14681632653061225,-0.02583673469387754,0.8663339705580005,-18.37909556292322
-0.14681632653061225,-0.01946938775510204,0.8663339705580005,-30.644151850681357
-0.14681632653061225,-0.013102040816326543,0.8663339705580005,-44.92572813182956
-0.14681632653061225,-0.006734693877551046,0.8663339705580005,-62.900274094665406
-0.14681632653061225,-0.0003673469387755479,0.8663339705580005,-87.59213182265798
-0.14681632653061225,0.006,0.8663339705580005,-200.0
-0.14044897959183675,-0.306,0.8663339705580005,-200.0
-0.14044897959183675,-0.2996326530612245,0.8663339705580005,-200.0
-0.14044897959183675,-0.293265306122449,0.8663339705580005,-200.0
-0.14044897959183675,-0.28689795918367345,0.8663339705580005,-200.0
-0.14044897959183675,-0.28053061224489795,0.8663339705580005,-200.0
-0.14044897959183675,-0.27416326530612245,0.8663339705580005,-200.0
-0.14044897959183675,-0.26779591836734695,0.8663339705580005,-200.0
-0.14044897959183675,-0.26142857142857145,0.8663339705580005,-200.0
-0.14044897959183675,-0.2550612244897959,0.8663339705580005,-200.0
-0.14044897959183675,-0.2486938775510204,0.8663339705580005,-200.0
-0.14044897959183675,-0.2423265306122449,0.8663339705580005,-200.0
-0.14044897959183675,-0.23595918367346938,0.8663339705580005,-200.0
-0.14044897959183675,-0.22959183673469388,0.8663339705580005,-200.0
-0.14044897959183675,-0.22322448979591836,0.8663339705580005,-67.19714851921165
-0.14044897959183675,-0.21685714285714286,0.8663339705580005,-46.37485778339152
-0.14044897959183675,-0.21048979591836736,0.8663339705580005,-30.7967488948205
-0.14044897959183675,-0.20412244897959184,0.8663339705580005,-17.845925339374393
-0.14044897959183675,-0.1977551020408163,0.8663339705580005,-6.784563972669293
-0.14044897959183675,-0.1913877551020408,0.8663339705580005,2.4989358959702344
-0.14044897959183675,-0.18502040816326532,0.8663339705580005,10.114828150480388
-0.14044897959183675,-0.1786530612244898,0.8663339705580005,16.187834235116856
-0.14044897959183675,-0.1722857142857143,0.8663339705580005,20.857883251600228
-0.14044897959183675,-0.16591836734693877,0.8663339705580005,24.279351583868277
-0.14044897959183675,-0.15955102040816327,0.8663339705580005,26.61914721282687
-0.14044897959183675,-0.15318367346938777,0.8663339705580005,28.05418252811293
-0.14044897959183675,-0.14681632653061225,0.8663339705580005,28.767167631289336
-0.14044897959183675,-0.14044897959183675,0.8663339705580005,28.9408195141356
-0.14044897959183675,-0.13408163265306122,0.8663339705580005,28.750499711602647
-0.14044897959183675,-0.12771428571428572,0.8663339705580005,28.35553748400539
-0.14044897959183675,-0.1213469387755102,0.8663339705580005,27.88991829553674
-0.14044897959183675,-0.1149795918367347,0.8663339705580005,27.453342368645632
-0.14044897959183675,-0.10861224489795918,0.8663339705580005,27.10378896150038
-0.14044897959183675,-0.10224489795918368,0.8663339705580005,26.853094435035953
-0.14044897959183675,-0.09587755102040818,0.8663339705580005,26.66601243627636
-0.14044897959183675,-0.08951020408163265,0.8663339705580005,26.46319558212373
-0.14044897959183675,-0.08314285714285716,0.8663339705580005,26.12744184302157
-0.14044897959183675,-0.07677551020408163,0.8663339705580005,25.512097055599803
-0.14044897959183675,-0.07040816326530613,0.8663339705580005,24.4503644032242
-0.14044897959183675,-0.06404081632653061,0.8663339705580005,22.76436050974544
-0.14044897959183675,-0.05767346938775511,0.8663339705580005,20.273122433914338
-0.14044897959183675,-0.051306122448979585,0.8663339705580005,16.799124328762712
-0.14044897959183675,-0.04493877551020409,0.8663339705580005,12.17318011743195
-0.14044897959183675,-0.03857142857142859,0.8663339705580005,6.237810286940196
-0.14044897959183675,-0.03220408163265309,0.8663339705580005,-1.1507169002195603
-0.14044897959183675,-0.02583673469387754,0.8663339705580005,-10.121322755451853
-0.14044897959183675,-0.01946938775510204,0.8663339705580005,-20.78806651860386
-0.14044897959183675,-0.013102040816326543,0.8663339705580005,-33.251515566763445
-0.14044897959183675,-0.006734693877551046,0.8663339705580005,-47.77522653703879
-0.14044897959183675,-0.0003673469387755479,0.8663339705580005,-66.1805036009807
-0.14044897959183675,0.006,0.8663339705580005,-91.52715263147914
-0.13408163265306122,-0.306,0.8663339705580005,-200.0
-0.13408163265306122,-0.2996326530612245,0.8663339705580005,-200.0
-0.13408163265306122,-0.293265306122449,0.8663339705580005,-200.0
-0.13408163265306122,-0.28689795918367345,0.8663339705580005,-200.0
-0.13408163265306122,-0.28053061224489795,0.8663339705580005,-200.0
-0.13408163265306122,-0.27416326530612245,0.8663339705580005,-200.0
-0.13408163265306122,-0.26779591836734695,0.8663339705580005,-200.0
-0.13408163265306122,-0.26142857142857145,0.8663339705580005,-200.0
-0.13408163265306122,-0.2550612244897959,0.8663339705580005,-200.0
-0.13408163265306122,-0.2486938775510204,0.8663339705580005,-200.0
-0.13408163265306122,-0.2423265306122449,0.8663339705580005,-200.0
-0.13408163265306122,-0.23595918367346938,0.8663339705580005,-200.0
-0.13408163265306122,-0.22959183673469388,0.8663339705580005,-200.0
-0.13408163265306122,-0.22322448979591836,0.8663339705580005,-92.23113654985532
-0.13408163265306122,-0.21685714285714286,0.8663339705580005,-64.37945478255705
-0.13408163265306122,-0.21048979591836736,0.8663339705580005,-44.11922556119022
-0.13408163265306122,-0.20412244897959184,0.8663339705580005,-28.896937639359148
-0.13408163265306122,-0.1977551020408163,0.8663339705580005,-16.189873929612176
-0.13408163265306122,-0.1913877551020408,0.8663339705580005,-5.359692367119667
-0.13408163265306122,-0.18502040816326532,0.8663339705580005,3.701053081626668
-0.13408163265306122,-0.1786530612244898,0.8663339705580005,11.10359648394483
-0.13408163265306122,-0.1722857142857143,0.8663339705580005,16.974107277079238
-0.13408163265306122,-0.16591836734693877,0.8663339705580005,21.453411191963
-0.13408163265306122,-0.15955102040816327,0.8663339705580005,24.69655396888769
-0.13408163265306122,-0.15318367346938777,0.8663339705580005,26.871192321570557
-0.13408163265306122,-0.14681632653061225,0.8663339705580005,28.154740897469033
-0.13408163265306122,-0.14044897959183675,0.8663339705580005,28.73007926746786
-0.13408163265306122,-0.13408163265306122,0.8663339705580005,28.779643364100266
-0.13408163265306122,-0.12771428571428572,0.8663339705580005,28.477961803381774
-0.13408163265306122,-0.1213469387755102,0.8663339705580005,27.982922446352106
-0.13408163265306122,-0.1149795918367347,0.8663339705580005,27.426392428532257
-0.13408163265306122,-0.10861224489795918,0.8663339705580005,26.905425258330148
-0.13408163265306122,-0.10224489795918368,0.8663339705580005,26.474977937307077
-0.13408163265306122,-0.09587755102040818,0.8663339705580005,26.14363021686164
-0.13408163265306122,-0.08951020408163265,0.8663339705580005,25.87298528104502
-0.13408163265306122,-0.08314285714285716,0.8663339705580005,25.58087934046553
-0.13408163265306122,-0.07677551020408163,0.8663339705580005,25.147806117417474
-0.13408163265306122,-0.07040816326530613,0.8663339705580005,24.425428365236584
-0.13408163265306122,-0.06404081632653061,0.8663339705580005,23.24590176116129
-0.13408163265306122,-0.05767346938775511,0.8663339705580005,21.430877448112287
-0.13408163265306122,-0.051306122448979585,0.8663339705580005,18.79942611439842
-0.13408163265306122,-0.04493877551020409,0.8663339705580005,15.17443672302717
-0.13408163265306122,-0.03857142857142859,0.8663339705580005,10.387385861661325
-0.13408163265306122,-0.03220408163265309,0.8663339705580005,4.281710968684905
-0.13408163265306122,-0.02583673469387754,0.8663339705580005,-3.285355394845457
-0.13408163265306122,-0.01946938775510204,0.8663339705580005,-12.441776458701021
-0.13408163265306122,-0.013102040816326543,0.8663339705580005,-23.300596255878478
-0.13408163265306122,-0.006734693877551046,0.8663339705580005,-35.96203790189151
-0.13408163265306122,-0.0003673469387755479,0.8663339705580005,-50.73551493303026
-0.13408163265306122,0.006,0.8663339705580005,-69.58434554751852
-0.12771428571428572,-0.306,0.8663339705580005,-200.0
-0.12771428571428572,-0.2996326530612245,0.8663339705580005,-200.0
-0.12771428571428572,-0.293265306122449,0.8663339705580005,-200.0
-0.12771428571428572,-0.28689795918367345,0.8663339705580005,-200.0
-0.12771428571428572,-0.28053061224489795,0.8663339705580005,-200.0
-0.12771428571428572,-0.27416326530612245,0.8663339705580005,-200.0
-0.12771428571428572,-0.26779591836734695,0.8663339705580005,-200.0
-0.12771428571428572,-0.26142857142857145,0.8663339705580005,-200.0
-0.12771428571428572,-0.2550612244897959,0.8663339705580005,-200.0
-0.12771428571428572,-0.2486938775510204,0.8663339705580005,-200.0
-0.12771428571428572,-0.2423265306122449,0.8663339705580005,-200.0
-0.12771428571428572,-0.23595918367346938,0.8663339705580005,-200.0
-0.12771428571428572,-0.22959183673469388,0.8663339705580005,-200.0
-0.12771428571428572,-0.22322448979591836,0.8663339705580005,-200.0
-0.12771428571428572,-0.21685714285714286,0.8663339705580005,-90.97929334803356
-0.12771428571428572,-0.21048979591836736,0.8663339705580005,-61.73838342011628
-0.12771428571428572,-0.20412244897959184,0.8663339705580005,-42.02456270851427
-0.12771428571428572,-0.1977551020408163,0.8663339705580005,-27.142865830322346
-0.12771428571428572,-0.1913877551020408,0.8663339705580005,-14.676149537180677
-0.12771428571428572,-0.18502040816326532,0.8663339705580005,-4.075290557089019
-0.12771428571428572,-0.1786530612244898,0.8663339705580005,4.765088159020863
-0.12771428571428572,-0.1722857142857143,0.8663339705580005,11.957107542565819
-0.12771428571428572,-0.16591836734693877,0.8663339705580005,17.627692907994923
-0.12771428571428572,-0.15955102040816327,0.8663339705580005,21.91862901578179
-0.12771428571428572,-0.15318367346938777,0.8663339705580005,24.98584064725291
-0.12771428571428572,-0.14681632653061225,0.8663339705580005,26.997714912411713
-0.12771428571428572,-0.14044897959183675,0.8663339705580005,28.132158752329907
-0.12771428571428572,-0.13408163265306122,0.8663339705580005,28.572193946465426
-0.12771428571428572,-0.12771428571428572,0.8663339705580005,28.499963977065242
-0.12771428571428572,-0.1213469387755102,0.8663339705580005,28.089074948987623
-0.12771428571428572,-0.1149795918367347,0.8663339705580005,27.49593282765787
-0.12771428571428572,-0.10861224489795918,0.8663339705580005,26.850311843911445
-0.12771428571428572,-0.10224489795918368,0.8663339705580005,26.24656221249573
-0.12771428571428572,-0.09587755102040818,0.8663339705580005,25.73656642761924
-0.12771428571428572,-0.08951020408163265,0.8663339705580005,25.325670668952235
-0.12771428571428572,-0.08314285714285716,0.8663339705580005,24.972338107447474
-0.12771428571428572,-0.07677551020408163,0.8663339705580005,24.591617576377278
-0.12771428571428572,-0.07040816326530613,0.8663339705580005,24.061741132647686
-0.12771428571428572,-0.06404081632653061,0.8663339705580005,23.23273231370595
-0.12771428571428572,-0.05767346938775511,0.8663339705580005,21.935742448645033
-0.12771428571428572,-0.051306122448979585,0.8663339705580005,19.992001899429006
-0.12771428571428572,-0.04493877551020409,0.8663339705580005,17.220610755353547
-0.12771428571428572,-0.03857142857142859,0.8663339705580005,13.44494025984962
-0.12771428571428572,-0.03220408163265309,0.8663339705580005,8.49717633136969
-0.12771428571428572,-0.02583673469387754,0.8663339705580005,2.221585466653643
-0.12771428571428572,-0.01946938775510204,0.8663339705580005,-5.523598569644907
-0.12771428571428572,-0.013102040816326543,0.8663339705580005,-14.8653444646269
-0.12771428571428572,-0.006734693877551046,0.8663339705580005,-25.915704431703848
-0.12771428571428572,-0.0003673469387755479,0.8663339705580005,-38.774868618557406
-0.12771428571428572,0.006,0.8663339705580005,-53.80673248332229
-0.1213469387755102,-0.306,0.8663339705580005,-200.0
-0.1213469387755102,-0.2996326530612245,0.8663339705580005,-200.0
-0.1213469387755102,-0.293265306122449,0.8663339705580005,-200.0
-0.1213469387755102,-0.28689795918367345,0.8663339705580005,-200.0
-0.1213469387755102,-0.28053061224489795,0.8663339705580005,-200.0
-0.1213469387755102,-0.27416326530612245,0.8663339705580005,-200.0
-0.1213469387755102,-0.26779591836734695,0.8663339705580005,-200.0
-0.1213469387755102,-0.26142857142857145,0.8663339705580005,-200.0
-0.1213469387755102,-0.2550612244897959,0.8663339705580005,-200.0
-0.1213469387755102,-0.2486938775510204,0.8663339705580005,-200.0
-0.1213469387755102,-0.2423265306122449,0.8663339705580005,-200.0
-0.1213469387755102,-0.23595918367346938,0.8663339705580005,-200.0
-0.1213469387755102,-0.22959183673469388,0.8663339705580005,-200.0
-0.1213469387755102,-0.22322448979591836,0.8663339705580005,-200.0
-0.1213469387755102,-0.21685714285714286,0.8663339705580005,-200.0
-0.1213469387755102,-0.21048979591836736,0.8663339705580005,-86.09783981473038
-0.1213469387755102,-0.20412244897959184,0.8663339705580005,-59.2701731244872
-0.1213469387755102,-0.1977551020408163,0.8663339705580005,-40.08781243498915
-0.1213469387755102,-0.1913877551020408,0.8663339705580005,-25.532687294525356
-0.1213469387755102,-0.18502040816326532,0.8663339705580005,-13.30298616760686
-0.1213469387755102,-0.1786530612244898,0.8663339705580005,-2.9287169095161367
-0.1213469387755102,-0.1722857142857143,0.8663339705580005,5.693775697462183
-0.1213469387755102,-0.16591836734693877,0.8663339705580005,12.6775579449757
-0.1213469387755102,-0.15955102040816327,0.8663339705580005,18.150526467312528
-0.1213469387755102,-0.15318367346938777,0.8663339705580005,22.255419044983313
-0.1213469387755102,-0.14681632653061225,0.8663339705580005,25.149042592450897
-0.1213469387755102,-0.14044897959183675,0.8663339705580005,27.00050319351392
-0.1213469387755102,-0.13408163265306122,0.8663339705580005,27.988196303484628
-0.1213469387755102,-0.12771428571428572,0.8663339705580005,28.29522906979946
-0.1213469387755102,-0.1213469387755102,0.8663339705580005,28.10338598015218
-0.1213469387755102,-0.1149795918367347,0.8663339705580005,27.58540939667508
-0.1213469387755102,-0.10861224489795918,0.8663339705580005,26.89613977399648
-0.1213469387755102,-0.10224489795918368,0.8663339705580005,26.16318911365003
-0.1213469387755102,-0.09587755102040818,0.8663339705580005,25.47819842613929
-0.1213469387755102,-0.08951020408163265,0.8663339705580005,24.88995293449332
-0.1213469387755102,-0.08314285714285716,0.8663339705580005,24.400560413987467
-0.1213469387755102,-0.07677551020408163,0.8663339705580005,23.96536533880093
-0.1213469387755102,-0.07040816326530613,0.8663339705580005,23.496660983167992
-0.1213469387755102,-0.06404081632653061,0.8663339705580005,22.870456666955754
-0.1213469387755102,-0.05767346938775511,0.8663339705580005,21.93518672543245
-0.1213469387755102,-0.051306122448979585,0.8663339705580005,20.521013608553236
-0.1213469387755102,-0.04493877551020409,0.8663339705580005,18.44881846754308
-0.1213469387755102,-0.03857142857142859,0.8663339705580005,15.537797844232191
-0.1213469387755102,-0.03220408163265309,0.8663339705580005,11.611734263539201
-0.1213469387755102,-0.02583673469387754,0.8663339705580005,6.503557950186266
-0.1213469387755102,-0.01946938775510204,0.8663339705580005,0.05842362294681891
-0.1213469387755102,-0.013102040816326543,0.8663339705580005,-7.864468095390736
-0.1213469387755102,-0.006734693877551046,0.8663339705580005,-17.391070020621143
-0.1213469387755102,-0.0003673469387755479,0.8663339705580005,-28.632454329847363
-0.1213469387755102,0.006,0.8663339705580005,-41.68922108565789
-0.1149795918367347,-0.306,0.8663339705580005,-200.0
-0.1149795918367347,-0.2996326530612245,0.8663339705580005,-200.0
-0.1149795918367347,-0.293265306122449,0.8663339705580005,-200.0
-0.1149795918367347,-0.28689795918367345,0.8663339705580005,-200.0
-0.1149795918367347,-0.28053061224489795,0.8663339705580005,-200.0
-0.1149795918367347,-0.27416326530612245,0.8663339705580005,-200.0
-0.1149795918367347,-0.26779591836734695,0.8663339705580005,-200.0
-0.1149795918367347,-0.26142857142857145,0.8663339705580005,-200.0
-0.1149795918367347,-0.2550612244897959,0.8663339705580005,-200.0
-0.1149795918367347,-0.2486938775510204,0.8663339705580005,-200.0
-0.1149795918367347,-0.2423265306122449,0.8663339705580005,-200.0
-0.1149795918367347,-0.23595918367346938,0.8663339705580005,-200.0
-0.1149795918367347,-0.22959183673469388,0.8663339705580005,-200.0
-0.1149795918367347,-0.22322448979591836,0.8663339705580005,-200.0
-0.1149795918367347,-0.21685714285714286,0.8663339705580005,-200.0
-0.1149795918367347,-0.21048979591836736,0.8663339705580005,-200.0
-0.1149795918367347,-0.20412244897959184,0.8663339705580005,-83.27893569972294
-0.1149795918367347,-0.1977551020408163,0.8663339705580005,-56.972136071758186
-0.1149795918367347,-0.1913877551020408,0.8663339705580005,-38.3061635473495
-0.1149795918367347,-0.18502040816326532,0.8663339705580005,-24.06345367676828
-0.1149795918367347,-0.1786530612244898,0.8663339705580005,-12.06762111882535
-0.1149795918367347,-0.1722857142857143,0.8663339705580005,-1.9177411650799776
-0.1149795918367347,-0.16591836734693877,0.8663339705580005,6.489075489960463
-0.1149795918367347,-0.15955102040816327,0.8663339705580005,13.26685197977822
-0.1149795918367347,-0.15318367346938777,0.8663339705580005,18.544458665172705
-0.1149795918367347,-0.14681632653061225,0.8663339705580005,22.465593539304603
-0.1149795918367347,-0.14044897959183675,0.8663339705580005,25.18794543009566
-0.1149795918367347,-0.13408163265306122,0.8663339705580005,26.881295436589877
-0.1149795918367347,-0.12771428571428572,0.8663339705580005,27.72449879405263
-0.1149795918367347,-0.1213469387755102,0.8663339705580005,27.90077667907124
-0.1149795918367347,-0.1149795918367347,0.8663339705580005,27.591519542914387
-0.1149795918367347,-0.10861224489795918,0.8663339705580005,26.968516944433695
-0.1149795918367347,-0.10224489795918368,0.8663339705580005,26.18503117294355
-0.1149795918367347,-0.09587755102040818,0.8663339705580005,25.36646965596439
-0.1149795918367347,-0.08951020408163265,0.8663339705580005,24.601725557087445
-0.1149795918367347,-0.08314285714285716,0.8663339705580005,23.936475263732547
-0.1149795918367347,-0.07677551020408163,0.8663339705580005,23.3695891453734
-0.1149795918367347,-0.07040816326530613,0.8663339705580005,22.853310828849647
-0.1149795918367347,-0.06404081632653061,0.8663339705580005,22.29721039297497
-0.1149795918367347,-0.05767346938775511,0.8663339705580005,21.575095393844457
-0.1149795918367347,-0.051306122448979585,0.8663339705580005,20.533891833773257
-0.1149795918367347,-0.04493877551020409,0.8663339705580005,19.002842958569065
-0.1149795918367347,-0.03857142857142859,0.8663339705580005,16.802433815333213
-0.1149795918367347,-0.03220408163265309,0.8663339705580005,13.752000692668496
-0.1149795918367347,-0.02583673469387754,0.8663339705580005,9.675805697280634
-0.1149795918367347,-0.01946938775510204,0.8663339705580005,4.407513750140261
-0.1149795918367347,-0.013102040816326543,0.8663339705580005,-2.206822249953646
-0.1149795918367347,-0.006734693877551046,0.8663339705580005,-10.307021418963586
-0.1149795918367347,-0.0003673469387755479,0.8663339705580005,-20.018032146239005
-0.1149795918367347,0.006,0.8663339705580005,-31.449951158920598
-0.10861224489795918,-0.306,0.8663339705580005,-200.0
-0.10861224489795918,-0.2996326530612245,0.8663339705580005,-200.0
-0.10861224489795918,-0.293265306122449,0.8663339705580005,-200.0
-0.10861224489795918,-0.28689795918367345,0.8663339705580005,-200.0
-0.10861224489795918,-0.28053061224489795,0.8663339705580005,-200.0
-0.10861224489795918,-0.27416326530612245,0.8663339705580005,-200.0
-0.10861224489795918,-0.26779591836734695,0.8663339705580005,-200.0
-0.10861224489795918,-0.26142857142857145,0.8663339705580005,-200.0
-0.10861224489795918,-0.2550612244897959,0.8663339705580005,-200.0
-0.10861224489795918,-0.2486938775510204,0.8663339705580005,-200.0
-0.10861224489795918,-0.2423265306122449,0.8663339705580005,-200.0
-0.10861224489795918,-0.23595918367346938,0.8663339705580005,-200.0
-0.10861224489795918,-0.22959183673469388,0.8663339705580005,-200.0
-0.10861224489795918,-0.22322448979591836,0.8663339705580005,-200.0
-0.10861224489795918,-0.21685714285714286,0.8663339705580005,-200.0
-0.10861224489795918,-0.21048979591836736,0.8663339705580005,-200.0
-0.10861224489795918,-0.20412244897959184,0.8663339705580005,-200.0
-0.10861224489795918,-0.1977551020408163,0.8663339705580005,-80.43407407397541
-0.10861224489795918,-0.1913877551020408,0.8663339705580005,-54.84054567481735
-0.10861224489795918,-0.18502040816326532,0.8663339705580005,-36.67574520252096
-0.10861224489795918,-0.1786530612244898,0.8663339705580005,-22.73268762463429
-0.10861224489795918,-0.1722857142857143,0.8663339705580005,-10.968062185055281
-0.10861224489795918,-0.16591836734693877,0.8663339705580005,-1.040430714006721
-0.10861224489795918,-0.15955102040816327,0.8663339705580005,7.152871368915044
-0.10861224489795918,-0.15318367346938777,0.8663339705580005,13.726823494116779
-0.10861224489795918,-0.14681632653061225,0.8663339705580005,18.81130053694751
-0.10861224489795918,-0.14044897959183675,0.8663339705580005,22.550910285150895
-0.10861224489795918,-0.13408163265306122,0.8663339705580005,25.10421193169318
-0.10861224489795918,-0.12771428571428572,0.8663339705580005,26.641720303929436
-0.10861224489795918,-0.1213469387755102,0.8663339705580005,27.34269209168325
-0.10861224489795918,-0.1149795918367347,0.8663339705580005,27.390424569686818
-0.10861224489795918,-0.10861224489795918,0.8663339705580005,26.965889042863136
-0.10861224489795918,-0.10224489795918368,0.8663339705580005,26.239882770402833
-0.10861224489795918,-0.09587755102040818,0.8663339705580005,25.364043964748785
-0.10861224489795918,-0.08951020408163265,0.8663339705580005,24.461536362482324
-0.10861224489795918,-0.08314285714285716,0.8663339705580005,23.618476382806442
-0.10861224489795918,-0.07677551020408163,0.8663339705580005,22.877417929626475
-0.10861224489795918,-0.07040816326530613,0.8663339705580005,22.23399423294304
-0.10861224489795918,-0.06404081632653061,0.8663339705580005,21.637346960895766
-0.10861224489795918,-0.05767346938775511,0.8663339705580005,20.994393128834528
-0.10861224489795918,-0.051306122448979585,0.8663339705580005,20.17680919475168
-0.10861224489795918,-0.04493877551020409,0.8663339705580005,19.029967913681915
-0.10861224489795918,-0.03857142857142859,0.8663339705580005,17.382256223178047
-0.10861224489795918,-0.03220408163265309,0.8663339705580005,15.053841942639473
-0.10861224489795918,-0.02583673469387754,0.8663339705580005,11.864205899709603
-0.10861224489795918,-0.01946938775510204,0.8663339705580005,7.638117601319237
-0.10861224489795918,-0.013102040816326543,0.8663339705580005,2.209985888097057
-0.10861224489795918,-0.006734693877551046,0.8663339705580005,-4.5732300160701165
-0.10861224489795918,-0.0003673469387755479,0.8663339705580005,-12.85036953722729
-0.10861224489795918,0.006,0.8663339705580005,-22.745372473411766
-0.10224489795918368,-0.306,0.8663339705580005,-200.0
-0.10224489795918368,-0.2996326530612245,0.8663339705580005,-200.0
-0.10224489795918368,-0.293265306122449,0.8663339705580005,-200.0
-0.10224489795918368,-0.28689795918367345,0.8663339705580005,-200.0
-0.10224489795918368,-0.28053061224489795,0.8663339705580005,-200.0
-0.10224489795918368,-0.27416326530612245,0.8663339705580005,-200.0
-0.10224489795918368,-0.26779591836734695,0.8663339705580005,-200.0
-0.10224489795918368,-0.26142857142857145,0.8663339705580005,-200.0
-0.10224489795918368,-0.2550612244897959,0.8663339705580005,-200.0
-0.10224489795918368,-0.2486938775510204,0.8663339705580005,-200.0
-0.10224489795918368,-0.2423265306122449,0.8663339705580005,-200.0
-0.10224489795918368,-0.23595918367346938,0.8663339705580005,-200.0
-0.10224489795918368,-0.22959183673469388,0.8663339705580005,-200.0
-0.10224489795918368,-0.22322448979591836,0.8663339705580005,-200.0
-0.10224489795918368,-0.21685714285714286,0.8663339705580005,-200.0
-0.10224489795918368,-0.21048979591836736,0.8663339705580005,-200.0
-0.10224489795918368,-0.20412244897959184,0.8663339705580005,-200.0
-0.10224489795918368,-0.1977551020408163,0.8663339705580005,-200.0
-0.10224489795918368,-0.1913877551020408,0.8663339705580005,-77.68249088981325
-0.10224489795918368,-0.18502040816326532,0.8663339705580005,-52.872161368939274
-0.10224489795918368,-0.1786530612244898,0.8663339705580005,-35.19346279601855
-0.10224489795918368,-0.1722857142857143,0.8663339705580005,-21.538265264291574
-0.10224489795918368,-0.16591836734693877,0.8663339705580005,-10.002393886974339
-0.10224489795918368,-0.15955102040816327,0.8663339705580005,-0.2949235761370055
-0.10224489795918368,-0.15318367346938777,0.8663339705580005,7.686989703697524
-0.10224489795918368,-0.14681632653061225,0.8663339705580005,14.059257241380955
-0.10224489795918368,-0.14044897959183675,0.8663339705580005,18.952736390549457
-0.10224489795918368,-0.13408163265306122,0.8663339705580005,22.51301886250842
-0.10224489795918368,-0.12771428571428572,0.8663339705580005,24.899502364788134
-0.10224489795918368,-0.1213469387755102,0.8663339705580005,26.28338001942086
-0.10224489795918368,-0.1149795918367347,0.8663339705580005,26.84433374061144
-0.10224489795918368,-0.10861224489795918,0.8663339705580005,26.765688388195937
-0.10224489795918368,-0.10224489795918368,0.8663339705580005,26.227966440169762
-0.10224489795918368,-0.09587755102040818,0.8663339705580005,25.400929471495274
-0.10224489795918368,-0.08951020408163265,0.8663339705580005,24.434552398175917
-0.10224489795918368,-0.08314285714285716,0.8663339705580005,23.449715306110683
-0.10224489795918368,-0.07677551020408163,0.8663339705580005,22.52973367903621
-0.10224489795918368,-0.07040816326530613,0.8663339705580005,21.71399334278385
-0.10224489795918368,-0.06404081632653061,0.8663339705580005,20.994938609179567
-0.10224489795918368,-0.05767346938775511,0.8663339705580005,20.318652203165886
-0.10224489795918368,-0.051306122448979585,0.8663339705580005,19.589349686328607
-0.10224489795918368,-0.04493877551020409,0.8663339705580005,18.676634681828933
-0.10224489795918368,-0.03857142857142859,0.8663339705580005,17.424418275031602
-0.10224489795918368,-0.03220408163265309,0.8663339705580005,15.660245589960313
-0.10224489795918368,-0.02583673469387754,0.8663339705580005,13.204005734716727
-0.10224489795918368,-0.01946938775510204,0.8663339705580005,9.875356375265824
-0.10224489795918368,-0.013102040816326543,0.8663339705580005,5.499583139920649
-0.10224489795918368,-0.006734693877551046,0.8663339705580005,-0.0881374349713937
-0.10224489795918368,-0.0003673469387755479,0.8663339705580005,-7.03993498906998
-0.10224489795918368,0.006,0.8663339705580005,-15.493662269549821
-0.09587755102040818,-0.306,0.8663339705580005,-200.0
-0.09587755102040818,-0.2996326530612245,0.8663339705580005,-200.0
-0.09587755102040818,-0.293265306122449,0.8663339705580005,-200.0
-0.09587755102040818,-0.28689795918367345,0.8663339705580005,-200.0
-0.09587755102040818,-0.28053061224489795,0.8663339705580005,-200.0
-0.09587755102040818,-0.27416326530612245,0.8663339705580005,-200.0
-0.09587755102040818,-0.26779591836734695,0.8663339705580005,-200.0
-0.09587755102040818,-0.26142857142857145,0.8663339705580005,-200.0
-0.09587755102040818,-0.2550612244897959,0.8663339705580005,-200.0
-0.09587755102040818,-0.2486938775510204,0.8663339705580005,-200.0
-0.09587755102040818,-0.2423265306122449,0.8663339705580005,-200.0
-0.09587755102040818,-0.23595918367346938,0.8663339705580005,-200.0
-0.09587755102040818,-0.22959183673469388,0.8663339705580005,-200.0
-0.09587755102040818,-0.22322448979591836,0.8663339705580005,-200.0
-0.09587755102040818,-0.21685714285714286,0.8663339705580005,-200.0
-0.09587755102040818,-0.21048979591836736,0.8663339705580005,-200.0
-0.09587755102040818,-0.20412244897959184,0.8663339705580005,-200.0
-0.09587755102040818,-0.1977551020408163,0.8663339705580005,-200.0
-0.09587755102040818,-0.1913877551020408,0.8663339705580005,-200.0
-0.09587755102040818,-0.18502040816326532,0.8663339705580005,-75.15799058155443
-0.09587755102040818,-0.1786530612244898,0.8663339705580005,-51.06418413734538
-0.09587755102040818,-0.1722857142857143,0.8663339705580005,-33.8563040082967
-0.09587755102040818,-0.16591836734693877,0.8663339705580005,-20.478180384418383
-0.09587755102040818,-0.15955102040816327,0.8663339705580005,-9.16876339183067
-0.09587755102040818,-0.15318367346938777,0.8663339705580005,0.32058319014737435
-0.09587755102040818,-0.14681632653061225,0.8663339705580005,8.093138852085403
-0.09587755102040818,-0.14044897959183675,0.8663339705580005,14.265816696339737
-0.09587755102040818,-0.13408163265306122,0.8663339705580005,18.970437180350793
-0.09587755102040818,-0.12771428571428572,0.8663339705580005,22.35354649618255
-0.09587755102040818,-0.1213469387755102,0.8663339705580005,24.575381923394882
-0.09587755102040818,-0.1149795918367347,0.8663339705580005,25.807815125447014
-0.09587755102040818,-0.10861224489795918,0.8663339705580005,26.230918590653783
-0.09587755102040818,-0.10224489795918368,0.8663339705580005,26.02802383529384
-0.09587755102040818,-0.09587755102040818,0.8663339705580005,25.379162362088014
-0.09587755102040818,-0.08951020408163265,0.8663339705580005,24.453025678634415
-0.09587755102040818,-0.08314285714285716,0.8663339705580005,23.397881217428335
-0.09587755102040818,-0.07677551020408163,0.8663339705580005,22.33226428494766
-0.09587755102040818,-0.07040816326530613,0.8663339705580005,21.33670005233503
-0.09587755102040818,-0.06404081632653061,0.8663339705580005,20.44742166567909
-0.09587755102040818,-0.05767346938775511,0.8663339705580005,19.653597625098623
-0.09587755102040818,-0.051306122448979585,0.8663339705580005,18.898295184904786
-0.09587755102040818,-0.04493877551020409,0.8663339705580005,18.083108172712997
-0.09587755102040818,-0.03857142857142859,0.8663339705580005,17.075584069298266
-0.09587755102040818,-0.03220408163265309,0.8663339705580005,15.718218764151661
-0.09587755102040818,-0.02583673469387754,0.8663339705580005,13.837761128863308
-0.09587755102040818,-0.01946938775510204,0.8663339705580005,11.253848698996904
-0.09587755102040818,-0.013102040816326543,0.8663339705580005,7.78634262939026
-0.09587755102040818,-0.006734693877551046,0.8663339705580005,3.261074123195229
-0.09587755102040818,-0.0003673469387755479,0.8663339705580005,-2.486008545934391
-0.09587755102040818,0.006,0.8663339705580005,-9.606113096271205
-0.08951020408163265,-0.306,0.8663339705580005,-200.0
-0.08951020408163265,-0.2996326530612245,0.8663339705580005,-200.0
-0.08951020408163265,-0.293265306122449,0.8663339705580005,-200.0
-0.08951020408163265,-0.28689795918367345,0.8663339705580005,-200.0
-0.08951020408163265,-0.28053061224489795,0.8663339705580005,-200.0
-0.08951020408163265,-0.27416326530612245,0.8663339705580005,-200.0
-0.08951020408163265,-0.26779591836734695,0.8663339705580005,-200.0
-0.08951020408163265,-0.26142857142857145,0.8663339705580005,-200.0
-0.08951020408163265,-0.2550612244897959,0.8663339705580005,-200.0
-0.08951020408163265,-0.2486938775510204,0.8663339705580005,-200.0
-0.08951020408163265,-0.2423265306122449,0.8663339705580005,-200.0
-0.08951020408163265,-0.23595918367346938,0.8663339705580005,-200.0
-0.08951020408163265,-0.22959183673469388,0.8663339705580005,-200.0
-0.08951020408163265,-0.22322448979591836,0.8663339705580005,-200.0
-0.08951020408163265,-0.21685714285714286,0.8663339705580005,-200.0
-0.08951020408163265,-0.21048979591836736,0.8663339705580005,-200.0
-0.08951020408163265,-0.20412244897959184,0.8663339705580005,-200.0
-0.08951020408163265,-0.1977551020408163,0.8663339705580005,-200.0
-0.08951020408163265,-0.1913877551020408,0.8663339705580005,-200.0
-0.08951020408163265,-0.18502040816326532,0.8663339705580005,-200.0
-0.08951020408163265,-0.1786530612244898,0.8663339705580005,-72.8249228414765
-0.08951020408163265,-0.1722857142857143,0.8663339705580005,-49.41389834544651
-0.08951020408163265,-0.16591836734693877,0.8663339705580005,-32.661331566989276
-0.08951020408163265,-0.15955102040816327,0.8663339705580005,-19.550518939341334
-0.08951020408163265,-0.15318367346938777,0.8663339705580005,-8.46544466408849
-0.08951020408163265,-0.14681632653061225,0.8663339705580005,0.8077725332827264
-0.08951020408163265,-0.14044897959183675,0.8663339705580005,8.37300931487195
-0.08951020408163265,-0.13408163265306122,0.8663339705580005,14.348148590827403
-0.08951020408163265,-0.12771428571428572,0.8663339705580005,18.865998700088742
-0.08951020408163265,-0.1213469387755102,0.8663339705580005,22.07404145432042
-0.08951020408163265,-0.1149795918367347,0.8663339705580005,24.133368362405587
-0.08951020408163265,-0.10861224489795918,0.8663339705580005,25.216501534827138
-0.08951020408163265,-0.10224489795918368,0.8663339705580005,25.503885242274198
-0.08951020408163265,-0.09587755102040818,0.8663339705580005,25.17882614056789
-0.08951020408163265,-0.08951020408163265,0.8663339705580005,24.420836088118715
-0.08951020408163265,-0.08314285714285716,0.8663339705580005,23.39746495195895
-0.08951020408163265,-0.07677551020408163,0.8663339705580005,22.255275955033955
-0.08951020408163265,-0.07040816326530613,0.8663339705580005,21.110445110349236
-0.08951020408163265,-0.06404081632653061,0.8663339705580005,20.04059275525905
-0.08951020408163265,-0.05767346938775511,0.8663339705580005,19.0788052431207
-0.08951020408163265,-0.051306122448979585,0.8663339705580005,18.21102905968041
-0.08951020408163265,-0.04493877551020409,0.8663339705580005,17.37731286579843
-0.08951020408163265,-0.03857142857142859,0.8663339705580005,16.47666555398361
-0.08951020408163265,-0.03220408163265309,0.8663339705580005,15.374621432474711
-0.08951020408163265,-0.02583673469387754,0.8663339705580005,13.912302845850833
-0.08951020408163265,-0.01946938775510204,0.8663339705580005,11.915699106235131
-0.08951020408163265,-0.013102040816326543,0.8663339705580005,9.204240131232115
-0.08951020408163265,-0.006734693877551046,0.8663339705580005,5.598015952232561
-0.08951020408163265,-0.0003673469387755479,0.8663339705580005,0.9234148861024183
-0.08951020408163265,0.006,0.8663339705580005,-4.982824577495881
-0.08314285714285716,-0.306,0.8663339705580005,-200.0
-0.08314285714285716,-0.2996326530612245,0.8663339705580005,-200.0
-0.08314285714285716,-0.293265306122449,0.8663339705580005,-200.0
-0.08314285714285716,-0.28689795918367345,0.8663339705580005,-200.0
-0.08314285714285716,-0.28053061224489795,0.8663339705580005,-200.0
-0.08314285714285716,-0.27416326530612245,0.8663339705580005,-200.0
-0.08314285714285716,-0.26779591836734695,0.8663339705580005,-200.0
-0.08314285714285716,-0.26142857142857145,0.8663339705580005,-200.0
-0.08314285714285716,-0.2550612244897959,0.8663339705580005,-200.0
-0.08314285714285716,-0.2486938775510204,0.8663339705580005,-200.0
-0.08314285714285716,-0.2423265306122449,0.8663339705580005,-200.0
-0.08314285714285716,-0.23595918367346938,0.8663339705580005,-200.0
-0.08314285714285716,-0.22959183673469388,0.8663339705580005,-200.0
-0.08314285714285716,-0.22322448979591836,0.8663339705580005,-200.0
-0.08314285714285716,-0.21685714285714286,0.8663339705580005,-200.0
-0.08314285714285716,-0.21048979591836736,0.8663339705580005,-200.0
-0.08314285714285716,-0.20412244897959184,0.8663339705580005,-200.0
-0.08314285714285716,-0.1977551020408163,0.8663339705580005,-200.0
-0.08314285714285716,-0.1913877551020408,0.8663339705580005,-200.0
-0.08314285714285716,-0.18502040816326532,0.8663339705580005,-200.0
-0.08314285714285716,-0.1786530612244898,0.8663339705580005,-200.0
-0.08314285714285716,-0.1722857142857143,0.8663339705580005,-70.65824977227655
-0.08314285714285716,-0.16591836734693877,0.8663339705580005,-47.918668947512366
-0.08314285714285716,-0.15955102040816327,0.8663339705580005,-31.60576183987994
-0.08314285714285716,-0.15318367346938777,0.8663339705580005,-18.753505966402848
-0.08314285714285716,-0.14681632653061225,0.8663339705580005,-7.89072240810037
-0.08314285714285716,-0.14044897959183675,0.8663339705580005,1.1683160015655467
-0.08314285714285716,-0.13408163265306122,0.8663339705580005,8.52820670488753
-0.08314285714285716,-0.12771428571428572,0.8663339705580005,14.307821763880924
-0.08314285714285716,-0.1213469387755102,0.8663339705580005,18.640943930400038
-0.08314285714285716,-0.1149795918367347,0.8663339705580005,21.676001310238977
-0.08314285714285716,-0.10861224489795918,0.8663339705580005,23.574919898327675
-0.08314285714285716,-0.10224489795918368,0.8663339705580005,24.51085868977466
-0.08314285714285716,-0.09587755102040818,0.8663339705580005,24.66461482566699
-0.08314285714285716,-0.08951020408163265,0.8663339705580005,24.219419860789035
-0.08314285714285716,-0.08314285714285716,0.8663339705580005,23.3542638953051
-0.08314285714285716,-0.07677551020408163,0.8663339705580005,22.23554638726962
-0.08314285714285716,-0.07040816326530613,0.8663339705580005,21.007993468571836
-0.08314285714285716,-0.06404081632653061,0.8663339705580005,19.785405735951322
-0.08314285714285716,-0.05767346938775511,0.8663339705580005,18.642512388854094
-0.08314285714285716,-0.051306122448979585,0.8663339705580005,17.60922169182974
-0.08314285714285716,-0.04493877551020409,0.8663339705580005,16.668266757058532
-0.08314285714285716,-0.03857142857142859,0.8663339705580005,15.756696953686337
-0.08314285714285716,-0.03220408163265309,0.8663339705580005,14.770972897287347
-0.08314285714285716,-0.02583673469387754,0.8663339705580005,13.574660667080492
-0.08314285714285716,-0.01946938775510204,0.8663339705580005,12.00755154486303
-0.08314285714285716,-0.013102040816326543,0.8663339705580005,9.894919728145133
-0.08314285714285716,-0.006734693877551046,0.8663339705580005,7.056013193543404
-0.08314285714285716,-0.0003673469387755479,0.8663339705580005,3.3111796318370788
-0.08314285714285716,0.006,0.8663339705580005,-1.5126144808719664
-0.07677551020408163,-0.306,0.8663339705580005,-200.0
-0.07677551020408163,-0.2996326530612245,0.8663339705580005,-200.0
-0.07677551020408163,-0.293265306122449,0.8663339705580005,-200.0
-0.07677551020408163,-0.28689795918367345,0.8663339705580005,-200.0
-0.07677551020408163,-0.28053061224489795,0.8663339705580005,-200.0
-0.07677551020408163,-0.27416326530612245,0.8663339705580005,-200.0
-0.07677551020408163,-0.26779591836734695,0.8663339705580005,-200.0
-0.07677551020408163,-0.26142857142857145,0.8663339705580005,-200.0
-0.07677551020408163,-0.2550612244897959,0.8663339705580005,-200.0
-0.07677551020408163,-0.2486938775510204,0.8663339705580005,-200.0
-0.07677551020408163,-0.2423265306122449,0.8663339705580005,-200.0
-0.07677551020408163,-0.23595918367346938,0.8663339705580005,-200.0
-0.07677551020408163,-0.22959183673469388,0.8663339705580005,-200.0
-0.07677551020408163,-0.22322448979591836,0.8663339705580005,-200.0
-0.07677551020408163,-0.21685714285714286,0.8663339705580005,-200.0
-0.07677551020408163,-0.21048979591836736,0.8663339705580005,-200.0
-0.07677551020408163,-0.20412244897959184,0.8663339705580005,-200.0
-0.07677551020408163,-0.1977551020408163,0.8663339705580005,-200.0
-0.07677551020408163,-0.1913877551020408,0.8663339705580005,-200.0
-0.07677551020408163,-0.18502040816326532,0.8663339705580005,-200.0
-0.07677551020408163,-0.1786530612244898,0.8663339705580005,-200.0
-0.07677551020408163,-0.1722857142857143,0.8663339705580005,-200.0
-0.07677551020408163,-0.16591836734693877,0.8663339705580005,-68.67598212696711
-0.07677551020408163,-0.15955102040816327,0.8663339705580005,-46.57603665379192
-0.07677551020408163,-0.15318367346938777,0.8663339705580005,-30.686873669700812
-0.07677551020408163,-0.14681632653061225,0.8663339705580005,-18.085424353448946
-0.07677551020408163,-0.14044897959183675,0.8663339705580005,-7.442970640420615
-0.07677551020408163,-0.13408163265306122,0.8663339705580005,1.4037951751452766
-0.07677551020408163,-0.12771428571428572,0.8663339705580005,8.56028453882325
-0.07677551020408163,-0.1213469387755102,0.8663339705580005,14.146343089606226
-0.07677551020408163,-0.1149795918367347,0.8663339705580005,18.296746071333036
-0.07677551020408163,-0.10861224489795918,0.8663339705580005,21.16086021770049
-0.07677551020408163,-0.10224489795918368,0.8663339705580005,22.901432725874482
-0.07677551020408163,-0.09587755102040818,0.8663339705580005,23.69222940720738
-0.07677551020408163,-0.08951020408163265,0.8663339705580005,23.714411880575934
-0.07677551020408163,-0.08314285714285716,0.8663339705580005,23.151133239833673
-0.07677551020408163,-0.07677551020408163,0.8663339705580005,22.180740869516576
-0.07677551020408163,-0.07040816326530613,0.8663339705580005,20.968458269886366
-0.07677551020408163,-0.06404081632653061,0.8663339705580005,19.657176929155995
-0.07677551020408163,-0.05767346938775511,0.8663339705580005,18.35826087982033
-0.07677551020408163,-0.051306122448979585,0.8663339705580005,17.143530019719023
-0.07677551020408163,-0.04493877551020409,0.8663339705580005,16.03970008557687
-0.07677551020408163,-0.03857142857142859,0.8663339705580005,15.026290120415247
-0.07677551020408163,-0.03220408163265309,0.8663339705580005,14.037387269103974
-0.07677551020408163,-0.02583673469387754,0.8663339705580005,12.966931986105832
-0.07677551020408163,-0.01946938775510204,0.8663339705580005,11.676570608275771
-0.07677551020408163,-0.013102040816326543,0.8663339705580005,10.004802922074628
-0.07677551020408163,-0.006734693877551046,0.8663339705580005,7.776228706888158
-0.07677551020408163,-0.0003673469387755479,0.8663339705580005,4.809949266453354
-0.07677551020408163,0.006,0.8663339705580005,0.9265911136489633
-0.07040816326530613,-0.306,0.8663339705580005,-200.0
-0.07040816326530613,-0.2996326530612245,0.8663339705580005,-200.0
-0.07040816326530613,-0.293265306122449,0.8663339705580005,-200.0
-0.07040816326530613,-0.28689795918367345,0.8663339705580005,-200.0
-0.07040816326530613,-0.28053061224489795,0.8663339705580005,-200.0
-0.07040816326530613,-0.27416326530612245,0.8663339705580005,-200.0
-0.07040816326530613,-0.26779591836734695,0.8663339705580005,-200.0
-0.07040816326530613,-0.26142857142857145,0.8663339705580005,-200.0
-0.07040816326530613,-0.2550612244897959,0.8663339705580005,-200.0
-0.07040816326530613,-0.2486938775510204,0.8663339705580005,-200.0
-0.07040816326530613,-0.2423265306122449,0.8663339705580005,-200.0
-0.07040816326530613,-0.23595918367346938,0.8663339705580005,-200.0
-0.07040816326530613,-0.22959183673469388,0.8663339705580005,-200.0
-0.07040816326530613,-0.22322448979591836,0.8663339705580005,-200.0
-0.07040816326530613,-0.21685714285714286,0.8663339705580005,-200.0
-0.07040816326530613,-0.21048979591836736,0.8663339705580005,-200.0
-0.07040816326530613,-0.20412244897959184,0.8663339705580005,-200.0
-0.07040816326530613,-0.1977551020408163,0.8663339705580005,-200.0
-0.07040816326530613,-0.1913877551020408,0.8663339705580005,-200.0
-0.07040816326530613,-0.18502040816326532,0.8663339705580005,-200.0
-0.07040816326530613,-0.1786530612244898,0.8663339705580005,-200.0
-0.07040816326530613,-0.1722857142857143,0.8663339705580005,-200.0
-0.07040816326530613,-0.16591836734693877,0.8663339705580005,-200.0
-0.07040816326530613,-0.15955102040816327,0.8663339705580005,-66.86231473933972
-0.07040816326530613,-0.15318367346938777,0.8663339705580005,-45.38349983892786
-0.07040816326530613,-0.14681632653061225,0.8663339705580005,-29.902092500277387
-0.07040816326530613,-0.14044897959183675,0.8663339705580005,-17.544630998735858
-0.07040816326530613,-0.13408163265306122,0.8663339705580005,-7.120623648240791
-0.07040816326530613,-0.12771428571428572,0.8663339705580005,1.5157364958796151
-0.07040816326530613,-0.1213469387755102,0.8663339705580005,8.470720526158349
-0.07040816326530613,-0.1149795918367347,0.8663339705580005,13.865159907042209
-0.07040816326530613,-0.10861224489795918,0.8663339705580005,17.83481911492768
-0.07040816326530613,-0.10224489795918368,0.8663339705580005,20.529973466462852
-0.07040816326530613,-0.09587755102040818,0.8663339705580005,22.114227522442643
-0.07040816326530613,-0.08951020408163265,0.8663339705580005,22.761960340529573
-0.07040816326530613,-0.08314285714285716,0.8663339705580005,22.654589863879647
-0.07040816326530613,-0.07677551020408163,0.8663339705580005,21.975178188290265
-0.07040816326530613,-0.07040816326530613,0.8663339705580005,20.90143989834179
-0.07040816326530613,-0.06404081632653061,0.8663339705580005,19.597351990199424
-0.07040816326530613,-0.05767346938775511,0.8663339705580005,18.20393616874305
-0.07040816326530613,-0.051306122448979585,0.8663339705580005,16.830080897816554
-0.07040816326530613,-0.04493877551020409,0.8663339705580005,15.544667683445159
-0.07040816326530613,-0.03857142857142859,0.8663339705580005,14.371213499023938
-0.07040816326530613,-0.03220408163265309,0.8663339705580005,13.286034647160571
-0.07040816326530613,-0.02583673469387754,0.8663339705580005,12.220275833739741
-0.07040816326530613,-0.01946938775510204,0.8663339705580005,11.06540168958972
-0.07040816326530613,-0.013102040816326543,0.8663339705580005,9.681174626887636
-0.07040816326530613,-0.006734693877551046,0.8663339705580005,7.904851025404647
-0.07040816326530613,-0.0003673469387755479,0.8663339705580005,5.56039209298828
-0.07040816326530613,0.006,0.8663339705580005,2.4667881321172356
-0.06404081632653061,-0.306,0.8663339705580005,-200.0
-0.06404081632653061,-0.2996326530612245,0.8663339705580005,-200.0
-0.06404081632653061,-0.293265306122449,0.8663339705580005,-200.0
-0.06404081632653061,-0.28689795918367345,0.8663339705580005,-200.0
-0.06404081632653061,-0.28053061224489795,0.8663339705580005,-200.0
-0.06404081632653061,-0.27416326530612245,0.8663339705580005,-200.0
-0.06404081632653061,-0.26779591836734695,0.8663339705580005,-200.0
-0.06404081632653061,-0.26142857142857145,0.8663339705580005,-200.0
-0.06404081632653061,-0.2550612244897959,0.8663339705580005,-200.0
-0.06404081632653061,-0.2486938775510204,0.8663339705580005,-200.0
-0.06404081632653061,-0.2423265306122449,0.8663339705580005,-200.0
-0.06404081632653061,-0.23595918367346938,0.8663339705580005,-200.0
-0.06404081632653061,-0.22959183673469388,0.8663339705580005,-200.0
-0.06404081632653061,-0.22322448979591836,0.8663339705580005,-200.0
-0.06404081632653061,-0.21685714285714286,0.8663339705580005,-200.0
-0.06404081632653061,-0.21048979591836736,0.8663339705580005,-200.0
-0.06404081632653061,-0.20412244897959184,0.8663339705580005,-200.0
-0.06404081632653061,-0.1977551020408163,0.8663339705580005,-200.0
-0.06404081632653061,-0.1913877551020408,0.8663339705580005,-200.0
-0.06404081632653061,-0.18502040816326532,0.8663339705580005,-200.0
-0.06404081632653061,-0.1786530612244898,0.8663339705580005,-200.0
-0.06404081632653061,-0.1722857142857143,0.8663339705580005,-200.0
-0.06404081632653061,-0.16591836734693877,0.8663339705580005,-200.0
-0.06404081632653061,-0.15955102040816327,0.8663339705580005,-200.0
-0.06404081632653061,-0.15318367346938777,0.8663339705580005,-65.21651739676435
-0.06404081632653061,-0.14681632653061225,0.8663339705580005,-44.33866788619693
-0.06404081632653061,-0.14044897959183675,0.8663339705580005,-29.248980526627594
-0.06404081632653061,-0.13408163265306122,0.8663339705580005,-17.129575641847737
-0.06404081632653061,-0.12771428571428572,0.8663339705580005,-6.922178443513804
-0.06404081632653061,-0.1213469387755102,0.8663339705580005,1.5055966387625865
-0.06404081632653061,-0.1149795918367347,0.8663339705580005,8.260936844047713
-0.06404081632653061,-0.10861224489795918,0.8663339705580005,13.465641686260952
-0.06404081632653061,-0.10224489795918368,0.8663339705580005,17.256492328147313
-0.06404081632653061,-0.09587755102040818,0.8663339705580005,19.78470341340395
-0.06404081632653061,-0.08951020408163265,0.8663339705580005,21.214636997970086
-0.06404081632653061,-0.08314285714285716,0.8663339705580005,21.721284349581314
-0.06404081632653061,-0.07677551020408163,0.8663339705580005,21.486347274818936
-0.06404081632653061,-0.07040816326530613,0.8663339705580005,20.692740116868602
-0.06404081632653061,-0.06404081632653061,0.8663339705580005,19.51750285331307
-0.06404081632653061,-0.05767346938775511,0.8663339705580005,18.123334484447707
-0.06404081632653061,-0.051306122448979585,0.8663339705580005,16.649332345672878
-0.06404081632653061,-0.04493877551020409,0.8663339705580005,15.201882693156902
-0.06404081632653061,-0.03857142857142859,0.8663339705580005,13.846898040868771
-0.06404081632653061,-0.03220408163265309,0.8663339705580005,12.604690037640534
-0.06404081632653061,-0.02583673469387754,0.8663339705580005,11.4483872546964
-0.06404081632653061,-0.01946938775510204,0.8663339705580005,10.306213153836017
-0.06404081632653061,-0.013102040816326543,0.8663339705580005,9.067192880185203
-0.06404081632653061,-0.006734693877551046,0.8663339705580005,7.5892493095586815
-0.06404081632653061,-0.0003673469387755479,0.8663339705580005,5.708442866396287
-0.06404081632653061,0.006,0.8663339705580005,3.248133804375792
-0.05767346938775511,-0.306,0.8663339705580005,-200.0
-0.05767346938775511,-0.2996326530612245,0.8663339705580005,-200.0
-0.05767346938775511,-0.293265306122449,0.8663339705580005,-200.0
-0.05767346938775511,-0.28689795918367345,0.8663339705580005,-200.0
-0.05767346938775511,-0.28053061224489795,0.8663339705580005,-200.0
-0.05767346938775511,-0.27416326530612245,0.8663339705580005,-200.0
-0.05767346938775511,-0.26779591836734695,0.8663339705580005,-200.0
-0.05767346938775511,-0.26142857142857145,0.8663339705580005,-200.0
-0.05767346938775511,-0.2550612244897959,0.8663339705580005,-200.0
-0.05767346938775511,-0.2486938775510204,0.8663339705580005,-200.0
-0.05767346938775511,-0.2423265306122449,0.8663339705580005,-200.0
-0.05767346938775511,-0.23595918367346938,0.8663339705580005,-200.0
-0.05767346938775511,-0.22959183673469388,0.8663339705580005,-200.0
-0.05767346938775511,-0.22322448979591836,0.8663339705580005,-200.0
-0.05767346938775511,-0.21685714285714286,0.8663339705580005,-200.0
-0.05767346938775511,-0.21048979591836736,0.8663339705580005,-200.0
-0.05767346938775511,-0.20412244897959184,0.8663339705580005,-200.0
-0.05767346938775511,-0.1977551020408163,0.8663339705580005,-200.0
-0.05767346938775511,-0.1913877551020408,0.8663339705580005,-200.0
-0.05767346938775511,-0.18502040816326532,0.8663339705580005,-200.0
-0.05767346938775511,-0.1786530612244898,0.8663339705580005,-200.0
-0.05767346938775511,-0.1722857142857143,0.8663339705580005,-200.0
-0.05767346938775511,-0.16591836734693877,0.8663339705580005,-200.0
-0.05767346938775511,-0.15955102040816327,0.8663339705580005,-200.0
-0.05767346938775511,-0.15318367346938777,0.8663339705580005,-200.0
-0.05767346938775511,-0.14681632653061225,0.8663339705580005,-63.733527438825206
-0.05767346938775511,-0.14044897959183675,0.8663339705580005,-43.439150097632904
-0.05767346938775511,-0.13408163265306122,0.8663339705580005,-28.725259752644988
-0.05767346938775511,-0.12771428571428572,0.8663339705580005,-16.8387592018714
-0.05767346938775511,-0.1213469387755102,0.8663339705580005,-6.84620630037227
-0.05767346938775511,-0.1149795918367347,0.8663339705580005,1.3747568150873555
-0.05767346938775511,-0.10861224489795918,0.8663339705580005,7.932283931679152
-0.05767346938775511,-0.10224489795918368,0.8663339705580005,12.949160764162922
-0.05767346938775511,-0.09587755102040818,0.8663339705580005,16.563111481005855
-0.05767346938775511,-0.08951020408163265,0.8663339705580005,18.926295784550927
-0.05767346938775511,-0.08314285714285716,0.8663339705580005,20.20387138521312
-0.05767346938775511,-0.07677551020408163,0.8663339705580005,20.571404157722853
-0.05767346938775511,-0.07040816326530613,0.8663339705580005,20.210850164793545
-0.05767346938775511,-0.06404081632653061,0.8663339705580005,19.30494937409806
-0.05767346938775511,-0.05767346938775511,0.8663339705580005,18.0300265069103
-0.05767346938775511,-0.051306122448979585,0.8663339705580005,16.547456132234633
-0.05767346938775511,-0.04493877551020409,0.8663339705580005,14.994378312407058
-0.05767346938775511,-0.03857142857142859,0.8663339705580005,13.474633704240402
-0.05767346938775511,-0.03220408163265309,0.8663339705580005,12.051145790020737
-0.05767346938775511,-0.02583673469387754,0.8663339705580005,10.741013780084247
-0.05767346938775511,-0.01946938775510204,0.8663339705580005,9.51418541685627
-0.05767346938775511,-0.013102040816326543,0.8663339705580005,8.295995072060398
-0.05767346938775511,-0.006734693877551046,0.8663339705580005,6.973068225990948
-0.05767346938775511,-0.0003673469387755479,0.8663339705580005,5.4015319414836
-0.05767346938775511,0.006,0.8663339705580005,3.416283571504658
-0.051306122448979585,-0.306,0.8663339705580005,-200.0
-0.051306122448979585,-0.2996326530612245,0.8663339705580005,-200.0
-0.051306122448979585,-0.293265306122449,0.8663339705580005,-200.0
-0.051306122448979585,-0.28689795918367345,0.8663339705580005,-200.0
-0.051306122448979585,-0.28053061224489795,0.8663339705580005,-200.0
-0.051306122448979585,-0.27416326530612245,0.8663339705580005,-200.0
-0.051306122448979585,-0.26779591836734695,0.8663339705580005,-200.0
-0.051306122448979585,-0.26142857142857145,0.8663339705580005,-200.0
-0.051306122448979585,-0.2550612244897959,0.8663339705580005,-200.0
-0.051306122448979585,-0.2486938775510204,0.8663339705580005,-200.0
-0.051306122448979585,-0.2423265306122449,0.8663339705580005,-200.0
-0.051306122448979585,-0.23595918367346938,0.8663339705580005,-200.0
-0.051306122448979585,-0.22959183673469388,0.8663339705580005,-200.0
-0.051306122448979585,-0.22322448979591836,0.8663339705580005,-200.0
-0.051306122448979585,-0.21685714285714286,0.8663339705580005,-200.0
-0.051306122448979585,-0.21048979591836736,0.8663339705580005,-200.0
-0.051306122448979585,-0.20412244897959184,0.8663339705580005,-200.0
-0.051306122448979585,-0.1977551020408163,0.8663339705580005,-200.0
-0.051306122448979585,-0.1913877551020408,0.8663339705580005,-200.0
-0.051306122448979585,-0.18502040816326532,0.8663339705580005,-200.0
-0.051306122448979585,-0.1786530612244898,0.8663339705580005,-200.0
-0.051306122448979585,-0.1722857142857143,0.8663339705580005,-200.0
-0.051306122448979585,-0.16591836734693877,0.8663339705580005,-200.0
-0.051306122448979585,-0.15955102040816327,0.8663339705580005,-200.0
-0.051306122448979585,-0.15318367346938777,0.8663339705580005,-200.0
-0.051306122448979585,-0.14681632653061225,0.8663339705580005,-200.0
-0.051306122448979585,-0.14044897959183675,0.8663339705580005,-62.41060928982504
-0.051306122448979585,-0.13408163265306122,0.8663339705580005,-42.682607891930445
-0.051306122448979585,-0.12771428571428572,0.8663339705580005,-28.32879359689774
-0.051306122448979585,-0.1213469387755102,0.8663339705580005,-16.67079412505125
-0.051306122448979585,-0.1149795918367347,0.8663339705580005,-6.891346929360008
-0.051306122448979585,-0.10861224489795918,0.8663339705580005,1.124603005877649
-0.051306122448979585,-0.10224489795918368,0.8663339705580005,7.486109250140128
-0.051306122448979585,-0.09587755102040818,0.8663339705580005,12.316969677642476
-0.051306122448979585,-0.08951020408163265,0.8663339705580005,15.755894614818999
-0.051306122448979585,-0.08314285714285716,0.8663339705580005,17.95596143486346
-0.051306122448979585,-0.07677551020408163,0.8663339705580005,19.083109853345892
-0.051306122448979585,-0.07040816326530613,0.8663339705580005,19.313467177494676
-0.051306122448979585,-0.06404081632653061,0.8663339705580005,18.82921590630347
-0.051306122448979585,-0.05767346938775511,0.8663339705580005,17.812886123367026
-0.051306122448979585,-0.051306122448979585,0.8663339705580005,16.440053258000408
-0.051306122448979585,-0.04493877551020409,0.8663339705580005,14.870723995544271
-0.051306122448979585,-0.03857142857142859,0.8663339705580005,13.24003703256332
-0.051306122448979585,-0.03220408163265309,0.8663339705580005,11.649252386959496
-0.051306122448979585,-0.02583673469387754,0.8663339705580005,10.158287294463848
-0.051306122448979585,-0.01946938775510204,0.8663339705580005,8.781017468453133
-0.051306122448979585,-0.013102040816326543,0.8663339705580005,7.484225335332307
-0.051306122448979585,-0.006734693877551046,0.8663339705580005,6.190383978754486
-0.051306122448979585,-0.0003673469387755479,0.8663339705580005,4.783750750724689
-0.051306122448979585,0.006,0.8663339705580005,3.1187092168635875
-0.04493877551020409,-0.306,0.8663339705580005,-200.0
-0.04493877551020409,-0.2996326530612245,0.8663339705580005,-200.0
-0.04493877551020409,-0.293265306122449,0.8663339705580005,-200.0
-0.04493877551020409,-0.28689795918367345,0.8663339705580005,-200.0
-0.04493877551020409,-0.28053061224489795,0.8663339705580005,-200.0
-0.04493877551020409,-0.27416326530612245,0.8663339705580005,-200.0
-0.04493877551020409,-0.26779591836734695,0.8663339705580005,-200.0
-0.04493877551020409,-0.26142857142857145,0.8663339705580005,-200.0
-0.04493877551020409,-0.2550612244897959,0.8663339705580005,-200.0
-0.04493877551020409,-0.2486938775510204,0.8663339705580005,-200.0
-0.04493877551020409,-0.2423265306122449,0.8663339705580005,-200.0
-0.04493877551020409,-0.23595918367346938,0.8663339705580005,-200.0
-0.04493877551020409,-0.22959183673469388,0.8663339705580005,-200.0
-0.04493877551020409,-0.22322448979591836,0.8663339705580005,-200.0
-0.04493877551020409,-0.21685714285714286,0.8663339705580005,-200.0
-0.04493877551020409,-0.21048979591836736,0.8663339705580005,-200.0
-0.04493877551020409,-0.20412244897959184,0.8663339705580005,-200.0
-0.04493877551020409,-0.1977551020408163,0.8663339705580005,-200.0
-0.04493877551020409,-0.1913877551020408,0.8663339705580005,-200.0
-0.04493877551020409,-0.18502040816326532,0.8663339705580005,-200.0
-0.04493877551020409,-0.1786530612244898,0.8663339705580005,-200.0
-0.04493877551020409,-0.1722857142857143,0.8663339705580005,-200.0
-0.04493877551020409,-0.16591836734693877,0.8663339705580005,-200.0
-0.04493877551020409,-0.15955102040816327,0.8663339705580005,-200.0
-0.04493877551020409,-0.15318367346938777,0.8663339705580005,-200.0
-0.04493877551020409,-0.14681632653061225,0.8663339705580005,-200.0
-0.04493877551020409,-0.14044897959183675,0.8663339705580005,-200.0
-0.04493877551020409,-0.13408163265306122,0.8663339705580005,-61.244203932637895
-0.04493877551020409,-0.12771428571428572,0.8663339705580005,-42.06673478866759
-0.04493877551020409,-0.1213469387755102,0.8663339705580005,-28.057624093896887
-0.04493877551020409,-0.1149795918367347,0.8663339705580005,-16.62426428603832
-0.04493877551020409,-0.10861224489795918,0.8663339705580005,-7.05623774077117
-0.04493877551020409,-0.10224489795918368,0.8663339705580005,0.7563990615292475
-0.04493877551020409,-0.09587755102040818,0.8663339705580005,6.923646200756259
-0.04493877551020409,-0.08951020408163265,0.8663339705580005,11.570293537695967
-0.04493877551020409,-0.08314285714285716,0.8663339705580005,14.836037639938283
-0.04493877551020409,-0.07677551020408163,0.8663339705580005,16.874863800930644
-0.04493877551020409,-0.07040816326530613,0.8663339705580005,17.853486833943247
-0.04493877551020409,-0.06404081632653061,0.8663339705580005,17.948571668596077
-0.04493877551020409,-0.05767346938775511,0.8663339705580005,17.34250892057668
-0.04493877551020409,-0.051306122448979585,0.8663339705580005,16.21758350071702
-0.04493877551020409,-0.04493877551020409,0.8663339705580005,14.748579173996644
-0.04493877551020409,-0.03857142857142859,0.8663339705580005,13.094093967663749
-0.04493877551020409,-0.03220408163265309,0.8663339705580005,11.387225232417084
-0.04493877551020409,-0.02583673469387754,0.8663339705580005,9.726616033594688
-0.04493877551020409,-0.01946938775510204,0.8663339705580005,8.169154616118778
-0.04493877551020409,-0.013102040816326543,0.8663339705580005,6.725492235077274
-0.04493877551020409,-0.006734693877551046,0.8663339705580005,5.359255828980007
-0.04493877551020409,-0.0003673469387755479,0.8663339705580005,3.990087435143221
-0.04493877551020409,0.006,0.8663339705580005,2.499921450087869
-0.03857142857142859,-0.306,0.8663339705580005,-200.0
-0.03857142857142859,-0.2996326530612245,0.8663339705580005,-200.0
-0.03857142857142859,-0.293265306122449,0.8663339705580005,-200.0
-0.03857142857142859,-0.28689795918367345,0.8663339705580005,-200.0
-0.03857142857142859,-0.28053061224489795,0.8663339705580005,-200.0
-0.03857142857142859,-0.27416326530612245,0.8663339705580005,-200.0
-0.03857142857142859,-0.26779591836734695,0.8663339705580005,-200.0
-0.03857142857142859,-0.26142857142857145,0.8663339705580005,-200.0
-0.03857142857142859,-0.2550612244897959,0.8663339705580005,-200.0
-0.03857142857142859,-0.2486938775510204,0.8663339705580005,-200.0
-0.03857142857142859,-0.2423265306122449,0.8663339705580005,-200.0
-0.03857142857142859,-0.23595918367346938,0.8663339705580005,-200.0
-0.03857142857142859,-0.22959183673469388,0.8663339705580005,-200.0
-0.03857142857142859,-0.22322448979591836,0.8663339705580005,-200.0
-0.03857142857142859,-0.21685714285714286,0.8663339705580005,-200.0
-0.03857142857142859,-0.21048979591836736,0.8663339705580005,-200.0
-0.03857142857142859,-0.20412244897959184,0.8663339705580005,-200.0
-0.03857142857142859,-0.1977551020408163,0.8663339705580005,-200.0
-0.03857142857142859,-0.1913877551020408,0.8663339705580005,-200.0
-0.03857142857142859,-0.18502040816326532,0.8663339705580005,-200.0
-0.03857142857142859,-0.1786530612244898,0.8663339705580005,-200.0
-0.03857142857142859,-0.1722857142857143,0.8663339705580005,-200.0
-0.03857142857142859,-0.16591836734693877,0.8663339705580005,-200.0
-0.03857142857142859,-0.15955102040816327,0.8663339705580005,-200.0
-0.03857142857142859,-0.15318367346938777,0.8663339705580005,-200.0
-0.03857142857142859,-0.14681632653061225,0.8663339705580005,-200.0
-0.03857142857142859,-0.14044897959183675,0.8663339705580005,-200.0
-0.03857142857142859,-0.13408163265306122,0.8663339705580005,-87.20746697895007
-0.03857142857142859,-0.12771428571428572,0.8663339705580005,-60.23137759730649
-0.03857142857142859,-0.1213469387755102,0.8663339705580005,-41.58918543626585
-0.03857142857142859,-0.1149795918367347,0.8663339705580005,-27.909886867624223
-0.03857142857142859,-0.10861224489795918,0.8663339705580005,-16.697899611994067
-0.03857142857142859,-0.10224489795918368,0.8663339705580005,-7.339627712461358
-0.03857142857142859,-0.09587755102040818,0.8663339705580005,0.27137591875142775
-0.03857142857142859,-0.08951020408163265,0.8663339705580005,6.246090778949746
-0.03857142857142859,-0.08314285714285716,0.8663339705580005,10.710301318283367
-0.03857142857142859,-0.07677551020408163,0.8663339705580005,13.804675452528759
-0.03857142857142859,-0.07040816326530613,0.8663339705580005,15.684108280695343
-0.03857142857142859,-0.06404081632653061,0.8663339705580005,16.516078074316063
-0.03857142857142859,-0.05767346938775511,0.8663339705580005,16.47776825648678
-0.03857142857142859,-0.051306122448979585,0.8663339705580005,15.751746546393278
-0.03857142857142859,-0.04493877551020409,0.8663339705580005,14.520022740401236
-0.03857142857142859,-0.03857142857142859,0.8663339705580005,12.956551073351289
-0.03857142857142859,-0.03220408163265309,0.8663339705580005,11.218476622790849
-0.03857142857142859,-0.02583673469387754,0.8663339705580005,9.436811506966592
-0.03857142857142859,-0.01946938775510204,0.8663339705580005,7.7075531900276975
-0.03857142857142859,-0.013102040816326543,0.8663339705580005,6.084532801777353
-0.03857142857142859,-0.006734693877551046,0.8663339705580005,4.575182498414367
-0.03857142857142859,-0.0003673469387755479,0.8663339705580005,3.1399839116243706
-0.03857142857142859,0.006,0.8663339705580005,1.6957768844880912
-0.03220408163265309,-0.306,0.8663339705580005,-200.0
-0.03220408163265309,-0.2996326530612245,0.8663339705580005,-200.0
-0.03220408163265309,-0.293265306122449,0.8663339705580005,-200.0
-0.03220408163265309,-0.28689795918367345,0.8663339705580005,-200.0
-0.03220408163265309,-0.28053061224489795,0.8663339705580005,-200.0
-0.03220408163265309,-0.27416326530612245,0.8663339705580005,-200.0
-0.03220408163265309,-0.26779591836734695,0.8663339705580005,-200.0
-0.03220408163265309,-0.26142857142857145,0.8663339705580005,-200.0
-0.03220408163265309,-0.2550612244897959,0.8663339705580005,-200.0
-0.03220408163265309,-0.2486938775510204,0.8663339705580005,-200.0
-0.03220408163265309,-0.2423265306122449,0.8663339705580005,-200.0
-0.03220408163265309,-0.23595918367346938,0.8663339705580005,-200.0
-0.03220408163265309,-0.22959183673469388,0.8663339705580005,-200.0
-0.03220408163265309,-0.22322448979591836,0.8663339705580005,-200.0
-0.03220408163265309,-0.21685714285714286,0.8663339705580005,-200.0
-0.03220408163265309,-0.21048979591836736,0.8663339705580005,-200.0
-0.03220408163265309,-0.20412244897959184,0.8663339705580005,-200.0
-0.03220408163265309,-0.1977551020408163,0.8663339705580005,-200.0
-0.03220408163265309,-0.1913877551020408,0.8663339705580005,-200.0
-0.03220408163265309,-0.18502040816326532,0.8663339705580005,-200.0
-0.03220408163265309,-0.1786530612244898,0.8663339705580005,-200.0
-0.03220408163265309,-0.1722857142857143,0.8663339705580005,-200.0
-0.03220408163265309,-0.16591836734693877,0.8663339705580005,-200.0
-0.03220408163265309,-0.15955102040816327,0.8663339705580005,-200.0
-0.03220408163265309,-0.15318367346938777,0.8663339705580005,-200.0
-0.03220408163265309,-0.14681632653061225,0.8663339705580005,-200.0
-0.03220408163265309,-0.14044897959183675,0.8663339705580005,-200.0
-0.03220408163265309,-0.13408163265306122,0.8663339705580005,-200.0
-0.03220408163265309,-0.12771428571428572,0.8663339705580005,-85.81552588606455
-0.03220408163265309,-0.1213469387755102,0.8663339705580005,-59.36927642795271
-0.03220408163265309,-0.1149795918367347,0.8663339705580005,-41.24770321897381
-0.03220408163265309,-0.10861224489795918,0.8663339705580005,-27.88391876354589
-0.03220408163265309,-0.10224489795918368,0.8663339705580005,-16.890455483480633
-0.03220408163265309,-0.09587755102040818,0.8663339705580005,-7.740326196553227
-0.03220408163265309,-0.08951020408163265,0.8663339705580005,-0.32928902699507745
-0.03220408163265309,-0.08314285714285716,0.8663339705580005,5.454595597213338
-0.03220408163265309,-0.07677551020408163,0.8663339705580005,9.738107682066008
-0.03220408163265309,-0.07040816326530613,0.8663339705580005,12.662896691913998
-0.03220408163265309,-0.06404081632653061,0.8663339705580005,14.38475860687728
-0.03220408163265309,-0.05767346938775511,0.8663339705580005,15.071915729660937
-0.03220408163265309,-0.051306122448979585,0.8663339705580005,14.902057508639661
-0.03220408163265309,-0.04493877551020409,0.8663339705580005,14.057900025117245
-0.03220408163265309,-0.03857142857142859,0.8663339705580005,12.721142905681457
-0.03220408163265309,-0.03220408163265309,0.8663339705580005,11.064872234357537
-0.03220408163265309,-0.02583673469387754,0.8663339705580005,9.244736627040202
-0.03220408163265309,-0.01946938775510204,0.8663339705580005,7.3896185058495965
-0.03220408163265309,-0.013102040816326543,0.8663339705580005,5.592843308084995
-0.03220408163265309,-0.006734693877551046,0.8663339705580005,3.9051661147100303
-0.03220408163265309,-0.0003673469387755479,0.8663339705580005,2.330786227198659
-0.03220408163265309,0.006,0.8663339705580005,0.827071576073684
-0.02583673469387754,-0.306,0.8663339705580005,-200.0
-0.02583673469387754,-0.2996326530612245,0.8663339705580005,-200.0
-0.02583673469387754,-0.293265306122449,0.8663339705580005,-200.0
-0.02583673469387754,-0.28689795918367345,0.8663339705580005,-200.0
-0.02583673469387754,-0.28053061224489795,0.8663339705580005,-200.0
-0.02583673469387754,-0.27416326530612245,0.8663339705580005,-200.0
-0.02583673469387754,-0.26779591836734695,0.8663339705580005,-200.0
-0.02583673469387754,-0.26142857142857145,0.8663339705580005,-200.0
-0.02583673469387754,-0.2550612244897959,0.8663339705580005,-200.0
-0.02583673469387754,-0.2486938775510204,0.8663339705580005,-200.0
-0.02583673469387754,-0.2423265306122449,0.8663339705580005,-200.0
-0.02583673469387754,-0.23595918367346938,0.8663339705580005,-200.0
-0.02583673469387754,-0.22959183673469388,0.8663339705580005,-200.0
-0.02583673469387754,-0.22322448979591836,0.8663339705580005,-200.0
-0.02583673469387754,-0.21685714285714286,0.8663339705580005,-200.0
-0.02583673469387754,-0.21048979591836736,0.8663339705580005,-200.0
-0.02583673469387754,-0.20412244897959184,0.8663339705580005,-200.0
-0.02583673469387754,-0.1977551020408163,0.8663339705580005,-200.0
-0.02583673469387754,-0.1913877551020408,0.8663339705580005,-200.0
-0.02583673469387754,-0.18502040816326532,0.8663339705580005,-200.0
-0.02583673469387754,-0.1786530612244898,0.8663339705580005,-200.0
-0.02583673469387754,-0.1722857142857143,0.8663339705580005,-200.0
-0.02583673469387754,-0.16591836734693877,0.8663339705580005,-200.0
-0.02583673469387754,-0.15955102040816327,0.8663339705580005,-200.0
-0.02583673469387754,-0.15318367346938777,0.8663339705580005,-200.0
-0.02583673469387754,-0.14681632653061225,0.8663339705580005,-200.0
-0.02583673469387754,-0.14044897959183675,0.8663339705580005,-200.0
-0.02583673469387754,-0.13408163265306122,0.8663339705580005,-200.0
-0.02583673469387754,-0.12771428571428572,0.8663339705580005,-200.0
-0.02583673469387754,-0.1213469387755102,0.8663339705580005,-84.20478874914285
-0.02583673469387754,-0.1149795918367347,0.8663339705580005,-58.6553814454642
-0.02583673469387754,-0.10861224489795918,0.8663339705580005,-41.04002936204421
-0.02583673469387754,-0.10224489795918368,0.8663339705580005,-27.978175186415864
-0.02583673469387754,-0.09587755102040818,0.8663339705580005,-17.200738354645292
-0.02583673469387754,-0.08951020408163265,0.8663339705580005,-8.257162862927792
-0.02583673469387754,-0.08314285714285716,0.8663339705580005,-1.0444713350312576
-0.02583673469387754,-0.07677551020408163,0.8663339705580005,4.550250441002557
-0.02583673469387754,-0.07040816326530613,0.8663339705580005,8.654778724725919
-0.02583673469387754,-0.06404081632653061,0.8663339705580005,11.411740504951323
-0.02583673469387754,-0.05767346938775511,0.8663339705580005,12.9778224250891
-0.02583673469387754,-0.051306122448979585,0.8663339705580005,13.521981427920622
-0.02583673469387754,-0.04493877551020409,0.8663339705580005,13.22239059536236
-0.02583673469387754,-0.03857142857142859,0.8663339705580005,12.261890303930656
-0.02583673469387754,-0.03220408163265309,0.8663339705580005,10.821835301411513
-0.02583673469387754,-0.02583673469387754,0.8663339705580005,9.074396295526423
-0.02583673469387754,-0.01946938775510204,0.8663339705580005,7.173689360196707
-0.02583673469387754,-0.013102040816326543,0.8663339705580005,5.2464287633639834
-0.02583673469387754,-0.006734693877551046,0.8663339705580005,3.3832266857490074
-0.02583673469387754,-0.0003673469387755479,0.8663339705580005,1.631751697084697
-0.02583673469387754,0.006,0.8663339705580005,-0.007029847132279832
-0.01946938775510204,-0.306,0.8663339705580005,-200.0
-0.01946938775510204,-0.2996326530612245,0.8663339705580005,-200.0
-0.01946938775510204,-0.293265306122449,0.8663339705580005,-200.0
-0.01946938775510204,-0.28689795918367345,0.8663339705580005,-200.0
-0.01946938775510204,-0.28053061224489795,0.8663339705580005,-200.0
-0.01946938775510204,-0.27416326530612245,0.8663339705580005,-200.0
-0.01946938775510204,-0.26779591836734695,0.8663339705580005,-200.0
-0.01946938775510204,-0.26142857142857145,0.8663339705580005,-200.0
-0.01946938775510204,-0.2550612244897959,0.8663339705580005,-200.0
-0.01946938775510204,-0.2486938775510204,0.8663339705580005,-200.0
-0.01946938775510204,-0.2423265306122449,0.8663339705580005,-200.0
-0.01946938775510204,-0.23595918367346938,0.8663339705580005,-200.0
-0.01946938775510204,-0.22959183673469388,0.8663339705580005,-200.0
-0.01946938775510204,-0.22322448979591836,0.8663339705580005,-200.0
-0.01946938775510204,-0.21685714285714286,0.8663339705580005,-200.0
-0.01946938775510204,-0.21048979591836736,0.8663339705580005,-200.0
-0.01946938775510204,-0.20412244897959184,0.8663339705580005,-200.0
-0.01946938775510204,-0.1977551020408163,0.8663339705580005,-200.0
-0.01946938775510204,-0.1913877551020408,0.8663339705580005,-200.0
-0.01946938775510204,-0.18502040816326532,0.8663339705580005,-200.0
-0.01946938775510204,-0.1786530612244898,0.8663339705580005,-200.0
-0.01946938775510204,-0.1722857142857143,0.8663339705580005,-200.0
-0.01946938775510204,-0.16591836734693877,0.8663339705580005,-200.0
-0.01946938775510204,-0.15955102040816327,0.8663339705580005,-200.0
-0.01946938775510204,-0.15318367346938777,0.8663339705580005,-200.0
-0.01946938775510204,-0.14681632653061225,0.8663339705580005,-200.0
-0.01946938775510204,-0.14044897959183675,0.8663339705580005,-200.0
-0.01946938775510204,-0.13408163265306122,0.8663339705580005,-200.0
-0.01946938775510204,-0.12771428571428572,0.8663339705580005,-200.0
-0.01946938775510204,-0.1213469387755102,0.8663339705580005,-200.0
-0.01946938775510204,-0.1149795918367347,0.8663339705580005,-82.70567041688076
-0.01946938775510204,-0.10861224489795918,0.8663339705580005,-58.08733101465677
-0.01946938775510204,-0.10224489795918368,0.8663339705580005,-40.96391644085962
-0.01946938775510204,-0.09587755102040818,0.8663339705580005,-28.191231827278074
-0.01946938775510204,-0.08951020408163265,0.8663339705580005,-17.627629208549966
-0.01946938775510204,-0.08314285714285716,0.8663339705580005,-8.88904499072557
-0.01946938775510204,-0.07677551020408163,0.8663339705580005,-1.8731000368651713
-0.01946938775510204,-0.07040816326530613,0.8663339705580005,3.5340990510975416
-0.01946938775510204,-0.06404081632653061,0.8663339705580005,7.461333922542117
-0.01946938775510204,-0.05767346938775511,0.8663339705580005,10.052196457720562
-0.01946938775510204,-0.051306122448979585,0.8663339705580005,11.464261273690553
-0.01946938775510204,-0.04493877551020409,0.8663339705580005,11.86721135356181
-0.01946938775510204,-0.03857142857142859,0.8663339705580005,11.439677467538573
-0.01946938775510204,-0.03220408163265309,0.8663339705580005,10.364594989157222
-0.01946938775510204,-0.02583673469387754,0.8663339705580005,8.822941840133534
-0.01946938775510204,-0.01946938775510204,0.8663339705580005,6.9859353442682
-0.01946938775510204,-0.013102040816326543,0.8663339705580005,5.006110099069585
-0.01946938775510204,-0.006734693877551046,0.8663339705580005,3.0079774758108115
-0.01946938775510204,-0.0003673469387755479,0.8663339705580005,1.0794030386981994
-0.01946938775510204,0.006,0.8663339705580005,-0.735053171565947
-0.013102040816326543,-0.306,0.8663339705580005,-200.0
-0.013102040816326543,-0.2996326530612245,0.8663339705580005,-200.0
-0.013102040816326543,-0.293265306122449,0.8663339705580005,-200.0
-0.013102040816326543,-0.28689795918367345,0.8663339705580005,-200.0
-0.013102040816326543,-0.28053061224489795,0.8663339705580005,-200.0
-0.013102040816326543,-0.27416326530612245,0.8663339705580005,-200.0
-0.013102040816326543,-0.26779591836734695,0.8663339705580005,-200.0
-0.013102040816326543,-0.26142857142857145,0.8663339705580005,-200.0
-0.013102040816326543,-0.2550612244897959,0.8663339705580005,-200.0
-0.013102040816326543,-0.2486938775510204,0.8663339705580005,-200.0
-0.013102040816326543,-0.2423265306122449,0.8663339705580005,-200.0
-0.013102040816326543,-0.23595918367346938,0.8663339705580005,-200.0
-0.013102040816326543,-0.22959183673469388,0.8663339705580005,-200.0
-0.013102040816326543,-0.22322448979591836,0.8663339705580005,-200.0
-0.013102040816326543,-0.21685714285714286,0.8663339705580005,-200.0
-0.013102040816326543,-0.21048979591836736,0.8663339705580005,-200.0
-0.013102040816326543,-0.20412244897959184,0.8663339705580005,-200.0
-0.013102040816326543,-0.1977551020408163,0.8663339705580005,-200.0
-0.013102040816326543,-0.1913877551020408,0.8663339705580005,-200.0
-0.013102040816326543,-0.18502040816326532,0.8663339705580005,-200.0
-0.013102040816326543,-0.1786530612244898,0.8663339705580005,-200.0
-0.013102040816326543,-0.1722857142857143,0.8663339705580005,-200.0
-0.013102040816326543,-0.16591836734693877,0.8663339705580005,-200.0
-0.013102040816326543,-0.15955102040816327,0.8663339705580005,-200.0
-0.013102040816326543,-0.15318367346938777,0.8663339705580005,-200.0
-0.013102040816326543,-0.14681632653061225,0.8663339705580005,-200.0
-0.013102040816326543,-0.14044897959183675,0.8663339705580005,-200.0
-0.013102040816326543,-0.13408163265306122,0.8663339705580005,-200.0
-0.013102040816326543,-0.12771428571428572,0.8663339705580005,-200.0
-0.013102040816326543,-0.1213469387755102,0.8663339705580005,-200.0
-0.013102040816326543,-0.1149795918367347,0.8663339705580005,-200.0
-0.013102040816326543,-0.10861224489795918,0.8663339705580005,-81.62726673257362
-0.013102040816326543,-0.10224489795918368,0.8663339705580005,-57.663004868183265
-0.013102040816326543,-0.09587755102040818,0.8663339705580005,-41.01717483285175
-0.013102040816326543,-0.08951020408163265,0.8663339705580005,-28.52179113139788
-0.013102040816326543,-0.08314285714285716,0.8663339705580005,-18.17002994741895
-0.013102040816326543,-0.07677551020408163,0.8663339705580005,-9.634917938366922
-0.013102040816326543,-0.07040816326530613,0.8663339705580005,-2.8141534060032036
-0.013102040816326543,-0.06404081632653061,0.8663339705580005,2.407140874077651
-0.013102040816326543,-0.05767346938775511,0.8663339705580005,6.158737866595487
-0.013102040816326543,-0.051306122448979585,0.8663339705580005,8.585206528670751
-0.013102040816326543,-0.04493877551020409,0.8663339705580005,9.84499604431133
-0.013102040816326543,-0.03857142857142859,0.8663339705580005,10.108494017548022
-0.013102040816326543,-0.03220408163265309,0.8663339705580005,9.554776481503069
-0.013102040816326543,-0.02583673469387754,0.8663339705580005,8.36684624242449
-0.013102040816326543,-0.01946938775510204,0.8663339705580005,6.725263107448435
-0.013102040816326543,-0.013102040816326543,0.8663339705580005,4.80025708338477
-0.013102040816326543,-0.006734693877551046,0.8663339705580005,2.742734756372208
-0.013102040816326543,-0.0003673469387755479,0.8663339705580005,0.6749604932222288
-0.013102040816326543,0.006,0.8663339705580005,-1.3179800529726813
-0.006734693877551046,-0.306,0.8663339705580005,-200.0
-0.006734693877551046,-0.2996326530612245,0.8663339705580005,-200.0
-0.006734693877551046,-0.293265306122449,0.8663339705580005,-200.0
-0.006734693877551046,-0.28689795918367345,0.8663339705580005,-200.0
-0.006734693877551046,-0.28053061224489795,0.8663339705580005,-200.0
-0.006734693877551046,-0.27416326530612245,0.8663339705580005,-200.0
-0.006734693877551046,-0.26779591836734695,0.8663339705580005,-200.0
-0.006734693877551046,-0.26142857142857145,0.8663339705580005,-200.0
-0.006734693877551046,-0.2550612244897959,0.8663339705580005,-200.0
-0.006734693877551046,-0.2486938775510204,0.8663339705580005,-200.0
-0.006734693877551046,-0.2423265306122449,0.8663339705580005,-200.0
-0.006734693877551046,-0.23595918367346938,0.8663339705580005,-200.0
-0.006734693877551046,-0.22959183673469388,0.8663339705580005,-200.0
-0.006734693877551046,-0.22322448979591836,0.8663339705580005,-200.0
-0.006734693877551046,-0.21685714285714286,0.8663339705580005,-200.0
-0.006734693877551046,-0.21048979591836736,0.8663339705580005,-200.0
-0.006734693877551046,-0.20412244897959184,0.8663339705580005,-200.0
-0.006734693877551046,-0.1977551020408163,0.8663339705580005,-200.0
-0.006734693877551046,-0.1913877551020408,0.8663339705580005,-200.0
-0.006734693877551046,-0.18502040816326532,0.8663339705580005,-200.0
-0.006734693877551046,-0.1786530612244898,0.8663339705580005,-200.0
-0.006734693877551046,-0.1722857142857143,0.8663339705580005,-200.0
-0.006734693877551046,-0.16591836734693877,0.8663339705580005,-200.0
-0.006734693877551046,-0.15955102040816327,0.8663339705580005,-200.0
-0.006734693877551046,-0.15318367346938777,0.8663339705580005,-200.0
-0.006734693877551046,-0.14681632653061225,0.8663339705580005,-200.0
-0.006734693877551046,-0.14044897959183675,0.8663339705580005,-200.0
-0.006734693877551046,-0.13408163265306122,0.8663339705580005,-200.0
-0.006734693877551046,-0.12771428571428572,0.8663339705580005,-200.0
-0.006734693877551046,-0.1213469387755102,0.8663339705580005,-200.0
-0.006734693877551046,-0.1149795918367347,0.8663339705580005,-200.0
-0.006734693877551046,-0.10861224489795918,0.8663339705580005,-200.0
-0.006734693877551046,-0.10224489795918368,0.8663339705580005,-80.64310578160841
-0.006734693877551046,-0.09587755102040818,0.8663339705580005,-57.38035240944586
-0.006734693877551046,-0.08951020408163265,0.8663339705580005,-41.19764129761097
-0.006734693877551046,-0.08314285714285716,0.8663339705580005,-28.96864191590557
-0.006734693877551046,-0.07677551020408163,0.8663339705580005,-18.826924221155014
-0.006734693877551046,-0.07040816326530613,0.8663339705580005,-10.493786389794703
-0.006734693877551046,-0.06404081632653061,0.8663339705580005,-3.8666575482030012
-0.006734693877551046,-0.05767346938775511,0.8663339705580005,1.170316700729174
-0.006734693877551046,-0.051306122448979585,0.8663339705580005,4.747914338151915
-0.006734693877551046,-0.04493877551020409,0.8663339705580005,7.011664944177637
-0.006734693877551046,-0.03857142857142859,0.8663339705580005,8.12089200611236
-0.006734693877551046,-0.03220408163265309,0.8663339705580005,8.246673004717003
-0.006734693877551046,-0.02583673469387754,0.8663339705580005,7.568506123641367
-0.006734693877551046,-0.01946938775510204,0.8663339705580005,6.269433818124505
-0.006734693877551046,-0.013102040816326543,0.8663339705580005,4.529563740889342
-0.006734693877551046,-0.006734693877551046,0.8663339705580005,2.5180880254653957
-0.006734693877551046,-0.0003673469387755479,0.8663339705580005,0.3842455411817075
-0.006734693877551046,0.006,0.8663339705580005,-1.751982724666495
-0.0003673469387755479,-0.306,0.8663339705580005,-200.0
-0.0003673469387755479,-0.2996326530612245,0.8663339705580005,-200.0
-0.0003673469387755479,-0.293265306122449,0.8663339705580005,-200.0
-0.0003673469387755479,-0.28689795918367345,0.8663339705580005,-200.0
-0.0003673469387755479,-0.28053061224489795,0.8663339705580005,-200.0
-0.0003673469387755479,-0.27416326530612245,0.8663339705580005,-200.0
-0.0003673469387755479,-0.26779591836734695,0.8663339705580005,-200.0
-0.0003673469387755479,-0.26142857142857145,0.8663339705580005,-200.0
-0.0003673469387755479,-0.2550612244897959,0.8663339705580005,-200.0
-0.0003673469387755479,-0.2486938775510204,0.8663339705580005,-200.0
-0.0003673469387755479,-0.2423265306122449,0.8663339705580005,-200.0
-0.0003673469387755479,-0.23595918367346938,0.8663339705580005,-200.0
-0.0003673469387755479,-0.22959183673469388,0.8663339705580005,-200.0
-0.0003673469387755479,-0.22322448979591836,0.8663339705580005,-200.0
-0.0003673469387755479,-0.21685714285714286,0.8663339705580005,-200.0
-0.0003673469387755479,-0.21048979591836736,0.8663339705580005,-200.0
-0.0003673469387755479,-0.20412244897959184,0.8663339705580005,-200.0
-0.0003673469387755479,-0.1977551020408163,0.8663339705580005,-200.0
-0.0003673469387755479,-0.1913877551020408,0.8663339705580005,-200.0
-0.0003673469387755479,-0.18502040816326532,0.8663339705580005,-200.0
-0.0003673469387755479,-0.1786530612244898,0.8663339705580005,-200.0
-0.0003673469387755479,-0.1722857142857143,0.8663339705580005,-200.0
-0.0003673469387755479,-0.16591836734693877,0.8663339705580005,-200.0
-0.0003673469387755479,-0.15955102040816327,0.8663339705580005,-200.0
-0.0003673469387755479,-0.15318367346938777,0.8663339705580005,-200.0
-0.0003673469387755479,-0.14681632653061225,0.8663339705580005,-200.0
-0.0003673469387755479,-0.14044897959183675,0.8663339705580005,-200.0
-0.0003673469387755479,-0.13408163265306122,0.8663339705580005,-200.0
-0.0003673469387755479,-0.12771428571428572,0.8663339705580005,-200.0
-0.0003673469387755479,-0.1213469387755102,0.8663339705580005,-200.0
-0.0003673469387755479,-0.1149795918367347,0.8663339705580005,-200.0
-0.0003673469387755479,-0.10861224489795918,0.8663339705580005,-200.0
-0.0003673469387755479,-0.10224489795918368,0.8663339705580005,-200.0
-0.0003673469387755479,-0.09587755102040818,0.8663339705580005,-79.7857840277938
-0.0003673469387755479,-0.08951020408163265,0.8663339705580005,-57.237508884595684
-0.0003673469387755479,-0.08314285714285716,0.8663339705580005,-41.503210312238565
-0.0003673469387755479,-0.07677551020408163,0.8663339705580005,-29.53066866145634
-0.0003673469387755479,-0.07040816326530613,0.8663339705580005,-19.597330604488945
-0.0003673469387755479,-0.06404081632653061,0.8663339705580005,-11.464691812169562
-0.0003673469387755479,-0.05767346938775511,0.8663339705580005,-5.02968616668819
-0.0003673469387755479,-0.051306122448979585,0.8663339705580005,-0.17546872768468624
-0.0003673469387755479,-0.04493877551020409,0.8663339705580005,3.2297387507819444
-0.0003673469387755479,-0.03857142857142859,0.8663339705580005,5.33242357729384
-0.0003673469387755479,-0.03220408163265309,0.8663339705580005,6.292776582847489
-0.0003673469387755479,-0.02583673469387754,0.8663339705580005,6.28255187164929
-0.0003673469387755479,-0.01946938775510204,0.8663339705580005,5.481644296464056
-0.0003673469387755479,-0.013102040816326543,0.8663339705580005,4.073105318816744
-0.0003673469387755479,-0.006734693877551046,0.8663339705580005,2.236551633382552
-0.0003673469387755479,-0.0003673469387755479,0.8663339705580005,0.14010197863802598
-0.0003673469387755479,0.006,0.8663339705580005,-2.0687140201001153
0.006,-0.306,0.8663339705580005,-200.0
0.006,-0.2996326530612245,0.8663339705580005,-200.0
0.006,-0.293265306122449,0.8663339705580005,-200.0
0.006,-0.28689795918367345,0.8663339705580005,-200.0
0.006,-0.28053061224489795,0.8663339705580005,-200.0
0.006,-0.27416326530612245,0.8663339705580005,-200.0
0.006,-0.26779591836734695,0.8663339705580005,-200.0
0.006,-0.26142857142857145,0.8663339705580005,-200.0
0.006,-0.2550612244897959,0.8663339705580005,-200.0
0.006,-0.2486938775510204,0.8663339705580005,-200.0
0.006,-0.2423265306122449,0.8663339705580005,-200.0
0.006,-0.23595918367346938,0.8663339705580005,-200.0
0.006,-0.22959183673469388,0.8663339705580005,-200.0
0.006,-0.22322448979591836,0.8663339705580005,-200.0
0.006,-0.21685714285714286,0.8663339705580005,-200.0
0.006,-0.21048979591836736,0.8663339705580005,-200.0
0.006,-0.20412244897959184,0.8663339705580005,-200.0
0.006,-0.1977551020408163,0.8663339705580005,-200.0
0.006,-0.1913877551020408,0.8663339705580005,-200.0
0.006,-0.18502040816326532,0.8663339705580005,-200.0
0.006,-0.1786530612244898,0.8663339705580005,-200.0
0.006,-0.1722857142857143,0.8663339705580005,-200.0
0.006,-0.16591836734693877,0.8663339705580005,-200.0
0.006,-0.15955102040816327,0.8663339705580005,-200.0
0.006,-0.15318367346938777,0.8663339705580005,-200.0
0.006,-0.14681632653061225,0.8663339705580005,-200.0
0.006,-0.14044897959183675,0.8663339705580005,-200.0
0.006,-0.13408163265306122,0.8663339705580005,-200.0
0.006,-0.12771428571428572,0.8663339705580005,-200.0
0.006,-0.1213469387755102,0.8663339705580005,-200.0
0.006,-0.1149795918367347,0.8663339705580005,-200.0
0.006,-0.10861224489795918,0.8663339705580005,-200.0
0.006,-0.10224489795918368,0.8663339705580005,-200.0
0.006,-0.09587755102040818,0.8663339705580005,-200.0
0.006,-0.08951020408163265,0.8663339705580005,-79.11050469435519
0.006,-0.08314285714285716,0.8663339705580005,-57.23269230480413
0.006,-0.07677551020408163,0.8663339705580005,-41.93185074900849
0.006,-0.07040816326530613,0.8663339705580005,-30.206836602951338
0.006,-0.06404081632653061,0.8663339705580005,-20.480316256641004
0.006,-0.05767346938775511,0.8663339705580005,-12.546736292114218
0.006,-0.051306122448979585,0.8663339705580005,-6.30236397022427
0.006,-0.04493877551020409,0.8663339705580005,-1.6293647939219689
0.006,-0.03857142857142859,0.8663339705580005,1.6050373206350272
0.006,-0.03220408163265309,0.8663339705580005,3.5482921527406237
0.006,-0.02583673469387754,0.8663339705580005,4.361435277454487
0.006,-0.01946938775510204,0.8663339705580005,4.2168882928047084
0.006,-0.013102040816326543,0.8663339705580005,3.294916758748224
0.006,-0.006734693877551046,0.8663339705580005,1.7785558100237084
0.006,-0.0003673469387755479,0.8663339705580005,-0.15310403615046053
0.006,0.006,0.8663339705580005,-2.333061578869234
-0.306,-0.14574067250115416,-0.064,-8.41787775693442
-0.306,-0.14574067250115416,0.003918367346938775,1.0743143261769539
-0.306,-0.14574067250115416,0.07183673469387755,8.791274395520691
-0.306,-0.14574067250115416,0.13975510204081631,16.27666639975099
-0.306,-0.14574067250115416,0.2076734693877551,22.035380567194057
-0.306,-0.14574067250115416,0.2755918367346939,23.496245865733435
-0.306,-0.14574067250115416,0.34351020408163263,19.256816729418897
-0.306,-0.14574067250115416,0.4114285714285714,9.706944235935218
-0.306,-0.14574067250115416,0.4793469387755102,-3.5393695645523024
-0.306,-0.14574067250115416,0.5472653061224491,-18.45312820428565
-0.306,-0.14574067250115416,0.6151836734693878,-33.59770492900405
-0.306,-0.14574067250115416,0.6831020408163266,-49.141748899895006
-0.306,-0.14574067250115416,0.7510204081632652,-64.0219937091926
-0.306,-0.14574067250115416,0.818938775510204,-77.15912178690328
-0.306,-0.14574067250115416,0.8868571428571428,-200.0
-0.306,-0.14574067250115416,0.9547755102040816,-200.0
-0.306,-0.14574067250115416,1.0226938775510204,-200.0
-0.306,-0.14574067250115416,1.0906122448979592,-200.0
-0.306,-0.14574067250115416,1.158530612244898,-83.57627723737004
-0.306,-0.14574067250115416,1.2264489795918367,-75.84988631695083
-0.306,-0.14574067250115416,1.2943673469387755,-68.09067873969977
-0.306,-0.14574067250115416,1.3622857142857143,-60.20123907819158
-0.306,-0.14574067250115416,1.4302040816326531,-52.56701410286453
-0.306,-0.14574067250115416,1.498122448979592,-45.38776697731542
-0.306,-0.14574067250115416,1.5660408163265305,-38.79054280100938
-0.306,-0.14574067250115416,1.6339591836734693,-32.81600423608634
-0.306,-0.14574067250115416,1.701877551020408,-27.407057799961102
-0.306,-0.14574067250115416,1.7697959183673468,-22.45155340924584
-0.306,-0.14574067250115416,1.8377142857142856,-17.860686768370083
-0.306,-0.14574067250115416,1.9056326530612244,-13.601436103677646
-0.306,-0.14574067250115416,1.9735510204081632,-9.667670852462411
-0.306,-0.14574067250115416,2.041469387755102,-6.054592127949796
-0.306,-0.14574067250115416,2.109387755102041,-2.7529264906063133
-0.306,-0.14574067250115416,2.1773061224489796,0.2504015745756405
-0.306,-0.14574067250115416,2.2452244897959184,2.9710076054393824
-0.306,-0.14574067250115416,2.313142857142857,5.426008365124357
-0.306,-0.14574067250115416,2.381061224489796,7.633243045948735
-0.306,-0.14574067250115416,2.4489795918367347,9.610430512165347
-0.306,-0.14574067250115416,2.5168979591836735,11.375344038027436
-0.306,-0.14574067250115416,2.5848163265306123,12.945351278601372
-0.306,-0.14574067250115416,2.652734693877551,14.336822631637805
-0.306,-0.14574067250115416,2.72065306122449,15.565254322125089
-0.306,-0.14574067250115416,2.7885714285714287,16.64517741592775
-0.306,-0.14574067250115416,2.8564897959183675,17.59013153751207
-0.306,-0.14574067250115416,2.9244081632653063,18.412674614297135
-0.306,-0.14574067250115416,2.992326530612245,19.124391029810894
-0.306,-0.14574067250115416,3.060244897959184,19.735936452698326
-0.306,-0.14574067250115416,3.1281632653061227,20.257073734008884
-0.306,-0.14574067250115416,3.196081632653061,20.69673525792525
-0.306,-0.14574067250115416,3.2640000000000002,21.063080691934285
-0.2996326530612245,-0.14574067250115416,-0.064,-8.265845285963248
-0.2996326530612245,-0.14574067250115416,0.003918367346938775,1.0988020712903257
-0.2996326530612245,-0.14574067250115416,0.07183673469387755,8.74850396474601
-0.2996326530612245,-0.14574067250115416,0.13975510204081631,16.0956891676469
-0.2996326530612245,-0.14574067250115416,0.2076734693877551,21.96845870540966
-0.2996326530612245,-0.14574067250115416,0.2755918367346939,24.176223785809643
-0.2996326530612245,-0.14574067250115416,0.34351020408163263,21.428461740743774
-0.2996326530612245,-0.14574067250115416,0.4114285714285714,13.961211675290144
-0.2996326530612245,-0.14574067250115416,0.4793469387755102,3.1125819641025885
-0.2996326530612245,-0.14574067250115416,0.5472653061224491,-9.364674133671759
-0.2996326530612245,-0.14574067250115416,0.6151836734693878,-21.853609608946087
-0.2996326530612245,-0.14574067250115416,0.6831020408163266,-33.47641526164975
-0.2996326530612245,-0.14574067250115416,0.7510204081632652,-44.03648556304931
-0.2996326530612245,-0.14574067250115416,0.818938775510204,-52.73783655351798
-0.2996326530612245,-0.14574067250115416,0.8868571428571428,-58.8218809542949
-0.2996326530612245,-0.14574067250115416,0.9547755102040816,-62.000125369980154
-0.2996326530612245,-0.14574067250115416,1.0226938775510204,-62.41034321540131
-0.2996326530612245,-0.14574067250115416,1.0906122448979592,-60.51030491772694
-0.2996326530612245,-0.14574067250115416,1.158530612244898,-56.90692523290613
-0.2996326530612245,-0.14574067250115416,1.2264489795918367,-52.201698220717645
-0.2996326530612245,-0.14574067250115416,1.2943673469387755,-46.90406916431624
-0.2996326530612245,-0.14574067250115416,1.3622857142857143,-41.41048806353619
-0.2996326530612245,-0.14574067250115416,1.4302040816326531,-35.99995772642251
-0.2996326530612245,-0.14574067250115416,1.498122448979592,-30.82834992733223
-0.2996326530612245,-0.14574067250115416,1.5660408163265305,-25.939448070043408
-0.2996326530612245,-0.14574067250115416,1.6339591836734693,-21.31318734835854
-0.2996326530612245,-0.14574067250115416,1.701877551020408,-16.932336342030755
-0.2996326530612245,-0.14574067250115416,1.7697959183673468,-12.806314394105701
-0.2996326530612245,-0.14574067250115416,1.8377142857142856,-8.952597453600667
-0.2996326530612245,-0.14574067250115416,1.9056326530612244,-5.382128756040963
-0.2996326530612245,-0.14574067250115416,1.9735510204081632,-2.0973425497938507
-0.2996326530612245,-0.14574067250115416,2.041469387755102,0.9060204715026323
-0.2996326530612245,-0.14574067250115416,2.109387755102041,3.637029277791857
-0.2996326530612245,-0.14574067250115416,2.1773061224489796,6.10802542900559
-0.2996326530612245,-0.14574067250115416,2.2452244897959184,8.333428819504697
-0.2996326530612245,-0.14574067250115416,2.313142857142857,10.328873948228093
-0.2996326530612245,-0.14574067250115416,2.381061224489796,12.110359646807911
-0.2996326530612245,-0.14574067250115416,2.4489795918367347,13.693838144806932
-0.2996326530612245,-0.14574067250115416,2.5168979591836735,15.095495601216697
-0.2996326530612245,-0.14574067250115416,2.5848163265306123,16.330577870312798
-0.2996326530612245,-0.14574067250115416,2.652734693877551,17.413596456171593
-0.2996326530612245,-0.14574067250115416,2.72065306122449,18.358221798935414
-0.2996326530612245,-0.14574067250115416,2.7885714285714287,19.17723160270909
-0.2996326530612245,-0.14574067250115416,2.8564897959183675,19.88249942321716
-0.2996326530612245,-0.14574067250115416,2.9244081632653063,20.48498942461346
-0.2996326530612245,-0.14574067250115416,2.992326530612245,20.994795731223665
-0.2996326530612245,-0.14574067250115416,3.060244897959184,21.421167359900515
-0.2996326530612245,-0.14574067250115416,3.1281632653061227,21.772559397377247
-0.2996326530612245,-0.14574067250115416,3.196081632653061,22.05669686152066
-0.2996326530612245,-0.14574067250115416,3.2640000000000002,22.280551869311626
-0.293265306122449,-0.14574067250115416,-0.064,-8.121531228119379
-0.293265306122449,-0.14574067250115416,0.003918367346938775,1.1223983508720552
-0.293265306122449,-0.14574067250115416,0.07183673469387755,8.708161033266297
-0.293265306122449,-0.14574067250115416,0.13975510204081631,15.915403985994116
-0.293265306122449,-0.14574067250115416,0.2076734693877551,21.848262336008798
-0.293265306122449,-0.14574067250115416,0.2755918367346939,24.66658749591993
-0.293265306122449,-0.14574067250115416,0.34351020408163263,23.204084897999824
-0.293265306122449,-0.14574067250115416,0.4114285714285714,17.576260939035038
-0.293265306122449,-0.14574067250115416,0.4793469387755102,8.877526272577011
-0.293265306122449,-0.14574067250115416,0.5472653061224491,-1.39563412348188
-0.293265306122449,-0.14574067250115416,0.6151836734693878,-11.818552428515563
-0.293265306122449,-0.14574067250115416,0.6831020408163266,-21.30241783447825
-0.293265306122449,-0.14574067250115416,0.7510204081632652,-29.265873324382582
-0.293265306122449,-0.14574067250115416,0.818938775510204,-35.50139903085736
-0.293265306122449,-0.14574067250115416,0.8868571428571428,-39.78156519948875
-0.293265306122449,-0.14574067250115416,0.9547755102040816,-41.99784012736194
-0.293265306122449,-0.14574067250115416,1.0226938775510204,-42.28740486740145
-0.293265306122449,-0.14574067250115416,1.0906122448979592,-40.97390856883847
-0.293265306122449,-0.14574067250115416,1.158530612244898,-38.46309439230397
-0.293265306122449,-0.14574067250115416,1.2264489795918367,-35.15480474911885
-0.293265306122449,-0.14574067250115416,1.2943673469387755,-31.383853127695446
-0.293265306122449,-0.14574067250115416,1.3622857142857143,-27.38977354261676
-0.293265306122449,-0.14574067250115416,1.4302040816326531,-23.3187210852195
-0.293265306122449,-0.14574067250115416,1.498122448979592,-19.257968138118116
-0.293265306122449,-0.14574067250115416,1.5660408163265305,-15.275559525255886
-0.293265306122449,-0.14574067250115416,1.6339591836734693,-11.432515104646797
-0.293265306122449,-0.14574067250115416,1.701877551020408,-7.777132566356663
-0.293265306122449,-0.14574067250115416,1.7697959183673468,-4.34223308696809
-0.293265306122449,-0.14574067250115416,1.8377142857142856,-1.1471355097963603
-0.293265306122449,-0.14574067250115416,1.9056326530612244,1.7993544977911036
-0.293265306122449,-0.14574067250115416,1.9735510204081632,4.496307614437491
-0.293265306122449,-0.14574067250115416,2.041469387755102,6.948534820778335
-0.293265306122449,-0.14574067250115416,2.109387755102041,9.164873177215217
-0.293265306122449,-0.14574067250115416,2.1773061224489796,11.156862789515223
-0.293265306122449,-0.14574067250115416,2.2452244897959184,12.937743610703837
-0.293265306122449,-0.14574067250115416,2.313142857142857,14.521648256461535
-0.293265306122449,-0.14574067250115416,2.381061224489796,15.92259070106159
-0.293265306122449,-0.14574067250115416,2.4489795918367347,17.155449838885332
-0.293265306122449,-0.14574067250115416,2.5168979591836735,18.234255745928618
-0.293265306122449,-0.14574067250115416,2.5848163265306123,19.17245239635673
-0.293265306122449,-0.14574067250115416,2.652734693877551,19.98277529663236
-0.293265306122449,-0.14574067250115416,2.72065306122449,20.67717483592897
-0.293265306122449,-0.14574067250115416,2.7885714285714287,21.266783190837184
-0.293265306122449,-0.14574067250115416,2.8564897959183675,21.761900051817978
-0.293265306122449,-0.14574067250115416,2.9244081632653063,22.172013302295845
-0.293265306122449,-0.14574067250115416,2.992326530612245,22.505819122633458
-0.293265306122449,-0.14574067250115416,3.060244897959184,22.7712639319641
-0.293265306122449,-0.14574067250115416,3.1281632653061227,22.975606142194554
-0.293265306122449,-0.14574067250115416,3.196081632653061,23.125385562647153
-0.293265306122449,-0.14574067250115416,3.2640000000000002,23.22658562503985
-0.28689795918367345,-0.14574067250115416,-0.064,-7.9846351295018
-0.28689795918367345,-0.14574067250115416,0.003918367346938775,1.1451005393646962
-0.28689795918367345,-0.14574067250115416,0.07183673469387755,8.670219608191784
-0.28689795918367345,-0.14574067250115416,0.13975510204081631,15.737718032932978
-0.28689795918367345,-0.14574067250115416,0.2076734693877551,21.683975829748565
-0.28689795918367345,-0.14574067250115416,0.2755918367346939,24.987813603836354
-0.28689795918367345,-0.14574067250115416,0.34351020408163263,24.615235662807077
-0.28689795918367345,-0.14574067250115416,0.4114285714285714,20.591868294315848
-0.28689795918367345,-0.14574067250115416,0.4793469387755102,13.800186063277746
-0.28689795918367345,-0.14574067250115416,0.5472653061224491,5.503854563282157
-0.28689795918367345,-0.14574067250115416,0.6151836734693878,-3.0641017124122527
-0.28689795918367345,-0.14574067250115416,0.6831020408163266,-10.935652196942712
-0.28689795918367345,-0.14574067250115416,0.7510204081632652,-17.483498360650472
-0.28689795918367345,-0.14574067250115416,0.818938775510204,-22.40517893135731
-0.28689795918367345,-0.14574067250115416,0.8868571428571428,-25.643887162788996
-0.28689795918367345,-0.14574067250115416,0.9547755102040816,-27.282689446342058
-0.28689795918367345,-0.14574067250115416,1.0226938775510204,-27.499221847662895
-0.28689795918367345,-0.14574067250115416,1.0906122448979592,-26.540468143005867
-0.28689795918367345,-0.14574067250115416,1.158530612244898,-24.67824890252389
-0.28689795918367345,-0.14574067250115416,1.2264489795918367,-22.165708016634547
-0.28689795918367345,-0.14574067250115416,1.2943673469387755,-19.215178421969462
-0.28689795918367345,-0.14574067250115416,1.3622857142857143,-15.998049059532672
-0.28689795918367345,-0.14574067250115416,1.4302040816326531,-12.652485918030301
-0.28689795918367345,-0.14574067250115416,1.498122448979592,-9.288119578369173
-0.28689795918367345,-0.14574067250115416,1.5660408163265305,-5.988578748227976
-0.28689795918367345,-0.14574067250115416,1.6339591836734693,-2.814744606138518
-0.28689795918367345,-0.14574067250115416,1.701877551020408,0.19135745596506126
-0.28689795918367345,-0.14574067250115416,1.7697959183673468,3.0027638022665144
-0.28689795918367345,-0.14574067250115416,1.8377142857142856,5.604272321775419
-0.28689795918367345,-0.14574067250115416,1.9056326530612244,7.989611955539985
-0.28689795918367345,-0.14574067250115416,1.9735510204081632,10.159166796323035
-0.28689795918367345,-0.14574067250115416,2.041469387755102,12.118112943858577
-0.28689795918367345,-0.14574067250115416,2.109387755102041,13.874958006300222
-0.28689795918367345,-0.14574067250115416,2.1773061224489796,15.44040243332898
-0.28689795918367345,-0.14574067250115416,2.2452244897959184,16.82646385102635
-0.28689795918367345,-0.14574067250115416,2.313142857142857,18.045495661008875
-0.28689795918367345,-0.14574067250115416,2.381061224489796,19.11058574614029
-0.28689795918367345,-0.14574067250115416,2.4489795918367347,20.034592291186886
-0.28689795918367345,-0.14574067250115416,2.5168979591836735,20.829818227247063
-0.28689795918367345,-0.14574067250115416,2.5848163265306123,21.50799988065599
-0.28689795918367345,-0.14574067250115416,2.652734693877551,22.08020655330076
-0.28689795918367345,-0.14574067250115416,2.72065306122449,22.556778375885557
-0.28689795918367345,-0.14574067250115416,2.7885714285714287,22.947303782059556
-0.28689795918367345,-0.14574067250115416,2.8564897959183675,23.26062736764078
-0.28689795918367345,-0.14574067250115416,2.9244081632653063,23.504860938898272
-0.28689795918367345,-0.14574067250115416,2.992326530612245,23.68741197473413
-0.28689795918367345,-0.14574067250115416,3.060244897959184,23.81503112817831
-0.28689795918367345,-0.14574067250115416,3.1281632653061227,23.893858919621454
-0.28689795918367345,-0.14574067250115416,3.196081632653061,23.929402374902146
-0.28689795918367345,-0.14574067250115416,3.2640000000000002,23.926689865911715
-0.28053061224489795,-0.14574067250115416,-0.064,-7.854860420933585
-0.28053061224489795,-0.14574067250115416,0.003918367346938775,1.1669090107527884
-0.28053061224489795,-0.14574067250115416,0.07183673469387755,8.634633539004753
-0.28053061224489795,-0.14574067250115416,0.13975510204081631,15.564367734342303
-0.28053061224489795,-0.14574067250115416,0.2076734693877551,21.48455299413373
-0.28053061224489795,-0.14574067250115416,0.2755918367346939,25.160542436994074
-0.28053061224489795,-0.14574067250115416,0.34351020408163263,25.69478921296433
-0.28053061224489795,-0.14574067250115416,0.4114285714285714,23.05066110189171
-0.28053061224489795,-0.14574067250115416,0.4793469387755102,17.92963305789552
-0.28053061224489795,-0.14574067250115416,0.5472653061224491,11.38650367890936
-0.28053061224489795,-0.14574067250115416,0.6151836734693878,4.477518283030378
-0.28053061224489795,-0.14574067250115416,0.6831020408163266,-1.9524952912222773
-0.28053061224489795,-0.14574067250115416,0.7510204081632652,-7.34366962765397
-0.28053061224489795,-0.14574067250115416,0.818938775510204,-11.40769939990096
-0.28053061224489795,-0.14574067250115416,0.8868571428571428,-14.071879474883456
-0.28053061224489795,-0.14574067250115416,0.9547755102040816,-15.411966495202908
-0.28053061224489795,-0.14574067250115416,1.0226938775510204,-15.591530383003068
-0.28053061224489795,-0.14574067250115416,1.0906122448979592,-14.815158579402944
-0.28053061224489795,-0.14574067250115416,1.158530612244898,-13.295588759449398
-0.28053061224489795,-0.14574067250115416,1.2264489795918367,-11.232956461830966
-0.28053061224489795,-0.14574067250115416,1.2943673469387755,-8.803654114636974
-0.28053061224489795,-0.14574067250115416,1.3622857142857143,-6.155902656097002
-0.28053061224489795,-0.14574067250115416,1.4302040816326531,-3.4093889799729418
-0.28053061224489795,-0.14574067250115416,1.498122448979592,-0.6573003457194204
-0.28053061224489795,-0.14574067250115416,1.5660408163265305,2.0304637696144994
-0.28053061224489795,-0.14574067250115416,1.6339591836734693,4.603629998213947
-0.28053061224489795,-0.14574067250115416,1.701877551020408,7.027964995102856
-0.28053061224489795,-0.14574067250115416,1.7697959183673468,9.281998976184575
-0.28053061224489795,-0.14574067250115416,1.8377142857142856,11.354146050441084
-0.28053061224489795,-0.14574067250115416,1.9056326530612244,13.240320544760731
-0.28053061224489795,-0.14574067250115416,1.9735510204081632,14.941961385506094
-0.28053061224489795,-0.14574067250115416,2.041469387755102,16.464446237589538
-0.28053061224489795,-0.14574067250115416,2.109387755102041,17.815852451591677
-0.28053061224489795,-0.14574067250115416,2.1773061224489796,19.005997361598677
-0.28053061224489795,-0.14574067250115416,2.2452244897959184,20.04548540017181
-0.28053061224489795,-0.14574067250115416,2.313142857142857,20.94554916902153
-0.28053061224489795,-0.14574067250115416,2.381061224489796,21.717797738474708
-0.28053061224489795,-0.14574067250115416,2.4489795918367347,22.373340061916593
-0.28053061224489795,-0.14574067250115416,2.5168979591836735,22.922864556161134
-0.28053061224489795,-0.14574067250115416,2.5848163265306123,23.376504047364886
-0.28053061224489795,-0.14574067250115416,2.652734693877551,23.74377173198809
-0.28053061224489795,-0.14574067250115416,2.72065306122449,24.03350923371129
-0.28053061224489795,-0.14574067250115416,2.7885714285714287,24.25388651007959
-0.28053061224489795,-0.14574067250115416,2.8564897959183675,24.412404344456192
-0.28053061224489795,-0.14574067250115416,2.9244081632653063,24.51590940370821
-0.28053061224489795,-0.14574067250115416,2.992326530612245,24.57063916776651
-0.28053061224489795,-0.14574067250115416,3.060244897959184,24.582262139252123
-0.28053061224489795,-0.14574067250115416,3.1281632653061227,24.555851683149783
-0.28053061224489795,-0.14574067250115416,3.196081632653061,24.49603900623957
-0.28053061224489795,-0.14574067250115416,3.2640000000000002,24.406966180575576
-0.27416326530612245,-0.14574067250115416,-0.064,-7.731911248131533
-0.27416326530612245,-0.14574067250115416,0.003918367346938775,1.187825290789623
-0.27416326530612245,-0.14574067250115416,0.07183673469387755,8.601343560337732
-0.27416326530612245,-0.14574067250115416,0.13975510204081631,15.396914138157719
-0.27416326530612245,-0.14574067250115416,0.2076734693877551,21.258521480512176
-0.27416326530612245,-0.14574067250115416,0.2755918367346939,25.205415077303574
-0.27416326530612245,-0.14574067250115416,0.34351020408163263,26.476749564167136
-0.27416326530612245,-0.14574067250115416,0.4114285714285714,24.99798060681568
-0.27416326530612245,-0.14574067250115416,0.4793469387755102,21.319306963159576
-0.27416326530612245,-0.14574067250115416,0.5472653061224491,16.31084463971588
-0.27416326530612245,-0.14574067250115416,0.6151836734693878,10.86775332972043
-0.27416326530612245,-0.14574067250115416,0.6831020408163266,5.719783003646306
-0.27416326530612245,-0.14574067250115416,0.7510204081632652,1.360746425059851
-0.27416326530612245,-0.14574067250115416,0.818938775510204,-1.945979244368754
-0.27416326530612245,-0.14574067250115416,0.8868571428571428,-4.122722747427634
-0.27416326530612245,-0.14574067250115416,0.9547755102040816,-5.22143102072587
-0.27416326530612245,-0.14574067250115416,1.0226938775510204,-5.371936130449974
-0.27416326530612245,-0.14574067250115416,1.0906122448979592,-4.741162041985202
-0.27416326530612245,-0.14574067250115416,1.158530612244898,-3.504518107846426
-0.27416326530612245,-0.14574067250115416,1.2264489795918367,-1.8279114799822587
-0.27416326530612245,-0.14574067250115416,1.2943673469387755,0.14213787435005543
-0.27416326530612245,-0.14574067250115416,1.3622857142857143,2.2825626977015006
-0.27416326530612245,-0.14574067250115416,1.4302040816326531,4.494271419607895
-0.27416326530612245,-0.14574067250115416,1.498122448979592,6.700462505672036
-0.27416326530612245,-0.14574067250115416,1.5660408163265305,8.84391016384565
-0.27416326530612245,-0.14574067250115416,1.6339591836734693,10.883882556020854
-0.27416326530612245,-0.14574067250115416,1.701877551020408,12.793082756963859
-0.27416326530612245,-0.14574067250115416,1.7697959183673468,14.554851179017852
-0.27416326530612245,-0.14574067250115416,1.8377142857142856,16.16075062499966
-0.27416326530612245,-0.14574067250115416,1.9056326530612244,17.60850966730713
-0.27416326530612245,-0.14574067250115416,1.9735510204081632,18.900384704617085
-0.27416326530612245,-0.14574067250115416,2.041469387755102,20.04180153293587
-0.27416326530612245,-0.14574067250115416,2.109387755102041,21.04033201345051
-0.27416326530612245,-0.14574067250115416,2.1773061224489796,21.904787846430956
-0.27416326530612245,-0.14574067250115416,2.2452244897959184,22.64450520302816
-0.27416326530612245,-0.14574067250115416,2.313142857142857,23.269806470942942
-0.27416326530612245,-0.14574067250115416,2.381061224489796,23.790563068104596
-0.27416326530612245,-0.14574067250115416,2.4489795918367347,24.21637314951177
-0.27416326530612245,-0.14574067250115416,2.5168979591836735,24.556408141996517
-0.27416326530612245,-0.14574067250115416,2.5848163265306123,24.81932208310771
-0.27416326530612245,-0.14574067250115416,2.652734693877551,25.013188386050018
-0.27416326530612245,-0.14574067250115416,2.72065306122449,25.14547533798633
-0.27416326530612245,-0.14574067250115416,2.7885714285714287,25.223051586876284
-0.27416326530612245,-0.14574067250115416,2.8564897959183675,25.252193172433376
-0.27416326530612245,-0.14574067250115416,2.9244081632653063,25.238606049494212
-0.27416326530612245,-0.14574067250115416,2.992326530612245,25.18748021098897
-0.27416326530612245,-0.14574067250115416,3.060244897959184,25.10344938855187
-0.27416326530612245,-0.14574067250115416,3.1281632653061227,24.9907301469667
-0.27416326530612245,-0.14574067250115416,3.196081632653061,24.853096686428547
-0.27416326530612245,-0.14574067250115416,3.2640000000000002,24.693927019400896
-0.26779591836734695,-0.14574067250115416,-0.064,-7.615492488767167
-0.26779591836734695,-0.14574067250115416,0.003918367346938775,1.2078471838322682
-0.26779591836734695,-0.14574067250115416,0.07183673469387755,8.570273829416294
-0.26779591836734695,-0.14574067250115416,0.13975510204081631,15.236726947894894
-0.26779591836734695,-0.14574067250115416,0.2076734693877551,21.01399829061162
-0.26779591836734695,-0.14574067250115416,0.2755918367346939,25.1428880253035
-0.26779591836734695,-0.14574067250115416,0.34351020408163263,26.995983642812167
-0.26779591836734695,-0.14574067250115416,0.4114285714285714,26.48166461228178
-0.26779591836734695,-0.14574067250115416,0.4793469387755102,24.026941493521786
-0.26779591836734695,-0.14574067250115416,0.5472653061224491,20.341355139870824
-0.26779591836734695,-0.14574067250115416,0.6151836734693878,16.175313250164518
-0.26779591836734695,-0.14574067250115416,0.6831020408163266,12.152412854080886
-0.26779591836734695,-0.14574067250115416,0.7510204081632652,8.703686522030495
-0.26779591836734695,-0.14574067250115416,0.818938775510204,6.0671115906196
-0.26779591836734695,-0.14574067250115416,0.8868571428571428,4.3225302968073365
-0.26779591836734695,-0.14574067250115416,0.9547755102040816,3.437945392528672
-0.26779591836734695,-0.14574067250115416,1.0226938775510204,3.3131859949887534
-0.26779591836734695,-0.14574067250115416,1.0906122448979592,3.8147189471740575
-0.26779591836734695,-0.14574067250115416,1.158530612244898,4.800316129725452
-0.26779591836734695,-0.14574067250115416,1.2264489795918367,6.134691202636066
-0.26779591836734695,-0.14574067250115416,1.2943673469387755,7.698122036821161
-0.26779591836734695,-0.14574067250115416,1.3622857142857143,9.39014593896264
-0.26779591836734695,-0.14574067250115416,1.4302040816326531,11.130117909231167
-0.26779591836734695,-0.14574067250115416,1.498122448979592,12.855859408428305
-0.26779591836734695,-0.14574067250115416,1.5660408163265305,14.521416333415651
-0.26779591836734695,-0.14574067250115416,1.6339591836734693,16.09448918792593
-0.26779591836734695,-0.14574067250115416,1.701877551020408,17.553846090624216
-0.26779591836734695,-0.14574067250115416,1.7697959183673468,18.887005781740648
-0.26779591836734695,-0.14574067250115416,1.8377142857142856,20.088179517563205
-0.26779591836734695,-0.14574067250115416,1.9056326530612244,21.156590813553112
-0.26779591836734695,-0.14574067250115416,1.9735510204081632,22.09507371599637
-0.26779591836734695,-0.14574067250115416,2.041469387755102,22.908972243957933
-0.26779591836734695,-0.14574067250115416,2.109387755102041,23.605279555477015
-0.26779591836734695,-0.14574067250115416,2.1773061224489796,24.191534324009442
-0.26779591836734695,-0.14574067250115416,2.2452244897959184,24.67664767675705
-0.26779591836734695,-0.14574067250115416,2.313142857142857,25.069273090397942
-0.26779591836734695,-0.14574067250115416,2.381061224489796,25.377906159807107
-0.26779591836734695,-0.14574067250115416,2.4489795918367347,25.61074185235815
-0.26779591836734695,-0.14574067250115416,2.5168979591836735,25.775559037840484
-0.26779591836734695,-0.14574067250115416,2.5848163265306123,25.87964463673651
-0.26779591836734695,-0.14574067250115416,2.652734693877551,25.92976479580538
-0.26779591836734695,-0.14574067250115416,2.72065306122449,25.93214254600934
-0.26779591836734695,-0.14574067250115416,2.7885714285714287,25.892471917683345
-0.26779591836734695,-0.14574067250115416,2.8564897959183675,25.815928530855786
-0.26779591836734695,-0.14574067250115416,2.9244081632653063,25.707217412425837
-0.26779591836734695,-0.14574067250115416,2.992326530612245,25.57052362997594
-0.26779591836734695,-0.14574067250115416,3.060244897959184,25.409658058880286
-0.26779591836734695,-0.14574067250115416,3.1281632653061227,25.228024119503733
-0.26779591836734695,-0.14574067250115416,3.196081632653061,25.028652413303487
-0.26779591836734695,-0.14574067250115416,3.2640000000000002,24.81425357409053
-0.26142857142857145,-0.14574067250115416,-0.064,-7.5053118697595185
-0.26142857142857145,-0.14574067250115416,0.003918367346938775,1.2269740231534212
-0.26142857142857145,-0.14574067250115416,0.07183673469387755,8.541327097145677
-0.26142857142857145,-0.14574067250115416,0.13975510204081631,15.084977220706353
-0.26142857142857145,-0.14574067250115416,0.2076734693877551,20.758592506184453
-0.26142857142857145,-0.14574067250115416,0.2755918367346939,24.99302496232436
-0.26142857142857145,-0.14574067250115416,0.34351020408163263,27.287929957260538
-0.26142857142857145,-0.14574067250115416,0.4114285714285714,27.551727365768716
-0.26142857142857145,-0.14574067250115416,0.4793469387755102,26.11422538390332
-0.26142857142857145,-0.14574067250115416,0.5472653061224491,23.54842551045087
-0.26142857142857145,-0.14574067250115416,0.6151836734693878,20.47638074341009
-0.26142857142857145,-0.14574067250115416,0.6831020408163266,17.425289910111932
-0.26142857142857145,-0.14574067250115416,0.7510204081632652,14.767352650951658
-0.26142857142857145,-0.14574067250115416,0.818938775510204,12.71515126793631
-0.26142857142857145,-0.14574067250115416,0.8868571428571428,11.348308980002177
-0.26142857142857145,-0.14574067250115416,0.9547755102040816,10.651110216702708
-0.26142857142857145,-0.14574067250115416,1.0226938775510204,10.548845454058092
-0.26142857142857145,-0.14574067250115416,1.0906122448979592,10.937165485549851
-0.26142857142857145,-0.14574067250115416,1.158530612244898,11.703072298238567
-0.26142857142857145,-0.14574067250115416,1.2264489795918367,12.738333855357741
-0.26142857142857145,-0.14574067250115416,1.2943673469387755,13.946971577772143
-0.26142857142857145,-0.14574067250115416,1.3622857142857143,15.248527168490057
-0.26142857142857145,-0.14574067250115416,1.4302040816326531,16.578636841540273
-0.26142857142857145,-0.14574067250115416,1.498122448979592,17.888003504103686
-0.26142857142857145,-0.14574067250115416,1.5660408163265305,19.140547430257495
-0.26142857142857145,-0.14574067250115416,1.6339591836734693,20.31129141001964
-0.26142857142857145,-0.14574067250115416,1.701877551020408,21.384240988496583
-0.26142857142857145,-0.14574067250115416,1.7697959183673468,22.35044507305607
-0.26142857142857145,-0.14574067250115416,1.8377142857142856,23.206323186838844
-0.26142857142857145,-0.14574067250115416,1.9056326530612244,23.95225608913984
-0.26142857142857145,-0.14574067250115416,1.9735510204081632,24.591460902483124
-0.26142857142857145,-0.14574067250115416,2.041469387755102,25.129077716419587
-0.26142857142857145,-0.14574067250115416,2.109387755102041,25.57114554987834
-0.26142857142857145,-0.14574067250115416,2.1773061224489796,25.924930164860218
-0.26142857142857145,-0.14574067250115416,2.2452244897959184,26.19796774795236
-0.26142857142857145,-0.14574067250115416,2.313142857142857,26.397656912825354
-0.26142857142857145,-0.14574067250115416,2.381061224489796,26.53121820073637
-0.26142857142857145,-0.14574067250115416,2.4489795918367347,26.605559264579316
-0.26142857142857145,-0.14574067250115416,2.5168979591836735,26.62718735777785
-0.26142857142857145,-0.14574067250115416,2.5848163265306123,26.602160384373462
-0.26142857142857145,-0.14574067250115416,2.652734693877551,26.536066098122674
-0.26142857142857145,-0.14574067250115416,2.72065306122449,26.43401587216167
-0.26142857142857145,-0.14574067250115416,2.7885714285714287,26.300660181001746
-0.26142857142857145,-0.14574067250115416,2.8564897959183675,26.140222004696536
-0.26142857142857145,-0.14574067250115416,2.9244081632653063,25.956445583503235
-0.26142857142857145,-0.14574067250115416,2.992326530612245,25.75274620288271
-0.26142857142857145,-0.14574067250115416,3.060244897959184,25.53215468260061
-0.26142857142857145,-0.14574067250115416,3.1281632653061227,25.297367741963093
-0.26142857142857145,-0.14574067250115416,3.196081632653061,25.05078884135134
-0.26142857142857145,-0.14574067250115416,3.2640000000000002,24.794537065881777
-0.2550612244897959,-0.14574067250115416,-0.064,-7.401079371836089
-0.2550612244897959,-0.14574067250115416,0.003918367346938775,1.2452073532274217
-0.2550612244897959,-0.14574067250115416,0.07183673469387755,8.51439959716875
-0.2550612244897959,-0.14574067250115416,0.13975510204081631,14.942644756900291
-0.2550612244897959,-0.14574067250115416,0.2076734693877551,20.4993339478445
-0.2550612244897959,-0.14574067250115416,0.2755918367346939,24.77527030984716
-0.2550612244897959,-0.14574067250115416,0.34351020408163263,27.388132170579034
-0.2550612244897959,-0.14574067250115416,0.4114285714285714,28.259910029853444
-0.2550612244897959,-0.14574067250115416,0.4793469387755102,27.64654133373486
-0.2550612244897959,-0.14574067250115416,0.5472653061224491,26.008126299867353
-0.2550612244897959,-0.14574067250115416,0.6151836734693878,23.854594344770927
-0.2550612244897959,-0.14574067250115416,0.6831020408163266,21.62720500006768
-0.2550612244897959,-0.14574067250115416,0.7510204081632652,19.6438956564533
-0.2550612244897959,-0.14574067250115416,0.818938775510204,18.09239037562738
-0.2550612244897959,-0.14574067250115416,0.8868571428571428,17.050064732005335
-0.2550612244897959,-0.14574067250115416,0.9547755102040816,16.514069836769615
-0.2550612244897959,-0.14574067250115416,1.0226938775510204,16.431119040547763
-0.2550612244897959,-0.14574067250115416,1.0906122448979592,16.72192601668735
-0.2550612244897959,-0.14574067250115416,1.158530612244898,17.2988236173798
-0.2550612244897959,-0.14574067250115416,1.2264489795918367,18.07713025538042
-0.2550612244897959,-0.14574067250115416,1.2943673469387755,18.981555653632768
-0.2550612244897959,-0.14574067250115416,1.3622857142857143,19.949062729593237
-0.2550612244897959,-0.14574067250115416,1.4302040816326531,20.929449197779064
-0.2550612244897959,-0.14574067250115416,1.498122448979592,21.884555130483008
-0.2550612244897959,-0.14574067250115416,1.5660408163265305,22.786801748324606
-0.2550612244897959,-0.14574067250115416,1.6339591836734693,23.617469010657402
-0.2550612244897959,-0.14574067250115416,1.701877551020408,24.364974532091757
-0.2550612244897959,-0.14574067250115416,1.7697959183673468,25.023296223329684
-0.2550612244897959,-0.14574067250115416,1.8377142857142856,25.59061873503985
-0.2550612244897959,-0.14574067250115416,1.9056326530612244,26.06819878749182
-0.2550612244897959,-0.14574067250115416,1.9735510204081632,26.459445954592262
-0.2550612244897959,-0.14574067250115416,2.041469387755102,26.768978885733155
-0.2550612244897959,-0.14574067250115416,2.109387755102041,27.002494267034304
-0.2550612244897959,-0.14574067250115416,2.1773061224489796,27.16644472132471
-0.2550612244897959,-0.14574067250115416,2.2452244897959184,27.267166480618318
-0.2550612244897959,-0.14574067250115416,2.313142857142857,27.31093603266298
-0.2550612244897959,-0.14574067250115416,2.381061224489796,27.303810967782166
-0.2550612244897959,-0.14574067250115416,2.4489795918367347,27.25153652284238
-0.2550612244897959,-0.14574067250115416,2.5168979591836735,27.159484574987047
-0.2550612244897959,-0.14574067250115416,2.5848163265306123,27.0326158140688
-0.2550612244897959,-0.14574067250115416,2.652734693877551,26.875480097412176
-0.2550612244897959,-0.14574067250115416,2.72065306122449,26.692214790509095
-0.2550612244897959,-0.14574067250115416,2.7885714285714287,26.48657475119354
-0.2550612244897959,-0.14574067250115416,2.8564897959183675,26.261883497825583
-0.2550612244897959,-0.14574067250115416,2.9244081632653063,26.021165665654525
-0.2550612244897959,-0.14574067250115416,2.992326530612245,25.767100810522315
-0.2550612244897959,-0.14574067250115416,3.060244897959184,25.50206626271964
-0.2550612244897959,-0.14574067250115416,3.1281632653061227,25.228168901594074
-0.2550612244897959,-0.14574067250115416,3.196081632653061,24.947264092349478
-0.2550612244897959,-0.14574067250115416,3.2640000000000002,24.66098260788347
-0.2486938775510204,-0.14574067250115416,-0.064,-7.302506971630148
-0.2486938775510204,-0.14574067250115416,0.003918367346938775,1.262547078407048
-0.2486938775510204,-0.14574067250115416,0.07183673469387755,8.489363943410702
-0.2486938775510204,-0.14574067250115416,0.13975510204081631,14.81049270199591
-0.2486938775510204,-0.14574067250115416,0.2076734693877551,20.242614488339488
-0.2486938775510204,-0.14574067250115416,0.2755918367346939,24.508219465204398
-0.2486938775510204,-0.14574067250115416,0.34351020408163263,27.33192172896454
-0.2486938775510204,-0.14574067250115416,0.4114285714285714,28.659121243654333
-0.2486938775510204,-0.14574067250115416,0.4793469387755102,28.692782885226823
-0.2486938775510204,-0.14574067250115416,0.5472653061224491,27.801758443561276
-0.2486938775510204,-0.14574067250115416,0.6151836734693878,26.400741745490155
-0.2486938775510204,-0.14574067250115416,0.6831020408163266,24.855711234297527
-0.2486938775510204,-0.14574067250115416,0.7510204081632652,23.435472989417402
-0.2486938775510204,-0.14574067250115416,0.818938775510204,22.303952585836186
-0.2486938775510204,-0.14574067250115416,0.8868571428571428,21.534682952019658
-0.2486938775510204,-0.14574067250115416,0.9547755102040816,21.134531393051486
-0.2486938775510204,-0.14574067250115416,1.0226938775510204,21.06781417522115
-0.2486938775510204,-0.14574067250115416,1.0906122448979592,21.276319535081495
-0.2486938775510204,-0.14574067250115416,1.158530612244898,21.69390858068589
-0.2486938775510204,-0.14574067250115416,1.2264489795918367,22.25601221213558
-0.2486938775510204,-0.14574067250115416,1.2943673469387755,22.90503051652697
-0.2486938775510204,-0.14574067250115416,1.3622857142857143,23.59281609668439
-0.2486938775510204,-0.14574067250115416,1.4302040816326531,24.281225429164582
-0.2486938775510204,-0.14574067250115416,1.498122448979592,24.94155776372823
-0.2486938775510204,-0.14574067250115416,1.5660408163265305,25.55339396866064
-0.2486938775510204,-0.14574067250115416,1.6339591836734693,26.10322684004996
-0.2486938775510204,-0.14574067250115416,1.701877551020408,26.583111478498054
-0.2486938775510204,-0.14574067250115416,1.7697959183673468,26.9893812138503
-0.2486938775510204,-0.14574067250115416,1.8377142857142856,27.32158827493527
-0.2486938775510204,-0.14574067250115416,1.9056326530612244,27.581597297105123
-0.2486938775510204,-0.14574067250115416,1.9735510204081632,27.772735711755654
-0.2486938775510204,-0.14574067250115416,2.041469387755102,27.89924016638746
-0.2486938775510204,-0.14574067250115416,2.109387755102041,27.966555378479924
-0.2486938775510204,-0.14574067250115416,2.1773061224489796,27.98001730421422
-0.2486938775510204,-0.14574067250115416,2.2452244897959184,27.9450080726302
-0.2486938775510204,-0.14574067250115416,2.313142857142857,27.8667794267047
-0.2486938775510204,-0.14574067250115416,2.381061224489796,27.750350973722085
-0.2486938775510204,-0.14574067250115416,2.4489795918367347,27.600436004715736
-0.2486938775510204,-0.14574067250115416,2.5168979591836735,27.42140972859141
-0.2486938775510204,-0.14574067250115416,2.5848163265306123,27.217282704836933
-0.2486938775510204,-0.14574067250115416,2.652734693877551,26.991706188717192
-0.2486938775510204,-0.14574067250115416,2.72065306122449,26.74797467470461
-0.2486938775510204,-0.14574067250115416,2.7885714285714287,26.489068451594644
-0.2486938775510204,-0.14574067250115416,2.8564897959183675,26.217591876951268
-0.2486938775510204,-0.14574067250115416,2.9244081632653063,25.935910758382363
-0.2486938775510204,-0.14574067250115416,2.992326530612245,25.646106288039743
-0.2486938775510204,-0.14574067250115416,3.060244897959184,25.35001033206901
-0.2486938775510204,-0.14574067250115416,3.1281632653061227,25.049231409875556
-0.2486938775510204,-0.14574067250115416,3.196081632653061,24.745179275981663
-0.2486938775510204,-0.14574067250115416,3.2640000000000002,24.43908047924355
-0.2423265306122449,-0.14574067250115416,-0.064,-7.209308481255054
-0.2423265306122449,-0.14574067250115416,0.003918367346938775,1.2789906803095552
-0.2423265306122449,-0.14574067250115416,0.07183673469387755,8.466080143572336
-0.2423265306122449,-0.14574067250115416,0.13975510204081631,14.68907719388695
-0.2423265306122449,-0.14574067250115416,0.2076734693877551,19.9941066667154
-0.2423265306122449,-0.14574067250115416,0.2755918367346939,24.209360349572272
-0.2423265306122449,-0.14574067250115416,0.34351020408163263,27.15382864575138
-0.2423265306122449,-0.14574067250115416,0.4114285714285714,28.802716014460092
-0.2423265306122449,-0.14574067250115416,0.4793469387755102,29.323918593164734
-0.2423265306122449,-0.14574067250115416,0.5472653061224491,29.015084719189442
-0.2423265306122449,-0.14574067250115416,0.6151836734693878,28.212131936789373
-0.2423265306122449,-0.14574067250115416,0.6831020408163266,27.216632550296243
-0.2423265306122449,-0.14574067250115416,0.7510204081632652,26.25390174213513
-0.2423265306122449,-0.14574067250115416,0.818938775510204,25.46563225129559
-0.2423265306122449,-0.14574067250115416,0.8868571428571428,24.920329376114925
-0.2423265306122449,-0.14574067250115416,0.9547755102040816,24.631796611879263
-0.2423265306122449,-0.14574067250115416,1.0226938775510204,24.578367423546688
-0.2423265306122449,-0.14574067250115416,1.0906122448979592,24.719109685047048
-0.2423265306122449,-0.14574067250115416,1.158530612244898,25.005753086749703
-0.2423265306122449,-0.14574067250115416,1.2264489795918367,25.390501488324766
-0.2423265306122449,-0.14574067250115416,1.2943673469387755,25.830545897353982
-0.2423265306122449,-0.14574067250115416,1.3622857142857143,26.290162280953545
-0.2423265306122449,-0.14574067250115416,1.4302040816326531,26.741246912296486
-0.2423265306122449,-0.14574067250115416,1.498122448979592,27.16291991632683
-0.2423265306122449,-0.14574067250115416,1.5660408163265305,27.540639744191207
-0.2423265306122449,-0.14574067250115416,1.6339591836734693,27.86514193225748
-0.2423265306122449,-0.14574067250115416,1.701877551020408,28.131369602701824
-0.2423265306122449,-0.14574067250115416,1.7697959183673468,28.337494426557072
-0.2423265306122449,-0.14574067250115416,1.8377142857142856,28.48406939449834
-0.2423265306122449,-0.14574067250115416,1.9056326530612244,28.573311102233745
-0.2423265306122449,-0.14574067250115416,1.9735510204081632,28.608145761681097
-0.2423265306122449,-0.14574067250115416,2.041469387755102,28.59311151193123
-0.2423265306122449,-0.14574067250115416,2.109387755102041,28.532637199664702
-0.2423265306122449,-0.14574067250115416,2.1773061224489796,28.431279142865282
-0.2423265306122449,-0.14574067250115416,2.2452244897959184,28.29354607269868
-0.2423265306122449,-0.14574067250115416,2.313142857142857,28.12378826674022
-0.2423265306122449,-0.14574067250115416,2.381061224489796,27.926117865105923
-0.2423265306122449,-0.14574067250115416,2.4489795918367347,27.70435764271339
-0.2423265306122449,-0.14574067250115416,2.5168979591836735,27.462024194023545
-0.2423265306122449,-0.14574067250115416,2.5848163265306123,27.202321881659334
-0.2423265306122449,-0.14574067250115416,2.652734693877551,26.928140714571594
-0.2423265306122449,-0.14574067250115416,2.72065306122449,26.642093139078018
-0.2423265306122449,-0.14574067250115416,2.7885714285714287,26.346451826374178
-0.2423265306122449,-0.14574067250115416,2.8564897959183675,26.043287397529955
-0.2423265306122449,-0.14574067250115416,2.9244081632653063,25.734404359477622
-0.2423265306122449,-0.14574067250115416,2.992326530612245,25.421393452229175
-0.2423265306122449,-0.14574067250115416,3.060244897959184,25.105640325119424
-0.2423265306122449,-0.14574067250115416,3.1281632653061227,24.788357588536677
-0.2423265306122449,-0.14574067250115416,3.196081632653061,24.470588818539
-0.2423265306122449,-0.14574067250115416,3.2640000000000002,24.153242988009758
-0.23595918367346938,-0.14574067250115416,-0.064,-7.12120212317713
-0.23595918367346938,-0.14574067250115416,0.003918367346938775,1.2945387556409238
-0.23595918367346938,-0.14574067250115416,0.07183673469387755,8.444393273266249
-0.23595918367346938,-0.14574067250115416,0.13975510204081631,14.578739285115223
-0.23595918367346938,-0.14574067250115416,0.2076734693877551,19.758717005865286
-0.23595918367346938,-0.14574067250115416,0.2755918367346939,23.89482949194631
-0.23595918367346938,-0.14574067250115416,0.34351020408163263,26.887052730623825
-0.23595918367346938,-0.14574067250115416,0.4114285714285714,28.74365106844031
-0.23595918367346938,-0.14574067250115416,0.4793469387755102,29.612208318488626
-0.23595918367346938,-0.14574067250115416,0.5472653061224491,29.7372289854929
-0.23595918367346938,-0.14574067250115416,0.6151836734693878,29.391516316868483
-0.23595918367346938,-0.14574067250115416,0.6831020408163266,28.823109077221446
-0.23595918367346938,-0.14574067250115416,0.7510204081632652,28.21980964439782
-0.23595918367346938,-0.14574067250115416,0.818938775510204,27.703114782749317
-0.23595918367346938,-0.14574067250115416,0.8868571428571428,27.33577582276058
-0.23595918367346938,-0.14574067250115416,0.9547755102040816,27.136113033257786
-0.23595918367346938,-0.14574067250115416,1.0226938775510204,27.093206674236363
-0.23595918367346938,-0.14574067250115416,1.0906122448979592,27.179848760254085
-0.23595918367346938,-0.14574067250115416,1.158530612244898,27.36215822258529
-0.23595918367346938,-0.14574067250115416,1.2264489795918367,27.605948770703332
-0.23595918367346938,-0.14574067250115416,1.2943673469387755,27.880416296546432
-0.23595918367346938,-0.14574067250115416,1.3622857142857143,28.159910595022506
-0.23595918367346938,-0.14574067250115416,1.4302040816326531,28.4244427527785
-0.23595918367346938,-0.14574067250115416,1.498122448979592,28.659407504911076
-0.23595918367346938,-0.14574067250115416,1.5660408163265305,28.854941814690083
-0.23595918367346938,-0.14574067250115416,1.6339591836734693,29.005096573096864
-0.23595918367346938,-0.14574067250115416,1.701877551020408,29.107040574780534
-0.23595918367346938,-0.14574067250115416,1.7697959183673468,29.160298249313684
-0.23595918367346938,-0.14574067250115416,1.8377142857142856,29.166106547106075
-0.23595918367346938,-0.14574067250115416,1.9056326530612244,29.126478591364204
-0.23595918367346938,-0.14574067250115416,1.9735510204081632,29.04495653084238
-0.23595918367346938,-0.14574067250115416,2.041469387755102,28.92523940749638
-0.23595918367346938,-0.14574067250115416,2.109387755102041,28.771152805921435
-0.23595918367346938,-0.14574067250115416,2.1773061224489796,28.58654620473335
-0.23595918367346938,-0.14574067250115416,2.2452244897959184,28.375169464089563
-0.23595918367346938,-0.14574067250115416,2.313142857142857,28.140590186878097
-0.23595918367346938,-0.14574067250115416,2.381061224489796,27.88614640615479
-0.23595918367346938,-0.14574067250115416,2.4489795918367347,27.614913685730492
-0.23595918367346938,-0.14574067250115416,2.5168979591836735,27.32969439454152
-0.23595918367346938,-0.14574067250115416,2.5848163265306123,27.033024841598422
-0.23595918367346938,-0.14574067250115416,2.652734693877551,26.72719131688476
-0.23595918367346938,-0.14574067250115416,2.72065306122449,26.414181692887777
-0.23595918367346938,-0.14574067250115416,2.7885714285714287,26.095800160627594
-0.23595918367346938,-0.14574067250115416,2.8564897959183675,25.77361853690178
-0.23595918367346938,-0.14574067250115416,2.9244081632653063,25.449019558840263
-0.23595918367346938,-0.14574067250115416,2.992326530612245,25.123196383168086
-0.23595918367346938,-0.14574067250115416,3.060244897959184,24.79719325446332
-0.23595918367346938,-0.14574067250115416,3.1281632653061227,24.471904925192504
-0.23595918367346938,-0.14574067250115416,3.196081632653061,24.14809996100844
-0.23595918367346938,-0.14574067250115416,3.2640000000000002,23.826439280518965
-0.22959183673469388,-0.14574067250115416,-0.064,-7.037908082733848
-0.22959183673469388,-0.14574067250115416,0.003918367346938775,1.3091924397301387
-0.22959183673469388,-0.14574067250115416,0.07183673469387755,8.424131803352019
-0.22959183673469388,-0.14574067250115416,0.13975510204081631,14.479605228099599
-0.22959183673469388,-0.14574067250115416,0.2076734693877551,19.540521491306887
-0.22959183673469388,-0.14574067250115416,0.2755918367346939,23.579162125463554
-0.22959183673469388,-0.14574067250115416,0.34351020408163263,26.56287091540871
-0.22959183673469388,-0.14574067250115416,0.4114285714285714,28.533500375589167
-0.22959183673469388,-0.14574067250115416,0.4793469387755102,29.629906540509257
-0.22959183673469388,-0.14574067250115416,0.5472653061224491,30.058977585333317
-0.22959183673469388,-0.14574067250115416,0.6151836734693878,30.045555949205514
-0.22959183673469388,-0.14574067250115416,0.6831020408163266,29.794052042119343
-0.22959183673469388,-0.14574067250115416,0.7510204081632652,29.46114652537664
-0.22959183673469388,-0.14574067250115416,0.818938775510204,29.150562164406182
-0.22959183673469388,-0.14574067250115416,0.8868571428571428,28.91900796858181
-0.22959183673469388,-0.14574067250115416,0.9547755102040816,28.787315419263805
-0.22959183673469388,-0.14574067250115416,1.0226938775510204,28.752390958878514
-0.22959183673469388,-0.14574067250115416,1.0906122448979592,28.79749131827675
-0.22959183673469388,-0.14574067250115416,1.158530612244898,28.899911789271748
-0.22959183673469388,-0.14574067250115416,1.2264489795918367,29.03609498296668
-0.22959183673469388,-0.14574067250115416,1.2943673469387755,29.184643322505188
-0.22959183673469388,-0.14574067250115416,1.3622857142857143,29.327796274281866
-0.22959183673469388,-0.14574067250115416,1.4302040816326531,29.451870535668952
-0.22959183673469388,-0.14574067250115416,1.498122448979592,29.54711032563179
-0.22959183673469388,-0.14574067250115416,1.5660408163265305,29.607218483740976
-0.22959183673469388,-0.14574067250115416,1.6339591836734693,29.628733133388838
-0.22959183673469388,-0.14574067250115416,1.701877551020408,29.610443726855333
-0.22959183673469388,-0.14574067250115416,1.7697959183673468,29.552810843212267
-0.22959183673469388,-0.14574067250115416,1.8377142857142856,29.457156412243368
-0.22959183673469388,-0.14574067250115416,1.9056326530612244,29.326137897345298
-0.22959183673469388,-0.14574067250115416,1.9735510204081632,29.162849372469957
-0.22959183673469388,-0.14574067250115416,2.041469387755102,28.970488859195935
-0.22959183673469388,-0.14574067250115416,2.109387755102041,28.752335641657794
-0.22959183673469388,-0.14574067250115416,2.1773061224489796,28.51162440121087
-0.22959183673469388,-0.14574067250115416,2.2452244897959184,28.251455766729126
-0.22959183673469388,-0.14574067250115416,2.313142857142857,27.97474555752759
-0.22959183673469388,-0.14574067250115416,2.381061224489796,27.684194185698253
-0.22959183673469388,-0.14574067250115416,2.4489795918367347,27.382268690607145
-0.22959183673469388,-0.14574067250115416,2.5168979591836735,27.07119886354269
-0.22959183673469388,-0.14574067250115416,2.5848163265306123,26.753005230343966
-0.22959183673469388,-0.14574067250115416,2.652734693877551,26.429430228629684
-0.22959183673469388,-0.14574067250115416,2.72065306122449,26.102066119349853
-0.22959183673469388,-0.14574067250115416,2.7885714285714287,25.77229291232834
-0.22959183673469388,-0.14574067250115416,2.8564897959183675,25.441321551047686
-0.22959183673469388,-0.14574067250115416,2.9244081632653063,25.110195645003135
-0.22959183673469388,-0.14574067250115416,2.992326530612245,24.77982482787992
-0.22959183673469388,-0.14574067250115416,3.060244897959184,24.450984753428987
-0.22959183673469388,-0.14574067250115416,3.1281632653061227,24.124340256273697
-0.22959183673469388,-0.14574067250115416,3.196081632653061,23.800455091257035
-0.22959183673469388,-0.14574067250115416,3.2640000000000002,23.479801534854392
-0.22322448979591836,-0.14574067250115416,-0.064,-6.959148823514715
-0.22322448979591836,-0.14574067250115416,0.003918367346938775,1.3229498733512395
-0.22322448979591836,-0.14574067250115416,0.07183673469387755,8.405110430568296
-0.22322448979591836,-0.14574067250115416,0.13975510204081631,14.391580258183906
-0.22322448979591836,-0.14574067250115416,0.2076734693877551,19.342727372050394
-0.22322448979591836,-0.14574067250115416,0.2755918367346939,23.27505382532653
-0.22322448979591836,-0.14574067250115416,0.34351020408163263,26.210010467390692
-0.22322448979591836,-0.14574067250115416,0.4114285714285714,28.221359788601696
-0.22322448979591836,-0.14574067250115416,0.4793469387755102,29.447710856929305
-0.22322448979591836,-0.14574067250115416,0.5472653061224491,30.071357856192204
-0.22322448979591836,-0.14574067250115416,0.6151836734693878,30.282700749410676
-0.22322448979591836,-0.14574067250115416,0.6831020408163266,30.251929824635816
-0.22322448979591836,-0.14574067250115416,0.7510204081632652,30.110928267414923
-0.22322448979591836,-0.14574067250115416,0.818938775510204,29.94834823750264
-0.22322448979591836,-0.14574067250115416,0.8868571428571428,29.814974706494503
-0.22322448979591836,-0.14574067250115416,0.9547755102040816,29.73257399584281
-0.22322448979591836,-0.14574067250115416,1.0226938775510204,29.703362480817344
-0.22322448979591836,-0.14574067250115416,1.0906122448979592,29.718158788390237
-0.22322448979591836,-0.14574067250115416,1.158530612244898,29.76251436122416
-0.22322448979591836,-0.14574067250115416,1.2264489795918367,29.82080610365058
-0.22322448979591836,-0.14574067250115416,1.2943673469387755,29.878673935883697
-0.22322448979591836,-0.14574067250115416,1.3622857142857143,29.92423508567404
-0.22322448979591836,-0.14574067250115416,1.4302040816326531,29.948488635412712
-0.22322448979591836,-0.14574067250115416,1.498122448979592,29.945237829793662
-0.22322448979591836,-0.14574067250115416,1.5660408163265305,29.91075948744537
-0.22322448979591836,-0.14574067250115416,1.6339591836734693,29.843351411643162
-0.22322448979591836,-0.14574067250115416,1.701877551020408,29.74290045342713
-0.22322448979591836,-0.14574067250115416,1.7697959183673468,29.610187418243505
-0.22322448979591836,-0.14574067250115416,1.8377142857142856,29.447138742409994
-0.22322448979591836,-0.14574067250115416,1.9056326530612244,29.256343326641556
-0.22322448979591836,-0.14574067250115416,1.9735510204081632,29.040476915224808
-0.22322448979591836,-0.14574067250115416,2.041469387755102,28.802342464266463
-0.22322448979591836,-0.14574067250115416,2.109387755102041,28.54473755811635
-0.22322448979591836,-0.14574067250115416,2.1773061224489796,28.270381394845373
-0.22322448979591836,-0.14574067250115416,2.2452244897959184,27.981843670966907
-0.22322448979591836,-0.14574067250115416,2.313142857142857,27.6815162499213
-0.22322448979591836,-0.14574067250115416,2.381061224489796,27.371597522700565
-0.22322448979591836,-0.14574067250115416,2.4489795918367347,27.054076385399696
-0.22322448979591836,-0.14574067250115416,2.5168979591836735,26.730762928190533
-0.22322448979591836,-0.14574067250115416,2.5848163265306123,26.403211218940577
-0.22322448979591836,-0.14574067250115416,2.652734693877551,26.072852450917022
-0.22322448979591836,-0.14574067250115416,2.72065306122449,25.740925960095293
-0.22322448979591836,-0.14574067250115416,2.7885714285714287,25.408513897379002
-0.22322448979591836,-0.14574067250115416,2.8564897959183675,25.076551896608088
-0.22322448979591836,-0.14574067250115416,2.9244081632653063,24.745853289760205
-0.22322448979591836,-0.14574067250115416,2.992326530612245,24.417111413943456
-0.22322448979591836,-0.14574067250115416,3.060244897959184,24.090919497758872
-0.22322448979591836,-0.14574067250115416,3.1281632653061227,23.767776931314817
-0.22322448979591836,-0.14574067250115416,3.196081632653061,23.448104220643252
-0.22322448979591836,-0.14574067250115416,3.2640000000000002,23.13224967703347
-0.21685714285714286,-0.14574067250115416,-0.064,-6.884651754412889
-0.21685714285714286,-0.14574067250115416,0.003918367346938775,1.3358110351119592
-0.21685714285714286,-0.14574067250115416,0.07183673469387755,8.387129723742369
-0.21685714285714286,-0.14574067250115416,0.13975510204081631,14.314356219716126
-0.21685714285714286,-0.14574067250115416,0.2076734693877551,19.1676359736459
-0.21685714285714286,-0.14574067250115416,0.2755918367346939,22.993140763906624
-0.21685714285714286,-0.14574067250115416,0.34351020408163263,25.85404173931512
-0.21685714285714286,-0.14574067250115416,0.4114285714285714,27.852661583320288
-0.21685714285714286,-0.14574067250115416,0.4793469387755102,29.13298173204607
-0.21685714285714286,-0.14574067250115416,0.5472653061224491,29.863239841844575
-0.21685714285714286,-0.14574067250115416,0.6151836734693878,30.21051535877908
-0.21685714285714286,-0.14574067250115416,0.6831020408163266,30.319822496402896
-0.21685714285714286,-0.14574067250115416,0.7510204081632652,30.30412401418833
-0.21685714285714286,-0.14574067250115416,0.818938775510204,30.239852823137507
-0.21685714285714286,-0.14574067250115416,0.8868571428571428,30.172338680212007
-0.21685714285714286,-0.14574067250115416,0.9547755102040816,30.123132238300098
-0.21685714285714286,-0.14574067250115416,1.0226938775510204,30.097676876535672
-0.21685714285714286,-0.14574067250115416,1.0906122448979592,30.091864478591685
-0.21685714285714286,-0.14574067250115416,1.158530612244898,30.096957397183854
-0.21685714285714286,-0.14574067250115416,1.2264489795918367,30.102888001975963
-0.21685714285714286,-0.14574067250115416,1.2943673469387755,30.100240264709573
-0.21685714285714286,-0.14574067250115416,1.3622857142857143,30.081250390263847
-0.21685714285714286,-0.14574067250115416,1.4302040816326531,30.04016678630592
-0.21685714285714286,-0.14574067250115416,1.498122448979592,29.973232561872063
-0.21685714285714286,-0.14574067250115416,1.5660408163265305,29.878453155232204
-0.21685714285714286,-0.14574067250115416,1.6339591836734693,29.75526027770575
-0.21685714285714286,-0.14574067250115416,1.701877551020408,29.60399665891228
-0.21685714285714286,-0.14574067250115416,1.7697959183673468,29.425983418298994
-0.21685714285714286,-0.14574067250115416,1.8377142857142856,29.223375349339136
-0.21685714285714286,-0.14574067250115416,1.9056326530612244,28.99840736368773
-0.21685714285714286,-0.14574067250115416,1.9735510204081632,28.753483106225147
-0.21685714285714286,-0.14574067250115416,2.041469387755102,28.491048085754798
-0.21685714285714286,-0.14574067250115416,2.109387755102041,28.213506965244935
-0.21685714285714286,-0.14574067250115416,2.1773061224489796,27.923161457325417
-0.21685714285714286,-0.14574067250115416,2.2452244897959184,27.622165270740425
-0.21685714285714286,-0.14574067250115416,2.313142857142857,27.312514456235434
-0.21685714285714286,-0.14574067250115416,2.381061224489796,26.99602402201194
-0.21685714285714286,-0.14574067250115416,2.4489795918367347,26.674352393495965
-0.21685714285714286,-0.14574067250115416,2.5168979591836735,26.348931388270177
-0.21685714285714286,-0.14574067250115416,2.5848163265306123,26.02107911044273
-0.21685714285714286,-0.14574067250115416,2.652734693877551,25.691944362483934
-0.21685714285714286,-0.14574067250115416,2.72065306122449,25.362532807588465
-0.21685714285714286,-0.14574067250115416,2.7885714285714287,25.033713845933995
-0.21685714285714286,-0.14574067250115416,2.8564897959183675,24.706247134306114
-0.21685714285714286,-0.14574067250115416,2.9244081632653063,24.380782745802
-0.21685714285714286,-0.14574067250115416,2.992326530612245,24.057872753448056
-0.21685714285714286,-0.14574067250115416,3.060244897959184,23.73799024370155
-0.21685714285714286,-0.14574067250115416,3.1281632653061227,23.421528407437517
-0.21685714285714286,-0.14574067250115416,3.196081632653061,23.108816309964304
-0.21685714285714286,-0.14574067250115416,3.2640000000000002,22.800125985234963
-0.21048979591836736,-0.14574067250115416,-0.064,-6.8141456174208725
-0.21048979591836736,-0.14574067250115416,0.003918367346938775,1.3477765170436689
-0.21048979591836736,-0.14574067250115416,0.07183673469387755,8.369973308951629
-0.21048979591836736,-0.14574067250115416,0.13975510204081631,14.247411560972296
-0.21048979591836736,-0.14574067250115416,0.2076734693877551,19.0166060193222
-0.21048979591836736,-0.14574067250115416,0.2755918367346939,22.741807383253803
-0.21048979591836736,-0.14574067250115416,0.34351020408163263,25.51677867671785
-0.21048979591836736,-0.14574067250115416,0.4114285714285714,27.467977906731793
-0.21048979591836736,-0.14574067250115416,0.4793469387755102,28.74780261303504
-0.21048979591836736,-0.14574067250115416,0.5472653061224491,29.51834753360894
-0.21048979591836736,-0.14574067250115416,0.6151836734693878,29.932352850393503
-0.21048979591836736,-0.14574067250115416,0.6831020408163266,30.117742200613375
-0.21048979591836736,-0.14574067250115416,0.7510204081632652,30.173662831124716
-0.21048979591836736,-0.14574067250115416,0.818938775510204,30.167259590317595
-0.21048979591836736,-0.14574067250115416,0.8868571428571428,30.139141799101964
-0.21048979591836736,-0.14574067250115416,0.9547755102040816,30.109908928500495
-0.21048979591836736,-0.14574067250115416,1.0226938775510204,30.086607556576475
-0.21048979591836736,-0.14574067250115416,1.0906122448979592,30.06816268901012
-0.21048979591836736,-0.14574067250115416,1.158530612244898,30.049426742889413
-0.21048979591836736,-0.14574067250115416,1.2264489795918367,30.02388707959443
-0.21048979591836736,-0.14574067250115416,1.2943673469387755,29.985304052603855
-0.21048979591836736,-0.14574067250115416,1.3622857142857143,29.928548584239596
-0.21048979591836736,-0.14574067250115416,1.4302040816326531,29.84992934376017
-0.21048979591836736,-0.14574067250115416,1.498122448979592,29.74719607959268
-0.21048979591836736,-0.14574067250115416,1.5660408163265305,29.619385633413906
-0.21048979591836736,-0.14574067250115416,1.6339591836734693,29.4663945099559
-0.21048979591836736,-0.14574067250115416,1.701877551020408,29.289012994371934
-0.21048979591836736,-0.14574067250115416,1.7697959183673468,29.088979821694938
-0.21048979591836736,-0.14574067250115416,1.8377142857142856,28.86812654507454
-0.21048979591836736,-0.14574067250115416,1.9056326530612244,28.628508553602668
-0.21048979591836736,-0.14574067250115416,1.9735510204081632,28.372277223082566
-0.21048979591836736,-0.14574067250115416,2.041469387755102,28.101582647969014
-0.21048979591836736,-0.14574067250115416,2.109387755102041,27.818517660353294
-0.21048979591836736,-0.14574067250115416,2.1773061224489796,27.52506789730337
-0.21048979591836736,-0.14574067250115416,2.2452244897959184,27.22308468601698
-0.21048979591836736,-0.14574067250115416,2.313142857142857,26.91427376743147
-0.21048979591836736,-0.14574067250115416,2.381061224489796,26.60020270394107
-0.21048979591836736,-0.14574067250115416,2.4489795918367347,26.28223427794156
-0.21048979591836736,-0.14574067250115416,2.5168979591836735,25.961632141555715
-0.21048979591836736,-0.14574067250115416,2.5848163265306123,25.63950502565232
-0.21048979591836736,-0.14574067250115416,2.652734693877551,25.316827959902053
-0.21048979591836736,-0.14574067250115416,2.72065306122449,24.99445316761719
-0.21048979591836736,-0.14574067250115416,2.7885714285714287,24.67312354794841
-0.21048979591836736,-0.14574067250115416,2.8564897959183675,24.353484928598395
-0.21048979591836736,-0.14574067250115416,2.9244081632653063,24.036085526657214
-0.21048979591836736,-0.14574067250115416,2.992326530612245,23.721397764528948
-0.21048979591836736,-0.14574067250115416,3.060244897959184,23.40982417764701
-0.21048979591836736,-0.14574067250115416,3.1281632653061227,23.101697850056937
-0.21048979591836736,-0.14574067250115416,3.196081632653061,22.7972982328397
-0.21048979591836736,-0.14574067250115416,3.2640000000000002,22.49685512900146
-0.20412244897959184,-0.14574067250115416,-0.064,-6.747367449933885
-0.20412244897959184,-0.14574067250115416,0.003918367346938775,1.3588446397054028
-0.20412244897959184,-0.14574067250115416,0.07183673469387755,8.353416769414704
-0.20412244897959184,-0.14574067250115416,0.13975510204081631,14.190008281238255
-0.20412244897959184,-0.14574067250115416,0.2076734693877551,18.890050320377703
-0.20412244897959184,-0.14574067250115416,0.2755918367346939,22.52703020195275
-0.20412244897959184,-0.14574067250115416,0.34351020408163263,25.215738838024517
-0.20412244897959184,-0.14574067250115416,0.4114285714285714,27.10175506760928
-0.20412244897959184,-0.14574067250115416,0.4793469387755102,28.346960959967586
-0.20412244897959184,-0.14574067250115416,0.5472653061224491,29.112573480160453
-0.20412244897959184,-0.14574067250115416,0.6151836734693878,29.543613553627534
-0.20412244897959184,-0.14574067250115416,0.6831020408163266,29.758303903377463
-0.20412244897959184,-0.14574067250115416,0.7510204081632652,29.845613917414905
-0.20412244897959184,-0.14574067250115416,0.818938775510204,29.866389284317513
-0.20412244897959184,-0.14574067250115416,0.8868571428571428,29.85743298050811
-0.20412244897959184,-0.14574067250115416,0.9547755102040816,29.83802309409878
-0.20412244897959184,-0.14574067250115416,1.0226938775510204,29.815648197409427
-0.20412244897959184,-0.14574067250115416,1.0906122448979592,29.7907112362529
-0.20412244897959184,-0.14574067250115416,1.158530612244898,29.75999045690941
-0.20412244897959184,-0.14574067250115416,1.2264489795918367,29.718946387641594
-0.20412244897959184,-0.14574067250115416,1.2943673469387755,29.663113480442835
-0.20412244897959184,-0.14574067250115416,1.3622857142857143,29.588826920481473
-0.20412244897959184,-0.14574067250115416,1.4302040816326531,29.493510089123614
-0.20412244897959184,-0.14574067250115416,1.498122448979592,29.375703910525733
-0.20412244897959184,-0.14574067250115416,1.5660408163265305,29.23478310410865
-0.20412244897959184,-0.14574067250115416,1.6339591836734693,29.07098290206086
-0.20412244897959184,-0.14574067250115416,1.701877551020408,28.88556184931152
-0.20412244897959184,-0.14574067250115416,1.7697959183673468,28.67993856169604
-0.20412244897959184,-0.14574067250115416,1.8377142857142856,28.455828889694782
-0.20412244897959184,-0.14574067250115416,1.9056326530612244,28.21509815742271
-0.20412244897959184,-0.14574067250115416,1.9735510204081632,27.959686676843837
-0.20412244897959184,-0.14574067250115416,2.041469387755102,27.6915115606701
-0.20412244897959184,-0.14574067250115416,2.109387755102041,27.41243680512367
-0.20412244897959184,-0.14574067250115416,2.1773061224489796,27.124226665118666
-0.20412244897959184,-0.14574067250115416,2.2452244897959184,26.82852446254855
-0.20412244897959184,-0.14574067250115416,2.313142857142857,26.52686156532026
-0.20412244897959184,-0.14574067250115416,2.381061224489796,26.220581369939953
-0.20412244897959184,-0.14574067250115416,2.4489795918367347,25.91094815727996
-0.20412244897959184,-0.14574067250115416,2.5168979591836735,25.59907094181067
-0.20412244897959184,-0.14574067250115416,2.5848163265306123,25.28594285665126
-0.20412244897959184,-0.14574067250115416,2.652734693877551,24.97244481980619
-0.20412244897959184,-0.14574067250115416,2.72065306122449,24.65933383805593
-0.20412244897959184,-0.14574067250115416,2.7885714285714287,24.347291324728612
-0.20412244897959184,-0.14574067250115416,2.8564897959183675,24.036894663190466
-0.20412244897959184,-0.14574067250115416,2.9244081632653063,23.728646965054647
-0.20412244897959184,-0.14574067250115416,2.992326530612245,23.422983329742177
-0.20412244897959184,-0.14574067250115416,3.060244897959184,23.120266832755842
-0.20412244897959184,-0.14574067250115416,3.1281632653061227,22.82080811786433
-0.20412244897959184,-0.14574067250115416,3.196081632653061,22.524867815333096
-0.20412244897959184,-0.14574067250115416,3.2640000000000002,22.23266104368563
-0.1977551020408163,-0.14574067250115416,-0.064,-6.684052542401439
-0.1977551020408163,-0.14574067250115416,0.003918367346938775,1.3690173393303111
-0.1977551020408163,-0.14574067250115416,0.07183673469387755,8.33721358574134
-0.1977551020408163,-0.14574067250115416,0.13975510204081631,14.141205449823868
-0.1977551020408163,-0.14574067250115416,0.2076734693877551,18.787420008039362
-0.1977551020408163,-0.14574067250115416,0.2755918367346939,22.352267386130737
-0.1977551020408163,-0.14574067250115416,0.34351020408163263,24.963686720673866
-0.1977551020408163,-0.14574067250115416,0.4114285714285714,26.781328065554057
-0.1977551020408163,-0.14574067250115416,0.4793469387755102,27.975963069787575
-0.1977551020408163,-0.14574067250115416,0.5472653061224491,28.711002610824707
-0.1977551020408163,-0.14574067250115416,0.6151836734693878,29.128555096304044
-0.1977551020408163,-0.14574067250115416,0.6831020408163266,29.341949461150264
-0.1977551020408163,-0.14574067250115416,0.7510204081632652,29.43373894484576
-0.1977551020408163,-0.14574067250115416,0.818938775510204,29.460779096645908
-0.1977551020408163,-0.14574067250115416,0.8868571428571428,29.457035428268455
-0.1977551020408163,-0.14574067250115416,0.9547755102040816,29.44041026440922
-0.1977551020408163,-0.14574067250115416,1.0226938775510204,29.41811740686424
-0.1977551020408163,-0.14574067250115416,1.0906122448979592,29.390964509120646
-0.1977551020408163,-0.14574067250115416,1.158530612244898,29.35646995123286
-0.1977551020408163,-0.14574067250115416,1.2264489795918367,29.31092045454096
-0.1977551020408163,-0.14574067250115416,1.2943673469387755,29.250610358893322
-0.1977551020408163,-0.14574067250115416,1.3622857142857143,29.172489927050812
-0.1977551020408163,-0.14574067250115416,1.4302040816326531,29.0744251006249
-0.1977551020408163,-0.14574067250115416,1.498122448979592,28.955064897624766
-0.1977551020408163,-0.14574067250115416,1.5660408163265305,28.81401619416179
-0.1977551020408163,-0.14574067250115416,1.6339591836734693,28.65189650942232
-0.1977551020408163,-0.14574067250115416,1.701877551020408,28.469634049535014
-0.1977551020408163,-0.14574067250115416,1.7697959183673468,28.268548062234338
-0.1977551020408163,-0.14574067250115416,1.8377142857142856,28.050197459493894
-0.1977551020408163,-0.14574067250115416,1.9056326530612244,27.816296706420843
-0.1977551020408163,-0.14574067250115416,1.9735510204081632,27.56860768442936
-0.1977551020408163,-0.14574067250115416,2.041469387755102,27.30888915566709
-0.1977551020408163,-0.14574067250115416,2.109387755102041,27.038846507498928
-0.1977551020408163,-0.14574067250115416,2.1773061224489796,26.76010132622422
-0.1977551020408163,-0.14574067250115416,2.2452244897959184,26.474171123743165
-0.1977551020408163,-0.14574067250115416,2.313142857142857,26.182473739332373
-0.1977551020408163,-0.14574067250115416,2.381061224489796,25.88625407420245
-0.1977551020408163,-0.14574067250115416,2.4489795918367347,25.586691183887254
-0.1977551020408163,-0.14574067250115416,2.5168979591836735,25.284828649252564
-0.1977551020408163,-0.14574067250115416,2.5848163265306123,24.98160263817482
-0.1977551020408163,-0.14574067250115416,2.652734693877551,24.677834555563773
-0.1977551020408163,-0.14574067250115416,2.72065306122449,24.37426059651018
-0.1977551020408163,-0.14574067250115416,2.7885714285714287,24.07152079198225
-0.1977551020408163,-0.14574067250115416,2.8564897959183675,23.770174579029806
-0.1977551020408163,-0.14574067250115416,2.9244081632653063,23.470710999571587
-0.1977551020408163,-0.14574067250115416,2.992326530612245,23.173547904265217
-0.1977551020408163,-0.14574067250115416,3.060244897959184,22.879044804329485
-0.1977551020408163,-0.14574067250115416,3.1281632653061227,22.587510796548074
-0.1977551020408163,-0.14574067250115416,3.196081632653061,22.299203647197118
-0.1977551020408163,-0.14574067250115416,3.2640000000000002,22.014338777418658
-0.1913877551020408,-0.14574067250115416,-0.064,-6.623944584529406
-0.1913877551020408,-0.14574067250115416,0.003918367346938775,1.3782924848363758
-0.1913877551020408,-0.14574067250115416,0.07183673469387755,8.321111682082014
-0.1913877551020408,-0.14574067250115416,0.13975510204081631,14.099856352381803
-0.1913877551020408,-0.14574067250115416,0.2076734693877551,18.707220215973713
-0.1913877551020408,-0.14574067250115416,0.2755918367346939,22.218359962264017
-0.1913877551020408,-0.14574067250115416,0.34351020408163263,24.768289732789416
-0.1913877551020408,-0.14574067250115416,0.4114285714285714,26.525921274320016
-0.1913877551020408,-0.14574067250115416,0.4793469387755102,27.669259675801
-0.1913877551020408,-0.14574067250115416,0.5472653061224491,28.36508807596701
-0.1913877551020408,-0.14574067250115416,0.6151836734693878,28.755471433592586
-0.1913877551020408,-0.14574067250115416,0.6831020408163266,28.951693672232157
-0.1913877551020408,-0.14574067250115416,0.7510204081632652,29.03382105344178
-0.1913877551020408,-0.14574067250115416,0.818938775510204,29.055400549428473
-0.1913877551020408,-0.14574067250115416,0.8868571428571428,29.04887936523024
-0.1913877551020408,-0.14574067250115416,0.9547755102040816,29.030970907155584
-0.1913877551020408,-0.14574067250115416,1.0226938775510204,29.008278984733646
-0.1913877551020408,-0.14574067250115416,1.0906122448979592,28.981408071084367
-0.1913877551020408,-0.14574067250115416,1.158530612244898,28.947895329785535
-0.1913877551020408,-0.14574067250115416,1.2264489795918367,28.90413940196948
-0.1913877551020408,-0.14574067250115416,1.2943673469387755,28.846556637901408
-0.1913877551020408,-0.14574067250115416,1.3622857142857143,28.772181746798438
-0.1913877551020408,-0.14574067250115416,1.4302040816326531,28.678699233390198
-0.1913877551020408,-0.14574067250115416,1.498122448979592,28.56494471237621
-0.1913877551020408,-0.14574067250115416,1.5660408163265305,28.430699918220924
-0.1913877551020408,-0.14574067250115416,1.6339591836734693,28.27624830625735
-0.1913877551020408,-0.14574067250115416,1.701877551020408,28.102397096229467
-0.1913877551020408,-0.14574067250115416,1.7697959183673468,27.910332067651286
-0.1913877551020408,-0.14574067250115416,1.8377142857142856,27.701485464236157
-0.1913877551020408,-0.14574067250115416,1.9056326530612244,27.477438868150845
-0.1913877551020408,-0.14574067250115416,1.9735510204081632,27.239839419865838
-0.1913877551020408,-0.14574067250115416,2.041469387755102,26.99033896095287
-0.1913877551020408,-0.14574067250115416,2.109387755102041,26.730548542895736
-0.1913877551020408,-0.14574067250115416,2.1773061224489796,26.46200979326966
-0.1913877551020408,-0.14574067250115416,2.2452244897959184,26.18619026674623
-0.1913877551020408,-0.14574067250115416,2.313142857142857,25.904397685424698
-0.1913877551020408,-0.14574067250115416,2.381061224489796,25.61788550623609
-0.1913877551020408,-0.14574067250115416,2.4489795918367347,25.327779204771723
-0.1913877551020408,-0.14574067250115416,2.5168979591836735,25.035100428053383
-0.1913877551020408,-0.14574067250115416,2.5848163265306123,24.740755848575574
-0.1913877551020408,-0.14574067250115416,2.652734693877551,24.445563850385394
-0.1913877551020408,-0.14574067250115416,2.72065306122449,24.150245573196756
-0.1913877551020408,-0.14574067250115416,2.7885714285714287,23.855440257653132
-0.1913877551020408,-0.14574067250115416,2.8564897959183675,23.56170925901098
-0.1913877551020408,-0.14574067250115416,2.9244081632653063,23.269540040342086
-0.1913877551020408,-0.14574067250115416,2.992326530612245,22.979357637749853
-0.1913877551020408,-0.14574067250115416,3.060244897959184,22.69153041876641
-0.1913877551020408,-0.14574067250115416,3.1281632653061227,22.406372464575192
-0.1913877551020408,-0.14574067250115416,3.196081632653061,22.1241510383577
-0.1913877551020408,-0.14574067250115416,3.2640000000000002,21.84509426591281
-0.18502040816326532,-0.14574067250115416,-0.064,-6.566790399878187
-0.18502040816326532,-0.14574067250115416,0.003918367346938775,1.3866697260906362
-0.18502040816326532,-0.14574067250115416,0.07183673469387755,8.30484183253965
-0.18502040816326532,-0.14574067250115416,0.13975510204081631,14.064620815719662
-0.18502040816326532,-0.14574067250115416,0.2076734693877551,18.647020749739767
-0.18502040816326532,-0.14574067250115416,0.2755918367346939,22.123608370531176
-0.18502040816326532,-0.14574067250115416,0.34351020408163263,24.631904566595143
-0.18502040816326532,-0.14574067250115416,0.4114285714285714,26.345994722832327
-0.18502040816326532,-0.14574067250115416,0.4793469387755102,27.448793402024837
-0.18502040816326532,-0.14574067250115416,0.5472653061224491,28.110231236722285
-0.18502040816326532,-0.14574067250115416,0.6151836734693878,28.47353736149218
-0.18502040816326532,-0.14574067250115416,0.6831020408163266,28.64971696943613
-0.18502040816326532,-0.14574067250115416,0.7510204081632652,28.71814995624358
-0.18502040816326532,-0.14574067250115416,0.818938775510204,28.730611260296758
-0.18502040816326532,-0.14574067250115416,0.8868571428571428,28.71851823572994
-0.18502040816326532,-0.14574067250115416,0.9547755102040816,28.697848568254802
-0.18502040816326532,-0.14574067250115416,1.0226938775510204,28.674597146433445
-0.18502040816326532,-0.14574067250115416,1.0906122448979592,28.648948400137336
-0.18502040816326532,-0.14574067250115416,1.158530612244898,28.61815334979757
-0.18502040816326532,-0.14574067250115416,1.2264489795918367,28.578398142548934
-0.18502040816326532,-0.14574067250115416,1.2943673469387755,28.525927631641103
-0.18502040816326532,-0.14574067250115416,1.3622857142857143,28.45732564507443
-0.18502040816326532,-0.14574067250115416,1.4302040816326531,28.370573864835276
-0.18502040816326532,-0.14574067250115416,1.498122448979592,28.264375828923892
-0.18502040816326532,-0.14574067250115416,1.5660408163265305,28.138215977071017
-0.18502040816326532,-0.14574067250115416,1.6339591836734693,27.992242507617952
-0.18502040816326532,-0.14574067250115416,1.701877551020408,27.82714280288969
-0.18502040816326532,-0.14574067250115416,1.7697959183673468,27.643987779960728
-0.18502040816326532,-0.14574067250115416,1.8377142857142856,27.444117437339294
-0.18502040816326532,-0.14574067250115416,1.9056326530612244,27.2290255126341
-0.18502040816326532,-0.14574067250115416,1.9735510204081632,27.000286285307162
-0.18502040816326532,-0.14574067250115416,2.041469387755102,26.759494654366407
-0.18502040816326532,-0.14574067250115416,2.109387755102041,26.508214610653464
-0.18502040816326532,-0.14574067250115416,2.1773061224489796,26.24796819688466
-0.18502040816326532,-0.14574067250115416,2.2452244897959184,25.980138947617874
-0.18502040816326532,-0.14574067250115416,2.313142857142857,25.706070001634618
-0.18502040816326532,-0.14574067250115416,2.381061224489796,25.426986658128396
-0.18502040816326532,-0.14574067250115416,2.4489795918367347,25.144005891894146
-0.18502040816326532,-0.14574067250115416,2.5168979591836735,24.858138396855274
-0.18502040816326532,-0.14574067250115416,2.5848163265306123,24.57030209707234
-0.18502040816326532,-0.14574067250115416,2.652734693877551,24.281314663779924
-0.18502040816326532,-0.14574067250115416,2.72065306122449,23.99190372969385
-0.18502040816326532,-0.14574067250115416,2.7885714285714287,23.70271886688755
-0.18502040816326532,-0.14574067250115416,2.8564897959183675,23.41432597085225
-0.18502040816326532,-0.14574067250115416,2.9244081632653063,23.127225848463997
-0.18502040816326532,-0.14574067250115416,2.992326530612245,22.841853436156992
-0.18502040816326532,-0.14574067250115416,3.060244897959184,22.55859045587194
-0.18502040816326532,-0.14574067250115416,3.1281632653061227,22.277760274552296
-0.18502040816326532,-0.14574067250115416,3.196081632653061,21.999642691677074
-0.18502040816326532,-0.14574067250115416,3.2640000000000002,21.72447650942316
-0.1786530612244898,-0.14574067250115416,-0.064,-6.5123398777490635
-0.1786530612244898,-0.14574067250115416,0.003918367346938775,1.3941500976156527
-0.1786530612244898,-0.14574067250115416,0.07183673469387755,8.288121698758552
-0.1786530612244898,-0.14574067250115416,0.13975510204081631,14.033966651863896
-0.1786530612244898,-0.14574067250115416,0.2076734693877551,18.60348482230536
-0.1786530612244898,-0.14574067250115416,0.2755918367346939,22.06367707884387
-0.1786530612244898,-0.14574067250115416,0.34351020408163263,24.55150641633732
-0.1786530612244898,-0.14574067250115416,0.4114285714285714,26.242846378687734
-0.1786530612244898,-0.14574067250115416,0.4793469387755102,27.323061472883733
-0.1786530612244898,-0.14574067250115416,0.5472653061224491,27.964005901443787
-0.1786530612244898,-0.14574067250115416,0.6151836734693878,28.310112019229734
-0.1786530612244898,-0.14574067250115416,0.6831020408163266,28.472731702353524
-0.1786530612244898,-0.14574067250115416,0.7510204081632652,28.531096457677133
-0.1786530612244898,-0.14574067250115416,0.818938775510204,28.5369518278905
-0.1786530612244898,-0.14574067250115416,0.8868571428571428,28.52058609961761
-0.1786530612244898,-0.14574067250115416,0.9547755102040816,28.49769121033738
-0.1786530612244898,-0.14574067250115416,1.0226938775510204,28.473966370948215
-0.1786530612244898,-0.14574067250115416,1.0906122448979592,28.449274497215168
-0.1786530612244898,-0.14574067250115416,1.158530612244898,28.420599141770783
-0.1786530612244898,-0.14574067250115416,1.2264489795918367,28.383779186857186
-0.1786530612244898,-0.14574067250115416,1.2943673469387755,28.33483725487697
-0.1786530612244898,-0.14574067250115416,1.3622857142857143,28.270613859853675
-0.1786530612244898,-0.14574067250115416,1.4302040816326531,28.18873094190234
-0.1786530612244898,-0.14574067250115416,1.498122448979592,28.08772665846588
-0.1786530612244898,-0.14574067250115416,1.5660408163265305,27.966975511791937
-0.1786530612244898,-0.14574067250115416,1.6339591836734693,27.82653050735908
-0.1786530612244898,-0.14574067250115416,1.701877551020408,27.66700117624382
-0.1786530612244898,-0.14574067250115416,1.7697959183673468,27.489395201396345
-0.1786530612244898,-0.14574067250115416,1.8377142857142856,27.294995968763256
-0.1786530612244898,-0.14574067250115416,1.9056326530612244,27.08525410788017
-0.1786530612244898,-0.14574067250115416,1.9735510204081632,26.861713937874114
-0.1786530612244898,-0.14574067250115416,2.041469387755102,26.625945037351368
-0.1786530612244898,-0.14574067250115416,2.109387755102041,26.37951213155333
-0.1786530612244898,-0.14574067250115416,2.1773061224489796,26.12387096833554
-0.1786530612244898,-0.14574067250115416,2.2452244897959184,25.860453431280433
-0.1786530612244898,-0.14574067250115416,2.313142857142857,25.59058342408731
-0.1786530612244898,-0.14574067250115416,2.381061224489796,25.315486158074513
-0.1786530612244898,-0.14574067250115416,2.4489795918367347,25.03627906440493
-0.1786530612244898,-0.14574067250115416,2.5168979591836735,24.753983891640225
-0.1786530612244898,-0.14574067250115416,2.5848163265306123,24.46952188834303
-0.1786530612244898,-0.14574067250115416,2.652734693877551,24.18371511659848
-0.1786530612244898,-0.14574067250115416,2.72065306122449,23.897306694994345
-0.1786530612244898,-0.14574067250115416,2.7885714285714287,23.61094755856392
-0.1786530612244898,-0.14574067250115416,2.8564897959183675,23.325218768123367
-0.1786530612244898,-0.14574067250115416,2.9244081632653063,23.040626232885852
-0.1786530612244898,-0.14574067250115416,2.992326530612245,22.757616226046917
-0.1786530612244898,-0.14574067250115416,3.060244897959184,22.47657383394589
-0.1786530612244898,-0.14574067250115416,3.1281632653061227,22.197838134177466
-0.1786530612244898,-0.14574067250115416,3.196081632653061,21.921691878734023
-0.1786530612244898,-0.14574067250115416,3.2640000000000002,21.64838327251665
-0.1722857142857143,-0.14574067250115416,-0.064,-6.4603523640222456
-0.1722857142857143,-0.14574067250115416,0.003918367346938775,1.400732014712967
-0.1722857142857143,-0.14574067250115416,0.07183673469387755,8.270658558959688
-0.1722857142857143,-0.14574067250115416,0.13975510204081631,14.006181586457508
-0.1722857142857143,-0.14574067250115416,0.2076734693877551,18.57241795532263
-0.1722857142857143,-0.14574067250115416,0.2755918367346939,22.031760598174024
-0.1722857142857143,-0.14574067250115416,0.34351020408163263,24.51878041599544
-0.1722857142857143,-0.14574067250115416,0.4114285714285714,26.208585469031046
-0.1722857142857143,-0.14574067250115416,0.4793469387755102,27.28665853270342
-0.1722857142857143,-0.14574067250115416,0.5472653061224491,27.92525363773036
-0.1722857142857143,-0.14574067250115416,0.6151836734693878,28.2691584589862
-0.1722857142857143,-0.14574067250115416,0.6831020408163266,28.42992326193588
-0.1722857142857143,-0.14574067250115416,0.7510204081632652,28.486842071816607
-0.1722857142857143,-0.14574067250115416,0.818938775510204,28.49163973537968
-0.1722857142857143,-0.14574067250115416,0.8868571428571428,28.474757179283827
-0.1722857142857143,-0.14574067250115416,0.9547755102040816,28.451557318734455
-0.1722857142857143,-0.14574067250115416,1.0226938775510204,28.42761695154979
-0.1722857142857143,-0.14574067250115416,1.0906122448979592,28.40278078305266
-0.1722857142857143,-0.14574067250115416,1.158530612244898,28.37402407397997
-0.1722857142857143,-0.14574067250115416,1.2264489795918367,28.337303971730897
-0.1722857142857143,-0.14574067250115416,1.2943673469387755,28.28867290551528
-0.1722857142857143,-0.14574067250115416,1.3622857142857143,28.224834870335975
-0.1722857142857143,-0.14574067250115416,1.4302040816326531,28.143395782607396
-0.1722857142857143,-0.14574067250115416,1.498122448979592,28.04287323970959
-0.1722857142857143,-0.14574067250115416,1.5660408163265305,27.922624515321257
-0.1722857142857143,-0.14574067250115416,1.6339591836734693,27.782689975728836
-0.1722857142857143,-0.14574067250115416,1.701877551020408,27.623668216660487
-0.1722857142857143,-0.14574067250115416,1.7697959183673468,27.44655542023347
-0.1722857142857143,-0.14574067250115416,1.8377142857142856,27.252624075500048
-0.1722857142857143,-0.14574067250115416,1.9056326530612244,27.043321873225445
-0.1722857142857143,-0.14574067250115416,1.9735510204081632,26.820191100233984
-0.1722857142857143,-0.14574067250115416,2.041469387755102,26.58481204104303
-0.1722857142857143,-0.14574067250115416,2.109387755102041,26.338696013162537
-0.1722857142857143,-0.14574067250115416,2.1773061224489796,26.08335255331146
-0.1722857142857143,-0.14574067250115416,2.2452244897959184,25.820198617039836
-0.1722857142857143,-0.14574067250115416,2.313142857142857,25.55055809396968
-0.1722857142857143,-0.14574067250115416,2.381061224489796,25.275653552418543
-0.1722857142857143,-0.14574067250115416,2.4489795918367347,24.99661109639502
-0.1722857142857143,-0.14574067250115416,2.5168979591836735,24.714451601161205
-0.1722857142857143,-0.14574067250115416,2.5848163265306123,24.43009843439394
-0.1722857142857143,-0.14574067250115416,2.652734693877551,24.14438065807762
-0.1722857142857143,-0.14574067250115416,2.72065306122449,23.858038162332754
-0.1722857142857143,-0.14574067250115416,2.7885714285714287,23.571726918270176
-0.1722857142857143,-0.14574067250115416,2.8564897959183675,23.286029467881413
-0.1722857142857143,-0.14574067250115416,2.9244081632653063,23.001454185315485
-0.1722857142857143,-0.14574067250115416,2.992326530612245,22.71845014718476
-0.1722857142857143,-0.14574067250115416,3.060244897959184,22.437405656788084
-0.1722857142857143,-0.14574067250115416,3.1281632653061227,22.15865567574865
-0.1722857142857143,-0.14574067250115416,3.196081632653061,21.882491147377795
-0.1722857142857143,-0.14574067250115416,3.2640000000000002,21.60915696725474
-0.16591836734693877,-0.14574067250115416,-0.064,-6.410586667351365
-0.16591836734693877,-0.14574067250115416,0.003918367346938775,1.4064155505050313
-0.16591836734693877,-0.14574067250115416,0.07183673469387755,8.252149159069031
-0.16591836734693877,-0.14574067250115416,0.13975510204081631,13.979385522910626
-0.16591836734693877,-0.14574067250115416,0.2076734693877551,18.5487982097622
-0.16591836734693877,-0.14574067250115416,0.2755918367346939,22.018696788490974
-0.16591836734693877,-0.14574067250115416,0.34351020408163263,24.52035027428157
-0.16591836734693877,-0.14574067250115416,0.4114285714285714,26.226407343200517
-0.16591836734693877,-0.14574067250115416,0.4793469387755102,27.32063328316936
-0.16591836734693877,-0.14574067250115416,0.5472653061224491,27.974142560086825
-0.16591836734693877,-0.14574067250115416,0.6151836734693878,28.331014020451864
-0.16591836734693877,-0.14574067250115416,0.6831020408163266,28.502427019491698
-0.16591836734693877,-0.14574067250115416,0.7510204081632652,28.567551409951882
-0.16591836734693877,-0.14574067250115416,0.818938775510204,28.578175588457896
-0.16591836734693877,-0.14574067250115416,0.8868571428571428,28.56492277850543
-0.16591836734693877,-0.14574067250115416,0.9547755102040816,28.543417794218406
-0.16591836734693877,-0.14574067250115416,1.0226938775510204,28.51953045293475
-0.16591836734693877,-0.14574067250115416,1.0906122448979592,28.493399363935097
-0.16591836734693877,-0.14574067250115416,1.158530612244898,28.462274566878445
-0.16591836734693877,-0.14574067250115416,1.2264489795918367,28.422365923656876
-0.16591836734693877,-0.14574067250115416,1.2943673469387755,28.369931266070182
-0.16591836734693877,-0.14574067250115416,1.3622857142857143,28.30186239989065
-0.16591836734693877,-0.14574067250115416,1.4302040816326531,28.215908520632706
-0.16591836734693877,-0.14574067250115416,1.498122448979592,28.110706546706044
-0.16591836734693877,-0.14574067250115416,1.5660408163265305,27.98570684928412
-0.16591836734693877,-0.14574067250115416,1.6339591836734693,27.84102256693592
-0.16591836734693877,-0.14574067250115416,1.701877551020408,27.677306872122163
-0.16591836734693877,-0.14574067250115416,1.7697959183673468,27.495595177429532
-0.16591836734693877,-0.14574067250115416,1.8377142857142856,27.297190584210313
-0.16591836734693877,-0.14574067250115416,1.9056326530612244,27.083566830992662
-0.16591836734693877,-0.14574067250115416,1.9735510204081632,26.8562907923802
-0.16591836734693877,-0.14574067250115416,2.041469387755102,26.61690180734666
-0.16591836734693877,-0.14574067250115416,2.109387755102041,26.366968318054393
-0.16591836734693877,-0.14574067250115416,2.1773061224489796,26.1079846781624
-0.16591836734693877,-0.14574067250115416,2.2452244897959184,25.841365483011344
-0.16591836734693877,-0.14574067250115416,2.313142857142857,25.56842692929472
-0.16591836734693877,-0.14574067250115416,2.381061224489796,25.290397046994237
-0.16591836734693877,-0.14574067250115416,2.4489795918367347,25.008388518504102
-0.16591836734693877,-0.14574067250115416,2.5168979591836735,24.723421197857526
-0.16591836734693877,-0.14574067250115416,2.5848163265306123,24.436409940056848
-0.16591836734693877,-0.14574067250115416,2.652734693877551,24.14817817753633
-0.16591836734693877,-0.14574067250115416,2.72065306122449,23.859457291373296
-0.16591836734693877,-0.14574067250115416,2.7885714285714287,23.57090142860639
-0.16591836734693877,-0.14574067250115416,2.8564897959183675,23.28308132756861
-0.16591836734693877,-0.14574067250115416,2.9244081632653063,22.99650535095721
-0.16591836734693877,-0.14574067250115416,2.992326530612245,22.711610188778796
-0.16591836734693877,-0.14574067250115416,3.060244897959184,22.428782116189215
-0.16591836734693877,-0.14574067250115416,3.1281632653061227,22.14834894431092
-0.16591836734693877,-0.14574067250115416,3.196081632653061,21.870595994917952
-0.16591836734693877,-0.14574067250115416,3.2640000000000002,21.595742933915187
-0.15955102040816327,-0.14574067250115416,-0.064,-6.3628109955311505
-0.15955102040816327,-0.14574067250115416,0.003918367346938775,1.4112019921040646
-0.15955102040816327,-0.14574067250115416,0.07183673469387755,8.232275660416288
-0.15955102040816327,-0.14574067250115416,0.13975510204081631,13.95153168400666
-0.15955102040816327,-0.14574067250115416,0.2076734693877551,18.526845402987927
-0.15955102040816327,-0.14574067250115416,0.2755918367346939,22.013136209239523
-0.15955102040816327,-0.14574067250115416,0.34351020408163263,24.53813785166114
-0.15955102040816327,-0.14574067250115416,0.4114285714285714,26.271199499684755
-0.15955102040816327,-0.14574067250115416,0.4793469387755102,27.39325348274963
-0.15955102040816327,-0.14574067250115416,0.5472653061224491,28.073197695190164
-0.15955102040816327,-0.14574067250115416,0.6151836734693878,28.453544333174353
-0.15955102040816327,-0.14574067250115416,0.6831020408163266,28.644535214741897
-0.15955102040816327,-0.14574067250115416,0.7510204081632652,28.72492333917192
-0.15955102040816327,-0.14574067250115416,0.818938775510204,28.746496637770736
-0.15955102040816327,-0.14574067250115416,0.8868571428571428,28.740160718050316
-0.15955102040816327,-0.14574067250115416,0.9547755102040816,28.721987434064417
-0.15955102040816327,-0.14574067250115416,1.0226938775510204,28.698377157259745
-0.15955102040816327,-0.14574067250115416,1.0906122448979592,28.670014416777132
-0.15955102040816327,-0.14574067250115416,1.158530612244898,28.63467016602372
-0.15955102040816327,-0.14574067250115416,1.2264489795918367,28.589018835005266
-0.15955102040816327,-0.14574067250115416,1.2943673469387755,28.5297266340433
-0.15955102040816327,-0.14574067250115416,1.3622857142857143,28.4540241950936
-0.15955102040816327,-0.14574067250115416,1.4302040816326531,28.359939884310734
-0.15955102040816327,-0.14574067250115416,1.498122448979592,28.246333916655022
-0.15955102040816327,-0.14574067250115416,1.5660408163265305,28.112833030859505
-0.15955102040816327,-0.14574067250115416,1.6339591836734693,27.959686096671987
-0.15955102040816327,-0.14574067250115416,1.701877551020408,27.787648713858193
-0.15955102040816327,-0.14574067250115416,1.7697959183673468,27.59782999446775
-0.15955102040816327,-0.14574067250115416,1.8377142857142856,27.391587092228605
-0.15955102040816327,-0.14574067250115416,1.9056326530612244,27.17044767384697
-0.15955102040816327,-0.14574067250115416,1.9735510204081632,26.935945071162287
-0.15955102040816327,-0.14574067250115416,2.041469387755102,26.689686189730363
-0.15955102040816327,-0.14574067250115416,2.109387755102041,26.433227825849002
-0.15955102040816327,-0.14574067250115416,2.1773061224489796,26.168057845148066
-0.15955102040816327,-0.14574067250115416,2.2452244897959184,25.895585751515885
-0.15955102040816327,-0.14574067250115416,2.313142857142857,25.617124448158158
-0.15955102040816327,-0.14574067250115416,2.381061224489796,25.33388159952785
-0.15955102040816327,-0.14574067250115416,2.4489795918367347,25.046965763655145
-0.15955102040816327,-0.14574067250115416,2.5168979591836735,24.757378558086486
-0.15955102040816327,-0.14574067250115416,2.5848163265306123,24.46602069866393
-0.15955102040816327,-0.14574067250115416,2.652734693877551,24.173701338365017
-0.15955102040816327,-0.14574067250115416,2.72065306122449,23.881140852275305
-0.15955102040816327,-0.14574067250115416,2.7885714285714287,23.588976381930575
-0.15955102040816327,-0.14574067250115416,2.8564897959183675,23.297768068163336
-0.15955102040816327,-0.14574067250115416,2.9244081632653063,23.008008327596265
-0.15955102040816327,-0.14574067250115416,2.992326530612245,22.720122649918306
-0.15955102040816327,-0.14574067250115416,3.060244897959184,22.434486188563536
-0.15955102040816327,-0.14574067250115416,3.1281632653061227,22.151417232640433
-0.15955102040816327,-0.14574067250115416,3.196081632653061,21.871167546392375
-0.15955102040816327,-0.14574067250115416,3.2640000000000002,21.59401103912591
-0.15318367346938777,-0.14574067250115416,-0.064,-6.316797540337439
-0.15318367346938777,-0.14574067250115416,0.003918367346938775,1.415088720570119
-0.15318367346938777,-0.14574067250115416,0.07183673469387755,8.210710978533509
-0.15318367346938777,-0.14574067250115416,0.13975510204081631,13.920420356479386
-0.15318367346938777,-0.14574067250115416,0.2076734693877551,18.500078002896224
-0.15318367346938777,-0.14574067250115416,0.2755918367346939,22.00173526714859
-0.15318367346938777,-0.14574067250115416,0.34351020408163263,24.549834752295457
-0.15318367346938777,-0.14574067250115416,0.4114285714285714,26.310405862052463
-0.15318367346938777,-0.14574067250115416,0.4793469387755102,27.461373621017763
-0.15318367346938777,-0.14574067250115416,0.5472653061224491,28.169182447805824
-0.15318367346938777,-0.14574067250115416,0.6151836734693878,28.57449515505807
-0.15318367346938777,-0.14574067250115416,0.6831020408163266,28.78647952594989
-0.15318367346938777,-0.14574067250115416,0.7510204081632652,28.88333286860852
-0.15318367346938777,-0.14574067250115416,0.818938775510204,28.916767311135192
-0.15318367346938777,-0.14574067250115416,0.8868571428571428,28.91795414858039
-0.15318367346938777,-0.14574067250115416,0.9547755102040816,28.903430817616805
-0.15318367346938777,-0.14574067250115416,1.0226938775510204,28.880160268428387
-0.15318367346938777,-0.14574067250115416,1.0906122448979592,28.849419059717082
-0.15318367346938777,-0.14574067250115416,1.158530612244898,28.80954343770136
-0.15318367346938777,-0.14574067250115416,1.2264489795918367,28.7577173344145
-0.15318367346938777,-0.14574067250115416,1.2943673469387755,28.691055426083157
-0.15318367346938777,-0.14574067250115416,1.3622857142857143,28.607157263128734
-0.15318367346938777,-0.14574067250115416,1.4302040816326531,28.504356055637068
-0.15318367346938777,-0.14574067250115416,1.498122448979592,28.381760756443143
-0.15318367346938777,-0.14574067250115416,1.5660408163265305,28.239187840592308
-0.15318367346938777,-0.14574067250115416,1.6339591836734693,28.077031972152835
-0.15318367346938777,-0.14574067250115416,1.701877551020408,27.896154942690146
-0.15318367346938777,-0.14574067250115416,1.7697959183673468,27.69775184284925
-0.15318367346938777,-0.14574067250115416,1.8377142857142856,27.483251448381278
-0.15318367346938777,-0.14574067250115416,1.9056326530612244,27.25415778079272
-0.15318367346938777,-0.14574067250115416,1.9735510204081632,27.01208812483562
-0.15318367346938777,-0.14574067250115416,2.041469387755102,26.758642708498897
-0.15318367346938777,-0.14574067250115416,2.109387755102041,26.495372752050415
-0.15318367346938777,-0.14574067250115416,2.1773061224489796,26.223768609606864
-0.15318367346938777,-0.14574067250115416,2.2452244897959184,25.945232101414867
-0.15318367346938777,-0.14574067250115416,2.313142857142857,25.661059989188445
-0.15318367346938777,-0.14574067250115416,2.381061224489796,25.37245151767305
-0.15318367346938777,-0.14574067250115416,2.4489795918367347,25.08049571868882
-0.15318367346938777,-0.14574067250115416,2.5168979591836735,24.786178211110247
-0.15318367346938777,-0.14574067250115416,2.5848163265306123,24.490386071735053
-0.15318367346938777,-0.14574067250115416,2.652734693877551,24.193913328266223
-0.15318367346938777,-0.14574067250115416,2.72065306122449,23.89746184261931
-0.15318367346938777,-0.14574067250115416,2.7885714285714287,23.601652368638774
-0.15318367346938777,-0.14574067250115416,2.8564897959183675,23.30703191892357
-0.15318367346938777,-0.14574067250115416,2.9244081632653063,23.014077369415713
-0.15318367346938777,-0.14574067250115416,2.992326530612245,22.72320383059263
-0.15318367346938777,-0.14574067250115416,3.060244897959184,22.4347693118908
-0.15318367346938777,-0.14574067250115416,3.1281632653061227,22.149060645767225
-0.15318367346938777,-0.14574067250115416,3.196081632653061,21.86638088047799
-0.15318367346938777,-0.14574067250115416,3.2640000000000002,21.586931913877432
-0.14681632653061225,-0.14574067250115416,-0.064,-6.272325240464111
-0.14681632653061225,-0.14574067250115416,0.003918367346938775,1.4180761108025584
-0.14681632653061225,-0.14574067250115416,0.07183673469387755,8.187119088276756
-0.14681632653061225,-0.14574067250115416,0.13975510204081631,13.883713338279572
-0.14681632653061225,-0.14574067250115416,0.2076734693877551,18.461373853398452
-0.14681632653061225,-0.14574067250115416,0.2755918367346939,21.969396983513963
-0.14681632653061225,-0.14574067250115416,0.34351020408163263,24.5294522176516
-0.14681632653061225,-0.14574067250115416,0.4114285714285714,26.305079611971106
-0.14681632653061225,-0.14574067250115416,0.4793469387755102,27.472140843688692
-0.14681632653061225,-0.14574067250115416,0.5472653061224491,28.195514331005345
-0.14681632653061225,-0.14574067250115416,0.6151836734693878,28.614777377707256
-0.14681632653061225,-0.14574067250115416,0.6831020408163266,28.838456301945893
-0.14681632653061225,-0.14574067250115416,0.7510204081632652,28.94445129398648
-0.14681632653061225,-0.14574067250115416,0.818938775510204,28.984455963410248
-0.14681632653061225,-0.14574067250115416,0.8868571428571428,28.989792475669233
-0.14681632653061225,-0.14574067250115416,0.9547755102040816,28.977266560943214
-0.14681632653061225,-0.14574067250115416,1.0226938775510204,28.95415714748627
-0.14681632653061225,-0.14574067250115416,1.0906122448979592,28.922069340064322
-0.14681632653061225,-0.14574067250115416,1.158530612244898,28.879648144277805
-0.14681632653061225,-0.14574067250115416,1.2264489795918367,28.82436275521967
-0.14681632653061225,-0.14574067250115416,1.2943673469387755,28.753566076332383
-0.14681632653061225,-0.14574067250115416,1.3622857142857143,28.665071527791586
-0.14681632653061225,-0.14574067250115416,1.4302040816326531,28.557378190682773
-0.14681632653061225,-0.14574067250115416,1.498122448979592,28.429730650544506
-0.14681632653061225,-0.14574067250115416,1.5660408163265305,28.28205044318043
-0.14681632653061225,-0.14574067250115416,1.6339591836734693,28.114817165304007
-0.14681632653061225,-0.14574067250115416,1.701877551020408,27.928956499237046
-0.14681632653061225,-0.14574067250115416,1.7697959183673468,27.72572398299535
-0.14681632653061225,-0.14574067250115416,1.8377142857142856,27.50652666470626
-0.14681632653061225,-0.14574067250115416,1.9056326530612244,27.272947392326948
-0.14681632653061225,-0.14574067250115416,1.9735510204081632,27.026599318608927
-0.14681632653061225,-0.14574067250115416,2.041469387755102,26.769085715338825
-0.14681632653061225,-0.14574067250115416,2.109387755102041,26.501962947915874
-0.14681632653061225,-0.14574067250115416,2.1773061224489796,26.226723731423945
-0.14681632653061225,-0.14574067250115416,2.2452244897959184,25.944757742846004
-0.14681632653061225,-0.14574067250115416,2.313142857142857,25.65736558349516
-0.14681632653061225,-0.14574067250115416,2.381061224489796,25.36573208386085
-0.14681632653061225,-0.14574067250115416,2.4489795918367347,25.07094093751623
-0.14681632653061225,-0.14574067250115416,2.5168979591836735,24.773970698567847
-0.14681632653061225,-0.14574067250115416,2.5848163265306123,24.475697982721474
-0.14681632653061225,-0.14574067250115416,2.652734693877551,24.17690614660343
-0.14681632653061225,-0.14574067250115416,2.72065306122449,23.878289906340054
-0.14681632653061225,-0.14574067250115416,2.7885714285714287,23.580461381963428
-0.14681632653061225,-0.14574067250115416,2.8564897959183675,23.283957630734868
-0.14681632653061225,-0.14574067250115416,2.9244081632653063,22.989249289805358
-0.14681632653061225,-0.14574067250115416,2.992326530612245,22.696743706420882
-0.14681632653061225,-0.14574067250115416,3.060244897959184,22.40676878854902
-0.14681632653061225,-0.14574067250115416,3.1281632653061227,22.119669092456604
-0.14681632653061225,-0.14574067250115416,3.196081632653061,21.835677346661615
-0.14681632653061225,-0.14574067250115416,3.2640000000000002,21.555007410811957
-0.14044897959183675,-0.14574067250115416,-0.064,-6.229176690238443
-0.14044897959183675,-0.14574067250115416,0.003918367346938775,1.4201661000153702
-0.14044897959183675,-0.14574067250115416,0.07183673469387755,8.161149955297681
-0.14044897959183675,-0.14574067250115416,0.13975510204081631,13.838937508614373
-0.14044897959183675,-0.14574067250115416,0.2076734693877551,18.403051627931216
-0.14044897959183675,-0.14574067250115416,0.2755918367346939,21.899498168569426
-0.14044897959183675,-0.14574067250115416,0.34351020408163263,24.44791272047715
-0.14044897959183675,-0.14574067250115416,0.4114285714285714,26.211054824639824
-0.14044897959183675,-0.14574067250115416,0.4793469387755102,27.364966868612168
-0.14044897959183675,-0.14574067250115416,0.5472653061224491,28.075232104845576
-0.14044897959183675,-0.14574067250115416,0.6151836734693878,28.482267086215558
-0.14044897959183675,-0.14574067250115416,0.6831020408163266,28.695304637646835
-0.14044897959183675,-0.14574067250115416,0.7510204081632652,28.792711071117658
-0.14044897959183675,-0.14574067250115416,0.818938775510204,28.826374941402584
-0.14044897959183675,-0.14574067250115416,0.8868571428571428,28.82759725191697
-0.14044897959183675,-0.14574067250115416,0.9547755102040816,28.81299246528082
-0.14044897959183675,-0.14574067250115416,1.0226938775510204,28.78956795723785
-0.14044897959183675,-0.14574067250115416,1.0906122448979592,28.758613397672274
-0.14044897959183675,-0.14574067250115416,1.158530612244898,28.71846135219185
-0.14044897959183675,-0.14574067250115416,1.2264489795918367,28.666294137497857
-0.14044897959183675,-0.14574067250115416,1.2943673469387755,28.59921231614046
-0.14044897959183675,-0.14574067250115416,1.3622857142857143,28.514815566698008
-0.14044897959183675,-0.14574067250115416,1.4302040816326531,28.4114379130731
-0.14044897959183675,-0.14574067250115416,1.498122448979592,28.288188092335492
-0.14044897959183675,-0.14574067250115416,1.5660408163265305,28.14489060104715
-0.14044897959183675,-0.14574067250115416,1.6339591836734693,27.981968282636526
-0.14044897959183675,-0.14574067250115416,1.701877551020408,27.80025994405127
-0.14044897959183675,-0.14574067250115416,1.7697959183673468,27.60098580067731
-0.14044897959183675,-0.14574067250115416,1.8377142857142856,27.38557215532714
-0.14044897959183675,-0.14574067250115416,1.9056326530612244,27.155570065475587
-0.14044897959183675,-0.14574067250115416,1.9735510204081632,26.912590405252317
-0.14044897959183675,-0.14574067250115416,2.041469387755102,26.658237467952315
-0.14044897959183675,-0.14574067250115416,2.109387755102041,26.394078716252412
-0.14044897959183675,-0.14574067250115416,2.1773061224489796,26.121608331733054
-0.14044897959183675,-0.14574067250115416,2.2452244897959184,25.842234392158392
-0.14044897959183675,-0.14574067250115416,2.313142857142857,25.557260641991185
-0.14044897959183675,-0.14574067250115416,2.381061224489796,25.26788798042485
-0.14044897959183675,-0.14574067250115416,2.4489795918367347,24.975212576944415
-0.14044897959183675,-0.14574067250115416,2.5168979591836735,24.680218923589294
-0.14044897959183675,-0.14574067250115416,2.5848163265306123,24.383798974174304
-0.14044897959183675,-0.14574067250115416,2.652734693877551,24.086744024125323
-0.14044897959183675,-0.14574067250115416,2.72065306122449,23.789758255692725
-0.14044897959183675,-0.14574067250115416,2.7885714285714287,23.493462211697242
-0.14044897959183675,-0.14574067250115416,2.8564897959183675,23.198404206238195
-0.14044897959183675,-0.14574067250115416,2.9244081632653063,22.90505769898958
-0.14044897959183675,-0.14574067250115416,2.992326530612245,22.613817215651753
-0.14044897959183675,-0.14574067250115416,3.060244897959184,22.325083467728003
-0.14044897959183675,-0.14574067250115416,3.1281632653061227,22.03913956300112
-0.14044897959183675,-0.14574067250115416,3.196081632653061,21.756246599581388
-0.14044897959183675,-0.14574067250115416,3.2640000000000002,21.47662180264921
-0.13408163265306122,-0.14574067250115416,-0.064,-6.187144472659556
-0.13408163265306122,-0.14574067250115416,0.003918367346938775,1.4213551291725057
-0.13408163265306122,-0.14574067250115416,0.07183673469387755,8.132446915215143
-0.13408163265306122,-0.14574067250115416,0.13975510204081631,13.783506239204128
-0.13408163265306122,-0.14574067250115416,0.2076734693877551,18.316923562545966
-0.13408163265306122,-0.14574067250115416,0.2755918367346939,21.774156210759614
-0.13408163265306122,-0.14574067250115416,0.34351020408163263,24.273656432363534
-0.13408163265306122,-0.14574067250115416,0.4114285714285714,25.980167075838384
-0.13408163265306122,-0.14574067250115416,0.4793469387755102,27.073538479090644
-0.13408163265306122,-0.14574067250115416,0.5472653061224491,27.723897556134165
-0.13408163265306122,-0.14574067250115416,0.6151836734693878,28.075774837988487
-0.13408163265306122,-0.14574067250115416,0.6831020408163266,28.241401423827437
-0.13408163265306122,-0.14574067250115416,0.7510204081632652,28.300974408397717
-0.13408163265306122,-0.14574067250115416,0.818938775510204,28.306974923313916
-0.13408163265306122,-0.14574067250115416,0.8868571428571428,28.290402243786883
-0.13408163265306122,-0.14574067250115416,0.9547755102040816,28.266965811772458
-0.13408163265306122,-0.14574067250115416,1.0226938775510204,28.242420482706333
-0.13408163265306122,-0.14574067250115416,1.0906122448979592,28.216685070058038
-0.13408163265306122,-0.14574067250115416,1.158530612244898,28.186746016264987
-0.13408163265306122,-0.14574067250115416,1.2264489795918367,28.148546664276985
-0.13408163265306122,-0.14574067250115416,1.2943673469387755,28.09811412031569
-0.13408163265306122,-0.14574067250115416,1.3622857142857143,28.03214775353261
-0.13408163265306122,-0.14574067250115416,1.4302040816326531,27.948247481932203
-0.13408163265306122,-0.14574067250115416,1.498122448979592,27.844947760865228
-0.13408163265306122,-0.14574067250115416,1.5660408163265305,27.72164816353389
-0.13408163265306122,-0.14574067250115416,1.6339591836734693,27.57838412556492
-0.13408163265306122,-0.14574067250115416,1.701877551020408,27.415812055533284
-0.13408163265306122,-0.14574067250115416,1.7697959183673468,27.234971298507052
-0.13408163265306122,-0.14574067250115416,1.8377142857142856,27.03717763399019
-0.13408163265306122,-0.14574067250115416,1.9056326530612244,26.823922240937527
-0.13408163265306122,-0.14574067250115416,1.9735510204081632,26.596784066928517
-0.13408163265306122,-0.14574067250115416,2.041469387755102,26.35736580604973
-0.13408163265306122,-0.14574067250115416,2.109387755102041,26.107246404342373
-0.13408163265306122,-0.14574067250115416,2.1773061224489796,25.847950177998467
-0.13408163265306122,-0.14574067250115416,2.2452244897959184,25.58091337514314
-0.13408163265306122,-0.14574067250115416,2.313142857142857,25.307486574257204
-0.13408163265306122,-0.14574067250115416,2.381061224489796,25.028910943746325
-0.13408163265306122,-0.14574067250115416,2.4489795918367347,24.746325057299234
-0.13408163265306122,-0.14574067250115416,2.5168979591836735,24.460762049283726
-0.13408163265306122,-0.14574067250115416,2.5848163265306123,24.173154231673752
-0.13408163265306122,-0.14574067250115416,2.652734693877551,23.884337658902492
-0.13408163265306122,-0.14574067250115416,2.72065306122449,23.595055401829516
-0.13408163265306122,-0.14574067250115416,2.7885714285714287,23.305966918227238
-0.13408163265306122,-0.14574067250115416,2.8564897959183675,23.01763464608126
-0.13408163265306122,-0.14574067250115416,2.9244081632653063,22.730608557260496
-0.13408163265306122,-0.14574067250115416,2.992326530612245,22.445315042373448
-0.13408163265306122,-0.14574067250115416,3.060244897959184,22.162139718068747
-0.13408163265306122,-0.14574067250115416,3.1281632653061227,21.881416053301695
-0.13408163265306122,-0.14574067250115416,3.196081632653061,21.603428342026383
-0.13408163265306122,-0.14574067250115416,3.2640000000000002,21.328419204090928
-0.12771428571428572,-0.14574067250115416,-0.064,-6.146023349923909
-0.12771428571428572,-0.14574067250115416,0.003918367346938775,1.4216440349963666
-0.12771428571428572,-0.14574067250115416,0.07183673469387755,8.100643329919858
-0.12771428571428572,-0.14574067250115416,0.13975510204081631,13.714718685467517
-0.12771428571428572,-0.14574067250115416,0.2076734693877551,18.1943895016982
-0.12771428571428572,-0.14574067250115416,0.2755918367346939,21.574462367819663
-0.12771428571428572,-0.14574067250115416,0.34351020408163263,23.973339968997426
-0.12771428571428572,-0.14574067250115416,0.4114285714285714,25.56144922589315
-0.12771428571428572,-0.14574067250115416,0.4793469387755102,26.527782853347528
-0.12771428571428572,-0.14574067250115416,0.5472653061224491,27.05245899458239
-0.12771428571428572,-0.14574067250115416,0.6151836734693878,27.288768692215676
-0.12771428571428572,-0.14574067250115416,0.6831020408163266,27.355323298000663
-0.12771428571428572,-0.14574067250115416,0.7510204081632652,27.335908422441364
-0.12771428571428572,-0.14574067250115416,0.818938775510204,27.28425557399461
-0.12771428571428572,-0.14574067250115416,0.8868571428571428,27.23065694301052
-0.12771428571428572,-0.14574067250115416,0.9547755102040816,27.18888077377775
-0.12771428571428572,-0.14574067250115416,1.0226938775510204,27.162073868344635
-0.12771428571428572,-0.14574067250115416,1.0906122448979592,27.147290426806816
-0.12771428571428572,-0.14574067250115416,1.158530612244898,27.13871330965279
-0.12771428571428572,-0.14574067250115416,1.2264489795918367,27.129724539760947
-0.12771428571428572,-0.14574067250115416,1.2943673469387755,27.114119525766316
-0.12771428571428572,-0.14574067250115416,1.3622857142857143,27.086722062499273
-0.12771428571428572,-0.14574067250115416,1.4302040816326531,27.043613904088918
-0.12771428571428572,-0.14574067250115416,1.498122448979592,26.982143966158
-0.12771428571428572,-0.14574067250115416,1.5660408163265305,26.90073046419735
-0.12771428571428572,-0.14574067250115416,1.6339591836734693,26.79877115491336
-0.12771428571428572,-0.14574067250115416,1.701877551020408,26.676402178850196
-0.12771428571428572,-0.14574067250115416,1.7697959183673468,26.534313340038462
-0.12771428571428572,-0.14574067250115416,1.8377142857142856,26.373589697140204
-0.12771428571428572,-0.14574067250115416,1.9056326530612244,26.195585482674556
-0.12771428571428572,-0.14574067250115416,1.9735510204081632,26.00181343194374
-0.12771428571428572,-0.14574067250115416,2.041469387755102,25.79386509771859
-0.12771428571428572,-0.14574067250115416,2.109387755102041,25.57333817323128
-0.12771428571428572,-0.14574067250115416,2.1773061224489796,25.341809646570535
-0.12771428571428572,-0.14574067250115416,2.2452244897959184,25.100789654234656
-0.12771428571428572,-0.14574067250115416,2.313142857142857,24.851702880017523
-0.12771428571428572,-0.14574067250115416,2.381061224489796,24.595882240617296
-0.12771428571428572,-0.14574067250115416,2.4489795918367347,24.33455845758107
-0.12771428571428572,-0.14574067250115416,2.5168979591836735,24.068856785950793
-0.12771428571428572,-0.14574067250115416,2.5848163265306123,23.799798213267724
-0.12771428571428572,-0.14574067250115416,2.652734693877551,23.52830663283456
-0.12771428571428572,-0.14574067250115416,2.72065306122449,23.25521147014804
-0.12771428571428572,-0.14574067250115416,2.7885714285714287,22.981228038214265
-0.12771428571428572,-0.14574067250115416,2.8564897959183675,22.707061004804036
-0.12771428571428572,-0.14574067250115416,2.9244081632653063,22.43326492988334
-0.12771428571428572,-0.14574067250115416,2.992326530612245,22.160353230193717
-0.12771428571428572,-0.14574067250115416,3.060244897959184,21.888777594867836
-0.12771428571428572,-0.14574067250115416,3.1281632653061227,21.618922490371343
-0.12771428571428572,-0.14574067250115416,3.196081632653061,21.351129270561177
-0.12771428571428572,-0.14574067250115416,3.2640000000000002,21.08569150019011
-0.1213469387755102,-0.14574067250115416,-0.064,-6.105620291524514
-0.1213469387755102,-0.14574067250115416,0.003918367346938775,1.4210339355293258
-0.1213469387755102,-0.14574067250115416,0.07183673469387755,8.065365218356543
-0.1213469387755102,-0.14574067250115416,0.13975510204081631,13.62977624307354
-0.1213469387755102,-0.14574067250115416,0.2076734693877551,18.026487390463863
-0.1213469387755102,-0.14574067250115416,0.2755918367346939,21.280741561077896
-0.1213469387755102,-0.14574067250115416,0.34351020408163263,23.5122916132287
-0.1213469387755102,-0.14574067250115416,0.4114285714285714,24.902251637905568
-0.1213469387755102,-0.14574067250115416,0.4793469387755102,25.65569754404683
-0.1213469387755102,-0.14574067250115416,0.5472653061224491,25.969879127132316
-0.1213469387755102,-0.14574067250115416,0.6151836734693878,26.012872769547872
-0.1213469387755102,-0.14574067250115416,0.6831020408163266,25.913895066057773
-0.1213469387755102,-0.14574067250115416,0.7510204081632652,25.762719319318055
-0.1213469387755102,-0.14574067250115416,0.818938775510204,25.614962268707046
-0.1213469387755102,-0.14574067250115416,0.8868571428571428,25.4996912030216
-0.1213469387755102,-0.14574067250115416,0.9547755102040816,25.427405241533666
-0.1213469387755102,-0.14574067250115416,1.0226938775510204,25.39686339648815
-0.1213469387755102,-0.14574067250115416,1.0906122448979592,25.40036224287692
-0.1213469387755102,-0.14574067250115416,1.158530612244898,25.427418041937127
-0.1213469387755102,-0.14574067250115416,1.2264489795918367,25.46715737374643
-0.1213469387755102,-0.14574067250115416,1.2943673469387755,25.50966831266924
-0.1213469387755102,-0.14574067250115416,1.3622857142857143,25.54668199777171
-0.1213469387755102,-0.14574067250115416,1.4302040816326531,25.571711239096118
-0.1213469387755102,-0.14574067250115416,1.498122448979592,25.58010022793978
-0.1213469387755102,-0.14574067250115416,1.5660408163265305,25.568759462958692
-0.1213469387755102,-0.14574067250115416,1.6339591836734693,25.53591084900957
-0.1213469387755102,-0.14574067250115416,1.701877551020408,25.480846361817353
-0.1213469387755102,-0.14574067250115416,1.7697959183673468,25.403662147054792
-0.1213469387755102,-0.14574067250115416,1.8377142857142856,25.305056197262886
-0.1213469387755102,-0.14574067250115416,1.9056326530612244,25.186148163675504
-0.1213469387755102,-0.14574067250115416,1.9735510204081632,25.048335048433
-0.1213469387755102,-0.14574067250115416,2.041469387755102,24.893171904446003
-0.1213469387755102,-0.14574067250115416,2.109387755102041,24.722304251692204
-0.1213469387755102,-0.14574067250115416,2.1773061224489796,24.537380537510636
-0.1213469387755102,-0.14574067250115416,2.2452244897959184,24.34002428617078
-0.1213469387755102,-0.14574067250115416,2.313142857142857,24.13179667228016
-0.1213469387755102,-0.14574067250115416,2.381061224489796,23.91417423036692
-0.1213469387755102,-0.14574067250115416,2.4489795918367347,23.68853890451673
-0.1213469387755102,-0.14574067250115416,2.5168979591836735,23.456166183296595
-0.1213469387755102,-0.14574067250115416,2.5848163265306123,23.21822925960223
-0.1213469387755102,-0.14574067250115416,2.652734693877551,22.975798471976443
-0.1213469387755102,-0.14574067250115416,2.72065306122449,22.729820555045297
-0.1213469387755102,-0.14574067250115416,2.7885714285714287,22.48121306088144
-0.1213469387755102,-0.14574067250115416,2.8564897959183675,22.23073477977585
-0.1213469387755102,-0.14574067250115416,2.9244081632653063,21.979086929572635
-0.1213469387755102,-0.14574067250115416,2.992326530612245,21.726892887803743
-0.1213469387755102,-0.14574067250115416,3.060244897959184,21.474704477517793
-0.1213469387755102,-0.14574067250115416,3.1281632653061227,21.223007529116227
-0.1213469387755102,-0.14574067250115416,3.196081632653061,20.972229655690963
-0.1213469387755102,-0.14574067250115416,3.2640000000000002,20.722746709543777
-0.1149795918367347,-0.14574067250115416,-0.064,-6.065740541371231
-0.1149795918367347,-0.14574067250115416,0.003918367346938775,1.4195226442992284
-0.1149795918367347,-0.14574067250115416,0.07183673469387755,8.026225379909267
-0.1149795918367347,-0.14574067250115416,0.13975510204081631,13.525798237781348
-0.1149795918367347,-0.14574067250115416,0.2076734693877551,17.803979821014796
-0.1149795918367347,-0.14574067250115416,0.2755918367346939,20.872777750220383
-0.1149795918367347,-0.14574067250115416,0.34351020408163263,22.855156869462473
-0.1149795918367347,-0.14574067250115416,0.4114285714285714,23.949264981828414
-0.1149795918367347,-0.14574067250115416,0.4793469387755102,24.38494834088337
-0.1149795918367347,-0.14574067250115416,0.5472653061224491,24.385361097164
-0.1149795918367347,-0.14574067250115416,0.6151836734693878,24.140666318022276
-0.1149795918367347,-0.14574067250115416,0.6831020408163266,23.795726504524673
-0.1149795918367347,-0.14574067250115416,0.7510204081632652,23.449036640917832
-0.1149795918367347,-0.14574067250115416,0.818938775510204,23.15879363175872
-0.1149795918367347,-0.14574067250115416,0.8868571428571428,22.95216605213513
-0.1149795918367347,-0.14574067250115416,0.9547755102040816,22.834706423206935
-0.1149795918367347,-0.14574067250115416,1.0226938775510204,22.798658675389863
-0.1149795918367347,-0.14574067250115416,1.0906122448979592,22.829250589635006
-0.1149795918367347,-0.14574067250115416,1.158530612244898,22.909116894427875
-0.1149795918367347,-0.14574067250115416,1.2264489795918367,23.021112909741824
-0.1149795918367347,-0.14574067250115416,1.2943673469387755,23.149810110527348
-0.1149795918367347,-0.14574067250115416,1.3622857142857143,23.282351151836085
-0.1149795918367347,-0.14574067250115416,1.4302040816326531,23.40853917854491
-0.1149795918367347,-0.14574067250115416,1.498122448979592,23.520735177715018
-0.1149795918367347,-0.14574067250115416,1.5660408163265305,23.613560635140026
-0.1149795918367347,-0.14574067250115416,1.6339591836734693,23.683504492673897
-0.1149795918367347,-0.14574067250115416,1.701877551020408,23.728605513633596
-0.1149795918367347,-0.14574067250115416,1.7697959183673468,23.748074124570326
-0.1149795918367347,-0.14574067250115416,1.8377142857142856,23.74202445493931
-0.1149795918367347,-0.14574067250115416,1.9056326530612244,23.711214877125666
-0.1149795918367347,-0.14574067250115416,1.9735510204081632,23.656860208598076
-0.1149795918367347,-0.14574067250115416,2.041469387755102,23.580467079871767
-0.1149795918367347,-0.14574067250115416,2.109387755102041,23.483718634901663
-0.1149795918367347,-0.14574067250115416,2.1773061224489796,23.368383998067877
-0.1149795918367347,-0.14574067250115416,2.2452244897959184,23.23624856329945
-0.1149795918367347,-0.14574067250115416,2.313142857142857,23.089064048733587
-0.1149795918367347,-0.14574067250115416,2.381061224489796,22.928520569843187
-0.1149795918367347,-0.14574067250115416,2.4489795918367347,22.75621795857742
-0.1149795918367347,-0.14574067250115416,2.5168979591836735,22.57365853834625
-0.1149795918367347,-0.14574067250115416,2.5848163265306123,22.382238338471627
-0.1149795918367347,-0.14574067250115416,2.652734693877551,22.183218633535795
-0.1149795918367347,-0.14574067250115416,2.72065306122449,21.977820656509632
-0.1149795918367347,-0.14574067250115416,2.7885714285714287,21.767096741643353
-0.1149795918367347,-0.14574067250115416,2.8564897959183675,21.552013783160938
-0.1149795918367347,-0.14574067250115416,2.9244081632653063,21.33344941929106
-0.1149795918367347,-0.14574067250115416,2.992326530612245,21.11219343990615
-0.1149795918367347,-0.14574067250115416,3.060244897959184,20.88894881082051
-0.1149795918367347,-0.14574067250115416,3.1281632653061227,20.664349036451725
-0.1149795918367347,-0.14574067250115416,3.196081632653061,20.438953652615343
-0.1149795918367347,-0.14574067250115416,3.2640000000000002,20.213262698456614
-0.10861224489795918,-0.14574067250115416,-0.064,-6.026206666873857
-0.10861224489795918,-0.14574067250115416,0.003918367346938775,1.4171103509911869
-0.10861224489795918,-0.14574067250115416,0.07183673469387755,7.982834490563937
-0.10861224489795918,-0.14574067250115416,0.13975510204081631,13.399823705095304
-0.10861224489795918,-0.14574067250115416,0.2076734693877551,17.51740888206525
-0.10861224489795918,-0.14574067250115416,0.2755918367346939,20.330034477227496
-0.10861224489795918,-0.14574067250115416,0.34351020408163263,21.966359797431387
-0.10861224489795918,-0.14574067250115416,0.4114285714285714,22.649409229514983
-0.10861224489795918,-0.14574067250115416,0.4793469387755102,22.644225918444466
-0.10861224489795918,-0.14574067250115416,0.5472653061224491,22.21020131130627
-0.10861224489795918,-0.14574067250115416,0.6151836734693878,21.567996168197205
-0.10861224489795918,-0.14574067250115416,0.6831020408163266,20.88382063461803
-0.10861224489795918,-0.14574067250115416,0.7510204081632652,20.267852297352135
-0.10861224489795918,-0.14574067250115416,0.818938775510204,19.78163987533463
-0.10861224489795918,-0.14574067250115416,0.8868571428571428,19.44943755128612
-0.10861224489795918,-0.14574067250115416,0.9547755102040816,19.269920671366833
-0.10861224489795918,-0.14574067250115416,1.0226938775510204,19.226318484386955
-0.10861224489795918,-0.14574067250115416,1.0906122448979592,19.294153439986065
-0.10861224489795918,-0.14574067250115416,1.158530612244898,19.446611493270442
-0.10861224489795918,-0.14574067250115416,1.2264489795918367,19.65791755499127
-0.10861224489795918,-0.14574067250115416,1.2943673469387755,19.905192215540055
-0.10861224489795918,-0.14574067250115416,1.3622857142857143,20.169258525630447
-0.10861224489795918,-0.14574067250115416,1.4302040816326531,20.434792204759866
-0.10861224489795918,-0.14574067250115416,1.498122448979592,20.69008300877598
-0.10861224489795918,-0.14574067250115416,1.5660408163265305,20.926588615563446
-0.10861224489795918,-0.14574067250115416,1.6339591836734693,21.138431119481552
-0.10861224489795918,-0.14574067250115416,1.701877551020408,21.32189682499043
-0.10861224489795918,-0.14574067250115416,1.7697959183673468,21.474974615467087
-0.10861224489795918,-0.14574067250115416,1.8377142857142856,21.59695211452932
-0.10861224489795918,-0.14574067250115416,1.9056326530612244,21.68808185861787
-0.10861224489795918,-0.14574067250115416,1.9735510204081632,21.74931206279247
-0.10861224489795918,-0.14574067250115416,2.041469387755102,21.7820706315382
-0.10861224489795918,-0.14574067250115416,2.109387755102041,21.788090057879277
-0.10861224489795918,-0.14574067250115416,2.1773061224489796,21.769287428028868
-0.10861224489795918,-0.14574067250115416,2.2452244897959184,21.727659183943114
-0.10861224489795918,-0.14574067250115416,2.313142857142857,21.665219366538942
-0.10861224489795918,-0.14574067250115416,2.381061224489796,21.58394334203268
-0.10861224489795918,-0.14574067250115416,2.4489795918367347,21.48573228941068
-0.10861224489795918,-0.14574067250115416,2.5168979591836735,21.372370675909224
-0.10861224489795918,-0.14574067250115416,2.5848163265306123,21.245601620312108
-0.10861224489795918,-0.14574067250115416,2.652734693877551,21.106982058087837
-0.10861224489795918,-0.14574067250115416,2.72065306122449,20.957975492553434
-0.10861224489795918,-0.14574067250115416,2.7885714285714287,20.7999262068598
-0.10861224489795918,-0.14574067250115416,2.8564897959183675,20.6340613617252
-0.10861224489795918,-0.14574067250115416,2.9244081632653063,20.46150047269055
-0.10861224489795918,-0.14574067250115416,2.992326530612245,20.283263409689777
-0.10861224489795918,-0.14574067250115416,3.060244897959184,20.100266422577636
-0.10861224489795918,-0.14574067250115416,3.1281632653061227,19.9133379323218
-0.10861224489795918,-0.14574067250115416,3.196081632653061,19.72322891147945
-0.10861224489795918,-0.14574067250115416,3.2640000000000002,19.530604307157034
-0.10224489795918368,-0.14574067250115416,-0.064,-5.98683860244746
-0.10224489795918368,-0.14574067250115416,0.003918367346938775,1.4137990317707803
-0.10224489795918368,-0.14574067250115416,0.07183673469387755,7.934793618546838
-0.10224489795918368,-0.14574067250115416,0.13975510204081631,13.248836159313806
-0.10224489795918368,-0.14574067250115416,0.2076734693877551,17.157167735503048
-0.10224489795918368,-0.14574067250115416,0.2755918367346939,19.631854204763464
-0.10224489795918368,-0.14574067250115416,0.34351020408163263,20.81054725793157
-0.10224489795918368,-0.14574067250115416,0.4114285714285714,20.950559565817056
-0.10224489795918368,-0.14574067250115416,0.4793469387755102,20.364342040946404
-0.10224489795918368,-0.14574067250115416,0.5472653061224491,19.359215030102035
-0.10224489795918368,-0.14574067250115416,0.6151836734693878,18.195707299330437
-0.10224489795918368,-0.14574067250115416,0.6831020408163266,17.067565178597842
-0.10224489795918368,-0.14574067250115416,0.7510204081632652,16.09975868697785
-0.10224489795918368,-0.14574067250115416,0.818938775510204,15.357784582589161
-0.10224489795918368,-0.14574067250115416,0.8868571428571428,14.861837301587162
-0.10224489795918368,-0.14574067250115416,0.9547755102040816,14.601443399041422
-0.10224489795918368,-0.14574067250115416,1.0226938775510204,14.548004605467383
-0.10224489795918368,-0.14574067250115416,1.0906122448979592,14.664381025122768
-0.10224489795918368,-0.14574067250115416,1.158530612244898,14.911481578839624
-0.10224489795918368,-0.14574067250115416,1.2264489795918367,15.252344689049714
-0.10224489795918368,-0.14574067250115416,1.2943673469387755,15.654356372106829
-0.10224489795918368,-0.14574067250115416,1.3622857142857143,16.09017458893436
-0.10224489795918368,-0.14574067250115416,1.4302040816326531,16.53779789033589
-0.10224489795918368,-0.14574067250115416,1.498122448979592,16.98021285688723
-0.10224489795918368,-0.14574067250115416,1.5660408163265305,17.404765276895276
-0.10224489795918368,-0.14574067250115416,1.6339591836734693,17.802463230706653
-0.10224489795918368,-0.14574067250115416,1.701877551020408,18.167304461510238
-0.10224489795918368,-0.14574067250115416,1.7697959183673468,18.495657047047352
-0.10224489795918368,-0.14574067250115416,1.8377142857142856,18.785714518772398
-0.10224489795918368,-0.14574067250115416,1.9056326530612244,19.037049167916294
-0.10224489795918368,-0.14574067250115416,1.9735510204081632,19.250248844675877
-0.10224489795918368,-0.14574067250115416,2.041469387755102,19.42660969044164
-0.10224489795918368,-0.14574067250115416,2.109387755102041,19.567918733927588
-0.10224489795918368,-0.14574067250115416,2.1773061224489796,19.676270227957357
-0.10224489795918368,-0.14574067250115416,2.2452244897959184,19.753933149669546
-0.10224489795918368,-0.14574067250115416,2.313142857142857,19.803246182813275
-0.10224489795918368,-0.14574067250115416,2.381061224489796,19.826549195804574
-0.10224489795918368,-0.14574067250115416,2.4489795918367347,19.826109885410844
-0.10224489795918368,-0.14574067250115416,2.5168979591836735,19.804172721231
-0.10224489795918368,-0.14574067250115416,2.5848163265306123,19.76280202758404
-0.10224489795918368,-0.14574067250115416,2.652734693877551,19.703964357836597
-0.10224489795918368,-0.14574067250115416,2.72065306122449,19.629491708279385
-0.10224489795918368,-0.14574067250115416,2.7885714285714287,19.541083114652626
-0.10224489795918368,-0.14574067250115416,2.8564897959183675,19.440302341334498
-0.10224489795918368,-0.14574067250115416,2.9244081632653063,19.32858595444392
-0.10224489795918368,-0.14574067250115416,2.992326530612245,19.207253208417235
-0.10224489795918368,-0.14574067250115416,3.060244897959184,19.077496917759575
-0.10224489795918368,-0.14574067250115416,3.1281632653061227,18.94041303499399
-0.10224489795918368,-0.14574067250115416,3.196081632653061,18.796988693938093
-0.10224489795918368,-0.14574067250115416,3.2640000000000002,18.648116252924932
-0.09587755102040818,-0.14574067250115416,-0.064,-5.947471926233967
-0.09587755102040818,-0.14574067250115416,0.003918367346938775,1.4095857590569947
-0.09587755102040818,-0.14574067250115416,0.07183673469387755,7.8816962720579635
-0.09587755102040818,-0.14574067250115416,0.13975510204081631,13.069754997882846
-0.09587755102040818,-0.14574067250115416,0.2076734693877551,16.713556209490754
-0.09587755102040818,-0.14574067250115416,0.2755918367346939,18.75763745368427
-0.09587755102040818,-0.14574067250115416,0.34351020408163263,19.352956630252475
-0.09587755102040818,-0.14574067250115416,0.4114285714285714,18.802236416009745
-0.09587755102040818,-0.14574067250115416,0.4793469387755102,17.479082932819
-0.09587755102040818,-0.14574067250115416,0.5472653061224491,15.751795084035372
-0.09587755102040818,-0.14574067250115416,0.6151836734693878,13.93086167351876
-0.09587755102040818,-0.14574067250115416,0.6831020408163266,12.24406106569197
-0.09587755102040818,-0.14574067250115416,0.7510204081632652,10.83429253991271
-0.09587755102040818,-0.14574067250115416,0.818938775510204,9.771452454306278
-0.09587755102040818,-0.14574067250115416,0.8868571428571428,9.070257913109504
-0.09587755102040818,-0.14574067250115416,0.9547755102040816,8.70853099590023
-0.09587755102040818,-0.14574067250115416,1.0226938775510204,8.642775734892812
-0.09587755102040818,-0.14574067250115416,1.0906122448979592,8.81997052431798
-0.09587755102040818,-0.14574067250115416,1.158530612244898,9.185672181410311
-0.09587755102040818,-0.14574067250115416,1.2264489795918367,9.688964203823364
-0.09587755102040818,-0.14574067250115416,1.2943673469387755,10.285088975666984
-0.09587755102040818,-0.14574067250115416,1.3622857142857143,10.936501099140838
-0.09587755102040818,-0.14574067250115416,1.4302040816326531,11.612874755467246
-0.09587755102040818,-0.14574067250115416,1.498122448979592,12.290554008656912
-0.09587755102040818,-0.14574067250115416,1.5660408163265305,12.951721939217833
-0.09587755102040818,-0.14574067250115416,1.6339591836734693,13.58347994681738
-0.09587755102040818,-0.14574067250115416,1.701877551020408,14.176929444987238
-0.09587755102040818,-0.14574067250115416,1.7697959183673468,14.726388067333616
-0.09587755102040818,-0.14574067250115416,1.8377142857142856,15.228652068515157
-0.09587755102040818,-0.14574067250115416,1.9056326530612244,15.682417404644408
-0.09587755102040818,-0.14574067250115416,1.9735510204081632,16.087785967504228
-0.09587755102040818,-0.14574067250115416,2.041469387755102,16.4458781120062
-0.09587755102040818,-0.14574067250115416,2.109387755102041,16.758522011980006
-0.09587755102040818,-0.14574067250115416,2.1773061224489796,17.02801767413381
-0.09587755102040818,-0.14574067250115416,2.2452244897959184,17.256957277011214
-0.09587755102040818,-0.14574067250115416,2.313142857142857,17.448074451367535
-0.09587755102040818,-0.14574067250115416,2.381061224489796,17.60413835302321
-0.09587755102040818,-0.14574067250115416,2.4489795918367347,17.727953823769887
-0.09587755102040818,-0.14574067250115416,2.5168979591836735,17.822185887734058
-0.09587755102040818,-0.14574067250115416,2.5848163265306123,17.88941082695556
-0.09587755102040818,-0.14574067250115416,2.652734693877551,17.93206621895136
-0.09587755102040818,-0.14574067250115416,2.72065306122449,17.952451206346105
-0.09587755102040818,-0.14574067250115416,2.7885714285714287,17.952704154555835
-0.09587755102040818,-0.14574067250115416,2.8564897959183675,17.93481068652545
-0.09587755102040818,-0.14574067250115416,2.9244081632653063,17.900608574887944
-0.09587755102040818,-0.14574067250115416,2.992326530612245,17.851786882219056
-0.09587755102040818,-0.14574067250115416,3.060244897959184,17.78989607034138
-0.09587755102040818,-0.14574067250115416,3.1281632653061227,17.716354000825714
-0.09587755102040818,-0.14574067250115416,3.196081632653061,17.632453878119758
-0.09587755102040818,-0.14574067250115416,3.2640000000000002,17.539380226427387
-0.08951020408163265,-0.14574067250115416,-0.064,-5.907944230449929
-0.08951020408163265,-0.14574067250115416,0.003918367346938775,1.4044696576445617
-0.08951020408163265,-0.14574067250115416,0.07183673469387755,7.823128239982612
-0.08951020408163265,-0.14574067250115416,0.13975510204081631,12.8594620427917
-0.08951020408163265,-0.14574067250115416,0.2076734693877551,16.176836857328848
-0.08951020408163265,-0.14574067250115416,0.2755918367346939,17.68700431288129
-0.08951020408163265,-0.14574067250115416,0.34351020408163263,17.559729972173415
-0.08951020408163265,-0.14574067250115416,0.4114285714285714,16.155966339984637
-0.08951020408163265,-0.14574067250115416,0.4793469387755102,13.92582202138328
-0.08951020408163265,-0.14574067250115416,0.5472653061224491,11.312633454821757
-0.08951020408163265,-0.14574067250115416,0.6151836734693878,8.687498800199851
-0.08951020408163265,-0.14574067250115416,0.6831020408163266,6.318903131090174
-0.08951020408163265,-0.14574067250115416,0.7510204081632652,4.37072471403232
-0.08951020408163265,-0.14574067250115416,0.818938775510204,2.917498374981193
-0.08951020408163265,-0.14574067250115416,0.8868571428571428,1.966808405878865
-0.08951020408163265,-0.14574067250115416,0.9547755102040816,1.481968351177592
-0.08951020408163265,-0.14574067250115416,1.0226938775510204,1.4012484953922417
-0.08951020408163265,-0.14574067250115416,1.0906122448979592,1.6523332929983283
-0.08951020408163265,-0.14574067250115416,1.158530612244898,2.1621638972882096
-0.08951020408163265,-0.14574067250115416,1.2264489795918367,2.8629299479177206
-0.08951020408163265,-0.14574067250115416,1.2943673469387755,3.695196524145736
-0.08951020408163265,-0.14574067250115416,1.3622857142857143,4.609069046519831
-0.08951020408163265,-0.14574067250115416,1.4302040816326531,5.5641228549022514
-0.08951020408163265,-0.14574067250115416,1.498122448979592,6.528658042200963
-0.08951020408163265,-0.14574067250115416,1.5660408163265305,7.478581188847212
-0.08951020408163265,-0.14574067250115416,1.6339591836734693,8.396213570758068
-0.08951020408163265,-0.14574067250115416,1.701877551020408,9.269140137261466
-0.08951020408163265,-0.14574067250115416,1.7697959183673468,10.089136439616869
-0.08951020408163265,-0.14574067250115416,1.8377142857142856,10.851280382238556
-0.08951020408163265,-0.14574067250115416,1.9056326530612244,11.553165473390301
-0.08951020408163265,-0.14574067250115416,1.9735510204081632,12.194275736955838
-0.08951020408163265,-0.14574067250115416,2.041469387755102,12.775481363143399
-0.08951020408163265,-0.14574067250115416,2.109387755102041,13.298643922571301
-0.08951020408163265,-0.14574067250115416,2.1773061224489796,13.766290097211783
-0.08951020408163265,-0.14574067250115416,2.2452244897959184,14.181353268331982
-0.08951020408163265,-0.14574067250115416,2.313142857142857,14.547083344584408
-0.08951020408163265,-0.14574067250115416,2.381061224489796,14.866777503143645
-0.08951020408163265,-0.14574067250115416,2.4489795918367347,15.143766196463808
-0.08951020408163265,-0.14574067250115416,2.5168979591836735,15.381315559234142
-0.08951020408163265,-0.14574067250115416,2.5848163265306123,15.582583644355118
-0.08951020408163265,-0.14574067250115416,2.652734693877551,15.750585147823696
-0.08951020408163265,-0.14574067250115416,2.72065306122449,15.888174292216483
-0.08951020408163265,-0.14574067250115416,2.7885714285714287,15.998027451913973
-0.08951020408163265,-0.14574067250115416,2.8564897959183675,16.082639207942858
-0.08951020408163265,-0.14574067250115416,2.9244081632653063,16.14433455125479
-0.08951020408163265,-0.14574067250115416,2.992326530612245,16.185255843654613
-0.08951020408163265,-0.14574067250115416,3.060244897959184,16.20738058627394
-0.08951020408163265,-0.14574067250115416,3.1281632653061227,16.212528060622837
-0.08951020408163265,-0.14574067250115416,3.196081632653061,16.2023687902494
-0.08951020408163265,-0.14574067250115416,3.2640000000000002,16.178428550843584
-0.08314285714285716,-0.14574067250115416,-0.064,-5.868104526847457
-0.08314285714285716,-0.14574067250115416,0.003918367346938775,1.398452999311849
-0.08314285714285716,-0.14574067250115416,0.07183673469387755,7.758672429696032
-0.08314285714285716,-0.14574067250115416,0.13975510204081631,12.614805448436476
-0.08314285714285716,-0.14574067250115416,0.2076734693877551,15.537293668794053
-0.08314285714285716,-0.14574067250115416,0.2755918367346939,16.399930744283097
-0.08314285714285716,-0.14574067250115416,0.34351020408163263,15.398160318315
-0.08314285714285716,-0.14574067250115416,0.4114285714285714,12.965706408773858
-0.08314285714285716,-0.14574067250115416,0.4793469387755102,9.645943380056277
-0.08314285714285716,-0.14574067250115416,0.5472653061224491,5.9721486871788905
-0.08314285714285716,-0.14574067250115416,0.6151836734693878,2.387050783211894
-0.08314285714285716,-0.14574067250115416,0.6831020408163266,-0.7934717181789424
-0.08314285714285716,-0.14574067250115416,0.7510204081632652,-3.381662522937088
-0.08314285714285716,-0.14574067250115416,0.818938775510204,-5.298341560101424
-0.08314285714285716,-0.14574067250115416,0.8868571428571428,-6.5449651272277585
-0.08314285714285716,-0.14574067250115416,0.9547755102040816,-7.175761098423788
-0.08314285714285716,-0.14574067250115416,1.0226938775510204,-7.2742200810400135
-0.08314285714285716,-0.14574067250115416,1.0906122448979592,-6.935546090799939
-0.08314285714285716,-0.14574067250115416,1.158530612244898,-6.2548122658809895
-0.08314285714285716,-0.14574067250115416,1.2264489795918367,-5.319775728227615
-0.08314285714285716,-0.14574067250115416,1.2943673469387755,-4.207205088268697
-0.08314285714285716,-0.14574067250115416,1.3622857142857143,-2.981580470292851
-0.08314285714285716,-0.14574067250115416,1.4302040816326531,-1.69523839510029
-0.08314285714285716,-0.14574067250115416,1.498122448979592,-0.38942481727621825
-0.08314285714285716,-0.14574067250115416,1.5660408163265305,0.9043329112446337
-0.08314285714285716,-0.14574067250115416,1.6339591836734693,2.162684430797885
-0.08314285714285716,-0.14574067250115416,1.701877551020408,3.368993399561461
-0.08314285714285716,-0.14574067250115416,1.7697959183673468,4.512011351446759
-0.08314285714285716,-0.14574067250115416,1.8377142857142856,5.584725950204241
-0.08314285714285716,-0.14574067250115416,1.9056326530612244,6.583389335022169
-0.08314285714285716,-0.14574067250115416,1.9735510204081632,7.506719553965567
-0.08314285714285716,-0.14574067250115416,2.041469387755102,8.355261939381172
-0.08314285714285716,-0.14574067250115416,2.109387755102041,9.130871722268708
-0.08314285714285716,-0.14574067250115416,2.1773061224489796,9.836296775332798
-0.08314285714285716,-0.14574067250115416,2.2452244897959184,10.474956609005648
-0.08314285714285716,-0.14574067250115416,2.313142857142857,11.050562794231976
-0.08314285714285716,-0.14574067250115416,2.381061224489796,11.567049445597323
-0.08314285714285716,-0.14574067250115416,2.4489795918367347,12.028396638643592
-0.08314285714285716,-0.14574067250115416,2.5168979591836735,12.43855409246633
-0.08314285714285716,-0.14574067250115416,2.5848163265306123,12.801361905095892
-0.08314285714285716,-0.14574067250115416,2.652734693877551,13.120509534179167
-0.08314285714285716,-0.14574067250115416,2.72065306122449,13.399506655321584
-0.08314285714285716,-0.14574067250115416,2.7885714285714287,13.64166248181608
-0.08314285714285716,-0.14574067250115416,2.8564897959183675,13.850074569222599
-0.08314285714285716,-0.14574067250115416,2.9244081632653063,14.027639910748174
-0.08314285714285716,-0.14574067250115416,2.992326530612245,14.177041212204994
-0.08314285714285716,-0.14574067250115416,3.060244897959184,14.300767901356824
-0.08314285714285716,-0.14574067250115416,3.1281632653061227,14.401111391905193
-0.08314285714285716,-0.14574067250115416,3.196081632653061,14.480187839790627
-0.08314285714285716,-0.14574067250115416,3.2640000000000002,14.539937618361167
-0.07677551020408163,-0.14574067250115416,-0.064,-5.827806088573842
-0.07677551020408163,-0.14574067250115416,0.003918367346938775,1.391534358838057
-0.07677551020408163,-0.14574067250115416,0.07183673469387755,7.687902783492535
-0.07677551020408163,-0.14574067250115416,0.13975510204081631,12.332606069950526
-0.07677551020408163,-0.14574067250115416,0.2076734693877551,14.785265989199868
-0.07677551020408163,-0.14574067250115416,0.2755918367346939,14.876866200534451
-0.07677551020408163,-0.14574067250115416,0.34351020408163263,12.836893371334693
-0.07677551020408163,-0.14574067250115416,0.4114285714285714,9.188087840101637
-0.07677551020408163,-0.14574067250115416,0.4793469387755102,4.585063000180195
-0.07677551020408163,-0.14574067250115416,0.5472653061224491,-0.3333119474997268
-0.07677551020408163,-0.14574067250115416,0.6151836734693878,-5.0415596687608435
-0.07677551020408163,-0.14574067250115416,0.6831020408163266,-9.16978021967801
-0.07677551020408163,-0.14574067250115416,0.7510204081632652,-12.503668130955205
-0.07677551020408163,-0.14574067250115416,0.818938775510204,-14.959643477640181
-0.07677551020408163,-0.14574067250115416,0.8868571428571428,-16.550382212061834
-0.07677551020408163,-0.14574067250115416,0.9547755102040816,-17.350840899922364
-0.07677551020408163,-0.14574067250115416,1.0226938775510204,-17.46991296904907
-0.07677551020408163,-0.14574067250115416,1.0906122448979592,-17.029432244304864
-0.07677551020408163,-0.14574067250115416,1.158530612244898,-16.150015265666614
-0.07677551020408163,-0.14574067250115416,1.2264489795918367,-14.942542532385662
-0.07677551020408163,-0.14574067250115416,1.2943673469387755,-13.503837006477806
-0.07677551020408163,-0.14574067250115416,1.3622857142857143,-11.915237040754235
-0.07677551020408163,-0.14574067250115416,1.4302040816326531,-10.242901887633835
-0.07677551020408163,-0.14574067250115416,1.498122448979592,-8.539119808735183
-0.07677551020408163,-0.14574067250115416,1.5660408163265305,-6.844069136966155
-0.07677551020408163,-0.14574067250115416,1.6339591836734693,-5.187712827753426
-0.07677551020408163,-0.14574067250115416,1.701877551020408,-3.5916130243399493
-0.07677551020408163,-0.14574067250115416,1.7697959183673468,-2.070576554347255
-0.07677551020408163,-0.14574067250115416,1.8377142857142856,-0.6340850391049848
-0.07677551020408163,-0.14574067250115416,1.9056326530612244,0.712519133439244
-0.07677551020408163,-0.14574067250115416,1.9735510204081632,1.9670150371126667
-0.07677551020408163,-0.14574067250115416,2.041469387755102,3.1295270229588255
-0.07677551020408163,-0.14574067250115416,2.109387755102041,4.201853551385948
-0.07677551020408163,-0.14574067250115416,2.1773061224489796,5.187056575178229
-0.07677551020408163,-0.14574067250115416,2.2452244897959184,6.0889396416525585
-0.07677551020408163,-0.14574067250115416,2.313142857142857,6.9118383013237725
-0.07677551020408163,-0.14574067250115416,2.381061224489796,7.660366476730122
-0.07677551020408163,-0.14574067250115416,2.4489795918367347,8.339257639675143
-0.07677551020408163,-0.14574067250115416,2.5168979591836735,8.953229579674183
-0.07677551020408163,-0.14574067250115416,2.5848163265306123,9.50691236568144
-0.07677551020408163,-0.14574067250115416,2.652734693877551,10.004761053482543
-0.07677551020408163,-0.14574067250115416,2.72065306122449,10.45104750115081
-0.07677551020408163,-0.14574067250115416,2.7885714285714287,10.849807050804746
-0.07677551020408163,-0.14574067250115416,2.8564897959183675,11.204839664191379
-0.07677551020408163,-0.14574067250115416,2.9244081632653063,11.519702167077774
-0.07677551020408163,-0.14574067250115416,2.992326530612245,11.797709771184532
-0.07677551020408163,-0.14574067250115416,3.060244897959184,12.041938599181307
-0.07677551020408163,-0.14574067250115416,3.1281632653061227,12.255240186968564
-0.07677551020408163,-0.14574067250115416,3.196081632653061,12.440243358926299
-0.07677551020408163,-0.14574067250115416,3.2640000000000002,12.599379079118432
-0.07040816326530613,-0.14574067250115416,-0.064,-5.786915276241345
-0.07040816326530613,-0.14574067250115416,0.003918367346938775,1.3837136170510638
-0.07040816326530613,-0.14574067250115416,0.07183673469387755,7.610391237347386
-0.07040816326530613,-0.14574067250115416,0.13975510204081631,12.009675941731699
-0.07040816326530613,-0.14574067250115416,0.2076734693877551,13.911197190305638
-0.07040816326530613,-0.14574067250115416,0.2755918367346939,13.098824809453482
-0.07040816326530613,-0.14574067250115416,0.34351020408163263,9.846073473527877
-0.07040816326530613,-0.14574067250115416,0.4114285714285714,4.782552406807241
-0.07040816326530613,-0.14574067250115416,0.4793469387755102,-1.3067647618762805
-0.07040816326530613,-0.14574067250115416,0.5472653061224491,-7.661469621397217
-0.07040816326530613,-0.14574067250115416,0.6151836734693878,-13.662027933771348
-0.07040816326530613,-0.14574067250115416,0.6831020408163266,-18.87836390933585
-0.07040816326530613,-0.14574067250115416,0.7510204081632652,-23.069446170741244
-0.07040816326530613,-0.14574067250115416,0.818938775510204,-26.15262253382098
-0.07040816326530613,-0.14574067250115416,0.8868571428571428,-28.153004570115492
-0.07040816326530613,-0.14574067250115416,0.9547755102040816,-29.160134760107137
-0.07040816326530613,-0.14574067250115416,1.0226938775510204,-29.304608522502967
-0.07040816326530613,-0.14574067250115416,1.0906122448979592,-28.73940330189564
-0.07040816326530613,-0.14574067250115416,1.158530612244898,-27.62029396461267
-0.07040816326530613,-0.14574067250115416,1.2264489795918367,-26.09028789404702
-0.07040816326530613,-0.14574067250115416,1.2943673469387755,-24.27151954311866
-0.07040816326530613,-0.14574067250115416,1.3622857142857143,-22.264032033018218
-0.07040816326530613,-0.14574067250115416,1.4302040816326531,-20.148176338474478
-0.07040816326530613,-0.14574067250115416,1.498122448979592,-17.987641770494083
-0.07040816326530613,-0.14574067250115416,1.5660408163265305,-15.831904622799467
-0.07040816326530613,-0.14574067250115416,1.6339591836734693,-13.718297020816731
-0.07040816326530613,-0.14574067250115416,1.701877551020408,-11.674001298380894
-0.07040816326530613,-0.14574067250115416,1.7697959183673468,-9.717913763163175
-0.07040816326530613,-0.14574067250115416,1.8377142857142856,-7.862376551930325
-0.07040816326530613,-0.14574067250115416,1.9056326530612244,-6.114621914175881
-0.07040816326530613,-0.14574067250115416,1.9735510204081632,-4.477993437192609
-0.07040816326530613,-0.14574067250115416,2.041469387755102,-2.9528519015718544
-0.07040816326530613,-0.14574067250115416,2.109387755102041,-1.537484419417563
-0.07040816326530613,-0.14574067250115416,2.1773061224489796,-0.22862121636212507
-0.07040816326530613,-0.14574067250115416,2.2452244897959184,0.9780451943105923
-0.07040816326530613,-0.14574067250115416,2.313142857142857,2.087501934180157
-0.07040816326530613,-0.14574067250115416,2.381061224489796,3.1051281316894297
-0.07040816326530613,-0.14574067250115416,2.4489795918367347,4.036483493792886
-0.07040816326530613,-0.14574067250115416,2.5168979591836735,4.887164478304708
-0.07040816326530613,-0.14574067250115416,2.5848163265306123,5.662666757227893
-0.07040816326530613,-0.14574067250115416,2.652734693877551,6.368333556510983
-0.07040816326530613,-0.14574067250115416,2.72065306122449,7.009286891928074
-0.07040816326530613,-0.14574067250115416,2.7885714285714287,7.59038880514705
-0.07040816326530613,-0.14574067250115416,2.8564897959183675,8.116238664770822
-0.07040816326530613,-0.14574067250115416,2.9244081632653063,8.591147876897036
-0.07040816326530613,-0.14574067250115416,2.992326530612245,9.019145603760503
-0.07040816326530613,-0.14574067250115416,3.060244897959184,9.403984829330348
-0.07040816326530613,-0.14574067250115416,3.1281632653061227,9.749152112490634
-0.07040816326530613,-0.14574067250115416,3.196081632653061,10.057873709343195
-0.07040816326530613,-0.14574067250115416,3.2640000000000002,10.333134962870279
-0.06404081632653061,-0.14574067250115416,-0.064,-5.745301052585069
-0.06404081632653061,-0.14574067250115416,0.003918367346938775,1.3749902715106201
-0.06404081632653061,-0.14574067250115416,0.07183673469387755,7.525703140585961
-0.06404081632653061,-0.14574067250115416,0.13975510204081631,11.642812623579218
-0.06404081632653061,-0.14574067250115416,0.2076734693877551,12.905679163431282
-0.06404081632653061,-0.14574067250115416,0.2755918367346939,11.047479310291067
-0.06404081632653061,-0.14574067250115416,0.34351020408163263,6.397441542914965
-0.06404081632653061,-0.14574067250115416,0.4114285714285714,-0.28855301457651805
-0.06404081632653061,-0.14574067250115416,0.4793469387755102,-8.075202843125368
-0.06404081632653061,-0.14574067250115416,0.5472653061224491,-16.064263707184917
-0.06404081632653061,-0.14574067250115416,0.6151836734693878,-23.533575239351546
-0.06404081632653061,-0.14574067250115416,0.6831020408163266,-30.025959861542354
-0.06404081632653061,-0.14574067250115416,0.7510204081632652,-35.357998536337526
-0.06404081632653061,-0.14574067250115416,0.818938775510204,-39.42420231029576
-0.06404081632653061,-0.14574067250115416,0.8868571428571428,-42.14177202748118
-0.06404081632653061,-0.14574067250115416,0.9547755102040816,-43.53013331440471
-0.06404081632653061,-0.14574067250115416,1.0226938775510204,-43.72237614052777
-0.06404081632653061,-0.14574067250115416,1.0906122448979592,-42.925209778657425
-0.06404081632653061,-0.14574067250115416,1.158530612244898,-41.372087328068815
-0.06404081632653061,-0.14574067250115416,1.2264489795918367,-39.2869967929213
-0.06404081632653061,-0.14574067250115416,1.2943673469387755,-36.861752161991745
-0.06404081632653061,-0.14574067250115416,1.3622857142857143,-34.24510087291579
-0.06404081632653061,-0.14574067250115416,1.4302040816326531,-31.541898401754086
-0.06404081632653061,-0.14574067250115416,1.498122448979592,-28.8204326985403
-0.06404081632653061,-0.14574067250115416,1.5660408163265305,-26.124935491337343
-0.06404081632653061,-0.14574067250115416,1.6339591836734693,-23.487353771138842
-0.06404081632653061,-0.14574067250115416,1.701877551020408,-20.9333333315147
-0.06404081632653061,-0.14574067250115416,1.7697959183673468,-18.483236034305577
-0.06404081632653061,-0.14574067250115416,1.8377142857142856,-16.15170528814325
-0.06404081632653061,-0.14574067250115416,1.9056326530612244,-13.947939401708055
-0.06404081632653061,-0.14574067250115416,1.9735510204081632,-11.87648118875331
-0.06404081632653061,-0.14574067250115416,2.041469387755102,-9.938391674217286
-0.06404081632653061,-0.14574067250115416,2.109387755102041,-8.13207636057286
-0.06404081632653061,-0.14574067250115416,2.1773061224489796,-6.454016223099831
-0.06404081632653061,-0.14574067250115416,2.2452244897959184,-4.899404271476936
-0.06404081632653061,-0.14574067250115416,2.313142857142857,-3.462548390620782
-0.06404081632653061,-0.14574067250115416,2.381061224489796,-2.1372318351933366
-0.06404081632653061,-0.14574067250115416,2.4489795918367347,-0.9169851866378842
-0.06404081632653061,-0.14574067250115416,2.5168979591836735,0.20474348067200765
-0.06404081632653061,-0.14574067250115416,2.5848163265306123,1.2344347095807855
-0.06404081632653061,-0.14574067250115416,2.652734693877551,2.1784019523785147
-0.06404081632653061,-0.14574067250115416,2.72065306122449,3.0427196914928736
-0.06404081632653061,-0.14574067250115416,2.7885714285714287,3.8331794167138433
-0.06404081632653061,-0.14574067250115416,2.8564897959183675,4.555268253695825
-0.06404081632653061,-0.14574067250115416,2.9244081632653063,5.2141445902894965
-0.06404081632653061,-0.14574067250115416,2.992326530612245,5.814652993050792
-0.06404081632653061,-0.14574067250115416,3.060244897959184,6.361297563897718
-0.06404081632653061,-0.14574067250115416,3.1281632653061227,6.85828612708065
-0.06404081632653061,-0.14574067250115416,3.196081632653061,7.309514730347498
-0.06404081632653061,-0.14574067250115416,3.2640000000000002,7.718593516404116
-0.05767346938775511,-0.14574067250115416,-0.064,-5.70284240960384
-0.05767346938775511,-0.14574067250115416,0.003918367346938775,1.3653636792475736
-0.05767346938775511,-0.14574067250115416,0.07183673469387755,7.433396886886774
-0.05767346938775511,-0.14574067250115416,0.13975510204081631,11.228820016070825
-0.05767346938775511,-0.14574067250115416,0.2076734693877551,11.759470361508699
-0.05767346938775511,-0.14574067250115416,0.2755918367346939,8.705203676008331
-0.05767346938775511,-0.14574067250115416,0.34351020408163263,2.4643979285157407
-0.05767346938775511,-0.14574067250115416,0.4114285714285714,-6.0599831559457655
-0.05767346938775511,-0.14574067250115416,0.4793469387755102,-15.761629813063525
-0.05767346938775511,-0.14574067250115416,0.5472653061224491,-25.59315624875499
-0.05767346938775511,-0.14574067250115416,0.6151836734693878,-34.867707713407555
-0.05767346938775511,-0.14574067250115416,0.6831020408163266,-43.42872316860763
-0.05767346938775511,-0.14574067250115416,0.7510204081632652,-50.91433826117037
-0.05767346938775511,-0.14574067250115416,0.818938775510204,-56.80047979070737
-0.05767346938775511,-0.14574067250115416,0.8868571428571428,-60.78349360650826
-0.05767346938775511,-0.14574067250115416,0.9547755102040816,-62.82678785592809
-0.05767346938775511,-0.14574067250115416,1.0226938775510204,-63.100591919885815
-0.05767346938775511,-0.14574067250115416,1.0906122448979592,-61.9070259835768
-0.05767346938775511,-0.14574067250115416,1.158530612244898,-59.6017449682318
-0.05767346938775511,-0.14574067250115416,1.2264489795918367,-56.52931478075902
-0.05767346938775511,-0.14574067250115416,1.2943673469387755,-52.98812286760189
-0.05767346938775511,-0.14574067250115416,1.3622857142857143,-49.218286679563434
-0.05767346938775511,-0.14574067250115416,1.4302040816326531,-45.401544838920685
-0.05767346938775511,-0.14574067250115416,1.498122448979592,-41.66385004872491
-0.05767346938775511,-0.14574067250115416,1.5660408163265305,-38.079920014557985
-0.05767346938775511,-0.14574067250115416,1.6339591836734693,-34.68106573745355
-0.05767346938775511,-0.14574067250115416,1.701877551020408,-31.46815579685834
-0.05767346938775511,-0.14574067250115416,1.7697959183673468,-28.428751667306106
-0.05767346938775511,-0.14574067250115416,1.8377142857142856,-25.55173505334346
-0.05767346938775511,-0.14574067250115416,1.9056326530612244,-22.83286409262195
-0.05767346938775511,-0.14574067250115416,1.9735510204081632,-20.272041798549523
-0.05767346938775511,-0.14574067250115416,2.041469387755102,-17.86925590390158
-0.05767346938775511,-0.14574067250115416,2.109387755102041,-15.622702534737215
-0.05767346938775511,-0.14574067250115416,2.1773061224489796,-13.528579581813446
-0.05767346938775511,-0.14574067250115416,2.2452244897959184,-11.58153162447024
-0.05767346938775511,-0.14574067250115416,2.313142857142857,-9.775116756488753
-0.05767346938775511,-0.14574067250115416,2.381061224489796,-8.102229633294058
-0.05767346938775511,-0.14574067250115416,2.4489795918367347,-6.555396892102291
-0.05767346938775511,-0.14574067250115416,2.5168979591836735,-5.127026925193292
-0.05767346938775511,-0.14574067250115416,2.5848163265306123,-3.809568601831014
-0.05767346938775511,-0.14574067250115416,2.652734693877551,-2.595639489037808
-0.05767346938775511,-0.14574067250115416,2.72065306122449,-1.4781087159665915
-0.05767346938775511,-0.14574067250115416,2.7885714285714287,-0.45016569435425424
-0.05767346938775511,-0.14574067250115416,2.8564897959183675,0.4946636889550149
-0.05767346938775511,-0.14574067250115416,2.9244081632653063,1.3624844477042295
-0.05767346938775511,-0.14574067250115416,2.992326530612245,2.1590200746502077
-0.05767346938775511,-0.14574067250115416,3.060244897959184,2.8896416379205654
-0.05767346938775511,-0.14574067250115416,3.1281632653061227,3.5593378690455317
-0.05767346938775511,-0.14574067250115416,3.196081632653061,4.17276291024476
-0.05767346938775511,-0.14574067250115416,3.2640000000000002,4.734226776070127
-0.051306122448979585,-0.14574067250115416,-0.064,-5.659431258397196
-0.051306122448979585,-0.14574067250115416,0.003918367346938775,1.3548352460344506
-0.051306122448979585,-0.14574067250115416,0.07183673469387755,7.333033520987053
-0.051306122448979585,-0.14574067250115416,0.13975510204081631,10.76451075785794
-0.051306122448979585,-0.14574067250115416,0.2076734693877551,10.463532587456234
-0.051306122448979585,-0.14574067250115416,0.2755918367346939,6.055133609420327
-0.051306122448979585,-0.14574067250115416,0.34351020408163263,-1.9779702119772615
-0.051306122448979585,-0.14574067250115416,0.4114285714285714,-12.56361244541911
-0.051306122448979585,-0.14574067250115416,0.4793469387755102,-24.404961476933078
-0.051306122448979585,-0.14574067250115416,0.5472653061224491,-36.484805266589916
-0.051306122448979585,-0.14574067250115416,0.6151836734693878,-48.85024714104985
-0.051306122448979585,-0.14574067250115416,0.6831020408163266,-61.0383926686923
-0.051306122448979585,-0.14574067250115416,0.7510204081632652,-71.996405352371
-0.051306122448979585,-0.14574067250115416,0.818938775510204,-80.79202610467418
-0.051306122448979585,-0.14574067250115416,0.8868571428571428,-86.34805365703406
-0.051306122448979585,-0.14574067250115416,0.9547755102040816,-200.0
-0.051306122448979585,-0.14574067250115416,1.0226938775510204,-200.0
-0.051306122448979585,-0.14574067250115416,1.0906122448979592,-200.0
-0.051306122448979585,-0.14574067250115416,1.158530612244898,-86.02055415904044
-0.051306122448979585,-0.14574067250115416,1.2264489795918367,-80.35820097056622
-0.051306122448979585,-0.14574067250115416,1.2943673469387755,-75.00912616448953
-0.051306122448979585,-0.14574067250115416,1.3622857142857143,-69.36622902335823
-0.051306122448979585,-0.14574067250115416,1.4302040816326531,-63.760347137121144
-0.051306122448979585,-0.14574067250115416,1.498122448979592,-58.338332350690806
-0.051306122448979585,-0.14574067250115416,1.5660408163265305,-53.19939815157072
-0.051306122448979585,-0.14574067250115416,1.6339591836734693,-48.40718807147975
-0.051306122448979585,-0.14574067250115416,1.701877551020408,-43.993075520036925
-0.051306122448979585,-0.14574067250115416,1.7697959183673468,-39.95499724561694
-0.051306122448979585,-0.14574067250115416,1.8377142857142856,-36.262162304483766
-0.051306122448979585,-0.14574067250115416,1.9056326530612244,-32.866769248999645
-0.051306122448979585,-0.14574067250115416,1.9735510204081632,-29.720398907518923
-0.051306122448979585,-0.14574067250115416,2.041469387755102,-26.787307444324494
-0.051306122448979585,-0.14574067250115416,2.109387755102041,-24.04695640281315
-0.051306122448979585,-0.14574067250115416,2.1773061224489796,-21.48816901889482
-0.051306122448979585,-0.14574067250115416,2.2452244897959184,-19.103011589310643
-0.051306122448979585,-0.14574067250115416,2.313142857142857,-16.88379546484472
-0.051306122448979585,-0.14574067250115416,2.381061224489796,-14.822379553020536
-0.051306122448979585,-0.14574067250115416,2.4489795918367347,-12.9102118842546
-0.051306122448979585,-0.14574067250115416,2.5168979591836735,-11.138564867281811
-0.051306122448979585,-0.14574067250115416,2.5848163265306123,-9.49873101421495
-0.051306122448979585,-0.14574067250115416,2.652734693877551,-7.982163100939278
-0.051306122448979585,-0.14574067250115416,2.72065306122449,-6.58058507958512
-0.051306122448979585,-0.14574067250115416,2.7885714285714287,-5.286061233022114
-0.051306122448979585,-0.14574067250115416,2.8564897959183675,-4.09105217598194
-0.051306122448979585,-0.14574067250115416,2.9244081632653063,-2.9884112210376657
-0.051306122448979585,-0.14574067250115416,2.992326530612245,-1.971426751393917
-0.051306122448979585,-0.14574067250115416,3.060244897959184,-1.033810228315705
-0.051306122448979585,-0.14574067250115416,3.1281632653061227,-0.16968080499271565
-0.051306122448979585,-0.14574067250115416,3.196081632653061,0.6264316710826314
-0.051306122448979585,-0.14574067250115416,3.2640000000000002,1.3596203586925562
-0.04493877551020409,-0.14574067250115416,-0.064,-5.614961218030344
-0.04493877551020409,-0.14574067250115416,0.003918367346938775,1.3434018643755745
-0.04493877551020409,-0.14574067250115416,0.07183673469387755,7.224163393853801
-0.04493877551020409,-0.14574067250115416,0.13975510204081631,10.24671302240731
-0.04493877551020409,-0.14574067250115416,0.2076734693877551,9.009059804781842
-0.04493877551020409,-0.14574067250115416,0.2755918367346939,3.0811966114994185
-0.04493877551020409,-0.14574067250115416,0.34351020408163263,-6.9528670056252615
-0.04493877551020409,-0.14574067250115416,0.4114285714285714,-19.828576323065505
-0.04493877551020409,-0.14574067250115416,0.4793469387755102,-34.11931902869921
-0.04493877551020409,-0.14574067250115416,0.5472653061224491,-49.84798067748346
-0.04493877551020409,-0.14574067250115416,0.6151836734693878,-67.27505884119219
-0.04493877551020409,-0.14574067250115416,0.6831020408163266,-85.63600371732255
-0.04493877551020409,-0.14574067250115416,0.7510204081632652,-200.0
-0.04493877551020409,-0.14574067250115416,0.818938775510204,-200.0
-0.04493877551020409,-0.14574067250115416,0.8868571428571428,-200.0
-0.04493877551020409,-0.14574067250115416,0.9547755102040816,-200.0
-0.04493877551020409,-0.14574067250115416,1.0226938775510204,-200.0
-0.04493877551020409,-0.14574067250115416,1.0906122448979592,-200.0
-0.04493877551020409,-0.14574067250115416,1.158530612244898,-200.0
-0.04493877551020409,-0.14574067250115416,1.2264489795918367,-200.0
-0.04493877551020409,-0.14574067250115416,1.2943673469387755,-200.0
-0.04493877551020409,-0.14574067250115416,1.3622857142857143,-200.0
-0.04493877551020409,-0.14574067250115416,1.4302040816326531,-200.0
-0.04493877551020409,-0.14574067250115416,1.498122448979592,-80.95454378497806
-0.04493877551020409,-0.14574067250115416,1.5660408163265305,-73.3906842992373
-0.04493877551020409,-0.14574067250115416,1.6339591836734693,-66.43717589897899
-0.04493877551020409,-0.14574067250115416,1.701877551020408,-60.13396858852941
-0.04493877551020409,-0.14574067250115416,1.7697959183673468,-54.43493237077295
-0.04493877551020409,-0.14574067250115416,1.8377142857142856,-49.304691803575
-0.04493877551020409,-0.14574067250115416,1.9056326530612244,-44.70505688995986
-0.04493877551020409,-0.14574067250115416,1.9735510204081632,-40.582204532589714
-0.04493877551020409,-0.14574067250115416,2.041469387755102,-36.86745882128393
-0.04493877551020409,-0.14574067250115416,2.109387755102041,-33.487582058153535
-0.04493877551020409,-0.14574067250115416,2.1773061224489796,-30.379235302815697
-0.04493877551020409,-0.14574067250115416,2.2452244897959184,-27.498540195997602
-0.04493877551020409,-0.14574067250115416,2.313142857142857,-24.819724382139185
-0.04493877551020409,-0.14574067250115416,2.381061224489796,-22.327404909166056
-0.04493877551020409,-0.14574067250115416,2.4489795918367347,-20.01018933787512
-0.04493877551020409,-0.14574067250115416,2.5168979591836735,-17.85775334532755
-0.04493877551020409,-0.14574067250115416,2.5848163265306123,-15.860079625098614
-0.04493877551020409,-0.14574067250115416,2.652734693877551,-14.007348505662293
-0.04493877551020409,-0.14574067250115416,2.72065306122449,-12.290050781979314
-0.04493877551020409,-0.14574067250115416,2.7885714285714287,-10.699038407033026
-0.04493877551020409,-0.14574067250115416,2.8564897959183675,-9.225590775184742
-0.04493877551020409,-0.14574067250115416,2.9244081632653063,-7.861457667212658
-0.04493877551020409,-0.14574067250115416,2.992326530612245,-6.5988438831615674
-0.04493877551020409,-0.14574067250115416,3.060244897959184,-5.430452019236878
-0.04493877551020409,-0.14574067250115416,3.1281632653061227,-4.349442697704173
-0.04493877551020409,-0.14574067250115416,3.196081632653061,-3.349433568918325
-0.04493877551020409,-0.14574067250115416,3.2640000000000002,-2.4244923033476766
-0.03857142857142859,-0.14574067250115416,-0.064,-5.569341449322556
-0.03857142857142859,-0.14574067250115416,0.003918367346938775,1.3310656074471092
-0.03857142857142859,-0.14574067250115416,0.07183673469387755,7.106339521944389
-0.03857142857142859,-0.14574067250115416,0.13975510204081631,9.672276474342667
-0.03857142857142859,-0.14574067250115416,0.2076734693877551,7.3874824467149764
-0.03857142857142859,-0.14574067250115416,0.2755918367346939,-0.23187361254397842
-0.03857142857142859,-0.14574067250115416,0.34351020408163263,-12.48183456750294
-0.03857142857142859,-0.14574067250115416,0.4114285714285714,-27.88554884222002
-0.03857142857142859,-0.14574067250115416,0.4793469387755102,-45.572613050252926
-0.03857142857142859,-0.14574067250115416,0.5472653061224491,-67.19239128418133
-0.03857142857142859,-0.14574067250115416,0.6151836734693878,-200.0
-0.03857142857142859,-0.14574067250115416,0.6831020408163266,-200.0
-0.03857142857142859,-0.14574067250115416,0.7510204081632652,-200.0
-0.03857142857142859,-0.14574067250115416,0.818938775510204,-200.0
-0.03857142857142859,-0.14574067250115416,0.8868571428571428,-200.0
-0.03857142857142859,-0.14574067250115416,0.9547755102040816,-200.0
-0.03857142857142859,-0.14574067250115416,1.0226938775510204,-200.0
-0.03857142857142859,-0.14574067250115416,1.0906122448979592,-200.0
-0.03857142857142859,-0.14574067250115416,1.158530612244898,-200.0
-0.03857142857142859,-0.14574067250115416,1.2264489795918367,-200.0
-0.03857142857142859,-0.14574067250115416,1.2943673469387755,-200.0
-0.03857142857142859,-0.14574067250115416,1.3622857142857143,-200.0
-0.03857142857142859,-0.14574067250115416,1.4302040816326531,-200.0
-0.03857142857142859,-0.14574067250115416,1.498122448979592,-200.0
-0.03857142857142859,-0.14574067250115416,1.5660408163265305,-200.0
-0.03857142857142859,-0.14574067250115416,1.6339591836734693,-200.0
-0.03857142857142859,-0.14574067250115416,1.701877551020408,-81.81945061734694
-0.03857142857142859,-0.14574067250115416,1.7697959183673468,-73.46373258988996
-0.03857142857142859,-0.14574067250115416,1.8377142857142856,-66.17047819069164
-0.03857142857142859,-0.14574067250115416,1.9056326530612244,-59.729727800123314
-0.03857142857142859,-0.14574067250115416,1.9735510204081632,-54.021140608208235
-0.03857142857142859,-0.14574067250115416,2.041469387755102,-48.9616172899547
-0.03857142857142859,-0.14574067250115416,2.109387755102041,-44.476738077509765
-0.03857142857142859,-0.14574067250115416,2.1773061224489796,-40.485612942530764
-0.03857142857142859,-0.14574067250115416,2.2452244897959184,-36.902400109552715
-0.03857142857142859,-0.14574067250115416,2.313142857142857,-33.646462764802266
-0.03857142857142859,-0.14574067250115416,2.381061224489796,-30.654199107043258
-0.03857142857142859,-0.14574067250115416,2.4489795918367347,-27.88380610472093
-0.03857142857142859,-0.14574067250115416,2.5168979591836735,-25.31049273063232
-0.03857142857142859,-0.14574067250115416,2.5848163265306123,-22.918427362435676
-0.03857142857142859,-0.14574067250115416,2.652734693877551,-20.695243531323573
-0.03857142857142859,-0.14574067250115416,2.72065306122449,-18.629843992026398
-0.03857142857142859,-0.14574067250115416,2.7885714285714287,-16.711731941334985
-0.03857142857142859,-0.14574067250115416,2.8564897959183675,-14.930919726105635
-0.03857142857142859,-0.14574067250115416,2.9244081632653063,-13.277944303882773
-0.03857142857142859,-0.14574067250115416,2.992326530612245,-11.7438617159752
-0.03857142857142859,-0.14574067250115416,3.060244897959184,-10.320261890063144
-0.03857142857142859,-0.14574067250115416,3.1281632653061227,-8.999279434362514
-0.03857142857142859,-0.14574067250115416,3.196081632653061,-7.77355160151091
-0.03857142857142859,-0.14574067250115416,3.2640000000000002,-6.636220891997372
-0.03220408163265309,-0.14574067250115416,-0.064,-5.522483965432714
-0.03220408163265309,-0.14574067250115416,0.003918367346938775,1.317825975537657
-0.03220408163265309,-0.14574067250115416,0.07183673469387755,6.979106672204108
-0.03220408163265309,-0.14574067250115416,0.13975510204081631,9.038081091570042
-0.03220408163265309,-0.14574067250115416,0.2076734693877551,5.590502240366245
-0.03220408163265309,-0.14574067250115416,0.2755918367346939,-3.8985213909421432
-0.03220408163265309,-0.14574067250115416,0.34351020408163263,-18.58477681801609
-0.03220408163265309,-0.14574067250115416,0.4114285714285714,-36.863714067186635
-0.03220408163265309,-0.14574067250115416,0.4793469387755102,-59.97284389703628
-0.03220408163265309,-0.14574067250115416,0.5472653061224491,-200.0
-0.03220408163265309,-0.14574067250115416,0.6151836734693878,-200.0
-0.03220408163265309,-0.14574067250115416,0.6831020408163266,-200.0
-0.03220408163265309,-0.14574067250115416,0.7510204081632652,-200.0
-0.03220408163265309,-0.14574067250115416,0.818938775510204,-200.0
-0.03220408163265309,-0.14574067250115416,0.8868571428571428,-200.0
-0.03220408163265309,-0.14574067250115416,0.9547755102040816,-200.0
-0.03220408163265309,-0.14574067250115416,1.0226938775510204,-200.0
-0.03220408163265309,-0.14574067250115416,1.0906122448979592,-200.0
-0.03220408163265309,-0.14574067250115416,1.158530612244898,-200.0
-0.03220408163265309,-0.14574067250115416,1.2264489795918367,-200.0
-0.03220408163265309,-0.14574067250115416,1.2943673469387755,-200.0
-0.03220408163265309,-0.14574067250115416,1.3622857142857143,-200.0
-0.03220408163265309,-0.14574067250115416,1.4302040816326531,-200.0
-0.03220408163265309,-0.14574067250115416,1.498122448979592,-200.0
-0.03220408163265309,-0.14574067250115416,1.5660408163265305,-200.0
-0.03220408163265309,-0.14574067250115416,1.6339591836734693,-200.0
-0.03220408163265309,-0.14574067250115416,1.701877551020408,-200.0
-0.03220408163265309,-0.14574067250115416,1.7697959183673468,-200.0
-0.03220408163265309,-0.14574067250115416,1.8377142857142856,-89.67856945049093
-0.03220408163265309,-0.14574067250115416,1.9056326530612244,-79.42737248645754
-0.03220408163265309,-0.14574067250115416,1.9735510204081632,-71.34770295338622
-0.03220408163265309,-0.14574067250115416,2.041469387755102,-64.32079745625279
-0.03220408163265309,-0.14574067250115416,2.109387755102041,-58.166611233334415
-0.03220408163265309,-0.14574067250115416,2.1773061224489796,-52.751579391682526
-0.03220408163265309,-0.14574067250115416,2.2452244897959184,-47.97964024876613
-0.03220408163265309,-0.14574067250115416,2.313142857142857,-43.76165884864596
-0.03220408163265309,-0.14574067250115416,2.381061224489796,-40.006589541184255
-0.03220408163265309,-0.14574067250115416,2.4489795918367347,-36.625809109586086
-0.03220408163265309,-0.14574067250115416,2.5168979591836735,-33.543047338566254
-0.03220408163265309,-0.14574067250115416,2.5848163265306123,-30.70259053221937
-0.03220408163265309,-0.14574067250115416,2.652734693877551,-28.069259817218153
-0.03220408163265309,-0.14574067250115416,2.72065306122449,-25.621653879840874
-0.03220408163265309,-0.14574067250115416,2.7885714285714287,-23.34502726553479
-0.03220408163265309,-0.14574067250115416,2.8564897959183675,-21.22730708351474
-0.03220408163265309,-0.14574067250115416,2.9244081632653063,-19.25756585574263
-0.03220408163265309,-0.14574067250115416,2.992326530612245,-17.42559702817905
-0.03220408163265309,-0.14574067250115416,3.060244897959184,-15.721812044739632
-0.03220408163265309,-0.14574067250115416,3.1281632653061227,-14.137219302856295
-0.03220408163265309,-0.14574067250115416,3.196081632653061,-12.663409985940387
-0.03220408163265309,-0.14574067250115416,3.2640000000000002,-11.292527497209122
-0.02583673469387754,-0.14574067250115416,-0.064,-5.474315056465683
-0.02583673469387754,-0.14574067250115416,0.003918367346938775,1.303681513778128
-0.02583673469387754,-0.14574067250115416,0.07183673469387755,6.842012268772155
-0.02583673469387754,-0.14574067250115416,0.13975510204081631,8.341041829116284
-0.02583673469387754,-0.14574067250115416,0.2076734693877551,3.6100954534115637
-0.02583673469387754,-0.14574067250115416,0.2755918367346939,-7.932369000988096
-0.02583673469387754,-0.14574067250115416,0.34351020408163263,-25.28031053163223
-0.02583673469387754,-0.14574067250115416,0.4114285714285714,-47.3518558908024
-0.02583673469387754,-0.14574067250115416,0.4793469387755102,-78.59532244602342
-0.02583673469387754,-0.14574067250115416,0.5472653061224491,-200.0
-0.02583673469387754,-0.14574067250115416,0.6151836734693878,-200.0
-0.02583673469387754,-0.14574067250115416,0.6831020408163266,-200.0
-0.02583673469387754,-0.14574067250115416,0.7510204081632652,-200.0
-0.02583673469387754,-0.14574067250115416,0.818938775510204,-200.0
-0.02583673469387754,-0.14574067250115416,0.8868571428571428,-200.0
-0.02583673469387754,-0.14574067250115416,0.9547755102040816,-200.0
-0.02583673469387754,-0.14574067250115416,1.0226938775510204,-200.0
-0.02583673469387754,-0.14574067250115416,1.0906122448979592,-200.0
-0.02583673469387754,-0.14574067250115416,1.158530612244898,-200.0
-0.02583673469387754,-0.14574067250115416,1.2264489795918367,-200.0
-0.02583673469387754,-0.14574067250115416,1.2943673469387755,-200.0
-0.02583673469387754,-0.14574067250115416,1.3622857142857143,-200.0
-0.02583673469387754,-0.14574067250115416,1.4302040816326531,-200.0
-0.02583673469387754,-0.14574067250115416,1.498122448979592,-200.0
-0.02583673469387754,-0.14574067250115416,1.5660408163265305,-200.0
-0.02583673469387754,-0.14574067250115416,1.6339591836734693,-200.0
-0.02583673469387754,-0.14574067250115416,1.701877551020408,-200.0
-0.02583673469387754,-0.14574067250115416,1.7697959183673468,-200.0
-0.02583673469387754,-0.14574067250115416,1.8377142857142856,-200.0
-0.02583673469387754,-0.14574067250115416,1.9056326530612244,-200.0
-0.02583673469387754,-0.14574067250115416,1.9735510204081632,-200.0
-0.02583673469387754,-0.14574067250115416,2.041469387755102,-84.27983169511548
-0.02583673469387754,-0.14574067250115416,2.109387755102041,-75.73235520939903
-0.02583673469387754,-0.14574067250115416,2.1773061224489796,-68.26599949096268
-0.02583673469387754,-0.14574067250115416,2.2452244897959184,-61.78372777775233
-0.02583673469387754,-0.14574067250115416,2.313142857142857,-56.10822421888085
-0.02583673469387754,-0.14574067250115416,2.381061224489796,-51.1214082884303
-0.02583673469387754,-0.14574067250115416,2.4489795918367347,-46.727367656069404
-0.02583673469387754,-0.14574067250115416,2.5168979591836735,-42.83364376535448
-0.02583673469387754,-0.14574067250115416,2.5848163265306123,-39.34963150521885
-0.02583673469387754,-0.14574067250115416,2.652734693877551,-36.19309501210718
-0.02583673469387754,-0.14574067250115416,2.72065306122449,-33.298662749949855
-0.02583673469387754,-0.14574067250115416,2.7885714285714287,-30.621600225652486
-0.02583673469387754,-0.14574067250115416,2.8564897959183675,-28.134174904396243
-0.02583673469387754,-0.14574067250115416,2.9244081632653063,-25.81862980840646
-0.02583673469387754,-0.14574067250115416,2.992326530612245,-23.661759941772182
-0.02583673469387754,-0.14574067250115416,3.060244897959184,-21.652315827462164
-0.02583673469387754,-0.14574067250115416,3.1281632653061227,-19.780005363491668
-0.02583673469387754,-0.14574067250115416,3.196081632653061,-18.03528209712619
-0.02583673469387754,-0.14574067250115416,3.2640000000000002,-16.40922812584333
-0.01946938775510204,-0.14574067250115416,-0.064,-5.4247654563032945
-0.01946938775510204,-0.14574067250115416,0.003918367346938775,1.2886325277088668
-0.01946938775510204,-0.14574067250115416,0.07183673469387755,6.694597792878977
-0.01946938775510204,-0.14574067250115416,0.13975510204081631,7.578106798253412
-0.01946938775510204,-0.14574067250115416,0.2076734693877551,1.4385232805956072
-0.01946938775510204,-0.14574067250115416,0.2755918367346939,-12.346225737841209
-0.01946938775510204,-0.14574067250115416,0.34351020408163263,-32.59721553161923
-0.01946938775510204,-0.14574067250115416,0.4114285714285714,-60.25844995094215
-0.01946938775510204,-0.14574067250115416,0.4793469387755102,-200.0
-0.01946938775510204,-0.14574067250115416,0.5472653061224491,-200.0
-0.01946938775510204,-0.14574067250115416,0.6151836734693878,-200.0
-0.01946938775510204,-0.14574067250115416,0.6831020408163266,-200.0
-0.01946938775510204,-0.14574067250115416,0.7510204081632652,-200.0
-0.01946938775510204,-0.14574067250115416,0.818938775510204,-200.0
-0.01946938775510204,-0.14574067250115416,0.8868571428571428,-200.0
-0.01946938775510204,-0.14574067250115416,0.9547755102040816,-200.0
-0.01946938775510204,-0.14574067250115416,1.0226938775510204,-200.0
-0.01946938775510204,-0.14574067250115416,1.0906122448979592,-200.0
-0.01946938775510204,-0.14574067250115416,1.158530612244898,-200.0
-0.01946938775510204,-0.14574067250115416,1.2264489795918367,-200.0
-0.01946938775510204,-0.14574067250115416,1.2943673469387755,-200.0
-0.01946938775510204,-0.14574067250115416,1.3622857142857143,-200.0
-0.01946938775510204,-0.14574067250115416,1.4302040816326531,-200.0
-0.01946938775510204,-0.14574067250115416,1.498122448979592,-200.0
-0.01946938775510204,-0.14574067250115416,1.5660408163265305,-200.0
-0.01946938775510204,-0.14574067250115416,1.6339591836734693,-200.0
-0.01946938775510204,-0.14574067250115416,1.701877551020408,-200.0
-0.01946938775510204,-0.14574067250115416,1.7697959183673468,-200.0
-0.01946938775510204,-0.14574067250115416,1.8377142857142856,-200.0
-0.01946938775510204,-0.14574067250115416,1.9056326530612244,-200.0
-0.01946938775510204,-0.14574067250115416,1.9735510204081632,-200.0
-0.01946938775510204,-0.14574067250115416,2.041469387755102,-200.0
-0.01946938775510204,-0.14574067250115416,2.109387755102041,-200.0
-0.01946938775510204,-0.14574067250115416,2.1773061224489796,-88.57677075960515
-0.01946938775510204,-0.14574067250115416,2.2452244897959184,-79.3991799832148
-0.01946938775510204,-0.14574067250115416,2.313142857142857,-71.63421596643646
-0.01946938775510204,-0.14574067250115416,2.381061224489796,-64.92474346728788
-0.01946938775510204,-0.14574067250115416,2.4489795918367347,-59.07039707524016
-0.01946938775510204,-0.14574067250115416,2.5168979591836735,-53.932957956571016
-0.01946938775510204,-0.14574067250115416,2.5848163265306123,-49.41053397353049
-0.01946938775510204,-0.14574067250115416,2.652734693877551,-45.41104649059909
-0.01946938775510204,-0.14574067250115416,2.72065306122449,-41.84521830383105
-0.01946938775510204,-0.14574067250115416,2.7885714285714287,-38.629621778658354
-0.01946938775510204,-0.14574067250115416,2.8564897959183675,-35.69367875092591
-0.01946938775510204,-0.14574067250115416,2.9244081632653063,-32.98531759630433
-0.01946938775510204,-0.14574067250115416,2.992326530612245,-30.470566148542282
-0.01946938775510204,-0.14574067250115416,3.060244897959184,-28.128083560917787
-0.01946938775510204,-0.14574067250115416,3.1281632653061227,-25.943217940760565
-0.01946938775510204,-0.14574067250115416,3.196081632653061,-23.90429962427338
-0.01946938775510204,-0.14574067250115416,3.2640000000000002,-22.001053677293193
-0.013102040816326543,-0.14574067250115416,-0.064,-5.373777311588255
-0.013102040816326543,-0.14574067250115416,0.003918367346938775,1.2726792596495007
-0.013102040816326543,-0.14574067250115416,0.07183673469387755,6.53640603869332
-0.013102040816326543,-0.14574067250115416,0.13975510204081631,6.746275558003234
-0.013102040816326543,-0.14574067250115416,0.2076734693877551,-0.9316592004057416
-0.013102040816326543,-0.14574067250115416,0.2755918367346939,-17.15209462143287
-0.013102040816326543,-0.14574067250115416,0.34351020408163263,-40.68769951372266
-0.013102040816326543,-0.14574067250115416,0.4114285714285714,-76.47721124676423
-0.013102040816326543,-0.14574067250115416,0.4793469387755102,-200.0
-0.013102040816326543,-0.14574067250115416,0.5472653061224491,-200.0
-0.013102040816326543,-0.14574067250115416,0.6151836734693878,-200.0
-0.013102040816326543,-0.14574067250115416,0.6831020408163266,-200.0
-0.013102040816326543,-0.14574067250115416,0.7510204081632652,-200.0
-0.013102040816326543,-0.14574067250115416,0.818938775510204,-200.0
-0.013102040816326543,-0.14574067250115416,0.8868571428571428,-200.0
-0.013102040816326543,-0.14574067250115416,0.9547755102040816,-200.0
-0.013102040816326543,-0.14574067250115416,1.0226938775510204,-200.0
-0.013102040816326543,-0.14574067250115416,1.0906122448979592,-200.0
-0.013102040816326543,-0.14574067250115416,1.158530612244898,-200.0
-0.013102040816326543,-0.14574067250115416,1.2264489795918367,-200.0
-0.013102040816326543,-0.14574067250115416,1.2943673469387755,-200.0
-0.013102040816326543,-0.14574067250115416,1.3622857142857143,-200.0
-0.013102040816326543,-0.14574067250115416,1.4302040816326531,-200.0
-0.013102040816326543,-0.14574067250115416,1.498122448979592,-200.0
-0.013102040816326543,-0.14574067250115416,1.5660408163265305,-200.0
-0.013102040816326543,-0.14574067250115416,1.6339591836734693,-200.0
-0.013102040816326543,-0.14574067250115416,1.701877551020408,-200.0
-0.013102040816326543,-0.14574067250115416,1.7697959183673468,-200.0
-0.013102040816326543,-0.14574067250115416,1.8377142857142856,-200.0
-0.013102040816326543,-0.14574067250115416,1.9056326530612244,-200.0
-0.013102040816326543,-0.14574067250115416,1.9735510204081632,-200.0
-0.013102040816326543,-0.14574067250115416,2.041469387755102,-200.0
-0.013102040816326543,-0.14574067250115416,2.109387755102041,-200.0
-0.013102040816326543,-0.14574067250115416,2.1773061224489796,-200.0
-0.013102040816326543,-0.14574067250115416,2.2452244897959184,-200.0
-0.013102040816326543,-0.14574067250115416,2.313142857142857,-90.77504879058638
-0.013102040816326543,-0.14574067250115416,2.381061224489796,-82.47193305234069
-0.013102040816326543,-0.14574067250115416,2.4489795918367347,-74.49498102631753
-0.013102040816326543,-0.14574067250115416,2.5168979591836735,-67.64438299744661
-0.013102040816326543,-0.14574067250115416,2.5848163265306123,-61.679067026725065
-0.013102040816326543,-0.14574067250115416,2.652734693877551,-56.4456977721633
-0.013102040816326543,-0.14574067250115416,2.72065306122449,-51.83710507822161
-0.013102040816326543,-0.14574067250115416,2.7885714285714287,-47.76250635412582
-0.013102040816326543,-0.14574067250115416,2.8564897959183675,-44.1356167387561
-0.013102040816326543,-0.14574067250115416,2.9244081632653063,-40.874677809114445
-0.013102040816326543,-0.14574067250115416,2.992326530612245,-37.90753790001482
-0.013102040816326543,-0.14574067250115416,3.060244897959184,-35.17745396119344
-0.013102040816326543,-0.14574067250115416,3.1281632653061227,-32.64512799741651
-0.013102040816326543,-0.14574067250115416,3.196081632653061,-30.28543357790287
-0.013102040816326543,-0.14574067250115416,3.2640000000000002,-28.08187148679089
-0.006734693877551046,-0.14574067250115416,-0.064,-5.321302926767086
-0.006734693877551046,-0.14574067250115416,0.003918367346938775,1.2558200549539513
-0.006734693877551046,-0.14574067250115416,0.07183673469387755,6.36697685169766
-0.006734693877551046,-0.14574067250115416,0.13975510204081631,5.842590848426134
-0.006734693877551046,-0.14574067250115416,0.2076734693877551,-3.507599294549852
-0.006734693877551046,-0.14574067250115416,0.2755918367346939,-22.361210807901763
-0.006734693877551046,-0.14574067250115416,0.34351020408163263,-50.032753514829835
-0.006734693877551046,-0.14574067250115416,0.4114285714285714,-200.0
-0.006734693877551046,-0.14574067250115416,0.4793469387755102,-200.0
-0.006734693877551046,-0.14574067250115416,0.5472653061224491,-200.0
-0.006734693877551046,-0.14574067250115416,0.6151836734693878,-200.0
-0.006734693877551046,-0.14574067250115416,0.6831020408163266,-200.0
-0.006734693877551046,-0.14574067250115416,0.7510204081632652,-200.0
-0.006734693877551046,-0.14574067250115416,0.818938775510204,-200.0
-0.006734693877551046,-0.14574067250115416,0.8868571428571428,-200.0
-0.006734693877551046,-0.14574067250115416,0.9547755102040816,-200.0
-0.006734693877551046,-0.14574067250115416,1.0226938775510204,-200.0
-0.006734693877551046,-0.14574067250115416,1.0906122448979592,-200.0
-0.006734693877551046,-0.14574067250115416,1.158530612244898,-200.0
-0.006734693877551046,-0.14574067250115416,1.2264489795918367,-200.0
-0.006734693877551046,-0.14574067250115416,1.2943673469387755,-200.0
-0.006734693877551046,-0.14574067250115416,1.3622857142857143,-200.0
-0.006734693877551046,-0.14574067250115416,1.4302040816326531,-200.0
-0.006734693877551046,-0.14574067250115416,1.498122448979592,-200.0
-0.006734693877551046,-0.14574067250115416,1.5660408163265305,-200.0
-0.006734693877551046,-0.14574067250115416,1.6339591836734693,-200.0
-0.006734693877551046,-0.14574067250115416,1.701877551020408,-200.0
-0.006734693877551046,-0.14574067250115416,1.7697959183673468,-200.0
-0.006734693877551046,-0.14574067250115416,1.8377142857142856,-200.0
-0.006734693877551046,-0.14574067250115416,1.9056326530612244,-200.0
-0.006734693877551046,-0.14574067250115416,1.9735510204081632,-200.0
-0.006734693877551046,-0.14574067250115416,2.041469387755102,-200.0
-0.006734693877551046,-0.14574067250115416,2.109387755102041,-200.0
-0.006734693877551046,-0.14574067250115416,2.1773061224489796,-200.0
-0.006734693877551046,-0.14574067250115416,2.2452244897959184,-200.0
-0.006734693877551046,-0.14574067250115416,2.313142857142857,-200.0
-0.006734693877551046,-0.14574067250115416,2.381061224489796,-200.0
-0.006734693877551046,-0.14574067250115416,2.4489795918367347,-200.0
-0.006734693877551046,-0.14574067250115416,2.5168979591836735,-84.95218647499834
-0.006734693877551046,-0.14574067250115416,2.5848163265306123,-76.91465405404932
-0.006734693877551046,-0.14574067250115416,2.652734693877551,-69.99518737557567
-0.006734693877551046,-0.14574067250115416,2.72065306122449,-63.97459361841793
-0.006734693877551046,-0.14574067250115416,2.7885714285714287,-58.690410697244374
-0.006734693877551046,-0.14574067250115416,2.8564897959183675,-54.031688094421725
-0.006734693877551046,-0.14574067250115416,2.9244081632653063,-49.90927926008722
-0.006734693877551046,-0.14574067250115416,2.992326530612245,-46.24065270404047
-0.006734693877551046,-0.14574067250115416,3.060244897959184,-42.9473328890075
-0.006734693877551046,-0.14574067250115416,3.1281632653061227,-39.95802202743782
-0.006734693877551046,-0.14574067250115416,3.196081632653061,-37.21382693072184
-0.006734693877551046,-0.14574067250115416,3.2640000000000002,-34.671501818819934
-0.0003673469387755479,-0.14574067250115416,-0.064,-5.267301908297457
-0.0003673469387755479,-0.14574067250115416,0.003918367346938775,1.2380565994329986
-0.0003673469387755479,-0.14574067250115416,0.07183673469387755,6.185849327077097
-0.0003673469387755479,-0.14574067250115416,0.13975510204081631,4.864149954149756
-0.0003673469387755479,-0.14574067250115416,0.2076734693877551,-6.2961372708337
-0.0003673469387755479,-0.14574067250115416,0.2755918367346939,-27.98425654004627
-0.0003673469387755479,-0.14574067250115416,0.34351020408163263,-61.24660185074646
-0.0003673469387755479,-0.14574067250115416,0.4114285714285714,-200.0
-0.0003673469387755479,-0.14574067250115416,0.4793469387755102,-200.0
-0.0003673469387755479,-0.14574067250115416,0.5472653061224491,-200.0
-0.0003673469387755479,-0.14574067250115416,0.6151836734693878,-200.0
-0.0003673469387755479,-0.14574067250115416,0.6831020408163266,-200.0
-0.0003673469387755479,-0.14574067250115416,0.7510204081632652,-200.0
-0.0003673469387755479,-0.14574067250115416,0.818938775510204,-200.0
-0.0003673469387755479,-0.14574067250115416,0.8868571428571428,-200.0
-0.0003673469387755479,-0.14574067250115416,0.9547755102040816,-200.0
-0.0003673469387755479,-0.14574067250115416,1.0226938775510204,-200.0
-0.0003673469387755479,-0.14574067250115416,1.0906122448979592,-200.0
-0.0003673469387755479,-0.14574067250115416,1.158530612244898,-200.0
-0.0003673469387755479,-0.14574067250115416,1.2264489795918367,-200.0
-0.0003673469387755479,-0.14574067250115416,1.2943673469387755,-200.0
-0.0003673469387755479,-0.14574067250115416,1.3622857142857143,-200.0
-0.0003673469387755479,-0.14574067250115416,1.4302040816326531,-200.0
-0.0003673469387755479,-0.14574067250115416,1.498122448979592,-200.0
-0.0003673469387755479,-0.14574067250115416,1.5660408163265305,-200.0
-0.0003673469387755479,-0.14574067250115416,1.6339591836734693,-200.0
-0.0003673469387755479,-0.14574067250115416,1.701877551020408,-200.0
-0.0003673469387755479,-0.14574067250115416,1.7697959183673468,-200.0
-0.0003673469387755479,-0.14574067250115416,1.8377142857142856,-200.0
-0.0003673469387755479,-0.14574067250115416,1.9056326530612244,-200.0
-0.0003673469387755479,-0.14574067250115416,1.9735510204081632,-200.0
-0.0003673469387755479,-0.14574067250115416,2.041469387755102,-200.0
-0.0003673469387755479,-0.14574067250115416,2.109387755102041,-200.0
-0.0003673469387755479,-0.14574067250115416,2.1773061224489796,-200.0
-0.0003673469387755479,-0.14574067250115416,2.2452244897959184,-200.0
-0.0003673469387755479,-0.14574067250115416,2.313142857142857,-200.0
-0.0003673469387755479,-0.14574067250115416,2.381061224489796,-200.0
-0.0003673469387755479,-0.14574067250115416,2.4489795918367347,-200.0
-0.0003673469387755479,-0.14574067250115416,2.5168979591836735,-200.0
-0.0003673469387755479,-0.14574067250115416,2.5848163265306123,-200.0
-0.0003673469387755479,-0.14574067250115416,2.652734693877551,-86.95965440611828
-0.0003673469387755479,-0.14574067250115416,2.72065306122449,-78.9540388733182
-0.0003673469387755479,-0.14574067250115416,2.7885714285714287,-72.02568543919698
-0.0003673469387755479,-0.14574067250115416,2.8564897959183675,-65.99473262218946
-0.0003673469387755479,-0.14574067250115416,2.9244081632653063,-60.69636635114894
-0.0003673469387755479,-0.14574067250115416,2.992326530612245,-56.01741734237278
-0.0003673469387755479,-0.14574067250115416,3.060244897959184,-51.87072831505387
-0.0003673469387755479,-0.14574067250115416,3.1281632653061227,-48.17778376082629
-0.0003673469387755479,-0.14574067250115416,3.196081632653061,-44.86411325883043
-0.0003673469387755479,-0.14574067250115416,3.2640000000000002,-41.86083694216315
0.006,-0.14574067250115416,-0.064,-5.211743072457304
0.006,-0.14574067250115416,0.003918367346938775,1.2193872741793133
0.006,-0.14574067250115416,0.07183673469387755,5.9925624068932635
0.006,-0.14574067250115416,0.13975510204081631,3.808102230825437
0.006,-0.14574067250115416,0.2076734693877551,-9.303823465900361
0.006,-0.14574067250115416,0.2755918367346939,-34.03636604145146
0.006,-0.14574067250115416,0.34351020408163263,-74.89463449052258
0.006,-0.14574067250115416,0.4114285714285714,-200.0
0.006,-0.14574067250115416,0.4793469387755102,-200.0
0.006,-0.14574067250115416,0.5472653061224491,-200.0
0.006,-0.14574067250115416,0.6151836734693878,-200.0
0.006,-0.14574067250115416,0.6831020408163266,-200.0
0.006,-0.14574067250115416,0.7510204081632652,-200.0
0.006,-0.14574067250115416,0.818938775510204,-200.0
0.006,-0.14574067250115416,0.8868571428571428,-200.0
0.006,-0.14574067250115416,0.9547755102040816,-200.0
0.006,-0.14574067250115416,1.0226938775510204,-200.0
0.006,-0.14574067250115416,1.0906122448979592,-200.0
0.006,-0.14574067250115416,1.158530612244898,-200.0
0.006,-0.14574067250115416,1.2264489795918367,-200.0
0.006,-0.14574067250115416,1.2943673469387755,-200.0
0.006,-0.14574067250115416,1.3622857142857143,-200.0
0.006,-0.14574067250115416,1.4302040816326531,-200.0
0.006,-0.14574067250115416,1.498122448979592,-200.0
0.006,-0.14574067250115416,1.5660408163265305,-200.0
0.006,-0.14574067250115416,1.6339591836734693,-200.0
0.006,-0.14574067250115416,1.701877551020408,-200.0
0.006,-0.14574067250115416,1.7697959183673468,-200.0
0.006,-0.14574067250115416,1.8377142857142856,-200.0
0.006,-0.14574067250115416,1.9056326530612244,-200.0
0.006,-0.14574067250115416,1.9735510204081632,-200.0
0.006,-0.14574067250115416,2.041469387755102,-200.0
0.006,-0.14574067250115416,2.109387755102041,-200.0
0.006,-0.14574067250115416,2.1773061224489796,-200.0
0.006,-0.14574067250115416,2.2452244897959184,-200.0
0.006,-0.14574067250115416,2.313142857142857,-200.0
0.006,-0.14574067250115416,2.381061224489796,-200.0
0.006,-0.14574067250115416,2.4489795918367347,-200.0
0.006,-0.14574067250115416,2.5168979591836735,-200.0
0.006,-0.14574067250115416,2.5848163265306123,-200.0
0.006,-0.14574067250115416,2.652734693877551,-200.0
0.006,-0.14574067250115416,2.72065306122449,-200.0
0.006,-0.14574067250115416,2.7885714285714287,-88.71027503912217
0.006,-0.14574067250115416,2.8564897959183675,-80.67701585448765
0.006,-0.14574067250115416,2.9244081632653063,-73.77907156132326
0.006,-0.14574067250115416,2.992326530612245,-67.77385180096859
0.006,-0.14574067250115416,3.060244897959184,-62.49059162204611
0.006,-0.14574067250115416,3.1281632653061227,-57.815800764712854
0.006,-0.14574067250115416,3.196081632653061,-53.66463063415821
0.006,-0.14574067250115416,3.2640000000000002,-49.96260763555594
-0.14745298892911046,-0.306,-0.064,-12.503975055496923
-0.14745298892911046,-0.306,0.003918367346938775,2.1893448859811944
-0.14745298892911046,-0.306,0.07183673469387755,12.186858464049994
-0.14745298892911046,-0.306,0.13975510204081631,10.022226931792218
-0.14745298892911046,-0.306,0.2076734693877551,-9.452795371298226
-0.14745298892911046,-0.306,0.2755918367346939,-47.68169972251357
-0.14745298892911046,-0.306,0.34351020408163263,-200.0
-0.14745298892911046,-0.306,0.4114285714285714,-200.0
-0.14745298892911046,-0.306,0.4793469387755102,-200.0
-0.14745298892911046,-0.306,0.5472653061224491,-200.0
-0.14745298892911046,-0.306,0.6151836734693878,-200.0
-0.14745298892911046,-0.306,0.6831020408163266,-200.0
-0.14745298892911046,-0.306,0.7510204081632652,-200.0
-0.14745298892911046,-0.306,0.818938775510204,-200.0
-0.14745298892911046,-0.306,0.8868571428571428,-200.0
-0.14745298892911046,-0.306,0.9547755102040816,-200.0
-0.14745298892911046,-0.306,1.0226938775510204,-200.0
-0.14745298892911046,-0.306,1.0906122448979592,-200.0
-0.14745298892911046,-0.306,1.158530612244898,-200.0
-0.14745298892911046,-0.306,1.2264489795918367,-200.0
-0.14745298892911046,-0.306,1.2943673469387755,-200.0
-0.14745298892911046,-0.306,1.3622857142857143,-200.0
-0.14745298892911046,-0.306,1.4302040816326531,-200.0
-0.14745298892911046,-0.306,1.498122448979592,-200.0
-0.14745298892911046,-0.306,1.5660408163265305,-200.0
-0.14745298892911046,-0.306,1.6339591836734693,-200.0
-0.14745298892911046,-0.306,1.701877551020408,-200.0
-0.14745298892911046,-0.306,1.7697959183673468,-200.0
-0.14745298892911046,-0.306,1.8377142857142856,-200.0
-0.14745298892911046,-0.306,1.9056326530612244,-200.0
-0.14745298892911046,-0.306,1.9735510204081632,-200.0
-0.14745298892911046,-0.306,2.041469387755102,-200.0
-0.14745298892911046,-0.306,2.109387755102041,-200.0
-0.14745298892911046,-0.306,2.1773061224489796,-200.0
-0.14745298892911046,-0.306,2.2452244897959184,-200.0
-0.14745298892911046,-0.306,2.313142857142857,-200.0
-0.14745298892911046,-0.306,2.381061224489796,-200.0
-0.14745298892911046,-0.306,2.4489795918367347,-200.0
-0.14745298892911046,-0.306,2.5168979591836735,-200.0
-0.14745298892911046,-0.306,2.5848163265306123,-200.0
-0.14745298892911046,-0.306,2.652734693877551,-200.0
-0.14745298892911046,-0.306,2.72065306122449,-200.0
-0.14745298892911046,-0.306,2.7885714285714287,-200.0
-0.14745298892911046,-0.306,2.8564897959183675,-200.0
-0.14745298892911046,-0.306,2.9244081632653063,-200.0
-0.14745298892911046,-0.306,2.992326530612245,-200.0
-0.14745298892911046,-0.306,3.060244897959184,-200.0
-0.14745298892911046,-0.306,3.1281632653061227,-200.0
-0.14745298892911046,-0.306,3.196081632653061,-84.74889749706882
-0.14745298892911046,-0.306,3.2640000000000002,-77.02198363906365
-0.14745298892911046,-0.2996326530612245,-0.064,-12.269963694635162
-0.14745298892911046,-0.2996326530612245,0.003918367346938775,2.1780600941066606
-0.14745298892911046,-0.2996326530612245,0.07183673469387755,12.200828628613872
-0.14745298892911046,-0.2996326530612245,0.13975510204081631,11.121980447418569
-0.14745298892911046,-0.2996326530612245,0.2076734693877551,-5.717520364825823
-0.14745298892911046,-0.2996326530612245,0.2755918367346939,-38.9216944743532
-0.14745298892911046,-0.2996326530612245,0.34351020408163263,-200.0
-0.14745298892911046,-0.2996326530612245,0.4114285714285714,-200.0
-0.14745298892911046,-0.2996326530612245,0.4793469387755102,-200.0
-0.14745298892911046,-0.2996326530612245,0.5472653061224491,-200.0
-0.14745298892911046,-0.2996326530612245,0.6151836734693878,-200.0
-0.14745298892911046,-0.2996326530612245,0.6831020408163266,-200.0
-0.14745298892911046,-0.2996326530612245,0.7510204081632652,-200.0
-0.14745298892911046,-0.2996326530612245,0.818938775510204,-200.0
-0.14745298892911046,-0.2996326530612245,0.8868571428571428,-200.0
-0.14745298892911046,-0.2996326530612245,0.9547755102040816,-200.0
-0.14745298892911046,-0.2996326530612245,1.0226938775510204,-200.0
-0.14745298892911046,-0.2996326530612245,1.0906122448979592,-200.0
-0.14745298892911046,-0.2996326530612245,1.158530612244898,-200.0
-0.14745298892911046,-0.2996326530612245,1.2264489795918367,-200.0
-0.14745298892911046,-0.2996326530612245,1.2943673469387755,-200.0
-0.14745298892911046,-0.2996326530612245,1.3622857142857143,-200.0
-0.14745298892911046,-0.2996326530612245,1.4302040816326531,-200.0
-0.14745298892911046,-0.2996326530612245,1.498122448979592,-200.0
-0.14745298892911046,-0.2996326530612245,1.5660408163265305,-200.0
-0.14745298892911046,-0.2996326530612245,1.6339591836734693,-200.0
-0.14745298892911046,-0.2996326530612245,1.701877551020408,-200.0
-0.14745298892911046,-0.2996326530612245,1.7697959183673468,-200.0
-0.14745298892911046,-0.2996326530612245,1.8377142857142856,-200.0
-0.14745298892911046,-0.2996326530612245,1.9056326530612244,-200.0
-0.14745298892911046,-0.2996326530612245,1.9735510204081632,-200.0
-0.14745298892911046,-0.2996326530612245,2.041469387755102,-200.0
-0.14745298892911046,-0.2996326530612245,2.109387755102041,-200.0
-0.14745298892911046,-0.2996326530612245,2.1773061224489796,-200.0
-0.14745298892911046,-0.2996326530612245,2.2452244897959184,-200.0
-0.14745298892911046,-0.2996326530612245,2.313142857142857,-200.0
-0.14745298892911046,-0.2996326530612245,2.381061224489796,-200.0
-0.14745298892911046,-0.2996326530612245,2.4489795918367347,-200.0
-0.14745298892911046,-0.2996326530612245,2.5168979591836735,-200.0
-0.14745298892911046,-0.2996326530612245,2.5848163265306123,-200.0
-0.14745298892911046,-0.2996326530612245,2.652734693877551,-200.0
-0.14745298892911046,-0.2996326530612245,2.72065306122449,-200.0
-0.14745298892911046,-0.2996326530612245,2.7885714285714287,-200.0
-0.14745298892911046,-0.2996326530612245,2.8564897959183675,-200.0
-0.14745298892911046,-0.2996326530612245,2.9244081632653063,-200.0
-0.14745298892911046,-0.2996326530612245,2.992326530612245,-92.1122322899368
-0.14745298892911046,-0.2996326530612245,3.060244897959184,-83.11811603497918
-0.14745298892911046,-0.2996326530612245,3.1281632653061227,-75.35223722069455
-0.14745298892911046,-0.2996326530612245,3.196081632653061,-68.62037985612474
-0.14745298892911046,-0.2996326530612245,3.2640000000000002,-62.70721241869589
-0.14745298892911046,-0.293265306122449,-0.064,-12.034285513330481
-0.14745298892911046,-0.293265306122449,0.003918367346938775,2.1651684286240576
-0.14745298892911046,-0.293265306122449,0.07183673469387755,12.196102692807145
-0.14745298892911046,-0.293265306122449,0.13975510204081631,12.114991858369923
-0.14745298892911046,-0.293265306122449,0.2076734693877551,-2.270606601186561
-0.14745298892911046,-0.293265306122449,0.2755918367346939,-31.34415016596362
-0.14745298892911046,-0.293265306122449,0.34351020408163263,-83.28969060197974
-0.14745298892911046,-0.293265306122449,0.4114285714285714,-200.0
-0.14745298892911046,-0.293265306122449,0.4793469387755102,-200.0
-0.14745298892911046,-0.293265306122449,0.5472653061224491,-200.0
-0.14745298892911046,-0.293265306122449,0.6151836734693878,-200.0
-0.14745298892911046,-0.293265306122449,0.6831020408163266,-200.0
-0.14745298892911046,-0.293265306122449,0.7510204081632652,-200.0
-0.14745298892911046,-0.293265306122449,0.818938775510204,-200.0
-0.14745298892911046,-0.293265306122449,0.8868571428571428,-200.0
-0.14745298892911046,-0.293265306122449,0.9547755102040816,-200.0
-0.14745298892911046,-0.293265306122449,1.0226938775510204,-200.0
-0.14745298892911046,-0.293265306122449,1.0906122448979592,-200.0
-0.14745298892911046,-0.293265306122449,1.158530612244898,-200.0
-0.14745298892911046,-0.293265306122449,1.2264489795918367,-200.0
-0.14745298892911046,-0.293265306122449,1.2943673469387755,-200.0
-0.14745298892911046,-0.293265306122449,1.3622857142857143,-200.0
-0.14745298892911046,-0.293265306122449,1.4302040816326531,-200.0
-0.14745298892911046,-0.293265306122449,1.498122448979592,-200.0
-0.14745298892911046,-0.293265306122449,1.5660408163265305,-200.0
-0.14745298892911046,-0.293265306122449,1.6339591836734693,-200.0
-0.14745298892911046,-0.293265306122449,1.701877551020408,-200.0
-0.14745298892911046,-0.293265306122449,1.7697959183673468,-200.0
-0.14745298892911046,-0.293265306122449,1.8377142857142856,-200.0
-0.14745298892911046,-0.293265306122449,1.9056326530612244,-200.0
-0.14745298892911046,-0.293265306122449,1.9735510204081632,-200.0
-0.14745298892911046,-0.293265306122449,2.041469387755102,-200.0
-0.14745298892911046,-0.293265306122449,2.109387755102041,-200.0
-0.14745298892911046,-0.293265306122449,2.1773061224489796,-200.0
-0.14745298892911046,-0.293265306122449,2.2452244897959184,-200.0
-0.14745298892911046,-0.293265306122449,2.313142857142857,-200.0
-0.14745298892911046,-0.293265306122449,2.381061224489796,-200.0
-0.14745298892911046,-0.293265306122449,2.4489795918367347,-200.0
-0.14745298892911046,-0.293265306122449,2.5168979591836735,-200.0
-0.14745298892911046,-0.293265306122449,2.5848163265306123,-200.0
-0.14745298892911046,-0.293265306122449,2.652734693877551,-200.0
-0.14745298892911046,-0.293265306122449,2.72065306122449,-200.0
-0.14745298892911046,-0.293265306122449,2.7885714285714287,-200.0
-0.14745298892911046,-0.293265306122449,2.8564897959183675,-89.7786717201906
-0.14745298892911046,-0.293265306122449,2.9244081632653063,-81.22402938728835
-0.14745298892911046,-0.293265306122449,2.992326530612245,-73.48825386854007
-0.14745298892911046,-0.293265306122449,3.060244897959184,-66.76119578840562
-0.14745298892911046,-0.293265306122449,3.1281632653061227,-60.851682719561936
-0.14745298892911046,-0.293265306122449,3.196081632653061,-55.62062039630986
-0.14745298892911046,-0.293265306122449,3.2640000000000002,-50.97069251468342
-0.14745298892911046,-0.28689795918367345,-0.064,-11.796946064006692
-0.14745298892911046,-0.28689795918367345,0.003918367346938775,2.150668864674067
-0.14745298892911046,-0.28689795918367345,0.07183673469387755,12.173257634942185
-0.14745298892911046,-0.28689795918367345,0.13975510204081631,13.004614733375913
-0.14745298892911046,-0.28689795918367345,0.2076734693877551,0.8950969040107601
-0.14745298892911046,-0.28689795918367345,0.2755918367346939,-24.53015330682851
-0.14745298892911046,-0.28689795918367345,0.34351020408163263,-65.96848493101808
-0.14745298892911046,-0.28689795918367345,0.4114285714285714,-200.0
-0.14745298892911046,-0.28689795918367345,0.4793469387755102,-200.0
-0.14745298892911046,-0.28689795918367345,0.5472653061224491,-200.0
-0.14745298892911046,-0.28689795918367345,0.6151836734693878,-200.0
-0.14745298892911046,-0.28689795918367345,0.6831020408163266,-200.0
-0.14745298892911046,-0.28689795918367345,0.7510204081632652,-200.0
-0.14745298892911046,-0.28689795918367345,0.818938775510204,-200.0
-0.14745298892911046,-0.28689795918367345,0.8868571428571428,-200.0
-0.14745298892911046,-0.28689795918367345,0.9547755102040816,-200.0
-0.14745298892911046,-0.28689795918367345,1.0226938775510204,-200.0
-0.14745298892911046,-0.28689795918367345,1.0906122448979592,-200.0
-0.14745298892911046,-0.28689795918367345,1.158530612244898,-200.0
-0.14745298892911046,-0.28689795918367345,1.2264489795918367,-200.0
-0.14745298892911046,-0.28689795918367345,1.2943673469387755,-200.0
-0.14745298892911046,-0.28689795918367345,1.3622857142857143,-200.0
-0.14745298892911046,-0.28689795918367345,1.4302040816326531,-200.0
-0.14745298892911046,-0.28689795918367345,1.498122448979592,-200.0
-0.14745298892911046,-0.28689795918367345,1.5660408163265305,-200.0
-0.14745298892911046,-0.28689795918367345,1.6339591836734693,-200.0
-0.14745298892911046,-0.28689795918367345,1.701877551020408,-200.0
-0.14745298892911046,-0.28689795918367345,1.7697959183673468,-200.0
-0.14745298892911046,-0.28689795918367345,1.8377142857142856,-200.0
-0.14745298892911046,-0.28689795918367345,1.9056326530612244,-200.0
-0.14745298892911046,-0.28689795918367345,1.9735510204081632,-200.0
-0.14745298892911046,-0.28689795918367345,2.041469387755102,-200.0
-0.14745298892911046,-0.28689795918367345,2.109387755102041,-200.0
-0.14745298892911046,-0.28689795918367345,2.1773061224489796,-200.0
-0.14745298892911046,-0.28689795918367345,2.2452244897959184,-200.0
-0.14745298892911046,-0.28689795918367345,2.313142857142857,-200.0
-0.14745298892911046,-0.28689795918367345,2.381061224489796,-200.0
-0.14745298892911046,-0.28689795918367345,2.4489795918367347,-200.0
-0.14745298892911046,-0.28689795918367345,2.5168979591836735,-200.0
-0.14745298892911046,-0.28689795918367345,2.5848163265306123,-200.0
-0.14745298892911046,-0.28689795918367345,2.652734693877551,-200.0
-0.14745298892911046,-0.28689795918367345,2.72065306122449,-88.38844089491613
-0.14745298892911046,-0.28689795918367345,2.7885714285714287,-79.12058145949251
-0.14745298892911046,-0.28689795918367345,2.8564897959183675,-71.40970874988267
-0.14745298892911046,-0.28689795918367345,2.9244081632653063,-64.71529918094241
-0.14745298892911046,-0.28689795918367345,2.992326530612245,-58.83345757148767
-0.14745298892911046,-0.28689795918367345,3.060244897959184,-53.631830204570264
-0.14745298892911046,-0.28689795918367345,3.1281632653061227,-49.01504266030193
-0.14745298892911046,-0.28689795918367345,3.196081632653061,-44.902779732995135
-0.14745298892911046,-0.28689795918367345,3.2640000000000002,-41.22002097661628
-0.14745298892911046,-0.28053061224489795,-0.064,-11.557962440814578
-0.14745298892911046,-0.28053061224489795,0.003918367346938775,2.1345609210427905
-0.14745298892911046,-0.28053061224489795,0.07183673469387755,12.13287591519268
-0.14745298892911046,-0.28053061224489795,0.13975510204081631,13.794287310911816
-0.14745298892911046,-0.28053061224489795,0.2076734693877551,3.787190177216104
-0.14745298892911046,-0.28053061224489795,0.2755918367346939,-18.27486540662569
-0.14745298892911046,-0.28053061224489795,0.34351020408163263,-52.133917787688716
-0.14745298892911046,-0.28053061224489795,0.4114285714285714,-200.0
-0.14745298892911046,-0.28053061224489795,0.4793469387755102,-200.0
-0.14745298892911046,-0.28053061224489795,0.5472653061224491,-200.0
-0.14745298892911046,-0.28053061224489795,0.6151836734693878,-200.0
-0.14745298892911046,-0.28053061224489795,0.6831020408163266,-200.0
-0.14745298892911046,-0.28053061224489795,0.7510204081632652,-200.0
-0.14745298892911046,-0.28053061224489795,0.818938775510204,-200.0
-0.14745298892911046,-0.28053061224489795,0.8868571428571428,-200.0
-0.14745298892911046,-0.28053061224489795,0.9547755102040816,-200.0
-0.14745298892911046,-0.28053061224489795,1.0226938775510204,-200.0
-0.14745298892911046,-0.28053061224489795,1.0906122448979592,-200.0
-0.14745298892911046,-0.28053061224489795,1.158530612244898,-200.0
-0.14745298892911046,-0.28053061224489795,1.2264489795918367,-200.0
-0.14745298892911046,-0.28053061224489795,1.2943673469387755,-200.0
-0.14745298892911046,-0.28053061224489795,1.3622857142857143,-200.0
-0.14745298892911046,-0.28053061224489795,1.4302040816326531,-200.0
-0.14745298892911046,-0.28053061224489795,1.498122448979592,-200.0
-0.14745298892911046,-0.28053061224489795,1.5660408163265305,-200.0
-0.14745298892911046,-0.28053061224489795,1.6339591836734693,-200.0
-0.14745298892911046,-0.28053061224489795,1.701877551020408,-200.0
-0.14745298892911046,-0.28053061224489795,1.7697959183673468,-200.0
-0.14745298892911046,-0.28053061224489795,1.8377142857142856,-200.0
-0.14745298892911046,-0.28053061224489795,1.9056326530612244,-200.0
-0.14745298892911046,-0.28053061224489795,1.9735510204081632,-200.0
-0.14745298892911046,-0.28053061224489795,2.041469387755102,-200.0
-0.14745298892911046,-0.28053061224489795,2.109387755102041,-200.0
-0.14745298892911046,-0.28053061224489795,2.1773061224489796,-200.0
-0.14745298892911046,-0.28053061224489795,2.2452244897959184,-200.0
-0.14745298892911046,-0.28053061224489795,2.313142857142857,-200.0
-0.14745298892911046,-0.28053061224489795,2.381061224489796,-200.0
-0.14745298892911046,-0.28053061224489795,2.4489795918367347,-200.0
-0.14745298892911046,-0.28053061224489795,2.5168979591836735,-200.0
-0.14745298892911046,-0.28053061224489795,2.5848163265306123,-85.56549022708982
-0.14745298892911046,-0.28053061224489795,2.652734693877551,-76.69965840072308
-0.14745298892911046,-0.28053061224489795,2.72065306122449,-69.08673400525231
-0.14745298892911046,-0.28053061224489795,2.7885714285714287,-62.45939466667828
-0.14745298892911046,-0.28053061224489795,2.8564897959183675,-56.63446716864726
-0.14745298892911046,-0.28053061224489795,2.9244081632653063,-51.48742699489563
-0.14745298892911046,-0.28053061224489795,2.992326530612245,-46.924367610373665
-0.14745298892911046,-0.28053061224489795,3.060244897959184,-42.86170805097129
-0.14745298892911046,-0.28053061224489795,3.1281632653061227,-39.22025807369165
-0.14745298892911046,-0.28053061224489795,3.196081632653061,-35.926294164952736
-0.14745298892911046,-0.28053061224489795,3.2640000000000002,-32.91593373408713
-0.14745298892911046,-0.27416326530612245,-0.064,-11.317363327643363
-0.14745298892911046,-0.27416326530612245,0.003918367346938775,2.116847212177815
-0.14745298892911046,-0.27416326530612245,0.07183673469387755,12.07553561127302
-0.14745298892911046,-0.27416326530612245,0.13975510204081631,14.487526324475379
-0.14745298892911046,-0.27416326530612245,0.2076734693877551,6.4136082045266
-0.14745298892911046,-0.27416326530612245,0.2755918367346939,-12.531786741632398
-0.14745298892911046,-0.27416326530612245,0.34351020408163263,-40.87223433284008
-0.14745298892911046,-0.27416326530612245,0.4114285714285714,-85.8408990335383
-0.14745298892911046,-0.27416326530612245,0.4793469387755102,-200.0
-0.14745298892911046,-0.27416326530612245,0.5472653061224491,-200.0
-0.14745298892911046,-0.27416326530612245,0.6151836734693878,-200.0
-0.14745298892911046,-0.27416326530612245,0.6831020408163266,-200.0
-0.14745298892911046,-0.27416326530612245,0.7510204081632652,-200.0
-0.14745298892911046,-0.27416326530612245,0.818938775510204,-200.0
-0.14745298892911046,-0.27416326530612245,0.8868571428571428,-200.0
-0.14745298892911046,-0.27416326530612245,0.9547755102040816,-200.0
-0.14745298892911046,-0.27416326530612245,1.0226938775510204,-200.0
-0.14745298892911046,-0.27416326530612245,1.0906122448979592,-200.0
-0.14745298892911046,-0.27416326530612245,1.158530612244898,-200.0
-0.14745298892911046,-0.27416326530612245,1.2264489795918367,-200.0
-0.14745298892911046,-0.27416326530612245,1.2943673469387755,-200.0
-0.14745298892911046,-0.27416326530612245,1.3622857142857143,-200.0
-0.14745298892911046,-0.27416326530612245,1.4302040816326531,-200.0
-0.14745298892911046,-0.27416326530612245,1.498122448979592,-200.0
-0.14745298892911046,-0.27416326530612245,1.5660408163265305,-200.0
-0.14745298892911046,-0.27416326530612245,1.6339591836734693,-200.0
-0.14745298892911046,-0.27416326530612245,1.701877551020408,-200.0
-0.14745298892911046,-0.27416326530612245,1.7697959183673468,-200.0
-0.14745298892911046,-0.27416326530612245,1.8377142857142856,-200.0
-0.14745298892911046,-0.27416326530612245,1.9056326530612244,-200.0
-0.14745298892911046,-0.27416326530612245,1.9735510204081632,-200.0
-0.14745298892911046,-0.27416326530612245,2.041469387755102,-200.0
-0.14745298892911046,-0.27416326530612245,2.109387755102041,-200.0
-0.14745298892911046,-0.27416326530612245,2.1773061224489796,-200.0
-0.14745298892911046,-0.27416326530612245,2.2452244897959184,-200.0
-0.14745298892911046,-0.27416326530612245,2.313142857142857,-200.0
-0.14745298892911046,-0.27416326530612245,2.381061224489796,-200.0
-0.14745298892911046,-0.27416326530612245,2.4489795918367347,-82.6404673596173
-0.14745298892911046,-0.27416326530612245,2.5168979591836735,-73.95506590126124
-0.14745298892911046,-0.27416326530612245,2.5848163265306123,-66.48533406469913
-0.14745298892911046,-0.27416326530612245,2.652734693877551,-59.968234717970404
-0.14745298892911046,-0.27416326530612245,2.72065306122449,-54.23575895637573
-0.14745298892911046,-0.27416326530612245,2.7885714285714287,-49.17310117647439
-0.14745298892911046,-0.27416326530612245,2.8564897959183675,-44.68682641095501
-0.14745298892911046,-0.27416326530612245,2.9244081632653063,-40.68979888304732
-0.14745298892911046,-0.27416326530612245,2.992326530612245,-37.09909470524667
-0.14745298892911046,-0.27416326530612245,3.060244897959184,-33.839798375984785
-0.14745298892911046,-0.27416326530612245,3.1281632653061227,-30.85049666084177
-0.14745298892911046,-0.27416326530612245,3.196081632653061,-28.08646209673152
-0.14745298892911046,-0.27416326530612245,3.2640000000000002,-25.517931014644102
-0.14745298892911046,-0.26779591836734695,-0.064,-11.07519266740681
-0.14745298892911046,-0.26779591836734695,0.003918367346938775,2.0975275846114627
-0.14745298892911046,-0.26779591836734695,0.07183673469387755,12.001814458756385
-0.14745298892911046,-0.26779591836734695,0.13975510204081631,15.087918188345942
-0.14745298892911046,-0.26779591836734695,0.2076734693877551,8.78270897088899
-0.14745298892911046,-0.26779591836734695,0.2755918367346939,-7.286076055736899
-0.14745298892911046,-0.26779591836734695,0.34351020408163263,-31.48181371909306
-0.14745298892911046,-0.26779591836734695,0.4114285714285714,-65.88059512380612
-0.14745298892911046,-0.26779591836734695,0.4793469387755102,-200.0
-0.14745298892911046,-0.26779591836734695,0.5472653061224491,-200.0
-0.14745298892911046,-0.26779591836734695,0.6151836734693878,-200.0
-0.14745298892911046,-0.26779591836734695,0.6831020408163266,-200.0
-0.14745298892911046,-0.26779591836734695,0.7510204081632652,-200.0
-0.14745298892911046,-0.26779591836734695,0.818938775510204,-200.0
-0.14745298892911046,-0.26779591836734695,0.8868571428571428,-200.0
-0.14745298892911046,-0.26779591836734695,0.9547755102040816,-200.0
-0.14745298892911046,-0.26779591836734695,1.0226938775510204,-200.0
-0.14745298892911046,-0.26779591836734695,1.0906122448979592,-200.0
-0.14745298892911046,-0.26779591836734695,1.158530612244898,-200.0
-0.14745298892911046,-0.26779591836734695,1.2264489795918367,-200.0
-0.14745298892911046,-0.26779591836734695,1.2943673469387755,-200.0
-0.14745298892911046,-0.26779591836734695,1.3622857142857143,-200.0
-0.14745298892911046,-0.26779591836734695,1.4302040816326531,-200.0
-0.14745298892911046,-0.26779591836734695,1.498122448979592,-200.0
-0.14745298892911046,-0.26779591836734695,1.5660408163265305,-200.0
-0.14745298892911046,-0.26779591836734695,1.6339591836734693,-200.0
-0.14745298892911046,-0.26779591836734695,1.701877551020408,-200.0
-0.14745298892911046,-0.26779591836734695,1.7697959183673468,-200.0
-0.14745298892911046,-0.26779591836734695,1.8377142857142856,-200.0
-0.14745298892911046,-0.26779591836734695,1.9056326530612244,-200.0
-0.14745298892911046,-0.26779591836734695,1.9735510204081632,-200.0
-0.14745298892911046,-0.26779591836734695,2.041469387755102,-200.0
-0.14745298892911046,-0.26779591836734695,2.109387755102041,-200.0
-0.14745298892911046,-0.26779591836734695,2.1773061224489796,-200.0
-0.14745298892911046,-0.26779591836734695,2.2452244897959184,-89.11500143774272
-0.14745298892911046,-0.26779591836734695,2.313142857142857,-79.20151234945473
-0.14745298892911046,-0.26779591836734695,2.381061224489796,-70.83230204220413
-0.14745298892911046,-0.26779591836734695,2.4489795918367347,-63.5716889558837
-0.14745298892911046,-0.26779591836734695,2.5168979591836735,-57.215142196482205
-0.14745298892911046,-0.26779591836734695,2.5848163265306123,-51.61779577888187
-0.14745298892911046,-0.26779591836734695,2.652734693877551,-46.67385582960695
-0.14745298892911046,-0.26779591836734695,2.72065306122449,-42.289325987021215
-0.14745298892911046,-0.26779591836734695,2.7885714285714287,-38.3737464619022
-0.14745298892911046,-0.26779591836734695,2.8564897959183675,-34.842258714497234
-0.14745298892911046,-0.26779591836734695,2.9244081632653063,-31.62186628610376
-0.14745298892911046,-0.26779591836734695,2.992326530612245,-28.657175055830074
-0.14745298892911046,-0.26779591836734695,3.060244897959184,-25.910682094629124
-0.14745298892911046,-0.26779591836734695,3.1281632653061227,-23.35812404744912
-0.14745298892911046,-0.26779591836734695,3.196081632653061,-20.9826349712804
-0.14745298892911046,-0.26779591836734695,3.2640000000000002,-18.77083143425296
-0.14745298892911046,-0.26142857142857145,-0.064,-10.831505082330438
-0.14745298892911046,-0.26142857142857145,0.003918367346938775,2.076602406386879
-0.14745298892911046,-0.26142857142857145,0.07183673469387755,11.912291732152916
-0.14745298892911046,-0.26142857142857145,0.13975510204081631,15.59912542935816
-0.14745298892911046,-0.26142857142857145,0.2076734693877551,10.903234804226287
-0.14745298892911046,-0.26142857142857145,0.2755918367346939,-2.524055308424078
-0.14745298892911046,-0.26142857142857145,0.34351020408163263,-23.234267059800022
-0.14745298892911046,-0.26142857142857145,0.4114285714285714,-50.288323436503504
-0.14745298892911046,-0.26142857142857145,0.4793469387755102,-89.06417052294303
-0.14745298892911046,-0.26142857142857145,0.5472653061224491,-200.0
-0.14745298892911046,-0.26142857142857145,0.6151836734693878,-200.0
-0.14745298892911046,-0.26142857142857145,0.6831020408163266,-200.0
-0.14745298892911046,-0.26142857142857145,0.7510204081632652,-200.0
-0.14745298892911046,-0.26142857142857145,0.818938775510204,-200.0
-0.14745298892911046,-0.26142857142857145,0.8868571428571428,-200.0
-0.14745298892911046,-0.26142857142857145,0.9547755102040816,-200.0
-0.14745298892911046,-0.26142857142857145,1.0226938775510204,-200.0
-0.14745298892911046,-0.26142857142857145,1.0906122448979592,-200.0
-0.14745298892911046,-0.26142857142857145,1.158530612244898,-200.0
-0.14745298892911046,-0.26142857142857145,1.2264489795918367,-200.0
-0.14745298892911046,-0.26142857142857145,1.2943673469387755,-200.0
-0.14745298892911046,-0.26142857142857145,1.3622857142857143,-200.0
-0.14745298892911046,-0.26142857142857145,1.4302040816326531,-200.0
-0.14745298892911046,-0.26142857142857145,1.498122448979592,-200.0
-0.14745298892911046,-0.26142857142857145,1.5660408163265305,-200.0
-0.14745298892911046,-0.26142857142857145,1.6339591836734693,-200.0
-0.14745298892911046,-0.26142857142857145,1.701877551020408,-200.0
-0.14745298892911046,-0.26142857142857145,1.7697959183673468,-200.0
-0.14745298892911046,-0.26142857142857145,1.8377142857142856,-200.0
-0.14745298892911046,-0.26142857142857145,1.9056326530612244,-200.0
-0.14745298892911046,-0.26142857142857145,1.9735510204081632,-200.0
-0.14745298892911046,-0.26142857142857145,2.041469387755102,-200.0
-0.14745298892911046,-0.26142857142857145,2.109387755102041,-84.54203511647893
-0.14745298892911046,-0.26142857142857145,2.1773061224489796,-75.2878521783806
-0.14745298892911046,-0.26142857142857145,2.2452244897959184,-67.28810807474183
-0.14745298892911046,-0.26142857142857145,2.313142857142857,-60.30863828804068
-0.14745298892911046,-0.26142857142857145,2.381061224489796,-54.173015784159745
-0.14745298892911046,-0.26142857142857145,2.4489795918367347,-48.76101573038818
-0.14745298892911046,-0.26142857142857145,2.5168979591836735,-43.973794748025185
-0.14745298892911046,-0.26142857142857145,2.5848163265306123,-39.71642320880529
-0.14745298892911046,-0.26142857142857145,2.652734693877551,-35.89675857958499
-0.14745298892911046,-0.26142857142857145,2.72065306122449,-32.43168980979976
-0.14745298892911046,-0.26142857142857145,2.7885714285714287,-29.255005930197484
-0.14745298892911046,-0.26142857142857145,2.8564897959183675,-26.320733779903435
-0.14745298892911046,-0.26142857142857145,2.9244081632653063,-23.599509263273777
-0.14745298892911046,-0.26142857142857145,2.992326530612245,-21.071745538130884
-0.14745298892911046,-0.26142857142857145,3.060244897959184,-18.72250173530812
-0.14745298892911046,-0.26142857142857145,3.1281632653061227,-16.538919950198174
-0.14745298892911046,-0.26142857142857145,3.196081632653061,-14.509269178617469
-0.14745298892911046,-0.26142857142857145,3.2640000000000002,-12.622671432326797
-0.14745298892911046,-0.2550612244897959,-0.064,-10.586366634303731
-0.14745298892911046,-0.2550612244897959,0.003918367346938775,2.054073637017872
-0.14745298892911046,-0.2550612244897959,0.07183673469387755,11.80754255562036
-0.14745298892911046,-0.2550612244897959,0.13975510204081631,16.0248733144627
-0.14745298892911046,-0.2550612244897959,0.2076734693877551,12.784335944510108
-0.14745298892911046,-0.2550612244897959,0.2755918367346939,1.7689193390483346
-0.14745298892911046,-0.2550612244897959,0.34351020408163263,-15.779366545518368
-0.14745298892911046,-0.2550612244897959,0.4114285714285714,-37.90603072031307
-0.14745298892911046,-0.2550612244897959,0.4793469387755102,-66.39962356232559
-0.14745298892911046,-0.2550612244897959,0.5472653061224491,-200.0
-0.14745298892911046,-0.2550612244897959,0.6151836734693878,-200.0
-0.14745298892911046,-0.2550612244897959,0.6831020408163266,-200.0
-0.14745298892911046,-0.2550612244897959,0.7510204081632652,-200.0
-0.14745298892911046,-0.2550612244897959,0.818938775510204,-200.0
-0.14745298892911046,-0.2550612244897959,0.8868571428571428,-200.0
-0.14745298892911046,-0.2550612244897959,0.9547755102040816,-200.0
-0.14745298892911046,-0.2550612244897959,1.0226938775510204,-200.0
-0.14745298892911046,-0.2550612244897959,1.0906122448979592,-200.0
-0.14745298892911046,-0.2550612244897959,1.158530612244898,-200.0
-0.14745298892911046,-0.2550612244897959,1.2264489795918367,-200.0
-0.14745298892911046,-0.2550612244897959,1.2943673469387755,-200.0
-0.14745298892911046,-0.2550612244897959,1.3622857142857143,-200.0
-0.14745298892911046,-0.2550612244897959,1.4302040816326531,-200.0
-0.14745298892911046,-0.2550612244897959,1.498122448979592,-200.0
-0.14745298892911046,-0.2550612244897959,1.5660408163265305,-200.0
-0.14745298892911046,-0.2550612244897959,1.6339591836734693,-200.0
-0.14745298892911046,-0.2550612244897959,1.701877551020408,-200.0
-0.14745298892911046,-0.2550612244897959,1.7697959183673468,-200.0
-0.14745298892911046,-0.2550612244897959,1.8377142857142856,-200.0
-0.14745298892911046,-0.2550612244897959,1.9056326530612244,-89.61262968089378
-0.14745298892911046,-0.2550612244897959,1.9735510204081632,-79.39538512241208
-0.14745298892911046,-0.2550612244897959,2.041469387755102,-70.78844685135692
-0.14745298892911046,-0.2550612244897959,2.109387755102041,-63.273401232672455
-0.14745298892911046,-0.2550612244897959,2.1773061224489796,-56.65907202427147
-0.14745298892911046,-0.2550612244897959,2.2452244897959184,-50.81611102606811
-0.14745298892911046,-0.2550612244897959,2.313142857142857,-45.645943095432536
-0.14745298892911046,-0.2550612244897959,2.381061224489796,-41.054832545158845
-0.14745298892911046,-0.2550612244897959,2.4489795918367347,-36.948297535168294
-0.14745298892911046,-0.2550612244897959,2.5168979591836735,-33.23670227526439
-0.14745298892911046,-0.2550612244897959,2.5848163265306123,-29.845007936968646
-0.14745298892911046,-0.2550612244897959,2.652734693877551,-26.71930656848043
-0.14745298892911046,-0.2550612244897959,2.72065306122449,-23.82516145755463
-0.14745298892911046,-0.2550612244897959,2.7885714285714287,-21.140452115305163
-0.14745298892911046,-0.2550612244897959,2.8564897959183675,-18.64897595890326
-0.14745298892911046,-0.2550612244897959,2.9244081632653063,-16.33691595950263
-0.14745298892911046,-0.2550612244897959,2.992326530612245,-14.191682863626841
-0.14745298892911046,-0.2550612244897959,3.060244897959184,-12.201530014261653
-0.14745298892911046,-0.2550612244897959,3.1281632653061227,-10.355470683785828
-0.14745298892911046,-0.2550612244897959,3.196081632653061,-8.643228635071203
-0.14745298892911046,-0.2550612244897959,3.2640000000000002,-7.055234430174519
-0.14745298892911046,-0.2486938775510204,-0.064,-10.339855188387666
-0.14745298892911046,-0.2486938775510204,0.003918367346938775,2.0299410670174423
-0.14745298892911046,-0.2486938775510204,0.07183673469387755,11.68814152421459
-0.14745298892911046,-0.2486938775510204,0.13975510204081631,16.368949623019898
-0.14745298892911046,-0.2486938775510204,0.2076734693877551,14.435554782515137
-0.14745298892911046,-0.2486938775510204,0.2755918367346939,5.608540361044074
-0.14745298892911046,-0.2486938775510204,0.34351020408163263,-9.05179115027186
-0.14745298892911046,-0.2486938775510204,0.4114285714285714,-27.644769423008597
-0.14745298892911046,-0.2486938775510204,0.4793469387755102,-49.296265464056944
-0.14745298892911046,-0.2486938775510204,0.5472653061224491,-75.62760054175823
-0.14745298892911046,-0.2486938775510204,0.6151836734693878,-200.0
-0.14745298892911046,-0.2486938775510204,0.6831020408163266,-200.0
-0.14745298892911046,-0.2486938775510204,0.7510204081632652,-200.0
-0.14745298892911046,-0.2486938775510204,0.818938775510204,-200.0
-0.14745298892911046,-0.2486938775510204,0.8868571428571428,-200.0
-0.14745298892911046,-0.2486938775510204,0.9547755102040816,-200.0
-0.14745298892911046,-0.2486938775510204,1.0226938775510204,-200.0
-0.14745298892911046,-0.2486938775510204,1.0906122448979592,-200.0
-0.14745298892911046,-0.2486938775510204,1.158530612244898,-200.0
-0.14745298892911046,-0.2486938775510204,1.2264489795918367,-200.0
-0.14745298892911046,-0.2486938775510204,1.2943673469387755,-200.0
-0.14745298892911046,-0.2486938775510204,1.3622857142857143,-200.0
-0.14745298892911046,-0.2486938775510204,1.4302040816326531,-200.0
-0.14745298892911046,-0.2486938775510204,1.498122448979592,-200.0
-0.14745298892911046,-0.2486938775510204,1.5660408163265305,-200.0
-0.14745298892911046,-0.2486938775510204,1.6339591836734693,-200.0
-0.14745298892911046,-0.2486938775510204,1.701877551020408,-92.06157974776063
-0.14745298892911046,-0.2486938775510204,1.7697959183673468,-82.24815085297145
-0.14745298892911046,-0.2486938775510204,1.8377142857142856,-73.45387046646658
-0.14745298892911046,-0.2486938775510204,1.9056326530612244,-65.65704399733512
-0.14745298892911046,-0.2486938775510204,1.9735510204081632,-58.74027136538734
-0.14745298892911046,-0.2486938775510204,2.041469387755102,-52.590036279654996
-0.14745298892911046,-0.2486938775510204,2.109387755102041,-47.121204758545474
-0.14745298892911046,-0.2486938775510204,2.1773061224489796,-42.25176374693531
-0.14745298892911046,-0.2486938775510204,2.2452244897959184,-37.89358463088186
-0.14745298892911046,-0.2486938775510204,2.313142857142857,-33.95747454558075
-0.14745298892911046,-0.2486938775510204,2.381061224489796,-30.364494787420902
-0.14745298892911046,-0.2486938775510204,2.4489795918367347,-27.055796335975035
-0.14745298892911046,-0.2486938775510204,2.5168979591836735,-23.99360201062555
-0.14745298892911046,-0.2486938775510204,2.5848163265306123,-21.15436994305496
-0.14745298892911046,-0.2486938775510204,2.652734693877551,-18.521346801163826
-0.14745298892911046,-0.2486938775510204,2.72065306122449,-16.080413585903358
-0.14745298892911046,-0.2486938775510204,2.7885714285714287,-13.818530898009001
-0.14745298892911046,-0.2486938775510204,2.8564897959183675,-11.723451274921011
-0.14745298892911046,-0.2486938775510204,2.9244081632653063,-9.783512893402964
-0.14745298892911046,-0.2486938775510204,2.992326530612245,-7.987761347834436
-0.14745298892911046,-0.2486938775510204,3.060244897959184,-6.325912906618491
-0.14745298892911046,-0.2486938775510204,3.1281632653061227,-4.788317822595658
-0.14745298892911046,-0.2486938775510204,3.196081632653061,-3.365998370919449
-0.14745298892911046,-0.2486938775510204,3.2640000000000002,-2.0505629975224373
-0.14745298892911046,-0.2423265306122449,-0.064,-10.09206422266803
-0.14745298892911046,-0.2423265306122449,0.003918367346938775,2.004205477958421
-0.14745298892911046,-0.2423265306122449,0.07183673469387755,11.554661490768991
-0.14745298892911046,-0.2423265306122449,0.13975510204081631,16.635190392837842
-0.14745298892911046,-0.2423265306122449,0.2076734693877551,15.866804710362128
-0.14745298892911046,-0.2423265306122449,0.2755918367346939,9.01157671882946
-0.14745298892911046,-0.2423265306122449,0.34351020408163263,-3.0275596077041804
-0.14745298892911046,-0.2423265306122449,0.4114285714285714,-18.60524179844789
-0.14745298892911046,-0.2423265306122449,0.4793469387755102,-35.972158308297864
-0.14745298892911046,-0.2423265306122449,0.5472653061224491,-55.15315616332022
-0.14745298892911046,-0.2423265306122449,0.6151836734693878,-76.08157247639977
-0.14745298892911046,-0.2423265306122449,0.6831020408163266,-200.0
-0.14745298892911046,-0.2423265306122449,0.7510204081632652,-200.0
-0.14745298892911046,-0.2423265306122449,0.818938775510204,-200.0
-0.14745298892911046,-0.2423265306122449,0.8868571428571428,-200.0
-0.14745298892911046,-0.2423265306122449,0.9547755102040816,-200.0
-0.14745298892911046,-0.2423265306122449,1.0226938775510204,-200.0
-0.14745298892911046,-0.2423265306122449,1.0906122448979592,-200.0
-0.14745298892911046,-0.2423265306122449,1.158530612244898,-200.0
-0.14745298892911046,-0.2423265306122449,1.2264489795918367,-200.0
-0.14745298892911046,-0.2423265306122449,1.2943673469387755,-200.0
-0.14745298892911046,-0.2423265306122449,1.3622857142857143,-200.0
-0.14745298892911046,-0.2423265306122449,1.4302040816326531,-200.0
-0.14745298892911046,-0.2423265306122449,1.498122448979592,-91.41547981630885
-0.14745298892911046,-0.2423265306122449,1.5660408163265305,-82.56961231350553
-0.14745298892911046,-0.2423265306122449,1.6339591836734693,-74.24000876488967
-0.14745298892911046,-0.2423265306122449,1.701877551020408,-66.68743313096086
-0.14745298892911046,-0.2423265306122449,1.7697959183673468,-59.84126093647362
-0.14745298892911046,-0.2423265306122449,1.8377142857142856,-53.6518082502798
-0.14745298892911046,-0.2423265306122449,1.9056326530612244,-48.07711659473058
-0.14745298892911046,-0.2423265306122449,1.9735510204081632,-43.066111314329504
-0.14745298892911046,-0.2423265306122449,2.041469387755102,-38.551191845801185
-0.14745298892911046,-0.2423265306122449,2.109387755102041,-34.45536273455676
-0.14745298892911046,-0.2423265306122449,2.1773061224489796,-30.70530619179518
-0.14745298892911046,-0.2423265306122449,2.2452244897959184,-27.244189517321512
-0.14745298892911046,-0.2423265306122449,2.313142857142857,-24.03542062838238
-0.14745298892911046,-0.2423265306122449,2.381061224489796,-21.056836877154673
-0.14745298892911046,-0.2423265306122449,2.4489795918367347,-18.29298457293329
-0.14745298892911046,-0.2423265306122449,2.5168979591836735,-15.73067836095699
-0.14745298892911046,-0.2423265306122449,2.5848163265306123,-13.35739075722551
-0.14745298892911046,-0.2423265306122449,2.652734693877551,-11.160959197508483
-0.14745298892911046,-0.2423265306122449,2.72065306122449,-9.129612704465611
-0.14745298892911046,-0.2423265306122449,2.7885714285714287,-7.2521107843301245
-0.14745298892911046,-0.2423265306122449,2.8564897959183675,-5.517705471498985
-0.14745298892911046,-0.2423265306122449,2.9244081632653063,-3.9162493870657187
-0.14745298892911046,-0.2423265306122449,2.992326530612245,-2.4381831672813767
-0.14745298892911046,-0.2423265306122449,3.060244897959184,-1.0745507418705387
-0.14745298892911046,-0.2423265306122449,3.1281632653061227,0.18302945558127348
-0.14745298892911046,-0.2423265306122449,3.196081632653061,1.3423642396890862
-0.14745298892911046,-0.2423265306122449,3.2640000000000002,2.4107183741064198
-0.14745298892911046,-0.23595918367346938,-0.064,-9.843095094046463
-0.14745298892911046,-0.23595918367346938,0.003918367346938775,1.97686915551767
-0.14745298892911046,-0.23595918367346938,0.07183673469387755,11.407668743667903
-0.14745298892911046,-0.23595918367346938,0.13975510204081631,16.827482376777343
-0.14745298892911046,-0.23595918367346938,0.2076734693877551,17.088382833637368
-0.14745298892911046,-0.23595918367346938,0.2755918367346939,11.995882049559807
-0.14745298892911046,-0.23595918367346938,0.34351020408163263,2.317892439935804
-0.14745298892911046,-0.23595918367346938,0.4114285714285714,-10.537839539807784
-0.14745298892911046,-0.23595918367346938,0.4793469387755102,-24.94343789853198
-0.14745298892911046,-0.23595918367346938,0.5472653061224491,-39.65635750671842
-0.14745298892911046,-0.23595918367346938,0.6151836734693878,-54.60377020006716
-0.14745298892911046,-0.23595918367346938,0.6831020408163266,-69.0854970596884
-0.14745298892911046,-0.23595918367346938,0.7510204081632652,-81.95889191308629
-0.14745298892911046,-0.23595918367346938,0.818938775510204,-92.745929273224
-0.14745298892911046,-0.23595918367346938,0.8868571428571428,-200.0
-0.14745298892911046,-0.23595918367346938,0.9547755102040816,-200.0
-0.14745298892911046,-0.23595918367346938,1.0226938775510204,-200.0
-0.14745298892911046,-0.23595918367346938,1.0906122448979592,-200.0
-0.14745298892911046,-0.23595918367346938,1.158530612244898,-200.0
-0.14745298892911046,-0.23595918367346938,1.2264489795918367,-90.79023318116288
-0.14745298892911046,-0.23595918367346938,1.2943673469387755,-84.94288061048947
-0.14745298892911046,-0.23595918367346938,1.3622857142857143,-78.27024477835332
-0.14745298892911046,-0.23595918367346938,1.4302040816326531,-71.63025945896754
-0.14745298892911046,-0.23595918367346938,1.498122448979592,-65.18887711691916
-0.14745298892911046,-0.23595918367346938,1.5660408163265305,-59.05891961681883
-0.14745298892911046,-0.23595918367346938,1.6339591836734693,-53.31293309623341
-0.14745298892911046,-0.23595918367346938,1.701877551020408,-47.991757585232875
-0.14745298892911046,-0.23595918367346938,1.7697959183673468,-43.10231123076177
-0.14745298892911046,-0.23595918367346938,1.8377142857142856,-38.61993520263843
-0.14745298892911046,-0.23595918367346938,1.9056326530612244,-34.49878379257546
-0.14745298892911046,-0.23595918367346938,1.9735510204081632,-30.68679783190276
-0.14745298892911046,-0.23595918367346938,2.041469387755102,-27.14154515759312
-0.14745298892911046,-0.23595918367346938,2.109387755102041,-23.83634213727614
-0.14745298892911046,-0.23595918367346938,2.1773061224489796,-20.755853035648688
-0.14745298892911046,-0.23595918367346938,2.2452244897959184,-17.889376127166567
-0.14745298892911046,-0.23595918367346938,2.313142857142857,-15.226975690409088
-0.14745298892911046,-0.23595918367346938,2.381061224489796,-12.758352828130516
-0.14745298892911046,-0.23595918367346938,2.4489795918367347,-10.47278403504798
-0.14745298892911046,-0.23595918367346938,2.5168979591836735,-8.359389197584814
-0.14745298892911046,-0.23595918367346938,2.5848163265306123,-6.407354587536258
-0.14745298892911046,-0.23595918367346938,2.652734693877551,-4.606065823194584
-0.14745298892911046,-0.23595918367346938,2.72065306122449,-2.9453337598684612
-0.14745298892911046,-0.23595918367346938,2.7885714285714287,-1.4153433585832822
-0.14745298892911046,-0.23595918367346938,2.8564897959183675,-0.006793123836661863
-0.14745298892911046,-0.23595918367346938,2.9244081632653063,1.2890962498792433
-0.14745298892911046,-0.23595918367346938,2.992326530612245,2.4805856613944535
-0.14745298892911046,-0.23595918367346938,3.060244897959184,3.5754016799364656
-0.14745298892911046,-0.23595918367346938,3.1281632653061227,4.580758174890708
-0.14745298892911046,-0.23595918367346938,3.196081632653061,5.503374827527718
-0.14745298892911046,-0.23595918367346938,3.2640000000000002,6.349490371157007
-0.14745298892911046,-0.22959183673469388,-0.064,-9.593063098180508
-0.14745298892911046,-0.22959183673469388,0.003918367346938775,1.947930000462425
-0.14745298892911046,-0.22959183673469388,0.07183673469387755,11.247730225379524
-0.14745298892911046,-0.22959183673469388,0.13975510204081631,16.949753677464674
-0.14745298892911046,-0.22959183673469388,0.2076734693877551,18.11092520786429
-0.14745298892911046,-0.22959183673469388,0.2755918367346939,14.580387266170497
-0.14745298892911046,-0.22959183673469388,0.34351020408163263,7.011285278756631
-0.14745298892911046,-0.22959183673469388,0.4114285714285714,-3.398770184774893
-0.14745298892911046,-0.22959183673469388,0.4793469387755102,-15.253746084692295
-0.14745298892911046,-0.22959183673469388,0.5472653061224491,-27.25671261827938
-0.14745298892911046,-0.22959183673469388,0.6151836734693878,-38.543693252920164
-0.14745298892911046,-0.22959183673469388,0.6831020408163266,-48.841581292744095
-0.14745298892911046,-0.22959183673469388,0.7510204081632652,-57.704818327211825
-0.14745298892911046,-0.22959183673469388,0.818938775510204,-64.57882651224264
-0.14745298892911046,-0.22959183673469388,0.8868571428571428,-69.17197072475379
-0.14745298892911046,-0.22959183673469388,0.9547755102040816,-71.48343072965498
-0.14745298892911046,-0.22959183673469388,1.0226938775510204,-71.73265425613548
-0.14745298892911046,-0.22959183673469388,1.0906122448979592,-70.27667180252776
-0.14745298892911046,-0.22959183673469388,1.158530612244898,-67.52573978349292
-0.14745298892911046,-0.22959183673469388,1.2264489795918367,-63.87414430715677
-0.14745298892911046,-0.22959183673469388,1.2943673469387755,-59.66253741286009
-0.14745298892911046,-0.22959183673469388,1.3622857142857143,-55.165656010868204
-0.14745298892911046,-0.22959183673469388,1.4302040816326531,-50.59310151274323
-0.14745298892911046,-0.22959183673469388,1.498122448979592,-46.09297503514581
-0.14745298892911046,-0.22959183673469388,1.5660408163265305,-41.7570150369862
-0.14745298892911046,-0.22959183673469388,1.6339591836734693,-37.62904854785785
-0.14745298892911046,-0.22959183673469388,1.701877551020408,-33.71823970027059
-0.14745298892911046,-0.22959183673469388,1.7697959183673468,-30.016690798967275
-0.14745298892911046,-0.22959183673469388,1.8377142857142856,-26.515570573072978
-0.14745298892911046,-0.22959183673469388,1.9056326530612244,-23.211313170149655
-0.14745298892911046,-0.22959183673469388,1.9735510204081632,-20.10364247354893
-0.14745298892911046,-0.22959183673469388,2.041469387755102,-17.19216139832872
-0.14745298892911046,-0.22959183673469388,2.109387755102041,-14.474188606609196
-0.14745298892911046,-0.22959183673469388,2.1773061224489796,-11.944658345450225
-0.14745298892911046,-0.22959183673469388,2.2452244897959184,-9.596653720678582
-0.14745298892911046,-0.22959183673469388,2.313142857142857,-7.421999445850741
-0.14745298892911046,-0.22959183673469388,2.381061224489796,-5.411737460307318
-0.14745298892911046,-0.22959183673469388,2.4489795918367347,-3.556515129640843
-0.14745298892911046,-0.22959183673469388,2.5168979591836735,-1.8468623969285218
-0.14745298892911046,-0.22959183673469388,2.5848163265306123,-0.27336832298893654
-0.14745298892911046,-0.22959183673469388,2.652734693877551,1.1730759967946618
-0.14745298892911046,-0.22959183673469388,2.72065306122449,2.501316993542197
-0.14745298892911046,-0.22959183673469388,2.7885714285714287,3.7197783575764483
-0.14745298892911046,-0.22959183673469388,2.8564897959183675,4.8364496127896
-0.14745298892911046,-0.22959183673469388,2.9244081632653063,5.8588526674464525
-0.14745298892911046,-0.22959183673469388,2.992326530612245,6.794051056355315
-0.14745298892911046,-0.22959183673469388,3.060244897959184,7.648645018080078
-0.14745298892911046,-0.22959183673469388,3.1281632653061227,8.428781256006555
-0.14745298892911046,-0.22959183673469388,3.196081632653061,9.14018096350857
-0.14745298892911046,-0.22959183673469388,3.2640000000000002,9.788141168005641
-0.14745298892911046,-0.22322448979591836,-0.064,-9.342094947305682
-0.14745298892911046,-0.22322448979591836,0.003918367346938775,1.9173919301777673
-0.14745298892911046,-0.22322448979591836,0.07183673469387755,11.07540634843344
-0.14745298892911046,-0.22322448979591836,0.13975510204081631,17.005955917005352
-0.14745298892911046,-0.22322448979591836,0.2076734693877551,18.94540166509457
-0.14745298892911046,-0.22322448979591836,0.2755918367346939,16.785102496096474
-0.14745298892911046,-0.22322448979591836,0.34351020408163263,11.081538363303114
-0.14745298892911046,-0.22322448979591836,0.4114285714285714,2.8483842653465565
-0.14745298892911046,-0.22322448979591836,0.4793469387755102,-6.7276656266696335
-0.14745298892911046,-0.22322448979591836,0.5472653061224491,-16.531901130256916
-0.14745298892911046,-0.22322448979591836,0.6151836734693878,-25.677244475169317
-0.14745298892911046,-0.22322448979591836,0.6831020408163266,-33.590215547133006
-0.14745298892911046,-0.22322448979591836,0.7510204081632652,-40.02128635973975
-0.14745298892911046,-0.22322448979591836,0.818938775510204,-44.85673710841145
-0.14745298892911046,-0.22322448979591836,0.8868571428571428,-48.038780877518946
-0.14745298892911046,-0.22322448979591836,0.9547755102040816,-49.62463683554776
-0.14745298892911046,-0.22322448979591836,1.0226938775510204,-49.790101586269756
-0.14745298892911046,-0.22322448979591836,1.0906122448979592,-48.78499153057021
-0.14745298892911046,-0.22322448979591836,1.158530612244898,-46.883170813978424
-0.14745298892911046,-0.22322448979591836,1.2264489795918367,-44.34441602122065
-0.14745298892911046,-0.22322448979591836,1.2943673469387755,-41.390966057521126
-0.14745298892911046,-0.22322448979591836,1.3622857142857143,-38.196767425535974
-0.14745298892911046,-0.22322448979591836,1.4302040816326531,-34.88734312587519
-0.14745298892911046,-0.22322448979591836,1.498122448979592,-31.548223664468257
-0.14745298892911046,-0.22322448979591836,1.5660408163265305,-28.237965815655333
-0.14745298892911046,-0.22322448979591836,1.6339591836734693,-24.999803781179878
-0.14745298892911046,-0.22322448979591836,1.701877551020408,-21.86748708744333
-0.14745298892911046,-0.22322448979591836,1.7697959183673468,-18.866790303891932
-0.14745298892911046,-0.22322448979591836,1.8377142857142856,-16.01562667887256
-0.14745298892911046,-0.22322448979591836,1.9056326530612244,-13.324459216889771
-0.14745298892911046,-0.22322448979591836,1.9735510204081632,-10.798438222442588
-0.14745298892911046,-0.22322448979591836,2.041469387755102,-8.438395047114533
-0.14745298892911046,-0.22322448979591836,2.109387755102041,-6.241983418950944
-0.14745298892911046,-0.22322448979591836,2.1773061224489796,-4.204577151744608
-0.14745298892911046,-0.22322448979591836,2.2452244897959184,-2.3199935813714347
-0.14745298892911046,-0.22322448979591836,2.313142857142857,-0.5810191069524144
-0.14745298892911046,-0.22322448979591836,2.381061224489796,1.0201580206554048
-0.14745298892911046,-0.22322448979591836,2.4489795918367347,2.4916459241745628
-0.14745298892911046,-0.22322448979591836,2.5168979591836735,3.8416354540588813
-0.14745298892911046,-0.22322448979591836,2.5848163265306123,5.0781461631505564
-0.14745298892911046,-0.22322448979591836,2.652734693877551,6.2090408552406835
-0.14745298892911046,-0.22322448979591836,2.72065306122449,7.241842232903391
-0.14745298892911046,-0.22322448979591836,2.7885714285714287,8.183735243587538
-0.14745298892911046,-0.22322448979591836,2.8564897959183675,9.041493809888141
-0.14745298892911046,-0.22322448979591836,2.9244081632653063,9.821498942147695
-0.14745298892911046,-0.22322448979591836,2.992326530612245,10.529731303054366
-0.14745298892911046,-0.22322448979591836,3.060244897959184,11.171759611000429
-0.14745298892911046,-0.22322448979591836,3.1281632653061227,11.752764481322014
-0.14745298892911046,-0.22322448979591836,3.196081632653061,12.27755505314208
-0.14745298892911046,-0.22322448979591836,3.2640000000000002,12.750590964573377
-0.14745298892911046,-0.21685714285714286,-0.064,-9.09032785225457
-0.14745298892911046,-0.21685714285714286,0.003918367346938775,1.8852536240652593
-0.14745298892911046,-0.21685714285714286,0.07183673469387755,10.89125222020564
-0.14745298892911046,-0.21685714285714286,0.13975510204081631,17.000068877108394
-0.14745298892911046,-0.21685714285714286,0.2076734693877551,19.603082510863842
-0.14745298892911046,-0.21685714285714286,0.2755918367346939,18.631086678056064
-0.14745298892911046,-0.21685714285714286,0.34351020408163263,14.559816542735042
-0.14745298892911046,-0.21685714285714286,0.4114285714285714,8.24362359861259
-0.14745298892911046,-0.21685714285714286,0.4793469387755102,0.6843981977516442
-0.14745298892911046,-0.21685714285714286,0.5472653061224491,-7.171567256900818
-0.14745298892911046,-0.21685714285714286,0.6151836734693878,-14.563425313571713
-0.14745298892911046,-0.21685714285714286,0.6831020408163266,-20.96726653534735
-0.14745298892911046,-0.21685714285714286,0.7510204081632652,-26.089936184068296
-0.14745298892911046,-0.21685714285714286,0.818938775510204,-29.832159537232386
-0.14745298892911046,-0.21685714285714286,0.8868571428571428,-32.23086402418437
-0.14745298892911046,-0.21685714285714286,0.9547755102040816,-33.40628084421124
-0.14745298892911046,-0.21685714285714286,1.0226938775510204,-33.52664233524017
-0.14745298892911046,-0.21685714285714286,1.0906122448979592,-32.78218819677194
-0.14745298892911046,-0.21685714285714286,1.158530612244898,-31.36287158736568
-0.14745298892911046,-0.21685714285714286,1.2264489795918367,-29.442297707038662
-0.14745298892911046,-0.21685714285714286,1.2943673469387755,-27.16968544126193
-0.14745298892911046,-0.21685714285714286,1.3622857142857143,-24.668466686770188
-0.14745298892911046,-0.21685714285714286,1.4302040816326531,-22.03832087310552
-0.14745298892911046,-0.21685714285714286,1.498122448979592,-19.358106303652143
-0.14745298892911046,-0.21685714285714286,1.5660408163265305,-16.6886778286329
-0.14745298892911046,-0.21685714285714286,1.6339591836734693,-14.075621801649817
-0.14745298892911046,-0.21685714285714286,1.701877551020408,-11.551995337951418
-0.14745298892911046,-0.21685714285714286,1.7697959183673468,-9.140826601207351
-0.14745298892911046,-0.21685714285714286,1.8377142857142856,-6.856460138818875
-0.14745298892911046,-0.21685714285714286,1.9056326530612244,-4.707372628307141
-0.14745298892911046,-0.21685714285714286,1.9735510204081632,-2.697282019257276
-0.14745298892911046,-0.21685714285714286,2.041469387755102,-0.8263689531235414
-0.14745298892911046,-0.21685714285714286,2.109387755102041,0.9077934894121071
-0.14745298892911046,-0.21685714285714286,2.1773061224489796,2.509447709293223
-0.14745298892911046,-0.21685714285714286,2.2452244897959184,3.984099763333159
-0.14745298892911046,-0.21685714285714286,2.313142857142857,5.3380489265645465
-0.14745298892911046,-0.21685714285714286,2.381061224489796,6.578054712669761
-0.14745298892911046,-0.21685714285714286,2.4489795918367347,7.711093213130766
-0.14745298892911046,-0.21685714285714286,2.5168979591836735,8.74410154122366
-0.14745298892911046,-0.21685714285714286,2.5848163265306123,9.683953460273543
-0.14745298892911046,-0.21685714285714286,2.652734693877551,10.53728561865966
-0.14745298892911046,-0.21685714285714286,2.72065306122449,11.310462318747394
-0.14745298892911046,-0.21685714285714286,2.7885714285714287,12.009514874014304
-0.14745298892911046,-0.21685714285714286,2.8564897959183675,12.640145185798392
-0.14745298892911046,-0.21685714285714286,2.9244081632653063,13.207702187917139
-0.14745298892911046,-0.21685714285714286,2.992326530612245,13.717171404072907
-0.14745298892911046,-0.21685714285714286,3.060244897959184,14.17320648689019
-0.14745298892911046,-0.21685714285714286,3.1281632653061227,14.580122941256725
-0.14745298892911046,-0.21685714285714286,3.196081632653061,14.941918676104528
-0.14745298892911046,-0.21685714285714286,3.2640000000000002,15.262286632814483
-0.14745298892911046,-0.21048979591836736,-0.064,-8.837912429383216
-0.14745298892911046,-0.21048979591836736,0.003918367346938775,1.8515162793411941
-0.14745298892911046,-0.21048979591836736,0.07183673469387755,10.695819986702535
-0.14745298892911046,-0.21048979591836736,0.13975510204081631,16.936080858766818
-0.14745298892911046,-0.21048979591836736,0.2076734693877551,20.09550021318421
-0.14745298892911046,-0.21048979591836736,0.2755918367346939,20.140393350614456
-0.14745298892911046,-0.21048979591836736,0.34351020408163263,17.479514207469542
-0.14745298892911046,-0.21048979591836736,0.4114285714285714,12.830757319965407
-0.14745298892911046,-0.21048979591836736,0.4793469387755102,7.034798535014719
-0.14745298892911046,-0.21048979591836736,0.5472653061224491,0.8890089900625853
-0.14745298892911046,-0.21048979591836736,0.6151836734693878,-4.960654034697097
-0.14745298892911046,-0.21048979591836736,0.6831020408163266,-10.06544820698036
-0.14745298892911046,-0.21048979591836736,0.7510204081632652,-14.166917662914791
-0.14745298892911046,-0.21048979591836736,0.818938775510204,-17.16849989812598
-0.14745298892911046,-0.21048979591836736,0.8868571428571428,-19.091398223431636
-0.14745298892911046,-0.21048979591836736,0.9547755102040816,-20.032649632586374
-0.14745298892911046,-0.21048979591836736,1.0226938775510204,-20.130210062245812
-0.14745298892911046,-0.21048979591836736,1.0906122448979592,-19.53709247696327
-0.14745298892911046,-0.21048979591836736,1.158530612244898,-18.404003937481082
-0.14745298892911046,-0.21048979591836736,1.2264489795918367,-16.869016098465778
-0.14745298892911046,-0.21048979591836736,1.2943673469387755,-15.052339699412634
-0.14745298892911046,-0.21048979591836736,1.3622857142857143,-13.054710027918716
-0.14745298892911046,-0.21048979591836736,1.4302040816326531,-10.95782937643543
-0.14745298892911046,-0.21048979591836736,1.498122448979592,-8.826089120000045
-0.14745298892911046,-0.21048979591836736,1.5660408163265305,-6.708828999380721
-0.14745298892911046,-0.21048979591836736,1.6339591836734693,-4.642779179831525
-0.14745298892911046,-0.21048979591836736,1.701877551020408,-2.6545464424138743
-0.14745298892911046,-0.21048979591836736,1.7697959183673468,-0.7616787200774588
-0.14745298892911046,-0.21048979591836736,1.8377142857142856,1.0244333311311316
-0.14745298892911046,-0.21048979591836736,1.9056326530612244,2.697460815151075
-0.14745298892911046,-0.21048979591836736,1.9735510204081632,4.254914487072494
-0.14745298892911046,-0.21048979591836736,2.041469387755102,5.697157406606596
-0.14745298892911046,-0.21048979591836736,2.109387755102041,7.026619391858041
-0.14745298892911046,-0.21048979591836736,2.1773061224489796,8.247170559953577
-0.14745298892911046,-0.21048979591836736,2.2452244897959184,9.363663998703814
-0.14745298892911046,-0.21048979591836736,2.313142857142857,10.381555239790838
-0.14745298892911046,-0.21048979591836736,2.381061224489796,11.306655669913177
-0.14745298892911046,-0.21048979591836736,2.4489795918367347,12.144838330208362
-0.14745298892911046,-0.21048979591836736,2.5168979591836735,12.902020623573254
-0.14745298892911046,-0.21048979591836736,2.5848163265306123,13.583960338568357
-0.14745298892911046,-0.21048979591836736,2.652734693877551,14.196220085634799
-0.14745298892911046,-0.21048979591836736,2.72065306122449,14.744107192704902
-0.14745298892911046,-0.21048979591836736,2.7885714285714287,15.23264695276298
-0.14745298892911046,-0.21048979591836736,2.8564897959183675,15.66656477119843
-0.14745298892911046,-0.21048979591836736,2.9244081632653063,16.050282940340427
-0.14745298892911046,-0.21048979591836736,2.992326530612245,16.387925278926325
-0.14745298892911046,-0.21048979591836736,3.060244897959184,16.683317946584264
-0.14745298892911046,-0.21048979591836736,3.1281632653061227,16.940008152251522
-0.14745298892911046,-0.21048979591836736,3.196081632653061,17.16127550898783
-0.14745298892911046,-0.21048979591836736,3.2640000000000002,17.35013726226028
-0.14745298892911046,-0.20412244897959184,-0.064,-8.585006982384613
-0.14745298892911046,-0.20412244897959184,0.003918367346938775,1.8161804120282046
-0.14745298892911046,-0.20412244897959184,0.07183673469387755,10.489654610458592
-0.14745298892911046,-0.20412244897959184,0.13975510204081631,16.81798095569362
-0.14745298892911046,-0.20412244897959184,0.2076734693877551,20.434414566299427
-0.14745298892911046,-0.20412244897959184,0.2755918367346939,21.336004861987764
-0.14745298892911046,-0.20412244897959184,0.34351020408163263,19.87621913575632
-0.14745298892911046,-0.20412244897959184,0.4114285714285714,16.657392877037747
-0.14745298892911046,-0.20412244897959184,0.4793469387755102,12.381544051605292
-0.14745298892911046,-0.20412244897959184,0.5472653061224491,7.716113286422022
-0.14745298892911046,-0.20412244897959184,0.6151836734693878,3.2052744355082723
-0.14745298892911046,-0.20412244897959184,0.6831020408163266,-0.768509119733217
-0.14745298892911046,-0.20412244897959184,0.7510204081632652,-3.9808075829448732
-0.14745298892911046,-0.20412244897959184,0.818938775510204,-6.340796009562336
-0.14745298892911046,-0.20412244897959184,0.8868571428571428,-7.856614745784064
-0.14745298892911046,-0.20412244897959184,0.9547755102040816,-8.60041308965322
-0.14745298892911046,-0.20412244897959184,1.0226938775510204,-8.679437121773926
-0.14745298892911046,-0.20412244897959184,1.0906122448979592,-8.214447512216957
-0.14745298892911046,-0.20412244897959184,1.158530612244898,-7.325222824462873
-0.14745298892911046,-0.20412244897959184,1.2264489795918367,-6.121831818314849
-0.14745298892911046,-0.20412244897959184,1.2943673469387755,-4.7002285639475545
-0.14745298892911046,-0.20412244897959184,1.3622857142857143,-3.1407604532233186
-0.14745298892911046,-0.20412244897959184,1.4302040816326531,-1.5084966744640589
-0.14745298892911046,-0.20412244897959184,1.498122448979592,0.1454350223435057
-0.14745298892911046,-0.20412244897959184,1.5660408163265305,1.781986227597308
-0.14745298892911046,-0.20412244897959184,1.6339591836734693,3.3720115548193164
-0.14745298892911046,-0.20412244897959184,1.701877551020408,4.895451109687443
-0.14745298892911046,-0.20412244897959184,1.7697959183673468,6.338533120859861
-0.14745298892911046,-0.20412244897959184,1.8377142857142856,7.692721311587274
-0.14745298892911046,-0.20412244897959184,1.9056326530612244,8.953513863363579
-0.14745298892911046,-0.20412244897959184,1.9735510204081632,10.11944323765136
-0.14745298892911046,-0.20412244897959184,2.041469387755102,11.191291396704003
-0.14745298892911046,-0.20412244897959184,2.109387755102041,12.171447103599753
-0.14745298892911046,-0.20412244897959184,2.1773061224489796,13.063412389447546
-0.14745298892911046,-0.20412244897959184,2.2452244897959184,13.871434933390855
-0.14745298892911046,-0.20412244897959184,2.313142857142857,14.600197922269306
-0.14745298892911046,-0.20412244897959184,2.381061224489796,15.254635016097048
-0.14745298892911046,-0.20412244897959184,2.4489795918367347,15.839685228561443
-0.14745298892911046,-0.20412244897959184,2.5168979591836735,16.36029489858641
-0.14745298892911046,-0.20412244897959184,2.5848163265306123,16.821261080884977
-0.14745298892911046,-0.20412244897959184,2.652734693877551,17.227181780171918
-0.14745298892911046,-0.20412244897959184,2.72065306122449,17.58243820386968
-0.14745298892911046,-0.20412244897959184,2.7885714285714287,17.89115408460969
-0.14745298892911046,-0.20412244897959184,2.8564897959183675,18.157205972615955
-0.14745298892911046,-0.20412244897959184,2.9244081632653063,18.38420486844092
-0.14745298892911046,-0.20412244897959184,2.992326530612245,18.575508526106066
-0.14745298892911046,-0.20412244897959184,3.060244897959184,18.734226737405688
-0.14745298892911046,-0.20412244897959184,3.1281632653061227,18.863231044065127
-0.14745298892911046,-0.20412244897959184,3.196081632653061,18.96516894702622
-0.14745298892911046,-0.20412244897959184,3.2640000000000002,19.04247790009962
-0.14745298892911046,-0.1977551020408163,-0.064,-8.331784267188462
-0.14745298892911046,-0.1977551020408163,0.003918367346938775,1.7792469995948386
-0.14745298892911046,-0.1977551020408163,0.07183673469387755,10.273294993803798
-0.14745298892911046,-0.1977551020408163,0.13975510204081631,16.649745830356192
-0.14745298892911046,-0.1977551020408163,0.2076734693877551,20.631761943873954
-0.14745298892911046,-0.1977551020408163,0.2755918367346939,22.241745383001952
-0.14745298892911046,-0.1977551020408163,0.34351020408163263,21.78760259994263
-0.14745298892911046,-0.1977551020408163,0.4114285714285714,19.775000230101494
-0.14745298892911046,-0.1977551020408163,0.4793469387755102,16.788402480333218
-0.14745298892911046,-0.1977551020408163,0.5472653061224491,13.383737420749835
-0.14745298892911046,-0.1977551020408163,0.6151836734693878,10.01674142680804
-0.14745298892911046,-0.1977551020408163,0.6831020408163266,7.011659895606524
-0.14745298892911046,-0.1977551020408163,0.7510204081632652,4.562149096694487
-0.14745298892911046,-0.1977551020408163,0.818938775510204,2.7531191568033826
-0.14745298892911046,-0.1977551020408163,0.8868571428571428,1.5869961528763277
-0.14745298892911046,-0.1977551020408163,0.9547755102040816,1.0126540371969348
-0.14745298892911046,-0.1977551020408163,1.0226938775510204,0.9491540776903413
-0.14745298892911046,-0.1977551020408163,1.0906122448979592,1.3034818128950576
-0.14745298892911046,-0.1977551020408163,1.158530612244898,1.9825619122476077
-0.14745298892911046,-0.1977551020408163,1.2264489795918367,2.9005147162805827
-0.14745298892911046,-0.1977551020408163,1.2943673469387755,3.9823595916900167
-0.14745298892911046,-0.1977551020408163,1.3622857142857143,5.165364766845208
-0.14745298892911046,-0.1977551020408163,1.4302040816326531,6.3988256383438475
-0.14745298892911046,-0.1977551020408163,1.498122448979592,7.642995636409431
-0.14745298892911046,-0.1977551020408163,1.5660408163265305,8.86745662614673
-0.14745298892911046,-0.1977551020408163,1.6339591836734693,10.050516863723455
-0.14745298892911046,-0.1977551020408163,1.701877551020408,11.176702204377328
-0.14745298892911046,-0.1977551020408163,1.7697959183673468,12.235786880253361
-0.14745298892911046,-0.1977551020408163,1.8377142857142856,13.221649293238766
-0.14745298892911046,-0.1977551020408163,1.9056326530612244,14.131300713393973
-0.14745298892911046,-0.1977551020408163,1.9735510204081632,14.964108923318683
-0.14745298892911046,-0.1977551020408163,2.041469387755102,15.721170027036017
-0.14745298892911046,-0.1977551020408163,2.109387755102041,16.404799355064284
-0.14745298892911046,-0.1977551020408163,2.1773061224489796,17.018142885725283
-0.14745298892911046,-0.1977551020408163,2.2452244897959184,17.564892574411683
-0.14745298892911046,-0.1977551020408163,2.313142857142857,18.049057860961017
-0.14745298892911046,-0.1977551020408163,2.381061224489796,18.474736112367626
-0.14745298892911046,-0.1977551020408163,2.4489795918367347,18.84609794456729
-0.14745298892911046,-0.1977551020408163,2.5168979591836735,19.167226024668892
-0.14745298892911046,-0.1977551020408163,2.5848163265306123,19.442061113978422
-0.14745298892911046,-0.1977551020408163,2.652734693877551,19.674368164969515
-0.14745298892911046,-0.1977551020408163,2.72065306122449,19.867717240285398
-0.14745298892911046,-0.1977551020408163,2.7885714285714287,20.025463491949868
-0.14745298892911046,-0.1977551020408163,2.8564897959183675,20.150737072177495
-0.14745298892911046,-0.1977551020408163,2.9244081632653063,20.246447726832688
-0.14745298892911046,-0.1977551020408163,2.992326530612245,20.315295307092114
-0.14745298892911046,-0.1977551020408163,3.060244897959184,20.359769415503425
-0.14745298892911046,-0.1977551020408163,3.1281632653061227,20.382160930453843
-0.14745298892911046,-0.1977551020408163,3.196081632653061,20.38457624019843
-0.14745298892911046,-0.1977551020408163,3.2640000000000002,20.368949965313
-0.14745298892911046,-0.1913877551020408,-0.064,-8.078425446638972
-0.14745298892911046,-0.1913877551020408,0.003918367346938775,1.7407186668784247
-0.14745298892911046,-0.1913877551020408,0.07183673469387755,10.047271529890079
-0.14745298892911046,-0.1913877551020408,0.13975510204081631,16.435329619436036
-0.14745298892911046,-0.1913877551020408,0.2076734693877551,20.69960278508702
-0.14745298892911046,-0.1913877551020408,0.2755918367346939,22.882139722344338
-0.14745298892911046,-0.1913877551020408,0.34351020408163263,23.25327499158439
-0.14745298892911046,-0.1913877551020408,0.4114285714285714,22.238717007453886
-0.14745298892911046,-0.1913877551020408,0.4793469387755102,20.324889676229816
-0.14745298892911046,-0.1913877551020408,0.5472653061224491,17.97372013241086
-0.14745298892911046,-0.1913877551020408,0.6151836734693878,15.565580429179445
-0.14745298892911046,-0.1913877551020408,0.6831020408163266,13.374258003392047
-0.14745298892911046,-0.1913877551020408,0.7510204081632652,11.567011187339098
-0.14745298892911046,-0.1913877551020408,0.818938775510204,10.222145558802737
-0.14745298892911046,-0.1913877551020408,0.8868571428571428,9.350673425229214
-0.14745298892911046,-0.1913877551020408,0.9547755102040816,8.918932217985937
-0.14745298892911046,-0.1913877551020408,1.0226938775510204,8.868070229277382
-0.14745298892911046,-0.1913877551020408,1.0906122448979592,9.12851793584629
-0.14745298892911046,-0.1913877551020408,1.158530612244898,9.629816459892929
-0.14745298892911046,-0.1913877551020408,1.2264489795918367,10.306592999624034
-0.14745298892911046,-0.1913877551020408,1.2943673469387755,11.101685794913482
-0.14745298892911046,-0.1913877551020408,1.3622857142857143,11.967281376902609
-0.14745298892911046,-0.1913877551020408,1.4302040816326531,12.86475478644461
-0.14745298892911046,-0.1913877551020408,1.498122448979592,13.7638841766743
-0.14745298892911046,-0.1913877551020408,1.5660408163265305,14.642358241792312
-0.14745298892911046,-0.1913877551020408,1.6339591836734693,15.483801247806088
-0.14745298892911046,-0.1913877551020408,1.701877551020408,16.27690590644329
-0.14745298892911046,-0.1913877551020408,1.7697959183673468,17.014404916050086
-0.14745298892911046,-0.1913877551020408,1.8377142857142856,17.692165153113287
-0.14745298892911046,-0.1913877551020408,1.9056326530612244,18.30843985611035
-0.14745298892911046,-0.1913877551020408,1.9735510204081632,18.863265649983102
-0.14745298892911046,-0.1913877551020408,2.041469387755102,19.357954705853754
-0.14745298892911046,-0.1913877551020408,2.109387755102041,19.79472755330596
-0.14745298892911046,-0.1913877551020408,2.1773061224489796,20.176399717047264
-0.14745298892911046,-0.1913877551020408,2.2452244897959184,20.506176580857982
-0.14745298892911046,-0.1913877551020408,2.313142857142857,20.78740876226872
-0.14745298892911046,-0.1913877551020408,2.381061224489796,21.023573764349884
-0.14745298892911046,-0.1913877551020408,2.4489795918367347,21.218104138392174
-0.14745298892911046,-0.1913877551020408,2.5168979591836735,21.37435018339996
-0.14745298892911046,-0.1913877551020408,2.5848163265306123,21.495521702061705
-0.14745298892911046,-0.1913877551020408,2.652734693877551,21.584674999294975
-0.14745298892911046,-0.1913877551020408,2.72065306122449,21.644690409507373
-0.14745298892911046,-0.1913877551020408,2.7885714285714287,21.678254862175336
-0.14745298892911046,-0.1913877551020408,2.8564897959183675,21.687873523523045
-0.14745298892911046,-0.1913877551020408,2.9244081632653063,21.67586118689829
-0.14745298892911046,-0.1913877551020408,2.992326530612245,21.644358965841157
-0.14745298892911046,-0.1913877551020408,3.060244897959184,21.595330322370785
-0.14745298892911046,-0.1913877551020408,3.1281632653061227,21.53057782889321
-0.14745298892911046,-0.1913877551020408,3.196081632653061,21.451753173381476
-0.14745298892911046,-0.1913877551020408,3.2640000000000002,21.36036367465802
-0.14745298892911046,-0.18502040816326532,-0.064,-7.825121615514273
-0.14745298892911046,-0.18502040816326532,0.003918367346938775,1.7005924057090638
-0.14745298892911046,-0.18502040816326532,0.07183673469387755,9.812108233788257
-0.14745298892911046,-0.18502040816326532,0.13975510204081631,16.178654107019184
-0.14745298892911046,-0.18502040816326532,0.2076734693877551,20.650054389226433
-0.14745298892911046,-0.18502040816326532,0.2755918367346939,23.28234801567365
-0.14745298892911046,-0.18502040816326532,0.34351020408163263,24.314544230545888
-0.14745298892911046,-0.18502040816326532,0.4114285714285714,24.107103895759376
-0.14745298892911046,-0.18502040816326532,0.4793469387755102,23.0660554883754
-0.14745298892911046,-0.18502040816326532,0.5472653061224491,21.575672374064418
-0.14745298892911046,-0.18502040816326532,0.6151836734693878,19.95348130763971
-0.14745298892911046,-0.18502040816326532,0.6831020408163266,18.430565370304315
-0.14745298892911046,-0.18502040816326532,0.7510204081632652,17.152018504907083
-0.14745298892911046,-0.18502040816326532,0.818938775510204,16.189406090251833
-0.14745298892911046,-0.18502040816326532,0.8868571428571428,15.5605837746428
-0.14745298892911046,-0.18502040816326532,0.9547755102040816,15.24604938804217
-0.14745298892911046,-0.18502040816326532,1.0226938775510204,15.205108291207623
-0.14745298892911046,-0.18502040816326532,1.0906122448979592,15.387566523226457
-0.14745298892911046,-0.18502040816326532,1.158530612244898,15.741698416650763
-0.14745298892911046,-0.18502040816326532,1.2264489795918367,16.219151109115522
-0.14745298892911046,-0.18502040816326532,1.2943673469387755,16.777533623679535
-0.14745298892911046,-0.18502040816326532,1.3622857142857143,17.38124340406955
-0.14745298892911046,-0.18502040816326532,1.4302040816326531,18.0018105719395
-0.14745298892911046,-0.18502040816326532,1.498122448979592,18.617392343795785
-0.14745298892911046,-0.18502040816326532,1.5660408163265305,19.21158012035108
-0.14745298892911046,-0.18502040816326532,1.6339591836734693,19.7726661088703
-0.14745298892911046,-0.18502040816326532,1.701877551020408,20.2927552422922
-0.14745298892911046,-0.18502040816326532,1.7697959183673468,20.766986955356455
-0.14745298892911046,-0.18502040816326532,1.8377142857142856,21.192834629704944
-0.14745298892911046,-0.18502040816326532,1.9056326530612244,21.56954187770352
-0.14745298892911046,-0.18502040816326532,1.9735510204081632,21.897652264212084
-0.14745298892911046,-0.18502040816326532,2.041469387755102,22.178635354558423
-0.14745298892911046,-0.18502040816326532,2.109387755102041,22.414597783655292
-0.14745298892911046,-0.18502040816326532,2.1773061224489796,22.608071194361084
-0.14745298892911046,-0.18502040816326532,2.2452244897959184,22.761773396203367
-0.14745298892911046,-0.18502040816326532,2.313142857142857,22.878589183523115
-0.14745298892911046,-0.18502040816326532,2.381061224489796,22.961396260552966
-0.14745298892911046,-0.18502040816326532,2.4489795918367347,23.01301779059074
-0.14745298892911046,-0.18502040816326532,2.5168979591836735,23.03619117598718
-0.14745298892911046,-0.18502040816326532,2.5848163265306123,23.033517342205773
-0.14745298892911046,-0.18502040816326532,2.652734693877551,23.007457550279046
-0.14745298892911046,-0.18502040816326532,2.72065306122449,22.96030864024158
-0.14745298892911046,-0.18502040816326532,2.7885714285714287,22.894211253298167
-0.14745298892911046,-0.18502040816326532,2.8564897959183675,22.811147226547543
-0.14745298892911046,-0.18502040816326532,2.9244081632653063,22.712936715732194
-0.14745298892911046,-0.18502040816326532,2.992326530612245,22.601255267462694
-0.14745298892911046,-0.18502040816326532,3.060244897959184,22.477635895172558
-0.14745298892911046,-0.18502040816326532,3.1281632653061227,22.343476228682253
-0.14745298892911046,-0.18502040816326532,3.196081632653061,22.200050513226007
-0.14745298892911046,-0.18502040816326532,3.2640000000000002,22.048518926637886
-0.14745298892911046,-0.1786530612244898,-0.064,-7.5720784749689285
-0.14745298892911046,-0.1786530612244898,0.003918367346938775,1.6588719250622193
-0.14745298892911046,-0.1786530612244898,0.07183673469387755,9.568319911070736
-0.14745298892911046,-0.1786530612244898,0.13975510204081631,15.883585475613884
-0.14745298892911046,-0.1786530612244898,0.2076734693877551,20.49523453604331
-0.14745298892911046,-0.1786530612244898,0.2755918367346939,23.467866757557683
-0.14745298892911046,-0.1786530612244898,0.34351020408163263,25.01411971328346
-0.14745298892911046,-0.1786530612244898,0.4114285714285714,25.441738462612157
-0.14745298892911046,-0.1786530612244898,0.4793469387755102,25.092065875330803
-0.14745298892911046,-0.1786530612244898,0.5472653061224491,24.286572987750912
-0.14745298892911046,-0.1786530612244898,0.6151836734693878,23.29171621946673
-0.14745298892911046,-0.1786530612244898,0.6831020408163266,22.303487333019792
-0.14745298892911046,-0.1786530612244898,0.7510204081632652,21.448095440581458
-0.14745298892911046,-0.1786530612244898,0.818938775510204,20.792333288298085
-0.14745298892911046,-0.1786530612244898,0.8868571428571428,20.357938054156737
-0.14745298892911046,-0.1786530612244898,0.9547755102040816,20.137056737934394
-0.14745298892911046,-0.1786530612244898,1.0226938775510204,20.10354092165223
-0.14745298892911046,-0.1786530612244898,1.0906122448979592,20.222784469052986
-0.14745298892911046,-0.1786530612244898,1.158530612244898,20.458188041700428
-0.14745298892911046,-0.1786530612244898,1.2264489795918367,20.775148144492707
-0.14745298892911046,-0.1786530612244898,1.2943673469387755,21.142912436066528
-0.14745298892911046,-0.1786530612244898,1.3622857142857143,21.536309504166674
-0.14745298892911046,-0.1786530612244898,1.4302040816326531,21.93502606228457
-0.14745298892911046,-0.1786530612244898,1.498122448979592,22.323489380977552
-0.14745298892911046,-0.1786530612244898,1.5660408163265305,22.690254559197278
-0.14745298892911046,-0.1786530612244898,1.6339591836734693,23.02734746967381
-0.14745298892911046,-0.1786530612244898,1.701877551020408,23.329598052040126
-0.14745298892911046,-0.1786530612244898,1.7697959183673468,23.59404754795293
-0.14745298892911046,-0.1786530612244898,1.8377142857142856,23.819432432980374
-0.14745298892911046,-0.1786530612244898,1.9056326530612244,24.00576234916757
-0.14745298892911046,-0.1786530612244898,1.9735510204081632,24.1539594780579
-0.14745298892911046,-0.1786530612244898,2.041469387755102,24.265591171236743
-0.14745298892911046,-0.1786530612244898,2.109387755102041,24.34266778822505
-0.14745298892911046,-0.1786530612244898,2.1773061224489796,24.387402654327968
-0.14745298892911046,-0.1786530612244898,2.2452244897959184,24.402201931095792
-0.14745298892911046,-0.1786530612244898,2.313142857142857,24.389484916509623
-0.14745298892911046,-0.1786530612244898,2.381061224489796,24.351654213435577
-0.14745298892911046,-0.1786530612244898,2.4489795918367347,24.291043721299857
-0.14745298892911046,-0.1786530612244898,2.5168979591836735,24.209874505131634
-0.14745298892911046,-0.1786530612244898,2.5848163265306123,24.110256487517
-0.14745298892911046,-0.1786530612244898,2.652734693877551,23.99415534734568
-0.14745298892911046,-0.1786530612244898,2.72065306122449,23.863404601007794
-0.14745298892911046,-0.1786530612244898,2.7885714285714287,23.71969663132965
-0.14745298892911046,-0.1786530612244898,2.8564897959183675,23.56458665364245
-0.14745298892911046,-0.1786530612244898,2.9244081632653063,23.39949943382601
-0.14745298892911046,-0.1786530612244898,2.992326530612245,23.225734787826596
-0.14745298892911046,-0.1786530612244898,3.060244897959184,23.044476208668712
-0.14745298892911046,-0.1786530612244898,3.1281632653061227,22.856794960206226
-0.14745298892911046,-0.1786530612244898,3.196081632653061,22.663663068018238
-0.14745298892911046,-0.1786530612244898,3.2640000000000002,22.465959100949334
-0.14745298892911046,-0.1722857142857143,-0.064,-7.319505165544396
-0.14745298892911046,-0.1722857142857143,0.003918367346938775,1.6155575625531213
-0.14745298892911046,-0.1722857142857143,0.07183673469387755,9.316412643735594
-0.14745298892911046,-0.1722857142857143,0.13975510204081631,15.553928195721582
-0.14745298892911046,-0.1722857142857143,0.2076734693877551,20.24716744855163
-0.14745298892911046,-0.1722857142857143,0.2755918367346939,23.464400749785515
-0.14745298892911046,-0.1722857142857143,0.34351020408163263,25.395710678953193
-0.14745298892911046,-0.1722857142857143,0.4114285714285714,26.306633587348767
-0.14745298892911046,-0.1722857142857143,0.4793469387755102,26.487400352639867
-0.14745298892911046,-0.1722857142857143,0.5472653061224491,26.209979730793584
-0.14745298892911046,-0.1722857142857143,0.6151836734693878,25.700343961582263
-0.14745298892911046,-0.1722857142857143,0.6831020408163266,25.1265343164819
-0.14745298892911046,-0.1722857142857143,0.7510204081632652,24.599500639141493
-0.14745298892911046,-0.1722857142857143,0.818938775510204,24.181590302232102
-0.14745298892911046,-0.1722857142857143,0.8868571428571428,23.898271138681032
-0.14745298892911046,-0.1722857142857143,0.9547755102040816,23.749869393253693
-0.14745298892911046,-0.1722857142857143,1.0226938775510204,23.721540313153856
-0.14745298892911046,-0.1722857142857143,1.0906122448979592,23.79093434754677
-0.14745298892911046,-0.1722857142857143,1.158530612244898,23.933242479952835
-0.14745298892911046,-0.1722857142857143,1.2264489795918367,24.12466120207912
-0.14745298892911046,-0.1722857142857143,1.2943673469387755,24.34409511378898
-0.14745298892911046,-0.1722857142857143,1.3622857142857143,24.573945235663412
-0.14745298892911046,-0.1722857142857143,1.4302040816326531,24.800246992317916
-0.14745298892911046,-0.1722857142857143,1.498122448979592,25.012447744253596
-0.14745298892911046,-0.1722857142857143,1.5660408163265305,25.20296464833771
-0.14745298892911046,-0.1722857142857143,1.6339591836734693,25.36671743527694
-0.14745298892911046,-0.1722857142857143,1.701877551020408,25.500631499950646
-0.14745298892911046,-0.1722857142857143,1.7697959183673468,25.603214683050354
-0.14745298892911046,-0.1722857142857143,1.8377142857142856,25.67415994046072
-0.14745298892911046,-0.1722857142857143,1.9056326530612244,25.714046017094724
-0.14745298892911046,-0.1722857142857143,1.9735510204081632,25.724073230090745
-0.14745298892911046,-0.1722857142857143,2.041469387755102,25.705878963239716
-0.14745298892911046,-0.1722857142857143,2.109387755102041,25.661308832893734
-0.14745298892911046,-0.1722857142857143,2.1773061224489796,25.592410490820885
-0.14745298892911046,-0.1722857142857143,2.2452244897959184,25.501257753959703
-0.14745298892911046,-0.1722857142857143,2.313142857142857,25.389928428618123
-0.14745298892911046,-0.1722857142857143,2.381061224489796,25.260436478810515
-0.14745298892911046,-0.1722857142857143,2.4489795918367347,25.11471393656322
-0.14745298892911046,-0.1722857142857143,2.5168979591836735,24.954585352388317
-0.14745298892911046,-0.1722857142857143,2.5848163265306123,24.781758105301503
-0.14745298892911046,-0.1722857142857143,2.652734693877551,24.597815793190385
-0.14745298892911046,-0.1722857142857143,2.72065306122449,24.404221773680696
-0.14745298892911046,-0.1722857142857143,2.7885714285714287,24.202313270444712
-0.14745298892911046,-0.1722857142857143,2.8564897959183675,23.993314977577455
-0.14745298892911046,-0.1722857142857143,2.9244081632653063,23.778335360483638
-0.14745298892911046,-0.1722857142857143,2.992326530612245,23.558382770262195
-0.14745298892911046,-0.1722857142857143,3.060244897959184,23.334366054609085
-0.14745298892911046,-0.1722857142857143,3.1281632653061227,23.107102173132535
-0.14745298892911046,-0.1722857142857143,3.196081632653061,22.87732691554421
-0.14745298892911046,-0.1722857142857143,3.2640000000000002,22.64569651351696
-0.14745298892911046,-0.16591836734693877,-0.064,-7.067626015968119
-0.14745298892911046,-0.16591836734693877,0.003918367346938775,1.5706485734017828
-0.14745298892911046,-0.16591836734693877,0.07183673469387755,9.056884706663364
-0.14745298892911046,-0.16591836734693877,0.13975510204081631,15.193407518636405
-0.14745298892911046,-0.16591836734693877,0.2076734693877551,19.917721280337314
-0.14745298892911046,-0.16591836734693877,0.2755918367346939,23.29760395208269
-0.14745298892911046,-0.16591836734693877,0.34351020408163263,25.50353777464899
-0.14745298892911046,-0.16591836734693877,0.4114285714285714,26.767469818067163
-0.14745298892911046,-0.16591836734693877,0.4793469387755102,27.339934176981448
-0.14745298892911046,-0.16591836734693877,0.5472653061224491,27.45476892697402
-0.14745298892911046,-0.16591836734693877,0.6151836734693878,27.306805637559595
-0.14745298892911046,-0.16591836734693877,0.6831020408163266,27.042509293225518
-0.14745298892911046,-0.16591836734693877,0.7510204081632652,26.76093537098531
-0.14745298892911046,-0.16591836734693877,0.818938775510204,26.520778861998686
-0.14745298892911046,-0.16591836734693877,0.8868571428571428,26.349963896106424
-0.14745298892911046,-0.16591836734693877,0.9547755102040816,26.255211384018384
-0.14745298892911046,-0.16591836734693877,1.0226938775510204,26.230166539600425
-0.14745298892911046,-0.16591836734693877,1.0906122448979592,26.26159900495163
-0.14745298892911046,-0.16591836734693877,1.158530612244898,26.333681367600622
-0.14745298892911046,-0.16591836734693877,1.2264489795918367,26.43071941422053
-0.14745298892911046,-0.16591836734693877,1.2943673469387755,26.53866390910098
-0.14745298892911046,-0.16591836734693877,1.3622857142857143,26.645808334709557
-0.14745298892911046,-0.16591836734693877,1.4302040816326531,26.742973561401723
-0.14745298892911046,-0.16591836734693877,1.498122448979592,26.823368222601935
-0.14745298892911046,-0.16591836734693877,1.5660408163265305,26.88231082160131
-0.14745298892911046,-0.16591836734693877,1.6339591836734693,26.916877447224564
-0.14745298892911046,-0.16591836734693877,1.701877551020408,26.925554556079906
-0.14745298892911046,-0.16591836734693877,1.7697959183673468,26.907926689216918
-0.14745298892911046,-0.16591836734693877,1.8377142857142856,26.864391734973506
-0.14745298892911046,-0.16591836734693877,1.9056326530612244,26.795936177727146
-0.14745298892911046,-0.16591836734693877,1.9735510204081632,26.70396481187216
-0.14745298892911046,-0.16591836734693877,2.041469387755102,26.590084891537675
-0.14745298892911046,-0.16591836734693877,2.109387755102041,26.456095245510266
-0.14745298892911046,-0.16591836734693877,2.1773061224489796,26.30384010458059
-0.14745298892911046,-0.16591836734693877,2.2452244897959184,26.135163798925376
-0.14745298892911046,-0.16591836734693877,2.313142857142857,25.951858772418248
-0.14745298892911046,-0.16591836734693877,2.381061224489796,25.755640206356563
-0.14745298892911046,-0.16591836734693877,2.4489795918367347,25.54813403711718
-0.14745298892911046,-0.16591836734693877,2.5168979591836735,25.330853455612946
-0.14745298892911046,-0.16591836734693877,2.5848163265306123,25.105202610511462
-0.14745298892911046,-0.16591836734693877,2.652734693877551,24.872470956784113
-0.14745298892911046,-0.16591836734693877,2.72065306122449,24.633834791693175
-0.14745298892911046,-0.16591836734693877,2.7885714285714287,24.390365047520415
-0.14745298892911046,-0.16591836734693877,2.8564897959183675,24.143031573491655
-0.14745298892911046,-0.16591836734693877,2.9244081632653063,23.892706314908526
-0.14745298892911046,-0.16591836734693877,2.992326530612245,23.640172175168345
-0.14745298892911046,-0.16591836734693877,3.060244897959184,23.38613099085552
-0.14745298892911046,-0.16591836734693877,3.1281632653061227,23.131206570630813
-0.14745298892911046,-0.16591836734693877,3.196081632653061,22.875954857983626
-0.14745298892911046,-0.16591836734693877,3.2640000000000002,22.620867306029293
-0.14745298892911046,-0.15955102040816327,-0.064,-6.816671563593162
-0.14745298892911046,-0.15955102040816327,0.003918367346938775,1.5241473619127965
-0.14745298892911046,-0.15955102040816327,0.07183673469387755,8.790220828950584
-0.14745298892911046,-0.15955102040816327,0.13975510204081631,14.805656622348147
-0.14745298892911046,-0.15955102040816327,0.2076734693877551,19.51850096335898
-0.14745298892911046,-0.15955102040816327,0.2755918367346939,22.992801101159056
-0.14745298892911046,-0.15955102040816327,0.34351020408163263,25.381757482927114
-0.14745298892911046,-0.15955102040816327,0.4114285714285714,26.89060622025847
-0.14745298892911046,-0.15955102040816327,0.4793469387755102,27.739443346065094
-0.14745298892911046,-0.15955102040816327,0.5472653061224491,28.13332301005743
-0.14745298892911046,-0.15955102040816327,0.6151836734693878,28.243766710561932
-0.14745298892911046,-0.15955102040816327,0.6831020408163266,28.201083519470462
-0.14745298892911046,-0.15955102040816327,0.7510204081632652,28.095378714827703
-0.14745298892911046,-0.15955102040816327,0.818938775510204,27.982490777915995
-0.14745298892911046,-0.15955102040816327,0.8868571428571428,27.89200252263751
-0.14745298892911046,-0.15955102040816327,0.9547755102040816,27.835206846133133
-0.14745298892911046,-0.15955102040816327,1.0226938775510204,27.811868270138486
-0.14745298892911046,-0.15955102040816327,1.0906122448979592,27.815392538503087
-0.14745298892911046,-0.15955102040816327,1.158530612244898,27.836428039984483
-0.14745298892911046,-0.15955102040816327,1.2264489795918367,27.865167539773488
-0.14745298892911046,-0.15955102040816327,1.2943673469387755,27.892664604691657
-0.14745298892911046,-0.15955102040816327,1.3622857142857143,27.911483665277746
-0.14745298892911046,-0.15955102040816327,1.4302040816326531,27.915892496180966
-0.14745298892911046,-0.15955102040816327,1.498122448979592,27.9018192402652
-0.14745298892911046,-0.15955102040816327,1.5660408163265305,27.866659118572947
-0.14745298892911046,-0.15955102040816327,1.6339591836734693,27.809034138308274
-0.14745298892911046,-0.15955102040816327,1.701877551020408,27.72854498262683
-0.14745298892911046,-0.15955102040816327,1.7697959183673468,27.62553536052315
-0.14745298892911046,-0.15955102040816327,1.8377142857142856,27.500893397535513
-0.14745298892911046,-0.15955102040816327,1.9056326530612244,27.355907194860844
-0.14745298892911046,-0.15955102040816327,1.9735510204081632,27.192038340329198
-0.14745298892911046,-0.15955102040816327,2.041469387755102,27.01095161674684
-0.14745298892911046,-0.15955102040816327,2.109387755102041,26.81434867989157
-0.14745298892911046,-0.15955102040816327,2.1773061224489796,26.603931040104552
-0.14745298892911046,-0.15955102040816327,2.2452244897959184,26.381350697710946
-0.14745298892911046,-0.15955102040816327,2.313142857142857,26.148192258247803
-0.14745298892911046,-0.15955102040816327,2.381061224489796,25.905952476504805
-0.14745298892911046,-0.15955102040816327,2.4489795918367347,25.656017622095494
-0.14745298892911046,-0.15955102040816327,2.5168979591836735,25.39967646937463
-0.14745298892911046,-0.15955102040816327,2.5848163265306123,25.13810348210434
-0.14745298892911046,-0.15955102040816327,2.652734693877551,24.872369800697715
-0.14745298892911046,-0.15955102040816327,2.72065306122449,24.603442386189617
-0.14745298892911046,-0.15955102040816327,2.7885714285714287,24.332196341962984
-0.14745298892911046,-0.15955102040816327,2.8564897959183675,24.05941072414536
-0.14745298892911046,-0.15955102040816327,2.9244081632653063,23.78578481446829
-0.14745298892911046,-0.15955102040816327,2.992326530612245,23.511935247369557
-0.14745298892911046,-0.15955102040816327,3.060244897959184,23.23841311955313
-0.14745298892911046,-0.15955102040816327,3.1281632653061227,22.965700926307463
-0.14745298892911046,-0.15955102040816327,3.196081632653061,22.69419828614979
-0.14745298892911046,-0.15955102040816327,3.2640000000000002,22.424322372127346
-0.14745298892911046,-0.15318367346938777,-0.064,-6.566883414935887
-0.14745298892911046,-0.15318367346938777,0.003918367346938775,1.4760543275200781
-0.14745298892911046,-0.15318367346938777,0.07183673469387755,8.51689651097566
-0.14745298892911046,-0.15318367346938777,0.13975510204081631,14.394194317737208
-0.14745298892911046,-0.15318367346938777,0.2076734693877551,19.06077244608146
-0.14745298892911046,-0.15318367346938777,0.2755918367346939,22.574689840713496
-0.14745298892911046,-0.15318367346938777,0.34351020408163263,25.073782509896606
-0.14745298892911046,-0.15318367346938777,0.4114285714285714,26.74188668022381
-0.14745298892911046,-0.15318367346938777,0.4793469387755102,27.775805990581404
-0.14745298892911046,-0.15318367346938777,0.5472653061224491,28.35913213731787
-0.14745298892911046,-0.15318367346938777,0.6151836734693878,28.646127770388187
-0.14745298892911046,-0.15318367346938777,0.6831020408163266,28.75533704362023
-0.14745298892911046,-0.15318367346938777,0.7510204081632652,28.770258902607825
-0.14745298892911046,-0.15318367346938777,0.818938775510204,28.744547417124714
-0.14745298892911046,-0.15318367346938777,0.8868571428571428,28.7088475046956
-0.14745298892911046,-0.15318367346938777,0.9547755102040816,28.67758856711982
-0.14745298892911046,-0.15318367346938777,1.0226938775510204,28.654786022012747
-0.14745298892911046,-0.15318367346938777,1.0906122448979592,28.638466701474773
-0.14745298892911046,-0.15318367346938777,1.158530612244898,28.62379084007789
-0.14745298892911046,-0.15318367346938777,1.2264489795918367,28.605051313676945
-0.14745298892911046,-0.15318367346938777,1.2943673469387755,28.576857141998563
-0.14745298892911046,-0.15318367346938777,1.3622857142857143,28.53473122560526
-0.14745298892911046,-0.15318367346938777,1.4302040816326531,28.475339007261447
-0.14745298892911046,-0.15318367346938777,1.498122448979592,28.396482183885837
-0.14745298892911046,-0.15318367346938777,1.5660408163265305,28.29699142112745
-0.14745298892911046,-0.15318367346938777,1.6339591836734693,28.17654963900775
-0.14745298892911046,-0.15318367346938777,1.701877551020408,28.03551174372367
-0.14745298892911046,-0.15318367346938777,1.7697959183673468,27.87473990868655
-0.14745298892911046,-0.15318367346938777,1.8377142857142856,27.695460169261445
-0.14745298892911046,-0.15318367346938777,1.9056326530612244,27.499082449818403
-0.14745298892911046,-0.15318367346938777,1.9735510204081632,27.287199053041025
-0.14745298892911046,-0.15318367346938777,2.041469387755102,27.061441575817845
-0.14745298892911046,-0.15318367346938777,2.109387755102041,26.82344140223632
-0.14745298892911046,-0.15318367346938777,2.1773061224489796,26.574785822184708
-0.14745298892911046,-0.15318367346938777,2.2452244897959184,26.316988478781443
-0.14745298892911046,-0.15318367346938777,2.313142857142857,26.051481716323313
-0.14745298892911046,-0.15318367346938777,2.381061224489796,25.779590465075074
-0.14745298892911046,-0.15318367346938777,2.4489795918367347,25.502539988832932
-0.14745298892911046,-0.15318367346938777,2.5168979591836735,25.221445702998277
-0.14745298892911046,-0.15318367346938777,2.5848163265306123,24.93732008239235
-0.14745298892911046,-0.15318367346938777,2.652734693877551,24.651077643725966
-0.14745298892911046,-0.15318367346938777,2.72065306122449,24.36353496401981
-0.14745298892911046,-0.15318367346938777,2.7885714285714287,24.07542303752001
-0.14745298892911046,-0.15318367346938777,2.8564897959183675,23.787387237320285
-0.14745298892911046,-0.15318367346938777,2.9244081632653063,23.500000758837206
-0.14745298892911046,-0.15318367346938777,2.992326530612245,23.213764395688834
-0.14745298892911046,-0.15318367346938777,3.060244897959184,22.929118353351946
-0.14745298892911046,-0.15318367346938777,3.1281632653061227,22.646422071183366
-0.14745298892911046,-0.15318367346938777,3.196081632653061,22.366049275801814
-0.14745298892911046,-0.15318367346938777,3.2640000000000002,22.088263225718528
-0.14745298892911046,-0.14681632653061225,-0.064,-6.318509345751923
-0.14745298892911046,-0.14681632653061225,0.003918367346938775,1.4263683009620993
-0.14745298892911046,-0.14681632653061225,0.07183673469387755,8.237377610057264
-0.14745298892911046,-0.14681632653061225,0.13975510204081631,13.962416444041372
-0.14745298892911046,-0.14681632653061225,0.2076734693877551,18.555346417429
-0.14745298892911046,-0.14681632653061225,0.2755918367346939,22.0670152563295
-0.14745298892911046,-0.14681632653061225,0.34351020408163263,24.62152141956224
-0.14745298892911046,-0.14681632653061225,0.4114285714285714,26.385236312115573
-0.14745298892911046,-0.14681632653061225,0.4793469387755102,27.536839319957238
-0.14745298892911046,-0.14681632653061225,0.5472653061224491,28.243659839285193
-0.14745298892911046,-0.14681632653061225,0.6151836734693878,28.64716395112539
-0.14745298892911046,-0.14681632653061225,0.6831020408163266,28.857161883167024
-0.14745298892911046,-0.14681632653061225,0.7510204081632652,28.9522619548086
-0.14745298892911046,-0.14681632653061225,0.818938775510204,28.98441283556333
-0.14745298892911046,-0.14681632653061225,0.8868571428571428,28.984864199879134
-0.14745298892911046,-0.14681632653061225,0.9547755102040816,28.970134742005097
-0.14745298892911046,-0.14681632653061225,1.0226938775510204,28.947109050751333
-0.14745298892911046,-0.14681632653061225,1.0906122448979592,28.916958357586175
-0.14745298892911046,-0.14681632653061225,1.158530612244898,28.877906370378167
-0.14745298892911046,-0.14681632653061225,1.2264489795918367,28.827037547451305
-0.14745298892911046,-0.14681632653061225,1.2943673469387755,28.761376046195615
-0.14745298892911046,-0.14681632653061225,1.3622857142857143,28.67845241680911
-0.14745298892911046,-0.14681632653061225,1.4302040816326531,28.576550030647557
-0.14745298892911046,-0.14681632653061225,1.498122448979592,28.45473511943751
-0.14745298892911046,-0.14681632653061225,1.5660408163265305,28.312797453539858
-0.14745298892911046,-0.14681632653061225,1.6339591836734693,28.15112905403554
-0.14745298892911046,-0.14681632653061225,1.701877551020408,27.970578637604195
-0.14745298892911046,-0.14681632653061225,1.7697959183673468,27.77235718462218
-0.14745298892911046,-0.14681632653061225,1.8377142857142856,27.557849662891055
-0.14745298892911046,-0.14681632653061225,1.9056326530612244,27.328622647519065
-0.14745298892911046,-0.14681632653061225,1.9735510204081632,27.08628336151649
-0.14745298892911046,-0.14681632653061225,2.041469387755102,26.832442693185413
-0.14745298892911046,-0.14681632653061225,2.109387755102041,26.56866797666443
-0.14745298892911046,-0.14681632653061225,2.1773061224489796,26.296457027161935
-0.14745298892911046,-0.14681632653061225,2.2452244897959184,26.017224597126344
-0.14745298892911046,-0.14681632653061225,2.313142857142857,25.732279363731873
-0.14745298892911046,-0.14681632653061225,2.381061224489796,25.442831446454456
-0.14745298892911046,-0.14681632653061225,2.4489795918367347,25.149976746098876
-0.14745298892911046,-0.14681632653061225,2.5168979591836735,24.854713039526942
-0.14745298892911046,-0.14681632653061225,2.5848163265306123,24.557933742820175
-0.14745298892911046,-0.14681632653061225,2.652734693877551,24.26043964753202
-0.14745298892911046,-0.14681632653061225,2.72065306122449,23.962939275488612
-0.14745298892911046,-0.14681632653061225,2.7885714285714287,23.66606029489522
-0.14745298892911046,-0.14681632653061225,2.8564897959183675,23.370354809492937
-0.14745298892911046,-0.14681632653061225,2.9244081632653063,23.076303988434297
-0.14745298892911046,-0.14681632653061225,2.992326530612245,22.784327643952142
-0.14745298892911046,-0.14681632653061225,3.060244897959184,22.49476424180161
-0.14745298892911046,-0.14681632653061225,3.1281632653061227,22.20796821697314
-0.14745298892911046,-0.14681632653061225,3.196081632653061,21.924184114946158
-0.14745298892911046,-0.14681632653061225,3.2640000000000002,21.64363308729147
-0.14745298892911046,-0.14044897959183675,-0.064,-6.0718084530616085
-0.14745298892911046,-0.14044897959183675,0.003918367346938775,1.3750932387585548
-0.14745298892911046,-0.14044897959183675,0.07183673469387755,7.952114642336856
-0.14745298892911046,-0.14044897959183675,0.13975510204081631,13.513577488174096
-0.14745298892911046,-0.14044897959183675,0.2076734693877551,18.01249287422974
-0.14745298892911046,-0.14044897959183675,0.2755918367346939,21.492223683250106
-0.14745298892911046,-0.14044897959183675,0.34351020408163263,24.06455026937564
-0.14745298892911046,-0.14044897959183675,0.4114285714285714,25.88109791924823
-0.14745298892911046,-0.14044897959183675,0.4793469387755102,27.10575405220354
-0.14745298892911046,-0.14044897959183675,0.5472653061224491,27.89287215810427
-0.14745298892911046,-0.14044897959183675,0.6151836734693878,28.373839885656363
-0.14745298892911046,-0.14044897959183675,0.6831020408163266,28.651586477647843
-0.14745298892911046,-0.14044897959183675,0.7510204081632652,28.800843304207074
-0.14745298892911046,-0.14044897959183675,0.818938775510204,28.872081234720845
-0.14745298892911046,-0.14044897959183675,0.8868571428571428,28.8968187880955
-0.14745298892911046,-0.14044897959183675,0.9547755102040816,28.8929559947142
-0.14745298892911046,-0.14044897959183675,1.0226938775510204,28.8693518398107
-0.14745298892911046,-0.14044897959183675,1.0906122448979592,28.8293608242668
-0.14745298892911046,-0.14044897959183675,1.158530612244898,28.773345921614176
-0.14745298892911046,-0.14044897959183675,1.2264489795918367,28.700339714264466
-0.14745298892911046,-0.14044897959183675,1.2943673469387755,28.60905017986593
-0.14745298892911046,-0.14044897959183675,1.3622857142857143,28.498408086212816
-0.14745298892911046,-0.14044897959183675,1.4302040816326531,28.36781989356395
-0.14745298892911046,-0.14044897959183675,1.498122448979592,28.217219919780717
-0.14745298892911046,-0.14044897959183675,1.5660408163265305,28.047058276276697
-0.14745298892911046,-0.14044897959183675,1.6339591836734693,27.858203198171804
-0.14745298892911046,-0.14044897959183675,1.701877551020408,27.65185786580538
-0.14745298892911046,-0.14044897959183675,1.7697959183673468,27.429394850090937
-0.14745298892911046,-0.14044897959183675,1.8377142857142856,27.192382010843115
-0.14745298892911046,-0.14044897959183675,1.9056326530612244,26.942424091600653
-0.14745298892911046,-0.14044897959183675,1.9735510204081632,26.68113701292607
-0.14745298892911046,-0.14044897959183675,2.041469387755102,26.41010031628198
-0.14745298892911046,-0.14044897959183675,2.109387755102041,26.130826392313143
-0.14745298892911046,-0.14044897959183675,2.1773061224489796,25.84473977890993
-0.14745298892911046,-0.14044897959183675,2.2452244897959184,25.553167839483233
-0.14745298892911046,-0.14044897959183675,2.313142857142857,25.257331137025012
-0.14745298892911046,-0.14044897959183675,2.381061224489796,24.958339577244068
-0.14745298892911046,-0.14044897959183675,2.4489795918367347,24.657198587358106
-0.14745298892911046,-0.14044897959183675,2.5168979591836735,24.35481239859354
-0.14745298892911046,-0.14044897959183675,2.5848163265306123,24.051983716397586
-0.14745298892911046,-0.14044897959183675,2.652734693877551,23.74942636960396
-0.14745298892911046,-0.14044897959183675,2.72065306122449,23.447769862817953
-0.14745298892911046,-0.14044897959183675,2.7885714285714287,23.147564758872957
-0.14745298892911046,-0.14044897959183675,2.8564897959183675,22.84928997405163
-0.14745298892911046,-0.14044897959183675,2.9244081632653063,22.553361523964305
-0.14745298892911046,-0.14044897959183675,2.992326530612245,22.260116592715637
-0.14745298892911046,-0.14044897959183675,3.060244897959184,21.969901050087458
-0.14745298892911046,-0.14044897959183675,3.1281632653061227,21.682950723998918
-0.14745298892911046,-0.14044897959183675,3.196081632653061,21.399482316282626
-0.14745298892911046,-0.14044897959183675,3.2640000000000002,21.11967565291989
-0.14745298892911046,-0.13408163265306122,-0.064,-5.827048771553784
-0.14745298892911046,-0.13408163265306122,0.003918367346938775,1.3222280117727685
-0.14745298892911046,-0.13408163265306122,0.07183673469387755,7.661548257896094
-0.14745298892911046,-0.13408163265306122,0.13975510204081631,13.050772939083902
-0.14745298892911046,-0.13408163265306122,0.2076734693877551,17.441827853467874
-0.14745298892911046,-0.13408163265306122,0.2755918367346939,20.87110667560064
-0.14745298892911046,-0.13408163265306122,0.34351020408163263,23.439224250680034
-0.14745298892911046,-0.13408163265306122,0.4114285714285714,25.28472889648305
-0.14745298892911046,-0.13408163265306122,0.4793469387755102,26.558375446666183
-0.14745298892911046,-0.13408163265306122,0.5472653061224491,27.403117429365558
-0.14745298892911046,-0.13408163265306122,0.6151836734693878,27.941484176026957
-0.14745298892911046,-0.13408163265306122,0.6831020408163266,28.270258875133873
-0.14745298892911046,-0.13408163265306122,0.7510204081632652,28.460690791961735
-0.14745298892911046,-0.13408163265306122,0.818938775510204,28.5617730665984
-0.14745298892911046,-0.13408163265306122,0.8868571428571428,28.60505932302926
-0.14745298892911046,-0.13408163265306122,0.9547755102040816,28.609434681718444
-0.14745298892911046,-0.13408163265306122,1.0226938775510204,28.5852614279874
-0.14745298892911046,-0.13408163265306122,1.0906122448979592,28.537591366163483
-0.14745298892911046,-0.13408163265306122,1.158530612244898,28.46847020406412
-0.14745298892911046,-0.13408163265306122,1.2264489795918367,28.378466810764973
-0.14745298892911046,-0.13408163265306122,1.2943673469387755,28.267610230786314
-0.14745298892911046,-0.13408163265306122,1.3622857142857143,28.135935623073472
-0.14745298892911046,-0.13408163265306122,1.4302040816326531,27.983724594161124
-0.14745298892911046,-0.13408163265306122,1.498122448979592,27.811600246574258
-0.14745298892911046,-0.13408163265306122,1.5660408163265305,27.62051764044058
-0.14745298892911046,-0.13408163265306122,1.6339591836734693,27.41172922520781
-0.14745298892911046,-0.13408163265306122,1.701877551020408,27.186633798297574
-0.14745298892911046,-0.13408163265306122,1.7697959183673468,26.946816500340912
-0.14745298892911046,-0.13408163265306122,1.8377142857142856,26.69391306346416
-0.14745298892911046,-0.13408163265306122,1.9056326530612244,26.42956231595513
-0.14745298892911046,-0.13408163265306122,1.9735510204081632,26.155370688506753
-0.14745298892911046,-0.13408163265306122,2.041469387755102,25.87288558137406
-0.14745298892911046,-0.13408163265306122,2.109387755102041,25.58356154948295
-0.14745298892911046,-0.13408163265306122,2.1773061224489796,25.288755602438034
-0.14745298892911046,-0.13408163265306122,2.2452244897959184,24.989716025711108
-0.14745298892911046,-0.13408163265306122,2.313142857142857,24.687582897810277
-0.14745298892911046,-0.13408163265306122,2.381061224489796,24.383382685222212
-0.14745298892911046,-0.13408163265306122,2.4489795918367347,24.07804052460823
-0.14745298892911046,-0.13408163265306122,2.5168979591836735,23.772378708903044
-0.14745298892911046,-0.13408163265306122,2.5848163265306123,23.46712442541569
-0.14745298892911046,-0.13408163265306122,2.652734693877551,23.162918899516693
-0.14745298892911046,-0.13408163265306122,2.72065306122449,22.86032119043901
-0.14745298892911046,-0.13408163265306122,2.7885714285714287,22.559818243411673
-0.14745298892911046,-0.13408163265306122,2.8564897959183675,22.261830666948384
-0.14745298892911046,-0.13408163265306122,2.9244081632653063,21.96669699622711
-0.14745298892911046,-0.13408163265306122,2.992326530612245,21.674765385632398
-0.14745298892911046,-0.13408163265306122,3.060244897959184,21.386271596056165
-0.14745298892911046,-0.13408163265306122,3.1281632653061227,21.101428344432787
-0.14745298892911046,-0.13408163265306122,3.196081632653061,20.820415087745225
-0.14745298892911046,-0.13408163265306122,3.2640000000000002,20.54337365289665
-0.14745298892911046,-0.12771428571428572,-0.064,-5.584501047587598
-0.14745298892911046,-0.12771428571428572,0.003918367346938775,1.267772848164508
-0.14745298892911046,-0.12771428571428572,0.07183673469387755,7.366101762232737
-0.14745298892911046,-0.12771428571428572,0.13975510204081631,12.576925984603099
-0.14745298892911046,-0.12771428571428572,0.2076734693877551,16.85221830026492
-0.14745298892911046,-0.12771428571428572,0.2755918367346939,20.222441018282574
-0.14745298892911046,-0.12771428571428572,0.34351020408163263,22.77787685600791
-0.14745298892911046,-0.12771428571428572,0.4114285714285714,24.644486540031398
-0.14745298892911046,-0.12771428571428572,0.4793469387755102,25.960280520769164
-0.14745298892911046,-0.12771428571428572,0.5472653061224491,26.856942417599438
-0.14745298892911046,-0.12771428571428572,0.6151836734693878,27.448141027832158
-0.14745298892911046,-0.12771428571428572,0.6831020408163266,27.82451424472422
-0.14745298892911046,-0.12771428571428572,0.7510204081632652,28.053678985239955
-0.14745298892911046,-0.12771428571428572,0.818938775510204,28.18304233108778
-0.14745298892911046,-0.12771428571428572,0.8868571428571428,28.244054267773574
-0.14745298892911046,-0.12771428571428572,0.9547755102040816,28.256464603280786
-0.14745298892911046,-0.12771428571428572,1.0226938775510204,28.232021163072393
-0.14745298892911046,-0.12771428571428572,1.0906122448979592,28.177371914406983
-0.14745298892911046,-0.12771428571428572,1.158530612244898,28.096151315466468
-0.14745298892911046,-0.12771428571428572,1.2264489795918367,27.99038453017723
-0.14745298892911046,-0.12771428571428572,1.2943673469387755,27.861371915962824
-0.14745298892911046,-0.12771428571428572,1.3622857142857143,27.71019575971344
-0.14745298892911046,-0.12771428571428572,1.4302040816326531,27.53797578562347
-0.14745298892911046,-0.12771428571428572,1.498122448979592,27.346005387161323
-0.14745298892911046,-0.12771428571428572,1.5660408163265305,27.135681405187146
-0.14745298892911046,-0.12771428571428572,1.6339591836734693,26.908606808875447
-0.14745298892911046,-0.12771428571428572,1.701877551020408,26.666450042749794
-0.14745298892911046,-0.12771428571428572,1.7697959183673468,26.410925142203137
-0.14745298892911046,-0.12771428571428572,1.8377142857142856,26.14374336070175
-0.14745298892911046,-0.12771428571428572,1.9056326530612244,25.8665713358461
-0.14745298892911046,-0.12771428571428572,1.9735510204081632,25.58100906439625
-0.14745298892911046,-0.12771428571428572,2.041469387755102,25.288557890416318
-0.14745298892911046,-0.12771428571428572,2.109387755102041,24.990619399356696
-0.14745298892911046,-0.12771428571428572,2.1773061224489796,24.688479554133252
-0.14745298892911046,-0.12771428571428572,2.2452244897959184,24.3833076564079
-0.14745298892911046,-0.12771428571428572,2.313142857142857,24.076165828059086
-0.14745298892911046,-0.12771428571428572,2.381061224489796,23.767996199149895
-0.14745298892911046,-0.12771428571428572,2.4489795918367347,23.459642012026244
-0.14745298892911046,-0.12771428571428572,2.5168979591836735,23.151848836640266
-0.14745298892911046,-0.12771428571428572,2.5848163265306123,22.845267057574333
-0.14745298892911046,-0.12771428571428572,2.652734693877551,22.540467207771233
-0.14745298892911046,-0.12771428571428572,2.72065306122449,22.237940660351224
-0.14745298892911046,-0.12771428571428572,2.7885714285714287,21.938091635619628
-0.14745298892911046,-0.12771428571428572,2.8564897959183675,21.641323718115316
-0.14745298892911046,-0.12771428571428572,2.9244081632653063,21.347921009238984
-0.14745298892911046,-0.12771428571428572,2.992326530612245,21.058139865511023
-0.14745298892911046,-0.12771428571428572,3.060244897959184,20.77219233408167
-0.14745298892911046,-0.12771428571428572,3.1281632653061227,20.49024965934641
-0.14745298892911046,-0.12771428571428572,3.196081632653061,20.212450138426405
-0.14745298892911046,-0.12771428571428572,3.2640000000000002,19.93890285480923
-0.14745298892911046,-0.1213469387755102,-0.064,-5.344450167048302
-0.14745298892911046,-0.1213469387755102,0.003918367346938775,1.2117304491095673
-0.14745298892911046,-0.1213469387755102,0.07183673469387755,7.066189639158836
-0.14745298892911046,-0.1213469387755102,0.13975510204081631,12.094769677850719
-0.14745298892911046,-0.1213469387755102,0.2076734693877551,16.25168441426656
-0.14745298892911046,-0.1213469387755102,0.2755918367346939,19.56265390143049
-0.14745298892911046,-0.1213469387755102,0.34351020408163263,22.10785079251896
-0.14745298892911046,-0.1213469387755102,0.4114285714285714,24.000163994748963
-0.14745298892911046,-0.1213469387755102,0.4793469387755102,25.364043760334223
-0.14745298892911046,-0.1213469387755102,0.5472653061224491,26.319048460555333
-0.14745298892911046,-0.1213469387755102,0.6151836734693878,26.969287682740283
-0.14745298892911046,-0.1213469387755102,0.6831020408163266,27.39877850334324
-0.14745298892911046,-0.1213469387755102,0.7510204081632652,27.67117102527125
-0.14745298892911046,-0.1213469387755102,0.818938775510204,27.83223411303165
-0.14745298892911046,-0.1213469387755102,0.8868571428571428,27.913314452264476
-0.14745298892911046,-0.1213469387755102,0.9547755102040816,27.935108153862334
-0.14745298892911046,-0.1213469387755102,1.0226938775510204,27.910876730840997
-0.14745298892911046,-0.1213469387755102,1.0906122448979592,27.849003025254806
-0.14745298892911046,-0.1213469387755102,1.158530612244898,27.75485646659824
-0.14745298892911046,-0.1213469387755102,1.2264489795918367,27.63205260325276
-0.14745298892911046,-0.1213469387755102,1.2943673469387755,27.4832740190071
-0.14745298892911046,-0.1213469387755102,1.3622857142857143,27.31075024604623
-0.14745298892911046,-0.1213469387755102,1.4302040816326531,27.11654502523806
-0.14745298892911046,-0.1213469387755102,1.498122448979592,26.902612070390884
-0.14745298892911046,-0.1213469387755102,1.5660408163265305,26.670941675271873
-0.14745298892911046,-0.1213469387755102,1.6339591836734693,26.423505543523465
-0.14745298892911046,-0.1213469387755102,1.701877551020408,26.162239901591406
-0.14745298892911046,-0.1213469387755102,1.7697959183673468,25.889028689204878
-0.14745298892911046,-0.1213469387755102,1.8377142857142856,25.60567527261984
-0.14745298892911046,-0.1213469387755102,1.9056326530612244,25.31388619690954
-0.14745298892911046,-0.1213469387755102,1.9735510204081632,25.015255402668718
-0.14745298892911046,-0.1213469387755102,2.041469387755102,24.711250660996775
-0.14745298892911046,-0.1213469387755102,2.109387755102041,24.403212704177108
-0.14745298892911046,-0.1213469387755102,2.1773061224489796,24.092359043071003
-0.14745298892911046,-0.1213469387755102,2.2452244897959184,23.779779922541888
-0.14745298892911046,-0.1213469387755102,2.313142857142857,23.466445984797517
-0.14745298892911046,-0.1213469387755102,2.381061224489796,23.15321818870314
-0.14745298892911046,-0.1213469387755102,2.4489795918367347,22.840852999192347
-0.14745298892911046,-0.1213469387755102,2.5168979591836735,22.530010876533147
-0.14745298892911046,-0.1213469387755102,2.5848163265306123,22.22126195073712
-0.14745298892911046,-0.1213469387755102,2.652734693877551,21.915100633236715
-0.14745298892911046,-0.1213469387755102,2.72065306122449,21.61192485669095
-0.14745298892911046,-0.1213469387755102,2.7885714285714287,21.31213501723705
-0.14745298892911046,-0.1213469387755102,2.8564897959183675,21.016005343846484
-0.14745298892911046,-0.1213469387755102,2.9244081632653063,20.723787152452328
-0.14745298892911046,-0.1213469387755102,2.992326530612245,20.43568070721703
-0.14745298892911046,-0.1213469387755102,3.060244897959184,20.151845652426015
-0.14745298892911046,-0.1213469387755102,3.1281632653061227,19.87241318716248
-0.14745298892911046,-0.1213469387755102,3.196081632653061,19.597476689431943
-0.14745298892911046,-0.1213469387755102,3.2640000000000002,19.327106491663205
-0.14745298892911046,-0.1149795918367347,-0.064,-5.107185409220602
-0.14745298892911046,-0.1149795918367347,0.003918367346938775,1.154099277754597
-0.14745298892911046,-0.1149795918367347,0.07183673469387755,6.762207822427448
-0.14745298892911046,-0.1149795918367347,0.13975510204081631,11.60683268658546
-0.14745298892911046,-0.1149795918367347,0.2076734693877551,15.647299513037842
-0.14745298892911046,-0.1149795918367347,0.2755918367346939,18.90549961716607
-0.14745298892911046,-0.1149795918367347,0.34351020408163263,21.450808871158774
-0.14745298892911046,-0.1149795918367347,0.4114285714285714,23.381512850838625
-0.14745298892911046,-0.1149795918367347,0.4793469387755102,24.806834027189947
-0.14745298892911046,-0.1149795918367347,0.5472653061224491,25.832850699694685
-0.14745298892911046,-0.1149795918367347,0.6151836734693878,26.5532384748468
-0.14745298892911046,-0.1149795918367347,0.6831020408163266,27.04495675312613
-0.14745298892911046,-0.1149795918367347,0.7510204081632652,27.367674481682165
-0.14745298892911046,-0.1149795918367347,0.818938775510204,27.565515943321802
-0.14745298892911046,-0.1149795918367347,0.8868571428571428,27.669999831126248
-0.14745298892911046,-0.1149795918367347,0.9547755102040816,27.702990788073976
-0.14745298892911046,-0.1149795918367347,1.0226938775510204,27.679501307024672
-0.14745298892911046,-0.1149795918367347,1.0906122448979592,27.60987421575872
-0.14745298892911046,-0.1149795918367347,1.158530612244898,27.501405803264884
-0.14745298892911046,-0.1149795918367347,1.2264489795918367,27.359479867772055
-0.14745298892911046,-0.1149795918367347,1.2943673469387755,27.18833046089826
-0.14745298892911046,-0.1149795918367347,1.3622857142857143,26.99143139483427
-0.14745298892911046,-0.1149795918367347,1.4302040816326531,26.77188303286875
-0.14745298892911046,-0.1149795918367347,1.498122448979592,26.53248602158752
-0.14745298892911046,-0.1149795918367347,1.5660408163265305,26.275831979565687
-0.14745298892911046,-0.1149795918367347,1.6339591836734693,26.004344887543194
-0.14745298892911046,-0.1149795918367347,1.701877551020408,25.72027791195916
-0.14745298892911046,-0.1149795918367347,1.7697959183673468,25.4257311306474
-0.14745298892911046,-0.1149795918367347,1.8377142857142856,25.12263541172193
-0.14745298892911046,-0.1149795918367347,1.9056326530612244,24.81276069758273
-0.14745298892911046,-0.1149795918367347,1.9735510204081632,24.497711588682034
-0.14745298892911046,-0.1149795918367347,2.041469387755102,24.178935448686044
-0.14745298892911046,-0.1149795918367347,2.109387755102041,23.857727020049754
-0.14745298892911046,-0.1149795918367347,2.1773061224489796,23.53523139895454
-0.14745298892911046,-0.1149795918367347,2.2452244897959184,23.212462062381448
-0.14745298892911046,-0.1149795918367347,2.313142857142857,22.89030614386216
-0.14745298892911046,-0.1149795918367347,2.381061224489796,22.56953371883974
-0.14745298892911046,-0.1149795918367347,2.4489795918367347,22.250814882307512
-0.14745298892911046,-0.1149795918367347,2.5168979591836735,21.93471684520554
-0.14745298892911046,-0.1149795918367347,2.5848163265306123,21.62172878215231
-0.14745298892911046,-0.1149795918367347,2.652734693877551,21.312237577375786
-0.14745298892911046,-0.1149795918367347,2.72065306122449,21.006629099861758
-0.14745298892911046,-0.1149795918367347,2.7885714285714287,20.705163209219364
-0.14745298892911046,-0.1149795918367347,2.8564897959183675,20.40807130158246
-0.14745298892911046,-0.1149795918367347,2.9244081632653063,20.115532915614786
-0.14745298892911046,-0.1149795918367347,2.992326530612245,19.827695389775283
-0.14745298892911046,-0.1149795918367347,3.060244897959184,19.544660067577656
-0.14745298892911046,-0.1149795918367347,3.1281632653061227,19.266506585781272
-0.14745298892911046,-0.1149795918367347,3.196081632653061,18.993282983406903
-0.14745298892911046,-0.1149795918367347,3.2640000000000002,18.725013009154157
-0.14745298892911046,-0.10861224489795918,-0.064,-4.873001502502491
-0.14745298892911046,-0.10861224489795918,0.003918367346938775,1.0948817209439046
-0.14745298892911046,-0.10861224489795918,0.07183673469387755,6.454538147986431
-0.14745298892911046,-0.10861224489795918,0.13975510204081631,11.11542840679832
-0.14745298892911046,-0.10861224489795918,0.2076734693877551,15.045114286105665
-0.14745298892911046,-0.10861224489795918,0.2755918367346939,18.26177720259808
-0.14745298892911046,-0.10861224489795918,0.34351020408163263,20.82207226637693
-0.14745298892911046,-0.10861224489795918,0.4114285714285714,22.80708799708941
-0.14745298892911046,-0.10861224489795918,0.4793469387755102,24.308627200998572
-0.14745298892911046,-0.10861224489795918,0.5472653061224491,25.418012616443797
-0.14745298892911046,-0.10861224489795918,0.6151836734693878,26.218090108257385
-0.14745298892911046,-0.10861224489795918,0.6831020408163266,26.77895795979909
-0.14745298892911046,-0.10861224489795918,0.7510204081632652,27.15676007155124
-0.14745298892911046,-0.10861224489795918,0.818938775510204,27.394572689865466
-0.14745298892911046,-0.10861224489795918,0.8868571428571428,27.52443262658223
-0.14745298892911046,-0.10861224489795918,0.9547755102040816,27.569703265857434
-0.14745298892911046,-0.10861224489795918,1.0226938775510204,27.547391194277637
-0.14745298892911046,-0.10861224489795918,1.0906122448979592,27.46989563642867
-0.14745298892911046,-0.10861224489795918,1.158530612244898,27.346528427911316
-0.14745298892911046,-0.10861224489795918,1.2264489795918367,27.18444456778751
-0.14745298892911046,-0.10861224489795918,1.2943673469387755,26.989444583622564
-0.14745298892911046,-0.10861224489795918,1.3622857142857143,26.766355710894487
-0.14745298892911046,-0.10861224489795918,1.4302040816326531,26.519333282061044
-0.14745298892911046,-0.10861224489795918,1.498122448979592,26.25203001004536
-0.14745298892911046,-0.10861224489795918,1.5660408163265305,25.96770425892351
-0.14745298892911046,-0.10861224489795918,1.6339591836734693,25.669275501793802
-0.14745298892911046,-0.10861224489795918,1.701877551020408,25.359365596650647
-0.14745298892911046,-0.10861224489795918,1.7697959183673468,25.04033018776859
-0.14745298892911046,-0.10861224489795918,1.8377142857142856,24.714271264652577
-0.14745298892911046,-0.10861224489795918,1.9056326530612244,24.383054547910113
-0.14745298892911046,-0.10861224489795918,1.9735510204081632,24.048331939529014
-0.14745298892911046,-0.10861224489795918,2.041469387755102,23.711552519493708
-0.14745298892911046,-0.10861224489795918,2.109387755102041,23.373985783711586
-0.14745298892911046,-0.10861224489795918,2.1773061224489796,23.036730372317876
-0.14745298892911046,-0.10861224489795918,2.2452244897959184,22.70073496759519
-0.14745298892911046,-0.10861224489795918,2.313142857142857,22.366811534398185
-0.14745298892911046,-0.10861224489795918,2.381061224489796,22.03565171659004
-0.14745298892911046,-0.10861224489795918,2.4489795918367347,21.70783657943445
-0.14745298892911046,-0.10861224489795918,2.5168979591836735,21.38385295753912
-0.14745298892911046,-0.10861224489795918,2.5848163265306123,21.06408309970249
-0.14745298892911046,-0.10861224489795918,2.652734693877551,20.748897377800333
-0.14745298892911046,-0.10861224489795918,2.72065306122449,20.438536658851785
-0.14745298892911046,-0.10861224489795918,2.7885714285714287,20.133208211413262
-0.14745298892911046,-0.10861224489795918,2.8564897959183675,19.833069255769136
-0.14745298892911046,-0.10861224489795918,2.9244081632653063,19.53823844572727
-0.14745298892911046,-0.10861224489795918,2.992326530612245,19.248791400838776
-0.14745298892911046,-0.10861224489795918,3.060244897959184,18.96477680268602
-0.14745298892911046,-0.10861224489795918,3.1281632653061227,18.68621569337597
-0.14745298892911046,-0.10861224489795918,3.196081632653061,18.413105521059663
-0.14745298892911046,-0.10861224489795918,3.2640000000000002,18.14542236924311
-0.14745298892911046,-0.10224489795918368,-0.064,-4.642203844019448
-0.14745298892911046,-0.10224489795918368,0.003918367346938775,1.0340787818381054
-0.14745298892911046,-0.10224489795918368,0.07183673469387755,6.143547127000413
-0.14745298892911046,-0.10224489795918368,0.13975510204081631,10.622638625195107
-0.14745298892911046,-0.10224489795918368,0.2076734693877551,14.450072240795267
-0.14745298892911046,-0.10224489795918368,0.2755918367346939,17.639107144785903
-0.14745298892911046,-0.10224489795918368,0.34351020408163263,20.230159951328208
-0.14745298892911046,-0.10224489795918368,0.4114285714285714,22.283490587181575
-0.14745298892911046,-0.10224489795918368,0.4793469387755102,23.871217554660543
-0.14745298892911046,-0.10224489795918368,0.5472653061224491,25.069333459736292
-0.14745298892911046,-0.10224489795918368,0.6151836734693878,25.95057579633815
-0.14745298892911046,-0.10224489795918368,0.6831020408163266,26.57953327550563
-0.14745298892911046,-0.10224489795918368,0.7510204081632652,27.010207663859177
-0.14745298892911046,-0.10224489795918368,0.818938775510204,27.285699592339345
-0.14745298892911046,-0.10224489795918368,0.8868571428571428,27.439283999028895
-0.14745298892911046,-0.10224489795918368,0.9547755102040816,27.49613983701536
-0.14745298892911046,-0.10224489795918368,1.0226938775510204,27.475205517641967
-0.14745298892911046,-0.10224489795918368,1.0906122448979592,27.390817093788378
-0.14745298892911046,-0.10224489795918368,1.158530612244898,27.254026725592055
-0.14745298892911046,-0.10224489795918368,1.2264489795918367,27.073581511315954
-0.14745298892911046,-0.10224489795918368,1.2943673469387755,26.856602532425722
-0.14745298892911046,-0.10224489795918368,1.3622857142857143,26.609046424078954
-0.14745298892911046,-0.10224489795918368,1.4302040816326531,26.336008718606507
-0.14745298892911046,-0.10224489795918368,1.498122448979592,26.041904874657437
-0.14745298892911046,-0.10224489795918368,1.5660408163265305,25.730612251047983
-0.14745298892911046,-0.10224489795918368,1.6339591836734693,25.40553797610281
-0.14745298892911046,-0.10224489795918368,1.701877551020408,25.069681304446664
-0.14745298892911046,-0.10224489795918368,1.7697959183673468,24.72567537209881
-0.14745298892911046,-0.10224489795918368,1.8377142857142856,24.375825894021258
-0.14745298892911046,-0.10224489795918368,1.9056326530612244,24.02214191842489
-0.14745298892911046,-0.10224489795918368,1.9735510204081632,23.66636235167969
-0.14745298892911046,-0.10224489795918368,2.041469387755102,23.309986964835765
-0.14745298892911046,-0.10224489795918368,2.109387755102041,22.954295039759504
-0.14745298892911046,-0.10224489795918368,2.1773061224489796,22.600378215131006
-0.14745298892911046,-0.10224489795918368,2.2452244897959184,22.24915140948074
-0.14745298892911046,-0.10224489795918368,2.313142857142857,21.90138544846517
-0.14745298892911046,-0.10224489795918368,2.381061224489796,21.557715222760866
-0.14745298892911046,-0.10224489795918368,2.4489795918367347,21.218661137682847
-0.14745298892911046,-0.10224489795918368,2.5168979591836735,20.884626493313732
-0.14745298892911046,-0.10224489795918368,2.5848163265306123,20.555983907038506
-0.14745298892911046,-0.10224489795918368,2.652734693877551,20.232972812824308
-0.14745298892911046,-0.10224489795918368,2.72065306122449,19.91578763039502
-0.14745298892911046,-0.10224489795918368,2.7885714285714287,19.604569831720983
-0.14745298892911046,-0.10224489795918368,2.8564897959183675,19.29941015082912
-0.14745298892911046,-0.10224489795918368,2.9244081632653063,19.00036366342648
-0.14745298892911046,-0.10224489795918368,2.992326530612245,18.70744782377306
-0.14745298892911046,-0.10224489795918368,3.060244897959184,18.42065341713498
-0.14745298892911046,-0.10224489795918368,3.1281632653061227,18.139950638786352
-0.14745298892911046,-0.10224489795918368,3.196081632653061,17.86528313219284
-0.14745298892911046,-0.10224489795918368,3.2640000000000002,17.596585491257454
-0.14745298892911046,-0.09587755102040818,-0.064,-4.415100295908759
-0.14745298892911046,-0.09587755102040818,0.003918367346938775,0.9716896033148777
-0.14745298892911046,-0.09587755102040818,0.07183673469387755,5.829583952229338
-0.14745298892911046,-0.09587755102040818,0.13975510204081631,10.130297668669845
-0.14745298892911046,-0.09587755102040818,0.2076734693877551,13.865954269079541
-0.14745298892911046,-0.09587755102040818,0.2755918367346939,17.041772237140343
-0.14745298892911046,-0.09587755102040818,0.34351020408163263,19.67651198390796
-0.14745298892911046,-0.09587755102040818,0.4114285714285714,21.805097047405418
-0.14745298892911046,-0.09587755102040818,0.4793469387755102,23.478160115223357
-0.14745298892911046,-0.09587755102040818,0.5472653061224491,24.75710004795728
-0.14745298892911046,-0.09587755102040818,0.6151836734693878,25.707020468117598
-0.14745298892911046,-0.09587755102040818,0.6831020408163266,26.389918778807058
-0.14745298892911046,-0.09587755102040818,0.7510204081632652,26.860194675660384
-0.14745298892911046,-0.09587755102040818,0.818938775510204,27.16270139656268
-0.14745298892911046,-0.09587755102040818,0.8868571428571428,27.33283572033113
-0.14745298892911046,-0.09587755102040818,0.9547755102040816,27.397752953353425
-0.14745298892911046,-0.09587755102040818,1.0226938775510204,27.37804690222337
-0.14745298892911046,-0.09587755102040818,1.0906122448979592,27.28939422669444
-0.14745298892911046,-0.09587755102040818,1.158530612244898,27.143918096236764
-0.14745298892911046,-0.09587755102040818,1.2264489795918367,26.95124123938457
-0.14745298892911046,-0.09587755102040818,1.2943673469387755,26.719219721397483
-0.14745298892911046,-0.09587755102040818,1.3622857142857143,26.454444246399675
-0.14745298892911046,-0.09587755102040818,1.4302040816326531,26.162557199428818
-0.14745298892911046,-0.09587755102040818,1.498122448979592,25.848468418198177
-0.14745298892911046,-0.09587755102040818,1.5660408163265305,25.51647877434743
-0.14745298892911046,-0.09587755102040818,1.6339591836734693,25.17036938675216
-0.14745298892911046,-0.09587755102040818,1.701877551020408,24.813459105241638
-0.14745298892911046,-0.09587755102040818,1.7697959183673468,24.448647631116348
-0.14745298892911046,-0.09587755102040818,1.8377142857142856,24.078465410497163
-0.14745298892911046,-0.09587755102040818,1.9056326530612244,23.705100831788247
-0.14745298892911046,-0.09587755102040818,1.9735510204081632,23.330431606642716
-0.14745298892911046,-0.09587755102040818,2.041469387755102,22.95606029631016
-0.14745298892911046,-0.09587755102040818,2.109387755102041,22.583344602523656
-0.14745298892911046,-0.09587755102040818,2.1773061224489796,22.213422277082653
-0.14745298892911046,-0.09587755102040818,2.2452244897959184,21.847241510215262
-0.14745298892911046,-0.09587755102040818,2.313142857142857,21.485578928445864
-0.14745298892911046,-0.09587755102040818,2.381061224489796,21.12904622130964
-0.14745298892911046,-0.09587755102040818,2.4489795918367347,20.778188240264914
-0.14745298892911046,-0.09587755102040818,2.5168979591836735,20.433378999570238
-0.14745298892911046,-0.09587755102040818,2.5848163265306123,20.094921417973236
-0.14745298892911046,-0.09587755102040818,2.652734693877551,19.763035994330668
-0.14745298892911046,-0.09587755102040818,2.72065306122449,19.437879192266593
-0.14745298892911046,-0.09587755102040818,2.7885714285714287,19.11954322810375
-0.14745298892911046,-0.09587755102040818,2.8564897959183675,18.808078587700308
-0.14745298892911046,-0.09587755102040818,2.9244081632653063,18.503493597701333
-0.14745298892911046,-0.09587755102040818,2.992326530612245,18.20576135672908
-0.14745298892911046,-0.09587755102040818,3.060244897959184,17.914827355068688
-0.14745298892911046,-0.09587755102040818,3.1281632653061227,17.630619572159755
-0.14745298892911046,-0.09587755102040818,3.196081632653061,17.353039275868927
-0.14745298892911046,-0.09587755102040818,3.2640000000000002,17.081979878893012
-0.14745298892911046,-0.08951020408163265,-0.064,-4.192006722904941
-0.14745298892911046,-0.08951020408163265,0.003918367346938775,0.9077161668989793
-0.14745298892911046,-0.08951020408163265,0.07183673469387755,5.512983263577346
-0.14745298892911046,-0.08951020408163265,0.13975510204081631,9.639989128442338
-0.14745298892911046,-0.08951020408163265,0.2076734693877551,13.29532184003305
-0.14745298892911046,-0.08951020408163265,0.2755918367346939,16.470609128531677
-0.14745298892911046,-0.08951020408163265,0.34351020408163263,19.15546231970318
-0.14745298892911046,-0.08951020408163265,0.4114285714285714,21.35438992819354
-0.14745298892911046,-0.08951020408163265,0.4793469387755102,23.095637657738408
-0.14745298892911046,-0.08951020408163265,0.5472653061224491,24.428885686064916
-0.14745298892911046,-0.08951020408163265,0.6151836734693878,25.416246075902105
-0.14745298892911046,-0.08951020408163265,0.6831020408163266,26.12189382267521
-0.14745298892911046,-0.08951020408163265,0.7510204081632652,26.60439329727634
-0.14745298892911046,-0.08951020408163265,0.818938775510204,26.91271301575199
-0.14745298892911046,-0.08951020408163265,0.8868571428571428,27.085355447914136
-0.14745298892911046,-0.08951020408163265,0.9547755102040816,27.151396085103418
-0.14745298892911046,-0.08951020408163265,1.0226938775510204,27.132342204147683
-0.14745298892911046,-0.08951020408163265,1.0906122448979592,27.04409663049876
-0.14745298892911046,-0.08951020408163265,1.158530612244898,26.898631334001426
-0.14745298892911046,-0.08951020408163265,1.2264489795918367,26.705253211680997
-0.14745298892911046,-0.08951020408163265,1.2943673469387755,26.47150543464663
-0.14745298892911046,-0.08951020408163265,1.3622857142857143,26.2037378118366
-0.14745298892911046,-0.08951020408163265,1.4302040816326531,25.907459083764138
-0.14745298892911046,-0.08951020408163265,1.498122448979592,25.587548008608678
-0.14745298892911046,-0.08951020408163265,1.5660408163265305,25.248366483882446
-0.14745298892911046,-0.08951020408163265,1.6339591836734693,24.893820184196457
-0.14745298892911046,-0.08951020408163265,1.701877551020408,24.527405664881393
-0.14745298892911046,-0.08951020408163265,1.7697959183673468,24.152222843775142
-0.14745298892911046,-0.08951020408163265,1.8377142857142856,23.771007056332373
-0.14745298892911046,-0.08951020408163265,1.9056326530612244,23.386149271104593
-0.14745298892911046,-0.08951020408163265,1.9735510204081632,22.999723473535223
-0.14745298892911046,-0.08951020408163265,2.041469387755102,22.61350519476605
-0.14745298892911046,-0.08951020408163265,2.109387755102041,22.229005437433756
-0.14745298892911046,-0.08951020408163265,2.1773061224489796,21.847495409894357
-0.14745298892911046,-0.08951020408163265,2.2452244897959184,21.4700316196473
-0.14745298892911046,-0.08951020408163265,2.313142857142857,21.09746020346193
-0.14745298892911046,-0.08951020408163265,2.381061224489796,20.730528698081468
-0.14745298892911046,-0.08951020408163265,2.4489795918367347,20.369772046472505
-0.14745298892911046,-0.08951020408163265,2.5168979591836735,20.01562562937659
-0.14745298892911046,-0.08951020408163265,2.5848163265306123,19.668416357588494
-0.14745298892911046,-0.08951020408163265,2.652734693877551,19.328382784620747
-0.14745298892911046,-0.08951020408163265,2.72065306122449,18.995686084580097
-0.14745298892911046,-0.08951020408163265,2.7885714285714287,18.67041849735498
-0.14745298892911046,-0.08951020408163265,2.8564897959183675,18.352621821247425
-0.14745298892911046,-0.08951020408163265,2.9244081632653063,18.042294937640964
-0.14745298892911046,-0.08951020408163265,2.992326530612245,17.739389088339188
-0.14745298892911046,-0.08951020408163265,3.060244897959184,17.443840410298957
-0.14745298892911046,-0.08951020408163265,3.1281632653061227,17.155543850568996
-0.14745298892911046,-0.08951020408163265,3.196081632653061,16.874387627768634
-0.14745298892911046,-0.08951020408163265,3.2640000000000002,16.600236124059762
-0.14745298892911046,-0.08314285714285716,-0.064,-3.973245596183313
-0.14745298892911046,-0.08314285714285716,0.003918367346938775,0.8421584602549038
-0.14745298892911046,-0.08314285714285716,0.07183673469387755,5.194059252278546
-0.14745298892911046,-0.08314285714285716,0.13975510204081631,9.15303187731495
-0.14745298892911046,-0.08314285714285716,0.2076734693877551,12.739489553935334
-0.14745298892911046,-0.08314285714285716,0.2755918367346939,15.923015498500671
-0.14745298892911046,-0.08314285714285716,0.34351020408163263,18.65443146796758
-0.14745298892911046,-0.08314285714285716,0.4114285714285714,20.902585461558516
-0.14745298892911046,-0.08314285714285716,0.4793469387755102,22.674172547437696
-0.14745298892911046,-0.08314285714285716,0.5472653061224491,24.01253391278876
-0.14745298892911046,-0.08314285714285716,0.6151836734693878,24.98398459644346
-0.14745298892911046,-0.08314285714285716,0.6831020408163266,25.6615854811384
-0.14745298892911046,-0.08314285714285716,0.7510204081632652,26.113015234075522
-0.14745298892911046,-0.08314285714285716,0.818938775510204,26.394193895040708
-0.14745298892911046,-0.08314285714285716,0.8868571428571428,26.54771563860315
-0.14745298892911046,-0.08314285714285716,0.9547755102040816,26.60417020038225
-0.14745298892911046,-0.08314285714285716,1.0226938775510204,26.58472036811544
-0.14745298892911046,-0.08314285714285716,1.0906122448979592,26.50380084105549
-0.14745298892911046,-0.08314285714285716,1.158530612244898,26.37141626623648
-0.14745298892911046,-0.08314285714285716,1.2264489795918367,26.19484553091092
-0.14745298892911046,-0.08314285714285716,1.2943673469387755,25.979793083406275
-0.14745298892911046,-0.08314285714285716,1.3622857142857143,25.731094470131683
-0.14745298892911046,-0.08314285714285716,1.4302040816326531,25.453108373545362
-0.14745298892911046,-0.08314285714285716,1.498122448979592,25.149908540172003
-0.14745298892911046,-0.08314285714285716,1.5660408163265305,24.82534781032779
-0.14745298892911046,-0.08314285714285716,1.6339591836734693,24.48307022117106
-0.14745298892911046,-0.08314285714285716,1.701877551020408,24.126492035711795
-0.14745298892911046,-0.08314285714285716,1.7697959183673468,23.75876968122186
-0.14745298892911046,-0.08314285714285716,1.8377142857142856,23.382790034414473
-0.14745298892911046,-0.08314285714285716,1.9056326530612244,23.00114751333567
-0.14745298892911046,-0.08314285714285716,1.9735510204081632,22.61615128486148
-0.14745298892911046,-0.08314285714285716,2.041469387755102,22.229825572604636
-0.14745298892911046,-0.08314285714285716,2.109387755102041,21.84392660770509
-0.14745298892911046,-0.08314285714285716,2.1773061224489796,21.45995764682105
-0.14745298892911046,-0.08314285714285716,2.2452244897959184,21.079170168297185
-0.14745298892911046,-0.08314285714285716,2.313142857142857,20.70266993983592
-0.14745298892911046,-0.08314285714285716,2.381061224489796,20.331311248163935
-0.14745298892911046,-0.08314285714285716,2.4489795918367347,19.96580515318542
-0.14745298892911046,-0.08314285714285716,2.5168979591836735,19.60671530763391
-0.14745298892911046,-0.08314285714285716,2.5848163265306123,19.254480770169526
-0.14745298892911046,-0.08314285714285716,2.652734693877551,18.90943053489374
-0.14745298892911046,-0.08314285714285716,2.72065306122449,18.571801318980203
-0.14745298892911046,-0.08314285714285716,2.7885714285714287,18.24174997247098
-0.14745298892911046,-0.08314285714285716,2.8564897959183675,17.919367522402545
-0.14745298892911046,-0.08314285714285716,2.9244081632653063,17.604687936031763
-0.14745298892911046,-0.08314285714285716,2.992326530612245,17.297697301815703
-0.14745298892911046,-0.08314285714285716,3.060244897959184,16.99834587253406
-0.14745298892911046,-0.08314285714285716,3.1281632653061227,16.706548842865008
-0.14745298892911046,-0.08314285714285716,3.196081632653061,16.422200423652075
-0.14745298892911046,-0.08314285714285716,3.2640000000000002,16.145170772286402
-0.14745298892911046,-0.07677551020408163,-0.064,-3.7591423883659303
-0.14745298892911046,-0.07677551020408163,0.003918367346938775,0.7750174824115803
-0.14745298892911046,-0.07677551020408163,0.07183673469387755,4.8731100380403864
-0.14745298892911046,-0.07677551020408163,0.13975510204081631,8.670471255697025
-0.14745298892911046,-0.07677551020408163,0.2076734693877551,12.19850678860617
-0.14745298892911046,-0.07677551020408163,0.2755918367346939,15.392993122054921
-0.14745298892911046,-0.07677551020408163,0.34351020408163263,18.154331224062904
-0.14745298892911046,-0.07677551020408163,0.4114285714285714,20.410876620755367
-0.14745298892911046,-0.07677551020408163,0.4793469387755102,22.150955149081238
-0.14745298892911046,-0.07677551020408163,0.5472653061224491,23.419942750024905
-0.14745298892911046,-0.07677551020408163,0.6151836734693878,24.29820638629089
-0.14745298892911046,-0.07677551020408163,0.6831020408163266,24.87623962202706
-0.14745298892911046,-0.07677551020408163,0.7510204081632652,25.236762498820855
-0.14745298892911046,-0.07677551020408163,0.818938775510204,25.445798081491347
-0.14745298892911046,-0.07677551020408163,0.8868571428571428,25.55084692986686
-0.14745298892911046,-0.07677551020408163,0.9547755102040816,25.583191227419874
-0.14745298892911046,-0.07677551020408163,1.0226938775510204,25.56182094811856
-0.14745298892911046,-0.07677551020408163,1.0906122448979592,25.497416811971224
-0.14745298892911046,-0.07677551020408163,1.158530612244898,25.395631432783812
-0.14745298892911046,-0.07677551020408163,1.2264489795918367,25.259464085382252
-0.14745298892911046,-0.07677551020408163,1.2943673469387755,25.09080158175656
-0.14745298892911046,-0.07677551020408163,1.3622857142857143,24.89130489734783
-0.14745298892911046,-0.07677551020408163,1.4302040816326531,24.66284787562493
-0.14745298892911046,-0.07677551020408163,1.498122448979592,24.407657581747788
-0.14745298892911046,-0.07677551020408163,1.5660408163265305,24.128312073956245
-0.14745298892911046,-0.07677551020408163,1.6339591836734693,23.827642520697893
-0.14745298892911046,-0.07677551020408163,1.701877551020408,23.508615012781597
-0.14745298892911046,-0.07677551020408163,1.7697959183673468,23.174219730481436
-0.14745298892911046,-0.07677551020408163,1.8377142857142856,22.827374356896527
-0.14745298892911046,-0.07677551020408163,1.9056326530612244,22.470847626566627
-0.14745298892911046,-0.07677551020408163,1.9735510204081632,22.10720984520931
-0.14745298892911046,-0.07677551020408163,2.041469387755102,21.73880351174
-0.14745298892911046,-0.07677551020408163,2.109387755102041,21.36770184533617
-0.14745298892911046,-0.07677551020408163,2.1773061224489796,20.995800565858417
-0.14745298892911046,-0.07677551020408163,2.2452244897959184,20.624688026844137
-0.14745298892911046,-0.07677551020408163,2.313142857142857,20.255749536927578
-0.14745298892911046,-0.07677551020408163,2.381061224489796,19.89015629769704
-0.14745298892911046,-0.07677551020408163,2.4489795918367347,19.528894063902833
-0.14745298892911046,-0.07677551020408163,2.5168979591836735,19.17277056953984
-0.14745298892911046,-0.07677551020408163,2.5848163265306123,18.82244201792294
-0.14745298892911046,-0.07677551020408163,2.652734693877551,18.47843265621121
-0.14745298892911046,-0.07677551020408163,2.72065306122449,18.141146091231686
-0.14745298892911046,-0.07677551020408163,2.7885714285714287,17.810886501009026
-0.14745298892911046,-0.07677551020408163,2.8564897959183675,17.487871508334973
-0.14745298892911046,-0.07677551020408163,2.9244081632653063,17.17224091248798
-0.14745298892911046,-0.07677551020408163,2.992326530612245,16.864074501098724
-0.14745298892911046,-0.07677551020408163,3.060244897959184,16.563398261910827
-0.14745298892911046,-0.07677551020408163,3.1281632653061227,16.270195845423633
-0.14745298892911046,-0.07677551020408163,3.196081632653061,15.98441062284375
-0.14745298892911046,-0.07677551020408163,3.2640000000000002,15.705959724093518
-0.14745298892911046,-0.07040816326530613,-0.064,-3.550030051070922
-0.14745298892911046,-0.07040816326530613,0.003918367346938775,0.7062961920682528
-0.14745298892911046,-0.07040816326530613,0.07183673469387755,4.550415386326618
-0.14745298892911046,-0.07040816326530613,0.13975510204081631,8.193075222521369
-0.14745298892911046,-0.07040816326530613,0.2076734693877551,11.671155688670623
-0.14745298892911046,-0.07040816326530613,0.2755918367346939,14.871301430090314
-0.14745298892911046,-0.07040816326530613,0.34351020408163263,17.630154457986666
-0.14745298892911046,-0.07040816326530613,0.4114285714285714,19.83188640351334
-0.14745298892911046,-0.07040816326530613,0.4793469387755102,21.4525432596205
-0.14745298892911046,-0.07040816326530613,0.5472653061224491,22.55123242386302
-0.14745298892911046,-0.07040816326530613,0.6151836734693878,23.234726010505344
-0.14745298892911046,-0.07040816326530613,0.6831020408163266,23.621099711012313
-0.14745298892911046,-0.07040816326530613,0.7510204081632652,23.814754807418222
-0.14745298892911046,-0.07040816326530613,0.818938775510204,23.895046165426137
-0.14745298892911046,-0.07040816326530613,0.8868571428571428,23.91490901782418
-0.14745298892911046,-0.07040816326530613,0.9547755102040816,23.904992644252964
-0.14745298892911046,-0.07040816326530613,1.0226938775510204,23.879729221043508
-0.14745298892911046,-0.07040816326530613,1.0906122448979592,23.843182867767556
-0.14745298892911046,-0.07040816326530613,1.158530612244898,23.793737457059766
-0.14745298892911046,-0.07040816326530613,1.2264489795918367,23.72738555352684
-0.14745298892911046,-0.07040816326530613,1.2943673469387755,23.639800373424602
-0.14745298892911046,-0.07040816326530613,1.3622857142857143,23.527453530691307
-0.14745298892911046,-0.07040816326530613,1.4302040816326531,23.388093114438806
-0.14745298892911046,-0.07040816326530613,1.498122448979592,23.22083120180618
-0.14745298892911046,-0.07040816326530613,1.5660408163265305,23.025996880279973
-0.14745298892911046,-0.07040816326530613,1.6339591836734693,22.804907550306822
-0.14745298892911046,-0.07040816326530613,1.701877551020408,22.559594896775707
-0.14745298892911046,-0.07040816326530613,1.7697959183673468,22.2925668687382
-0.14745298892911046,-0.07040816326530613,1.8377142857142856,22.00659329841968
-0.14745298892911046,-0.07040816326530613,1.9056326530612244,21.704540214334255
-0.14745298892911046,-0.07040816326530613,1.9735510204081632,21.389241004805303
-0.14745298892911046,-0.07040816326530613,2.041469387755102,21.06338647105403
-0.14745298892911046,-0.07040816326530613,2.109387755102041,20.729551950365973
-0.14745298892911046,-0.07040816326530613,2.1773061224489796,20.390032530404863
-0.14745298892911046,-0.07040816326530613,2.2452244897959184,20.046909491618134
-0.14745298892911046,-0.07040816326530613,2.313142857142857,19.702028721028988
-0.14745298892911046,-0.07040816326530613,2.381061224489796,19.357005102259212
-0.14745298892911046,-0.07040816326530613,2.4489795918367347,19.01323433943186
-0.14745298892911046,-0.07040816326530613,2.5168979591836735,18.6719066518618
-0.14745298892911046,-0.07040816326530613,2.5848163265306123,18.334025646399805
-0.14745298892911046,-0.07040816326530613,2.652734693877551,18.00042840509923
-0.14745298892911046,-0.07040816326530613,2.72065306122449,17.67180207507075
-0.14745298892911046,-0.07040816326530613,2.7885714285714287,17.348699585051047
-0.14745298892911046,-0.07040816326530613,2.8564897959183675,17.031561867760132
-0.14745298892911046,-0.07040816326530613,2.9244081632653063,16.720722652968217
-0.14745298892911046,-0.07040816326530613,2.992326530612245,16.41643526432001
-0.14745298892911046,-0.07040816326530613,3.060244897959184,16.11887519587083
-0.14745298892911046,-0.07040816326530613,3.1281632653061227,15.828155388146907
-0.14745298892911046,-0.07040816326530613,3.196081632653061,15.544331440274146
-0.14745298892911046,-0.07040816326530613,3.2640000000000002,15.26742107790641
-0.14745298892911046,-0.06404081632653061,-0.064,-3.346245228126638
-0.14745298892911046,-0.06404081632653061,0.003918367346938775,0.635990918972761
-0.14745298892911046,-0.06404081632653061,0.07183673469387755,4.2262352632366
-0.14745298892911046,-0.06404081632653061,0.13975510204081631,7.721327066663735
-0.14745298892911046,-0.06404081632653061,0.2076734693877551,11.154973040118588
-0.14745298892911046,-0.06404081632653061,0.2755918367346939,14.345653809110328
-0.14745298892911046,-0.06404081632653061,0.34351020408163263,17.05171450354281
-0.14745298892911046,-0.06404081632653061,0.4114285714285714,19.111327508604877
-0.14745298892911046,-0.06404081632653061,0.4793469387755102,20.497823808316927
-0.14745298892911046,-0.06404081632653061,0.5472653061224491,21.298914196200094
-0.14745298892911046,-0.06404081632653061,0.6151836734693878,21.66257273296346
-0.14745298892911046,-0.06404081632653061,0.6831020408163266,21.745792640687604
-0.14745298892911046,-0.06404081632653061,0.7510204081632652,21.681691548994262
-0.14745298892911046,-0.06404081632653061,0.818938775510204,21.566045114450063
-0.14745298892911046,-0.06404081632653061,0.8868571428571428,21.45733876672704
-0.14745298892911046,-0.06404081632653061,0.9547755102040816,21.383746910206572
-0.14745298892911046,-0.06404081632653061,1.0226938775510204,21.352209963393467
-0.14745298892911046,-0.06404081632653061,1.0906122448979592,21.356801306617538
-0.14745298892911046,-0.06404081632653061,1.158530612244898,21.38524684930481
-0.14745298892911046,-0.06404081632653061,1.2264489795918367,21.42339679104126
-0.14745298892911046,-0.06404081632653061,1.2943673469387755,21.457953698998317
-0.14745298892911046,-0.06404081632653061,1.3622857142857143,21.477875914571907
-0.14745298892911046,-0.06404081632653061,1.4302040816326531,21.474904080427347
-0.14745298892911046,-0.06404081632653061,1.498122448979592,21.443532340906852
-0.14745298892911046,-0.06404081632653061,1.5660408163265305,21.380706377436486
-0.14745298892911046,-0.06404081632653061,1.6339591836734693,21.28537866273504
-0.14745298892911046,-0.06404081632653061,1.701877551020408,21.15804936136352
-0.14745298892911046,-0.06404081632653061,1.7697959183673468,21.000340965940804
-0.14745298892911046,-0.06404081632653061,1.8377142857142856,20.814632061406538
-0.14745298892911046,-0.06404081632653061,1.9056326530612244,20.60373973978215
-0.14745298892911046,-0.06404081632653061,1.9735510204081632,20.37076971590722
-0.14745298892911046,-0.06404081632653061,2.041469387755102,20.118816415316815
-0.14745298892911046,-0.06404081632653061,2.109387755102041,19.85093135004268
-0.14745298892911046,-0.06404081632653061,2.1773061224489796,19.5700102697122
-0.14745298892911046,-0.06404081632653061,2.2452244897959184,19.278744262390887
-0.14745298892911046,-0.06404081632653061,2.313142857142857,18.979589564681515
-0.14745298892911046,-0.06404081632653061,2.381061224489796,18.674755377844694
-0.14745298892911046,-0.06404081632653061,2.4489795918367347,18.366203971696827
-0.14745298892911046,-0.06404081632653061,2.5168979591836735,18.05565858129145
-0.14745298892911046,-0.06404081632653061,2.5848163265306123,17.744617268695844
-0.14745298892911046,-0.06404081632653061,2.652734693877551,17.434369249581604
-0.14745298892911046,-0.06404081632653061,2.72065306122449,17.126012519539756
-0.14745298892911046,-0.06404081632653061,2.7885714285714287,16.820475485538296
-0.14745298892911046,-0.06404081632653061,2.8564897959183675,16.51852903186818
-0.14745298892911046,-0.06404081632653061,2.9244081632653063,16.220812150811984
-0.14745298892911046,-0.06404081632653061,2.992326530612245,15.927840876582616
-0.14745298892911046,-0.06404081632653061,3.060244897959184,15.640031379722611
-0.14745298892911046,-0.06404081632653061,3.1281632653061227,15.357701015558687
-0.14745298892911046,-0.06404081632653061,3.196081632653061,15.081098840777372
-0.14745298892911046,-0.06404081632653061,3.2640000000000002,14.810397019237774
-0.14745298892911046,-0.05767346938775511,-0.064,-3.148130530601936
-0.14745298892911046,-0.05767346938775511,0.003918367346938775,0.5641052040805488
-0.14745298892911046,-0.05767346938775511,0.07183673469387755,3.9008107142263215
-0.14745298892911046,-0.05767346938775511,0.13975510204081631,7.255423208213344
-0.14745298892911046,-0.05767346938775511,0.2076734693877551,10.64628291836384
-0.14745298892911046,-0.05767346938775511,0.2755918367346939,13.800975116126773
-0.14745298892911046,-0.05767346938775511,0.34351020408163263,16.384467190610128
-0.14745298892911046,-0.05767346938775511,0.4114285714285714,18.189723031974342
-0.14745298892911046,-0.05767346938775511,0.4793469387755102,19.200672324121804
-0.14745298892911046,-0.05767346938775511,0.5472653061224491,19.551710700323905
-0.14745298892911046,-0.05767346938775511,0.6151836734693878,19.448744419104422
-0.14745298892911046,-0.05767346938775511,0.6831020408163266,19.09979771610101
-0.14745298892911046,-0.05767346938775511,0.7510204081632652,18.673826565268797
-0.14745298892911046,-0.05767346938775511,0.818938775510204,18.285801660841045
-0.14745298892911046,-0.05767346938775511,0.8868571428571428,17.99938012373065
-0.14745298892911046,-0.05767346938775511,0.9547755102040816,17.83789135864958
-0.14745298892911046,-0.05767346938775511,1.0226938775510204,17.7973518925732
-0.14745298892911046,-0.05767346938775511,1.0906122448979592,17.85802124781123
-0.14745298892911046,-0.05767346938775511,1.158530612244898,17.99319123997711
-0.14745298892911046,-0.05767346938775511,1.2264489795918367,18.175090644064056
-0.14745298892911046,-0.05767346938775511,1.2943673469387755,18.37840952134423
-0.14745298892911046,-0.05767346938775511,1.3622857142857143,18.582025562844326
-0.14745298892911046,-0.05767346938775511,1.4302040816326531,18.769564737100435
-0.14745298892911046,-0.05767346938775511,1.498122448979592,18.929238174606958
-0.14745298892911046,-0.05767346938775511,1.5660408163265305,19.053310423784993
-0.14745298892911046,-0.05767346938775511,1.6339591836734693,19.137400469938846
-0.14745298892911046,-0.05767346938775511,1.701877551020408,19.179775067310835
-0.14745298892911046,-0.05767346938775511,1.7697959183673468,19.18068581995357
-0.14745298892911046,-0.05767346938775511,1.8377142857142856,19.141788416939235
-0.14745298892911046,-0.05767346938775511,1.9056326530612244,19.065757515272104
-0.14745298892911046,-0.05767346938775511,1.9735510204081632,18.955795920234838
-0.14745298892911046,-0.05767346938775511,2.041469387755102,18.815433788627107
-0.14745298892911046,-0.05767346938775511,2.109387755102041,18.6483001899458
-0.14745298892911046,-0.05767346938775511,2.1773061224489796,18.457978649755205
-0.14745298892911046,-0.05767346938775511,2.2452244897959184,18.24790166514185
-0.14745298892911046,-0.05767346938775511,2.313142857142857,18.02128574584054
-0.14745298892911046,-0.05767346938775511,2.381061224489796,17.781093412240274
-0.14745298892911046,-0.05767346938775511,2.4489795918367347,17.530016698314025
-0.14745298892911046,-0.05767346938775511,2.5168979591836735,17.27047512761889
-0.14745298892911046,-0.05767346938775511,2.5848163265306123,17.0046143353735
-0.14745298892911046,-0.05767346938775511,2.652734693877551,16.73433304543403
-0.14745298892911046,-0.05767346938775511,2.72065306122449,16.46128077549912
-0.14745298892911046,-0.05767346938775511,2.7885714285714287,16.186897876969315
-0.14745298892911046,-0.05767346938775511,2.8564897959183675,15.912413536419491
-0.14745298892911046,-0.05767346938775511,2.9244081632653063,15.638888366608963
-0.14745298892911046,-0.05767346938775511,2.992326530612245,15.367212315931623
-0.14745298892911046,-0.05767346938775511,3.060244897959184,15.098138035836627
-0.14745298892911046,-0.05767346938775511,3.1281632653061227,14.832286409929946
-0.14745298892911046,-0.05767346938775511,3.196081632653061,14.57017626330433
-0.14745298892911046,-0.05767346938775511,3.2640000000000002,14.312220740189684
-0.14745298892911046,-0.051306122448979585,-0.064,-2.956029746881001
-0.14745298892911046,-0.051306122448979585,0.003918367346938775,0.4906400166591445
-0.14745298892911046,-0.051306122448979585,0.07183673469387755,3.574365357286685
-0.14745298892911046,-0.051306122448979585,0.13975510204081631,6.795273273193776
-0.14745298892911046,-0.051306122448979585,0.2076734693877551,10.14024607125727
-0.14745298892911046,-0.051306122448979585,0.2755918367346939,13.219721916846856
-0.14745298892911046,-0.051306122448979585,0.34351020408163263,15.590389301084361
-0.14745298892911046,-0.051306122448979585,0.4114285714285714,17.004106382932914
-0.14745298892911046,-0.051306122448979585,0.4793469387755102,17.47262037224801
-0.14745298892911046,-0.051306122448979585,0.5472653061224491,17.197999668989034
-0.14745298892911046,-0.051306122448979585,0.6151836734693878,16.462164319199793
-0.14745298892911046,-0.051306122448979585,0.6831020408163266,15.536809540582286
-0.14745298892911046,-0.051306122448979585,0.7510204081632652,14.633605629221016
-0.14745298892911046,-0.051306122448979585,0.818938775510204,13.889019660068879
-0.14745298892911046,-0.051306122448979585,0.8868571428571428,13.370960532101765
-0.14745298892911046,-0.051306122448979585,0.9547755102040816,13.095040616792186
-0.14745298892911046,-0.051306122448979585,1.0226938775510204,13.042481339129136
-0.14745298892911046,-0.051306122448979585,1.0906122448979592,13.175531871256762
-0.14745298892911046,-0.051306122448979585,1.158530612244898,13.448963381792964
-0.14745298892911046,-0.051306122448979585,1.2264489795918367,13.817648756305573
-0.14745298892911046,-0.051306122448979585,1.2943673469387755,14.240994399953514
-0.14745298892911046,-0.051306122448979585,1.3622857142857143,14.685038181824005
-0.14745298892911046,-0.051306122448979585,1.4302040816326531,15.123026363151393
-0.14745298892911046,-0.051306122448979585,1.498122448979592,15.535076405915135
-0.14745298892911046,-0.051306122448979585,1.5660408163265305,15.907354369202938
-0.14745298892911046,-0.051306122448979585,1.6339591836734693,16.231074082967325
-0.14745298892911046,-0.051306122448979585,1.701877551020408,16.50145046714436
-0.14745298892911046,-0.051306122448979585,1.7697959183673468,16.7168513162686
-0.14745298892911046,-0.051306122448979585,1.8377142857142856,16.87785651426828
-0.14745298892911046,-0.051306122448979585,1.9056326530612244,16.98666840309675
-0.14745298892911046,-0.051306122448979585,1.9735510204081632,17.04655685321798
-0.14745298892911046,-0.051306122448979585,2.041469387755102,17.06144650777554
-0.14745298892911046,-0.051306122448979585,2.109387755102041,17.03558920470839
-0.14745298892911046,-0.051306122448979585,2.1773061224489796,16.973342674417975
-0.14745298892911046,-0.051306122448979585,2.2452244897959184,16.87900066731717
-0.14745298892911046,-0.051306122448979585,2.313142857142857,16.756688588972317
-0.14745298892911046,-0.051306122448979585,2.381061224489796,16.610277968305745
-0.14745298892911046,-0.051306122448979585,2.4489795918367347,16.44335860204847
-0.14745298892911046,-0.051306122448979585,2.5168979591836735,16.259208102720397
-0.14745298892911046,-0.051306122448979585,2.5848163265306123,16.060790541348663
-0.14745298892911046,-0.051306122448979585,2.652734693877551,15.850766171947388
-0.14745298892911046,-0.051306122448979585,2.72065306122449,15.631497683632007
-0.14745298892911046,-0.051306122448979585,2.7885714285714287,15.405077099278017
-0.14745298892911046,-0.051306122448979585,2.8564897959183675,15.17333612545135
-0.14745298892911046,-0.051306122448979585,2.9244081632653063,14.937878439571064
-0.14745298892911046,-0.051306122448979585,2.992326530612245,14.700092988393438
-0.14745298892911046,-0.051306122448979585,3.060244897959184,14.46117838995368
-0.14745298892911046,-0.051306122448979585,3.1281632653061227,14.222167432303443
-0.14745298892911046,-0.051306122448979585,3.196081632653061,13.983932731550198
-0.14745298892911046,-0.051306122448979585,3.2640000000000002,13.747223474978583
-0.14745298892911046,-0.04493877551020409,-0.064,-2.7702938515648903
-0.14745298892911046,-0.04493877551020409,0.003918367346938775,0.4155942009283191
-0.14745298892911046,-0.04493877551020409,0.07183673469387755,3.2470992020536773
-0.14745298892911046,-0.04493877551020409,0.13975510204081631,6.340501067475621
-0.14745298892911046,-0.04493877551020409,0.2076734693877551,9.63092993275816
-0.14745298892911046,-0.04493877551020409,0.2755918367346939,12.582201598680381
-0.14745298892911046,-0.04493877551020409,0.34351020408163263,14.628856618648785
-0.14745298892911046,-0.04493877551020409,0.4114285714285714,15.48958658681408
-0.14745298892911046,-0.04493877551020409,0.4793469387755102,15.22505821187002
-0.14745298892911046,-0.04493877551020409,0.5472653061224491,14.128428528140503
-0.14745298892911046,-0.04493877551020409,0.6151836734693878,12.576723301738518
-0.14745298892911046,-0.04493877551020409,0.6831020408163266,10.917982502946025
-0.14745298892911046,-0.04493877551020409,0.7510204081632652,9.412985172795757
-0.14745298892911046,-0.04493877551020409,0.818938775510204,8.221433883066599
-0.14745298892911046,-0.04493877551020409,0.8868571428571428,7.414030217937935
-0.14745298892911046,-0.04493877551020409,0.9547755102040816,6.995324787851505
-0.14745298892911046,-0.04493877551020409,1.0226938775510204,6.927500012406444
-0.14745298892911046,-0.04493877551020409,1.0906122448979592,7.150309520596046
-0.14745298892911046,-0.04493877551020409,1.158530612244898,7.595673603416923
-0.14745298892911046,-0.04493877551020409,1.2264489795918367,8.197181815302734
-0.14745298892911046,-0.04493877551020409,1.2943673469387755,8.895538038964812
-0.14745298892911046,-0.04493877551020409,1.3622857142857143,9.64103903776978
-0.14745298892911046,-0.04493877551020409,1.4302040816326531,10.394174237152203
-0.14745298892911046,-0.04493877551020409,1.498122448979592,11.125039574752325
-0.14745298892911046,-0.04493877551020409,1.5660408163265305,11.812198330654716
-0.14745298892911046,-0.04493877551020409,1.6339591836734693,12.441277664339687
-0.14745298892911046,-0.04493877551020409,1.701877551020408,13.003664398493697
-0.14745298892911046,-0.04493877551020409,1.7697959183673468,13.495111505825998
-0.14745298892911046,-0.04493877551020409,1.8377142857142856,13.914711984223539
-0.14745298892911046,-0.04493877551020409,1.9056326530612244,14.263972613911838
-0.14745298892911046,-0.04493877551020409,1.9735510204081632,14.546058667127692
-0.14745298892911046,-0.04493877551020409,2.041469387755102,14.765228237400922
-0.14745298892911046,-0.04493877551020409,2.109387755102041,14.926376299250466
-0.14745298892911046,-0.04493877551020409,2.1773061224489796,15.034703715399257
-0.14745298892911046,-0.04493877551020409,2.2452244897959184,15.095477125059553
-0.14745298892911046,-0.04493877551020409,2.313142857142857,15.11385898472611
-0.14745298892911046,-0.04493877551020409,2.381061224489796,15.09478775619269
-0.14745298892911046,-0.04493877551020409,2.4489795918367347,15.042908073493624
-0.14745298892911046,-0.04493877551020409,2.5168979591836735,14.962525213129013
-0.14745298892911046,-0.04493877551020409,2.5848163265306123,14.857588187429457
-0.14745298892911046,-0.04493877551020409,2.652734693877551,14.731681603888369
-0.14745298892911046,-0.04493877551020409,2.72065306122449,14.588040475061703
-0.14745298892911046,-0.04493877551020409,2.7885714285714287,14.429558739556308
-0.14745298892911046,-0.04493877551020409,2.8564897959183675,14.258820170132145
-0.14745298892911046,-0.04493877551020409,2.9244081632653063,14.078104099942976
-0.14745298892911046,-0.04493877551020409,2.992326530612245,13.889428862272643
-0.14745298892911046,-0.04493877551020409,3.060244897959184,13.694560905199193
-0.14745298892911046,-0.04493877551020409,3.1281632653061227,13.49504571307602
-0.14745298892911046,-0.04493877551020409,3.196081632653061,13.292230705813203
-0.14745298892911046,-0.04493877551020409,3.2640000000000002,13.087280776711125
-0.14745298892911046,-0.03857142857142859,-0.064,-2.591274059869088
-0.14745298892911046,-0.03857142857142859,0.003918367346938775,0.33897050738812795
-0.14745298892911046,-0.03857142857142859,0.07183673469387755,2.9191925437144324
-0.14745298892911046,-0.03857142857142859,0.13975510204081631,5.8904444106819
-0.14745298892911046,-0.03857142857142859,0.2076734693877551,9.111377136339051
-0.14745298892911046,-0.03857142857142859,0.2755918367346939,11.866937279221416
-0.14745298892911046,-0.03857142857142859,0.34351020408163263,13.45748787327137
-0.14745298892911046,-0.03857142857142859,0.4114285714285714,13.580754973903883
-0.14745298892911046,-0.03857142857142859,0.4793469387755102,12.37109462009256
-0.14745298892911046,-0.03857142857142859,0.5472653061224491,10.238116991258622
-0.14745298892911046,-0.03857142857142859,0.6151836734693878,7.673601977974744
-0.14745298892911046,-0.03857142857142859,0.6831020408163266,5.1141370621909275
-0.14745298892911046,-0.03857142857142859,0.7510204081632652,2.875579659447208
-0.14745298892911046,-0.03857142857142859,0.818938775510204,1.141884458890388
-0.14745298892911046,-0.03857142857142859,0.8868571428571428,-0.015433653931776092
-0.14745298892911046,-0.03857142857142859,0.9547755102040816,-0.6066429923509595
-0.14745298892911046,-0.03857142857142859,1.0226938775510204,-0.6931519131050692
-0.14745298892911046,-0.03857142857142859,1.0906122448979592,-0.36241321123876347
-0.14745298892911046,-0.03857142857142859,1.158530612244898,0.290154881785611
-0.14745298892911046,-0.03857142857142859,1.2264489795918367,1.1728053212564795
-0.14745298892911046,-0.03857142857142859,1.2943673469387755,2.2039978498616044
-0.14745298892911046,-0.03857142857142859,1.3622857142857143,3.315320887026207
-0.14745298892911046,-0.03857142857142859,1.4302040816326531,4.452025411089508
-0.14745298892911046,-0.03857142857142859,1.498122448979592,5.572188493702566
-0.14745298892911046,-0.03857142857142859,1.5660408163265305,6.645228081858075
-0.14745298892911046,-0.03857142857142859,1.6339591836734693,7.649987985865291
-0.14745298892911046,-0.03857142857142859,1.701877551020408,8.572997424364203
-0.14745298892911046,-0.03857142857142859,1.7697959183673468,9.406802472462065
-0.14745298892911046,-0.03857142857142859,1.8377142857142856,10.148517649881306
-0.14745298892911046,-0.03857142857142859,1.9056326530612244,10.798634538342377
-0.14745298892911046,-0.03857142857142859,1.9735510204081632,11.360031493138631
-0.14745298892911046,-0.03857142857142859,2.041469387755102,11.837210091457571
-0.14745298892911046,-0.03857142857142859,2.109387755102041,12.235699741408627
-0.14745298892911046,-0.03857142857142859,2.1773061224489796,12.561592404220619
-0.14745298892911046,-0.03857142857142859,2.2452244897959184,12.821216785521369
-0.14745298892911046,-0.03857142857142859,2.313142857142857,13.020896281017468
-0.14745298892911046,-0.03857142857142859,2.381061224489796,13.166773901678035
-0.14745298892911046,-0.03857142857142859,2.4489795918367347,13.264708979292116
-0.14745298892911046,-0.03857142857142859,2.5168979591836735,13.320190488202432
-0.14745298892911046,-0.03857142857142859,2.5848163265306123,13.33831896057325
-0.14745298892911046,-0.03857142857142859,2.652734693877551,13.323768364950698
-0.14745298892911046,-0.03857142857142859,2.72065306122449,13.280804980110421
-0.14745298892911046,-0.03857142857142859,2.7885714285714287,13.213287006894765
-0.14745298892911046,-0.03857142857142859,2.8564897959183675,13.124683606647107
-0.14745298892911046,-0.03857142857142859,2.9244081632653063,13.018106962474372
-0.14745298892911046,-0.03857142857142859,2.992326530612245,12.896326980715472
-0.14745298892911046,-0.03857142857142859,3.060244897959184,12.761807849197751
-0.14745298892911046,-0.03857142857142859,3.1281632653061227,12.616729138622956
-0.14745298892911046,-0.03857142857142859,3.196081632653061,12.463012381244388
-0.14745298892911046,-0.03857142857142859,3.2640000000000002,12.302351488138278
-0.14745298892911046,-0.03220408163265309,-0.064,-2.419329935952998
-0.14745298892911046,-0.03220408163265309,0.003918367346938775,0.2607696783037752
-0.14745298892911046,-0.03220408163265309,0.07183673469387755,2.5908078425257677
-0.14745298892911046,-0.03220408163265309,0.13975510204081631,5.444164595581898
-0.14745298892911046,-0.03220408163265309,0.2076734693877551,8.573694095754497
-0.14745298892911046,-0.03220408163265309,0.2755918367346939,11.05101534853021
-0.14745298892911046,-0.03220408163265309,0.34351020408163263,12.032923248086156
-0.14745298892911046,-0.03220408163265309,0.4114285714285714,11.212879419739025
-0.14745298892911046,-0.03220408163265309,0.4793469387755102,8.827019121614336
-0.14745298892911046,-0.03220408163265309,0.5472653061224491,5.428194777660142
-0.14745298892911046,-0.03220408163265309,0.6151836734693878,1.6426178907213718
-0.14745298892911046,-0.03220408163265309,0.6831020408163266,-1.9928309050143014
-0.14745298892911046,-0.03220408163265309,0.7510204081632652,-5.1021790751794995
-0.14745298892911046,-0.03220408163265309,0.818938775510204,-7.476643318750025
-0.14745298892911046,-0.03220408163265309,0.8868571428571428,-9.0464880252886
-0.14745298892911046,-0.03220408163265309,0.9547755102040816,-9.840881826470973
-0.14745298892911046,-0.03220408163265309,1.0226938775510204,-9.9496132645063
-0.14745298892911046,-0.03220408163265309,1.0906122448979592,-9.492219194565493
-0.14745298892911046,-0.03220408163265309,1.158530612244898,-8.596049971482458
-0.14745298892911046,-0.03220408163265309,1.2264489795918367,-7.38231975323561
-0.14745298892911046,-0.03220408163265309,1.2943673469387755,-5.958413365704864
-0.14745298892911046,-0.03220408163265309,1.3622857142857143,-4.414463472585428
-0.14745298892911046,-0.03220408163265309,1.4302040816326531,-2.822969983553982
-0.14745298892911046,-0.03220408163265309,1.498122448979592,-1.2398822118908406
-0.14745298892911046,-0.03220408163265309,1.5660408163265305,0.2933838030932314
-0.14745298892911046,-0.03220408163265309,1.6339591836734693,1.747631964382041
-0.14745298892911046,-0.03220408163265309,1.701877551020408,3.10362274750565
-0.14745298892911046,-0.03220408163265309,1.7697959183673468,4.349948546558807
-0.14745298892911046,-0.03220408163265309,1.8377142857142856,5.4812389778809845
-0.14745298892911046,-0.03220408163265309,1.9056326530612244,6.49661233676083
-0.14745298892911046,-0.03220408163265309,1.9735510204081632,7.3984451058517084
-0.14745298892911046,-0.03220408163265309,2.041469387755102,8.191367914622996
-0.14745298892911046,-0.03220408163265309,2.109387755102041,8.881502468021242
-0.14745298892911046,-0.03220408163265309,2.1773061224489796,9.475861381474331
-0.14745298892911046,-0.03220408163265309,2.2452244897959184,9.981906174364957
-0.14745298892911046,-0.03220408163265309,2.313142857142857,10.407225937678971
-0.14745298892911046,-0.03220408163265309,2.381061224489796,10.759295865910449
-0.14745298892911046,-0.03220408163265309,2.4489795918367347,11.045332614174608
-0.14745298892911046,-0.03220408163265309,2.5168979591836735,11.272170350443233
-0.14745298892911046,-0.03220408163265309,2.5848163265306123,11.446211007298967
-0.14745298892911046,-0.03220408163265309,2.652734693877551,11.573386635959755
-0.14745298892911046,-0.03220408163265309,2.72065306122449,11.659146564758007
-0.14745298892911046,-0.03220408163265309,2.7885714285714287,11.708466389872793
-0.14745298892911046,-0.03220408163265309,2.8564897959183675,11.72585905676942
-0.14745298892911046,-0.03220408163265309,2.9244081632653063,11.715404780965715
-0.14745298892911046,-0.03220408163265309,2.992326530612245,11.680766834152436
-0.14745298892911046,-0.03220408163265309,3.060244897959184,11.625230080813413
-0.14745298892911046,-0.03220408163265309,3.1281632653061227,11.551734699873265
-0.14745298892911046,-0.03220408163265309,3.196081632653061,11.462888355558427
-0.14745298892911046,-0.03220408163265309,3.2640000000000002,11.361015827936345
-0.14745298892911046,-0.02583673469387754,-0.064,-2.2548188327191987
-0.14745298892911046,-0.02583673469387754,0.003918367346938775,0.18099073451944891
-0.14745298892911046,-0.02583673469387754,0.07183673469387755,2.2620836079391715
-0.14745298892911046,-0.02583673469387754,0.13975510204081631,5.000446914773919
-0.14745298892911046,-0.02583673469387754,0.2076734693877551,8.009149860830032
-0.14745298892911046,-0.02583673469387754,0.2755918367346939,10.110445863592007
-0.14745298892911046,-0.02583673469387754,0.34351020408163263,10.311541412988117
-0.14745298892911046,-0.02583673469387754,0.4114285714285714,8.322894428184258
-0.14745298892911046,-0.02583673469387754,0.4793469387755102,4.513391317771294
-0.14745298892911046,-0.02583673469387754,0.5472653061224491,-0.3931908467111924
-0.14745298892911046,-0.02583673469387754,0.6151836734693878,-5.616837774250985
-0.14745298892911046,-0.02583673469387754,0.6831020408163266,-10.509441191568847
-0.14745298892911046,-0.02583673469387754,0.7510204081632652,-14.630535485267686
-0.14745298892911046,-0.02583673469387754,0.818938775510204,-17.746806942874244
-0.14745298892911046,-0.02583673469387754,0.8868571428571428,-19.79311975089559
-0.14745298892911046,-0.02583673469387754,0.9547755102040816,-20.82199617128889
-0.14745298892911046,-0.02583673469387754,1.0226938775510204,-20.956567230944138
-0.14745298892911046,-0.02583673469387754,1.0906122448979592,-20.35343774180345
-0.14745298892911046,-0.02583673469387754,1.158530612244898,-19.176542564978067
-0.14745298892911046,-0.02583673469387754,1.2264489795918367,-17.580734328924706
-0.14745298892911046,-0.02583673469387754,1.2943673469387755,-15.702811604689284
-0.14745298892911046,-0.02583673469387754,1.3622857142857143,-13.65774743353818
-0.14745298892911046,-0.02583673469387754,1.4302040816326531,-11.538290090217785
-0.14745298892911046,-0.02583673469387754,1.498122448979592,-9.416485111136181
-0.14745298892911046,-0.02583673469387754,1.5660408163265305,-7.3461965954763695
-0.14745298892911046,-0.02583673469387754,1.6339591836734693,-5.365954600965756
-0.14745298892911046,-0.02583673469387754,1.701877551020408,-3.501782089548673
-0.14745298892911046,-0.02583673469387754,1.7697959183673468,-1.7697640932573258
-0.14745298892911046,-0.02583673469387754,1.8377142857142856,-0.17832186464252686
-0.14745298892911046,-0.02583673469387754,1.9056326530612244,1.2699252349938241
-0.14745298892911046,-0.02583673469387754,1.9735510204081632,2.5765971739407547
-0.14745298892911046,-0.02583673469387754,2.041469387755102,3.7463125667795207
-0.14745298892911046,-0.02583673469387754,2.109387755102041,4.785726251946691
-0.14745298892911046,-0.02583673469387754,2.1773061224489796,5.702770142667067
-0.14745298892911046,-0.02583673469387754,2.2452244897959184,6.506093521565745
-0.14745298892911046,-0.02583673469387754,2.313142857142857,7.204637940578291
-0.14745298892911046,-0.02583673469387754,2.381061224489796,7.807327431730595
-0.14745298892911046,-0.02583673469387754,2.4489795918367347,8.322863836761346
-0.14745298892911046,-0.02583673469387754,2.5168979591836735,8.759571242590368
-0.14745298892911046,-0.02583673469387754,2.5848163265306123,9.125307722785639
-0.14745298892911046,-0.02583673469387754,2.652734693877551,9.42741502368809
-0.14745298892911046,-0.02583673469387754,2.72065306122449,9.672678446894427
-0.14745298892911046,-0.02583673469387754,2.7885714285714287,9.867345845971794
-0.14745298892911046,-0.02583673469387754,2.8564897959183675,10.017120274225935
-0.14745298892911046,-0.02583673469387754,2.9244081632653063,10.127186697313627
-0.14745298892911046,-0.02583673469387754,2.992326530612245,10.20224542039927
-0.14745298892911046,-0.02583673469387754,3.060244897959184,10.246533862108144
-0.14745298892911046,-0.02583673469387754,3.1281632653061227,10.263862305198309
-0.14745298892911046,-0.02583673469387754,3.196081632653061,10.257655201766985
-0.14745298892911046,-0.02583673469387754,3.2640000000000002,10.230971767489665
-0.14745298892911046,-0.01946938775510204,-0.064,-2.0981032318948234
-0.14745298892911046,-0.01946938775510204,0.003918367346938775,0.09963530703520529
-0.14745298892911046,-0.01946938775510204,0.07183673469387755,1.933139970898722
-0.14745298892911046,-0.01946938775510204,0.13975510204081631,4.557812166746755
-0.14745298892911046,-0.01946938775510204,0.2076734693877551,7.408269002614954
-0.14745298892911046,-0.01946938775510204,0.2755918367346939,9.020486432129667
-0.14745298892911046,-0.01946938775510204,0.34351020408163263,8.250055893001335
-0.14745298892911046,-0.01946938775510204,0.4114285714285714,4.85016346531545
-0.14745298892911046,-0.01946938775510204,0.4793469387755102,-0.6442005254284435
-0.14745298892911046,-0.01946938775510204,0.5472653061224491,-7.310267659504245
-0.14745298892911046,-0.01946938775510204,0.6151836734693878,-14.195489986137643
-0.14745298892911046,-0.01946938775510204,0.6831020408163266,-20.530468639302686
-0.14745298892911046,-0.01946938775510204,0.7510204081632652,-25.806742720958468
-0.14745298892911046,-0.01946938775510204,0.818938775510204,-29.76751216279442
-0.14745298892911046,-0.01946938775510204,0.8868571428571428,-32.35640451293132
-0.14745298892911046,-0.01946938775510204,0.9547755102040816,-33.653251769857874
-0.14745298892911046,-0.01946938775510204,1.0226938775510204,-33.817656788948234
-0.14745298892911046,-0.01946938775510204,1.0906122448979592,-33.048172297224156
-0.14745298892911046,-0.01946938775510204,1.158530612244898,-31.55152396087496
-0.14745298892911046,-0.01946938775510204,1.2264489795918367,-29.521242352586302
-0.14745298892911046,-0.01946938775510204,1.2943673469387755,-27.12700330629383
-0.14745298892911046,-0.01946938775510204,1.3622857142857143,-24.511269214977304
-0.14745298892911046,-0.01946938775510204,1.4302040816326531,-21.78941751436758
-0.14745298892911046,-0.01946938775510204,1.498122448979592,-19.051617632535258
-0.14745298892911046,-0.01946938775510204,1.5660408163265305,-16.36582191965005
-0.14745298892911046,-0.01946938775510204,1.6339591836734693,-13.781204725320702
-0.14745298892911046,-0.01946938775510204,1.701877551020408,-11.331570042355352
-0.14745298892911046,-0.01946938775510204,1.7697959183673468,-9.038469444799045
-0.14745298892911046,-0.01946938775510204,1.8377142857142856,-6.913917165936091
-0.14745298892911046,-0.01946938775510204,1.9056326530612244,-4.962687940054829
-0.14745298892911046,-0.01946938775510204,1.9735510204081632,-3.1841836990590853
-0.14745298892911046,-0.01946938775510204,2.041469387755102,-1.5739691437425947
-0.14745298892911046,-0.01946938775510204,2.109387755102041,-0.12493153991213468
-0.14745298892911046,-0.01946938775510204,2.1773061224489796,1.1717607149767169
-0.14745298892911046,-0.01946938775510204,2.2452244897959184,2.3259718841660053
-0.14745298892911046,-0.01946938775510204,2.313142857142857,3.3480710432560414
-0.14745298892911046,-0.01946938775510204,2.381061224489796,4.248530337911994
-0.14745298892911046,-0.01946938775510204,2.4489795918367347,5.0376558578698045
-0.14745298892911046,-0.01946938775510204,2.5168979591836735,5.72539396133441
-0.14745298892911046,-0.01946938775510204,2.5848163265306123,6.321199533699232
-0.14745298892911046,-0.01946938775510204,2.652734693877551,6.833965569586191
-0.14745298892911046,-0.01946938775510204,2.72065306122449,7.271970710885199
-0.14745298892911046,-0.01946938775510204,2.7885714285714287,7.642870117067758
-0.14745298892911046,-0.01946938775510204,2.8564897959183675,7.9537080162317615
-0.14745298892911046,-0.01946938775510204,2.9244081632653063,8.210916856138674
-0.14745298892911046,-0.01946938775510204,2.992326530612245,8.420358342767525
-0.14745298892911046,-0.01946938775510204,3.060244897959184,8.587357357814074
-0.14745298892911046,-0.01946938775510204,3.1281632653061227,8.716723253807872
-0.14745298892911046,-0.01946938775510204,3.196081632653061,8.812800101269115
-0.14745298892911046,-0.01946938775510204,3.2640000000000002,8.879498813527192
-0.14745298892911046,-0.013102040816326543,-0.064,-1.9495490968251592
-0.14745298892911046,-0.013102040816326543,0.003918367346938775,0.016704242967967797
-0.14745298892911046,-0.013102040816326543,0.07183673469387755,1.604072395001161
-0.14745298892911046,-0.013102040816326543,0.13975510204081631,4.114528094617105
-0.14745298892911046,-0.013102040816326543,0.2076734693877551,6.760933279769592
-0.14745298892911046,-0.013102040816326543,0.2755918367346939,7.755963162975236
-0.14745298892911046,-0.013102040816326543,0.34351020408163263,5.806046506677269
-0.14745298892911046,-0.013102040816326543,0.4114285714285714,0.7370784993635944
-0.14745298892911046,-0.013102040816326543,0.4793469387755102,-6.714668802947653
-0.14745298892911046,-0.013102040816326543,0.5472653061224491,-15.399413117824164
-0.14745298892911046,-0.013102040816326543,0.6151836734693878,-24.174213837065984
-0.14745298892911046,-0.013102040816326543,0.6831020408163266,-32.13974112248664
-0.14745298892911046,-0.013102040816326543,0.7510204081632652,-38.731207484737766
-0.14745298892911046,-0.013102040816326543,0.818938775510204,-43.72159478304041
-0.14745298892911046,-0.013102040816326543,0.8868571428571428,-47.059085801296916
-0.14745298892911046,-0.013102040816326543,0.9547755102040816,-48.76424551218224
-0.14745298892911046,-0.013102040816326543,1.0226938775510204,-48.977519519390455
-0.14745298892911046,-0.013102040816326543,1.0906122448979592,-47.9517415743514
-0.14745298892911046,-0.013102040816326543,1.158530612244898,-45.989074198152494
-0.14745298892911046,-0.013102040816326543,1.2264489795918367,-43.37668423343291
-0.14745298892911046,-0.013102040816326543,1.2943673469387755,-40.346388278506936
-0.14745298892911046,-0.013102040816326543,1.3622857142857143,-37.0667724496177
-0.14745298892911046,-0.013102040816326543,1.4302040816326531,-33.66130277955506
-0.14745298892911046,-0.013102040816326543,1.498122448979592,-30.228350237809067
-0.14745298892911046,-0.013102040816326543,1.5660408163265305,-26.847422397141862
-0.14745298892911046,-0.013102040816326543,1.6339591836734693,-23.578824215608858
-0.14745298892911046,-0.013102040816326543,1.701877551020408,-20.465065449597166
-0.14745298892911046,-0.013102040816326543,1.7697959183673468,-17.53392187176908
-0.14745298892911046,-0.013102040816326543,1.8377142857142856,-14.801600300133813
-0.14745298892911046,-0.013102040816326543,1.9056326530612244,-12.27543101809433
-0.14745298892911046,-0.013102040816326543,1.9735510204081632,-9.956142969593387
-0.14745298892911046,-0.013102040816326543,2.041469387755102,-7.839657007911288
-0.14745298892911046,-0.013102040816326543,2.109387755102041,-5.918517661113089
-0.14745298892911046,-0.013102040816326543,2.1773061224489796,-4.183018280517423
-0.14745298892911046,-0.013102040816326543,2.2452244897959184,-2.6220657594504964
-0.14745298892911046,-0.013102040816326543,2.313142857142857,-1.2238128708428917
-0.14745298892911046,-0.013102040816326543,2.381061224489796,0.023844305237428642
-0.14745298892911046,-0.013102040816326543,2.4489795918367347,1.1329252353614958
-0.14745298892911046,-0.013102040816326543,2.5168979591836735,2.115114865838958
-0.14745298892911046,-0.013102040816326543,2.5848163265306123,2.981598486335537
-0.14745298892911046,-0.013102040816326543,2.652734693877551,3.742954313161487
-0.14745298892911046,-0.013102040816326543,2.72065306122449,4.409094370763729
-0.14745298892911046,-0.013102040816326543,2.7885714285714287,4.989228407627008
-0.14745298892911046,-0.013102040816326543,2.8564897959183675,5.491867053806629
-0.14745298892911046,-0.013102040816326543,2.9244081632653063,5.924834510587752
-0.14745298892911046,-0.013102040816326543,2.992326530612245,6.29528680812863
-0.14745298892911046,-0.013102040816326543,3.060244897959184,6.60975286494045
-0.14745298892911046,-0.013102040816326543,3.1281632653061227,6.87416823615084
-0.14745298892911046,-0.013102040816326543,3.196081632653061,7.093917354060338
-0.14745298892911046,-0.013102040816326543,3.2640000000000002,7.273866847725021
-0.14745298892911046,-0.006734693877551046,-0.064,-1.8095210626474119
-0.14745298892911046,-0.006734693877551046,0.003918367346938775,-0.067801668201531
-0.14745298892911046,-0.006734693877551046,0.07183673469387755,1.2749582079724702
-0.14745298892911046,-0.006734693877551046,0.13975510204081631,3.6686129070025837
-0.14745298892911046,-0.006734693877551046,0.2076734693877551,6.056487771038909
-0.14745298892911046,-0.006734693877551046,0.2755918367346939,6.2915459253956145
-0.14745298892911046,-0.006734693877551046,0.34351020408163263,2.9383737934221514
-0.14745298892911046,-0.006734693877551046,0.4114285714285714,-4.070546375653766
-0.14745298892911046,-0.006734693877551046,0.4793469387755102,-13.761186728964038
-0.14745298892911046,-0.006734693877551046,0.5472653061224491,-24.729182058119456
-0.14745298892911046,-0.006734693877551046,0.6151836734693878,-35.62552958681846
-0.14745298892911046,-0.006734693877551046,0.6831020408163266,-45.500343990750885
-0.14745298892911046,-0.006734693877551046,0.7510204081632652,-54.084519603287035
-0.14745298892911046,-0.006734693877551046,0.818938775510204,-61.057559266670964
-0.14745298892911046,-0.006734693877551046,0.8868571428571428,-65.91247492963718
-0.14745298892911046,-0.006734693877551046,0.9547755102040816,-68.43103541291757
-0.14745298892911046,-0.006734693877551046,1.0226938775510204,-68.74339834981944
-0.14745298892911046,-0.006734693877551046,1.0906122448979592,-67.21644972846846
-0.14745298892911046,-0.006734693877551046,1.158530612244898,-64.32289348548068
-0.14745298892911046,-0.006734693877551046,1.2264489795918367,-60.5353725082541
-0.14745298892911046,-0.006734693877551046,1.2943673469387755,-56.262138802598884
-0.14745298892911046,-0.006734693877551046,1.3622857142857143,-51.81271295889623
-0.14745298892911046,-0.006734693877551046,1.4302040816326531,-47.38225324759283
-0.14745298892911046,-0.006734693877551046,1.498122448979592,-43.05951372253281
-0.14745298892911046,-0.006734693877551046,1.5660408163265305,-38.86978978125492
-0.14745298892911046,-0.006734693877551046,1.6339591836734693,-34.830847008000205
-0.14745298892911046,-0.006734693877551046,1.701877551020408,-30.972791337833687
-0.14745298892911046,-0.006734693877551046,1.7697959183673468,-27.32562203846583
-0.14745298892911046,-0.006734693877551046,1.8377142857142856,-23.90971881386597
-0.14745298892911046,-0.006734693877551046,1.9056326530612244,-20.735385994008936
-0.14745298892911046,-0.006734693877551046,1.9735510204081632,-17.804952042143352
-0.14745298892911046,-0.006734693877551046,2.041469387755102,-15.114909602461886
-0.14745298892911046,-0.006734693877551046,2.109387755102041,-12.657564744771705
-0.14745298892911046,-0.006734693877551046,2.1773061224489796,-10.422402475852742
-0.14745298892911046,-0.006734693877551046,2.2452244897959184,-8.397086632911215
-0.14745298892911046,-0.006734693877551046,2.313142857142857,-6.568263407408168
-0.14745298892911046,-0.006734693877551046,2.381061224489796,-4.922119090777736
-0.14745298892911046,-0.006734693877551046,2.4489795918367347,-3.444839047975588
-0.14745298892911046,-0.006734693877551046,2.5168979591836735,-2.122886879659802
-0.14745298892911046,-0.006734693877551046,2.5848163265306123,-0.9432239099172399
-0.14745298892911046,-0.006734693877551046,2.652734693877551,0.10654042276296138
-0.14745298892911046,-0.006734693877551046,2.72065306122449,1.0380750976010873
-0.14745298892911046,-0.006734693877551046,2.7885714285714287,1.862281666398486
-0.14745298892911046,-0.006734693877551046,2.8564897959183675,2.58927284771411
-0.14745298892911046,-0.006734693877551046,2.9244081632653063,3.2283855364198164
-0.14745298892911046,-0.006734693877551046,2.992326530612245,3.788202430808308
-0.14745298892911046,-0.006734693877551046,3.060244897959184,4.276581953320298
-0.14745298892911046,-0.006734693877551046,3.1281632653061227,4.700702409832722
-0.14745298892911046,-0.006734693877551046,3.196081632653061,5.067093435602917
-0.14745298892911046,-0.006734693877551046,3.2640000000000002,5.381691551036941
-0.14745298892911046,-0.0003673469387755479,-0.064,-1.6783900330119483
-0.14745298892911046,-0.0003673469387755479,0.003918367346938775,-0.1538817827930966
-0.14745298892911046,-0.0003673469387755479,0.07183673469387755,0.9458503350803567
-0.14745298892911046,-0.0003673469387755479,0.13975510204081631,3.2178583598062156
-0.14745298892911046,-0.0003673469387755479,0.2076734693877551,5.283839455308863
-0.14745298892911046,-0.0003673469387755479,0.2755918367346939,4.602011728524143
-0.14745298892911046,-0.0003673469387755479,0.34351020408163263,-0.39248755389343604
-0.14745298892911046,-0.0003673469387755479,0.4114285714285714,-9.623212750281752
-0.14745298892911046,-0.0003673469387755479,0.4793469387755102,-21.8411472282251
-0.14745298892911046,-0.0003673469387755479,0.5472653061224491,-35.36083686207943
-0.14745298892911046,-0.0003673469387755479,0.6151836734693878,-48.743160588139006
-0.14745298892911046,-0.0003673469387755479,0.6831020408163266,-61.86186418667714
-0.14745298892911046,-0.0003673469387755479,0.7510204081632652,-74.26295477207348
-0.14745298892911046,-0.0003673469387755479,0.818938775510204,-84.66016534151767
-0.14745298892911046,-0.0003673469387755479,0.8868571428571428,-92.05622312873501
-0.14745298892911046,-0.0003673469387755479,0.9547755102040816,-95.83899232868055
-0.14745298892911046,-0.0003673469387755479,1.0226938775510204,-96.25987892594614
-0.14745298892911046,-0.0003673469387755479,1.0906122448979592,-94.10045784716229
-0.14745298892911046,-0.0003673469387755479,1.158530612244898,-89.62106621997187
-0.14745298892911046,-0.0003673469387755479,1.2264489795918367,-83.85486390658951
-0.14745298892911046,-0.0003673469387755479,1.2943673469387755,-77.45935453795192
-0.14745298892911046,-0.0003673469387755479,1.3622857142857143,-70.90281470876307
-0.14745298892911046,-0.0003673469387755479,1.4302040816326531,-64.49393919806796
-0.14745298892911046,-0.0003673469387755479,1.498122448979592,-58.43945535550543
-0.14745298892911046,-0.0003673469387755479,1.5660408163265305,-52.842843181442284
-0.14745298892911046,-0.0003673469387755479,1.6339591836734693,-47.699957165725706
-0.14745298892911046,-0.0003673469387755479,1.701877551020408,-42.935483117839155
-0.14745298892911046,-0.0003673469387755479,1.7697959183673468,-38.47726863823786
-0.14745298892911046,-0.0003673469387755479,1.8377142857142856,-34.299327418047255
-0.14745298892911046,-0.0003673469387755479,1.9056326530612244,-30.402645261558714
-0.14745298892911046,-0.0003673469387755479,1.9735510204081632,-26.789774892509556
-0.14745298892911046,-0.0003673469387755479,2.041469387755102,-23.457835684315008
-0.14745298892911046,-0.0003673469387755479,2.109387755102041,-20.39902975048563
-0.14745298892911046,-0.0003673469387755479,2.1773061224489796,-17.60208462332703
-0.14745298892911046,-0.0003673469387755479,2.2452244897959184,-15.053448336887438
-0.14745298892911046,-0.0003673469387755479,2.313142857142857,-12.738226199581828
-0.14745298892911046,-0.0003673469387755479,2.381061224489796,-10.640849436500627
-0.14745298892911046,-0.0003673469387755479,2.4489795918367347,-8.745613167391001
-0.14745298892911046,-0.0003673469387755479,2.5168979591836735,-7.0370356399480976
-0.14745298892911046,-0.0003673469387755479,2.5848163265306123,-5.500129157968765
-0.14745298892911046,-0.0003673469387755479,2.652734693877551,-4.120563806036933
-0.14745298892911046,-0.0003673469387755479,2.72065306122449,-2.884789014773915
-0.14745298892911046,-0.0003673469387755479,2.7885714285714287,-1.7800978182285574
-0.14745298892911046,-0.0003673469387755479,2.8564897959183675,-0.794642355253635
-0.14745298892911046,-0.0003673469387755479,2.9244081632653063,0.08255139360891572
-0.14745298892911046,-0.0003673469387755479,2.992326530612245,0.8616101910241509
-0.14745298892911046,-0.0003673469387755479,3.060244897959184,1.5518418475613638
-0.14745298892911046,-0.0003673469387755479,3.1281632653061227,2.161775938778976
-0.14745298892911046,-0.0003673469387755479,3.196081632653061,2.6992112258123697
-0.14745298892911046,-0.0003673469387755479,3.2640000000000002,3.1712500428748234
-0.14745298892911046,0.006,-0.064,-1.5565258805942728
-0.14745298892911046,0.006,0.003918367346938775,-0.2415344607055374
-0.14745298892911046,0.006,0.07183673469387755,0.6167808663382823
-0.14745298892911046,0.006,0.13975510204081631,2.759831795598205
-0.14745298892911046,0.006,0.2076734693877551,4.431549633232879
-0.14745298892911046,0.006,0.2755918367346939,2.6624573182028444
-0.14745298892911046,0.006,0.34351020408163263,-4.224186809521188
-0.14745298892911046,0.006,0.4114285714285714,-15.967595877401148
-0.14745298892911046,0.006,0.4793469387755102,-31.00624759423195
-0.14745298892911046,0.006,0.5472653061224491,-47.39699417091175
-0.14745298892911046,0.006,0.6151836734693878,-64.82249911300897
-0.14745298892911046,0.006,0.6831020408163266,-83.69258330284327
-0.14745298892911046,0.006,0.7510204081632652,-102.39734850474778
-0.14745298892911046,0.006,0.818938775510204,-200.0
-0.14745298892911046,0.006,0.8868571428571428,-200.0
-0.14745298892911046,0.006,0.9547755102040816,-200.0
-0.14745298892911046,0.006,1.0226938775510204,-200.0
-0.14745298892911046,0.006,1.0906122448979592,-200.0
-0.14745298892911046,0.006,1.158530612244898,-200.0
-0.14745298892911046,0.006,1.2264489795918367,-200.0
-0.14745298892911046,0.006,1.2943673469387755,-200.0
-0.14745298892911046,0.006,1.3622857142857143,-97.20328671323321
-0.14745298892911046,0.006,1.4302040816326531,-87.580489293141
-0.14745298892911046,0.006,1.498122448979592,-78.67011734439376
-0.14745298892911046,0.006,1.5660408163265305,-70.59509399982807
-0.14745298892911046,0.006,1.6339591836734693,-63.35039654817662
-0.14745298892911046,0.006,1.701877551020408,-56.91637558038015
-0.14745298892911046,0.006,1.7697959183673468,-51.20270240632026
-0.14745298892911046,0.006,1.8377142857142856,-46.0563524490656
-0.14745298892911046,0.006,1.9056326530612244,-41.33458193497539
-0.14745298892911046,0.006,1.9735510204081632,-36.96376998528258
-0.14745298892911046,0.006,2.041469387755102,-32.92065675159178
-0.14745298892911046,0.006,2.109387755102041,-29.194347435117734
-0.14745298892911046,0.006,2.1773061224489796,-25.772637471045122
-0.14745298892911046,0.006,2.2452244897959184,-22.64076790303882
-0.14745298892911046,0.006,2.313142857142857,-19.78227440052747
-0.14745298892911046,0.006,2.381061224489796,-17.179796932110627
-0.14745298892911046,0.006,2.4489795918367347,-14.815678091981498
-0.14745298892911046,0.006,2.5168979591836735,-12.672399427619332
-0.14745298892911046,0.006,2.5848163265306123,-10.732919462051168
-0.14745298892911046,0.006,2.652734693877551,-8.9808709234414
-0.14745298892911046,0.006,2.72065306122449,-7.400706780980346
-0.14745298892911046,0.006,2.7885714285714287,-5.977788909399265
-0.14745298892911046,0.006,2.8564897959183675,-4.698430896894648
-0.14745298892911046,0.006,2.9244081632653063,-3.5498989719650025
-0.14745298892911046,0.006,2.992326530612245,-2.5204053924217655
-0.14745298892911046,0.006,3.060244897959184,-1.5990789582045624
-0.14745298892911046,0.006,3.1281632653061227,-0.7759280554305761
-0.14745298892911046,0.006,3.196081632653061,-0.041788994415262515
-0.14745298892911046,0.006,3.2640000000000002,0.6117199318267676
