-0.11430125534534455,-0.27091094143688677,2.146835962869227,-200.0
-0.20589852333068848,-0.09489335417747496,2.8906099617481233,19.066537966303382
-0.24264744222164153,-0.2010157138109207,1.592007464915514,11.81333138283945
-0.001416456699371349,-0.03323446512222289,2.7606242060661317,7.736086895793392
-0.059120625257492065,-0.17399105429649353,2.9932165145874023,-15.227723949506089
-0.2956481359899044,-0.0418043375015259,2.0367327511310576,-200.0
-0.1839351922273636,-0.25413673371076584,2.4322159349918366,-2.180653329604887
-0.09704153537750243,-0.13012227416038513,1.901297961175442,21.39960676325528
-0.07519678473472594,-0.2170556992292404,2.4619140267372135,-200.0
-0.16648274660110474,-0.017487323284149148,1.7180354669690132,-41.55629002864417
-0.27969656288623806,-0.2878298174589872,3.1761159002780914,16.202008248921988
-0.038190937042236306,-0.0776814043521881,2.0073978692293166,16.104639334655996
-0.02322050929069519,-0.2372177794575691,1.61542804017663,-200.0
-0.2600593328475952,-0.14733415246009826,2.5720180332660676,22.926229668154463
-0.22188149392604828,-0.15795097947120665,2.335805228352547,20.864681339772023
-0.1352624773979187,-0.05755140781402587,2.8668261766433716,12.650985063511635
-0.14707893133163452,-0.16327896416187285,1.7886388197541236,21.980618385101486
-0.21062466502189636,-0.07090052962303162,2.5324111878871918,11.456089635847267
-0.2473010256886482,-0.2343074306845665,1.9767286002635958,11.288882943000965
-0.034267920255661,-0.1314221978187561,3.145346975326538,2.136559142679509
-0.054471731185913086,-0.2906312322244048,2.634216845035553,-200.0
-0.26280121654272076,-0.09355766773223875,1.6777281925082206,-72.84915221672091
-0.15116211175918579,-0.21169145107269288,2.8177914798259733,15.227342744293352
-0.0923198640346527,-0.004028695821762074,2.2868783950805662,5.471102089758133
-0.10796992778778075,-0.24990797638893125,2.9529094934463505,-66.51477864568524
-0.17120435535907744,-0.11552857160568236,2.209035822749138,19.919141651059437
-0.28434552177786826,-0.18034434020519258,2.7116963088512422,22.557260548244848
-0.07103778719902037,-0.05412803292274476,1.542973395064473,13.820035093476097
-0.018567001819610573,-0.19462602138519286,2.1072292536497117,-200.0
-0.22720779329538343,-0.020801120996475242,3.063820880651474,-28.152626688846407
-0.18910388946533202,-0.27503062784671783,1.8705280229449273,-58.613970011303294
-0.1305362641811371,-0.10945122241973876,2.4015473246574404,18.177250271215026
-0.1250234842300415,-0.20591643154621125,3.163603121042252,10.601915885576684
-0.19287198185920715,-0.028580492734909035,1.995034396648407,-42.6451855087622
-0.22987785637378694,-0.2661016188561916,2.4975974559783936,11.44081060677929
-0.011809712648391701,-0.09934576749801635,1.7537644684314728,-24.57741909787829
-0.0671890139579773,-0.2588500589132309,2.3184417307376863,-200.0
-0.28996530175209045,-0.12563796043395994,2.8493007063865665,12.109718532769246
-0.1779233068227768,-0.16907615661621092,1.6561179287731647,19.717617859408985
-0.10536680817604063,-0.04638006091117858,2.6126497089862823,10.41754932480977
-0.08794695138931274,-0.28316715136170384,1.5745336148887872,-200.0
-0.1561066925525665,-0.08257337808609008,2.743208575248718,15.993221310960065
-0.26899145320057866,-0.22151710689067838,2.18741589486599,14.319561951940074
-0.05119798779487611,-0.012687045335769642,2.9313518822193148,2.62780088123606
-0.029251813888549805,-0.15347571372985838,2.41980043053627,-58.213619814731004
-0.2517168581485748,-0.062273722887039196,1.8888369351625443,-200.0
-0.2137959748506546,-0.2417847543954849,3.028997623920441,19.731743998483005
-0.14096480011940002,-0.1424105644226074,2.072364553809166,22.23709339673594
-0.13904719948768615,-0.22946122884750364,2.672595089673996,-7.095274154806717
-0.2163441449403763,-0.1360573947429657,1.504021493624896,23.506296605219518
-0.25327625423669814,-0.1680701047182083,2.9620044827461243,20.913850581717565
-0.02590599060058596,-0.06650322675704956,2.218176358938217,14.074794726546566
-0.043786078691482544,-0.20695998072624205,1.826627939939499,-200.0
-0.2758643455803394,-0.008568048477172852,2.357485294342041,-200.0
-0.16389511227607725,-0.2956006105989218,2.1213825821876524,-200.0
-0.0818900227546692,-0.08896324038505554,3.077915996313095,15.17327496741447
-0.10197520852088929,-0.18498913943767548,1.9327181965112685,-19.117698871301876
-0.17958341538906097,-0.0492913842201233,3.101394784450531,12.535413614897392
-0.29239445775747297,-0.2455013394355774,1.8026821821928025,2.749472362699991
-0.06529887914657592,-0.1203104317188263,2.54661654829979,16.22393166964646
-0.005853492021560658,-0.27956070452928544,2.778787535429001,-200.0
-0.23762050420045852,-0.10471041798591613,2.2478289037942885,14.960333179460186
-0.1997723400592804,-0.19004114270210265,2.6434095144271854,20.64135347714417
-0.11749255657196045,-0.025780105590820335,1.6867715679109097,10.421836409283165
-0.11973440051078796,-0.17298764884471893,2.583266443014145,17.83121351540754
-0.1969764858484268,-0.042522132396698,1.627409265935421,-51.8128552679826
-0.23515421748161314,-0.26158594340085983,2.878697144985199,17.23136150274822
-0.0076924681663513295,-0.12295966744422912,2.347163882851601,-41.97101046610692
-0.06308907866477967,-0.26341644823551175,1.7298026755452156,-200.0
-0.2952223509550094,-0.1020839273929596,2.4733764410018924,-32.09643069361464
-0.18200849890708923,-0.2020653784275055,2.018957558274269,18.87480363814073
-0.10009503364562988,-0.03248970508575438,3.1877858340740204,7.018661935959868
-0.08386175036430357,-0.24085846692323684,2.0486102044582366,-200.0
-0.161378476023674,-0.14339427351951597,3.004568684101105,18.99366554029293
-0.273091384023428,-0.15138125717639922,1.9125528559088707,17.22830858728467
-0.04594094753265382,-0.06442161798477172,2.444190663099289,14.368783673903355
-0.023975461721420288,-0.22367185950279234,2.9021761357784275,-200.0
-0.2558340936899185,-0.010590291023254372,2.1584993958473206,-200.0
-0.21908506751060486,-0.2841440040618181,2.772397899627686,3.3099482062227548
-0.13686028718948365,-0.08164939284324646,1.603463400527835,19.859634872818493
-0.1431380867958069,-0.2998720211908221,3.04851935505867,-200.0
-0.2110780656337738,-0.08459776639938354,2.092660531401634,13.458951441678451
-0.24918207675218582,-0.21006722152233123,2.3868683576583862,17.248561331839323
-0.03116878867149353,-0.005370765924453735,1.8553367421030997,1.5307225898572225
-0.049065899848938,-0.16487510204315184,2.194253095984459,-60.86175873563916
-0.2717505656182766,-0.06960359215736389,2.9378219723701475,-19.77655635639581
-0.15860943496227264,-0.22509347051382064,1.5279831456020474,-26.395480190449707
-0.08599793314933776,-0.14033567905426025,2.69681630730629,17.587232474009568
-0.10726089477539061,-0.18977918922901155,1.6630557104945183,-33.44533527368499
-0.17547549605369567,-0.025951856374740623,2.619019079208374,-0.060683599084377704
-0.2871146366000175,-0.2781191311776638,2.271583354473114,6.088534772437135
-0.06941265463829041,-0.10605779886245728,2.803216272592545,18.000234849070292
-0.00994766950607301,-0.24684642702341078,2.5174274265766146,-200.0
-0.23235770612955092,-0.11887571811676026,1.7737523332238196,18.472875316485105
-0.19568144381046293,-0.18516318798065184,3.130570733547211,20.450488661625275
-0.12275864481925963,-0.049022573232650746,1.9616345942020417,15.15158992233908
-0.1277838706970215,-0.25667722821235656,1.8769469171762467,-200.0
-0.19123811423778533,-0.1275300621986389,2.4084356963634495,20.360029208420517
-0.2291589617729187,-0.17769510447978973,2.0610970944166183,19.069895351022247
-0.01607099175453186,-0.03804343342781069,3.0170103311538696,8.588667579545065
-0.07375813722610475,-0.19725251197814941,2.7316298365592955,-39.394196829644
-0.2821792490780353,-0.03694537281990051,1.5628576014190911,-200.0
-0.1692943811416626,-0.26832102388143536,2.919565623998642,-12.928951727255205
-0.11050713658332825,-0.09742698669433594,2.1759474009275435,18.150288853975788
-0.08983758687973023,-0.15594208538532256,2.83803973197937,14.79325376663412
-0.15301715433597565,-0.05950328707695007,2.3064479529857635,16.404082285610304
-0.2650590419769287,-0.23638903498649597,2.6007661759853367,16.127100772990463
-0.05165982842445374,-0.14811104536056519,1.6447466969490052,-56.29710559256154
-0.036708998680114735,-0.28860899358987807,1.9832546234130861,-200.0
-0.24540478885173797,-0.07684578895568847,3.152128142118454,9.316990143184633
-0.20839887857437134,-0.21900529861450196,1.7421922147274018,13.077238179338362
-0.14992287755012512,-0.015485304594039906,2.485914957523346,2.0014380745919222
-0.13243244290351866,-0.21503131985664367,2.2625139504671097,-10.924386862386093
-0.2240845799446106,-0.0007824540138244851,2.7939978659152986,-83.80280217223556
-0.2619327798485756,-0.29514609910547734,1.7020791858434676,-21.93130913488652
-0.020793271064758312,-0.08913128972053527,2.6579972863197328,9.586057004201662
-0.0409797728061676,-0.22988790571689605,3.1163911104202273,-200.0
-0.2774522826075554,-0.1359347641468048,1.9476172477006912,4.838646369821607
-0.16464134752750395,-0.16002586483955383,2.561405354738236,21.338876540882673
-0.0776560664176941,-0.0742426872253418,1.817788752913475,17.128544370689358
-0.0944907009601593,-0.27353957667946815,2.3727993845939634,-200.0
-0.18586814403533936,-0.11103059649467467,1.8412092268466949,22.780954238510933
-0.2978374846279621,-0.19430368244647978,3.0926075279712677,21.6609051915529
-0.0563867211341858,-0.021216952800750755,2.1365864276885986,5.380916072710653
-0.0039352476596832275,-0.18075329661369322,1.5188167866319418,-200.0
-0.24068244248628615,-0.053807973861694336,2.687695175409317,-20.185776895775145
-0.20375036895275117,-0.25149422585964204,2.2331791698932646,6.318743127943604
-0.11707634925842283,-0.11403524279594421,2.976897048950195,17.628497200205015
-0.11540021896362304,-0.22102985680103301,1.539442117884755,-200.0
-0.20187310874462128,-0.013220590353012096,2.708586555719376,-31.078968015719482
-0.24023340940475463,-0.281512588262558,2.1992789596319198,-0.09568378485649198
-0.003247886896133423,-0.08429256677627564,2.9427440762519836,5.585621316295903
-0.05802594423294066,-0.24349931627511978,2.378509211540222,-200.0
-0.2996784090064466,-0.14076054096221924,1.8470813557505608,-21.218102669756064
-0.18635408878326415,-0.1540138006210327,3.0470083534717562,18.873613578391282
-0.09521439671516418,-0.06178187727928161,2.0908382505178453,13.336255908222789
-0.07951387166976928,-0.26547251343727113,3.1223153471946716,-200.0
-0.16626140177249907,-0.1000395655632019,1.9532754480838777,21.005422320605987
-0.2781568095088005,-0.20411085784435273,2.5156051456928257,19.302752304236552
-0.0414825975894928,-0.030432468652725198,1.7722413316369057,8.200255927095357
-0.018898558616638195,-0.17093274593353272,2.2833536028862,-200.0
-0.2602763906121254,-0.04456992745399474,2.8146752417087555,-51.30790214182085
-0.22341696023941038,-0.25953932851552963,1.6679778143763542,-7.207555704124326
-0.13196595311164855,-0.12501347064971924,2.624044942855835,19.43349793799734
-0.14817379117012022,-0.24479838162660597,2.030429497361183,-53.02161547769939
-0.20659457445144652,-0.12093037962913514,3.1995690524578095,18.345727394752085
-0.24488222301006315,-0.18310971558094025,1.7348415091633798,17.711515054391295
-0.036095166206359885,-0.051069509983062755,2.4783115148544312,11.916714607126634
-0.05337257981300353,-0.191823810338974,2.870350968837738,-55.51409799983709
-0.2668264389038086,-0.023896050453186046,2.338921466469765,-200.0
-0.15357605516910552,-0.28017605021595954,2.581768411397934,-79.64737680997936
-0.09048832654953001,-0.10401200652122497,1.625599955022335,22.150121938140998
-0.11229198575019836,-0.16750907599925993,2.7641554832458497,18.04684516658628
-0.1709873914718628,-0.06696299314498902,1.595117224380374,15.207292699635413
-0.2828102488070726,-0.22773288935422897,2.9003668248653414,17.642434045401444
-0.07433449029922484,-0.13770280480384825,2.1570013642311094,10.61680737933792
-0.01424982547760012,-0.29724146593362094,1.9243360742926598,-200.0
-0.2274290442466736,-0.08723950982093812,2.4556626021862034,12.68130222160768
-0.1906434506177902,-0.20742436051368712,2.053545278310776,18.539624565032238
-0.12724442481994627,-0.008002495765686013,3.009607517719269,6.030361892787968
-0.12348234057426452,-0.28596928976476194,2.5497258961200715,-200.0
-0.19616738855838775,-0.07947837710380554,1.806213054060936,13.419340083359394
-0.23419863134622573,-0.21637161076068878,3.1115597963333133,19.640308379662322
-0.01158689260482787,-0.018126189708709717,1.9424746543169022,5.382365774360015
-0.0687252938747406,-0.15858523249626158,1.7102178424596786,-37.25911027237109
-0.28666560016572473,-0.056871843338012706,2.6664472222328186,-200.0
-0.1735982358455658,-0.2390193074941635,2.264219501614571,-0.24365498657084395
-0.10558476448059081,-0.1454690158367157,2.795599657297134,20.359174293277587
-0.08553144335746765,-0.19930627048015592,2.241629105806351,-58.70036970208759
-0.15794181525707243,-0.03489872217178347,2.985035705566406,10.684096900836765
-0.2700941786170006,-0.27036878317594526,1.5204185795970262,-11.57120844005502
-0.04717118740081788,-0.09537203907966613,2.6894007265567783,15.83822037301896
-0.031671613454818726,-0.25462001860141753,3.0810318291187286,-200.0
-0.24988660365343093,-0.12957556843757628,2.1249069690704347,20.05068176892662
-0.2126981198787689,-0.1756507694721222,2.367656791210175,19.523795684126846
-0.14499589204788207,-0.04009952545166018,1.8363779127597808,11.27641729257683
-0.13751102685928343,-0.17870753109455106,2.9078991353511814,20.88765495156284
-0.21964396834373473,-0.05586492419242858,2.1643846720457076,-21.950384346361556
-0.2576014906167984,-0.2494384467601776,2.726811492443085,16.868571695099345
-0.025688213109970104,-0.11607989072799682,1.5577279716730117,-40.886483106214584
-0.045327115058898915,-0.2755864731967449,2.0692487210035324,-200.0
-0.27256881818175316,-0.10897707939147949,3.0254732370376587,13.410717371066827
-0.1595741719007492,-0.19635829925537107,1.8786654382944108,15.480801385127313
-0.0821126639842987,-0.019168871641159047,2.4100504577159882,6.4662072697120205
-0.09955558776855469,-0.23251960873603822,1.7506551206111909,-200.0
-0.1814138352870941,-0.13329187631607056,2.4940665841102603,19.41924088920225
-0.2934924328699708,-0.16266758143901824,1.9848693847656251,13.757102283106772
-0.06126789450645448,-0.0716121017932892,3.153846663236618,12.89419397204717
-0.008268821239471424,-0.21239848136901857,2.5892034471035004,-200.0
-0.23578521609306335,-0.003421908617019631,1.633080208301544,-200.0
-0.198669496178627,-0.2925055392086506,2.832910108566284,-16.26928210585849
-0.12151924967765806,-0.09176530838012695,2.3016296088695527,16.572646943062352
-0.11936895847320556,-0.2345783248543739,2.8262543857097624,-28.144856840304392
-0.2014470398426056,-0.1499669909477234,2.295030021667481,20.2349014227484
-0.23830643445253372,-0.1553169697523117,2.635831606388092,21.635350465560926
-0.006301671266555786,-0.0601919710636139,1.6794467262923718,7.598819204150754
-0.06345938444137572,-0.21969859600067138,1.9651658713817597,-200.0
-0.29075609240680933,-0.014855629205703713,3.1336804866790775,-200.0
-0.17886057794094085,-0.2904604084789753,1.7835091963410377,-200.0
-0.10149069428443908,-0.0750396966934204,2.527592843770981,13.784041245157836
-0.08026911020278929,-0.176044562458992,1.8588615342974664,-43.67948848687399
-0.16203587651252746,-0.039757436513900735,2.389984595775604,10.09062434164683
-0.2753600902855396,-0.2561848148703575,2.102410909533501,7.531669813168018
-0.04308069348335264,-0.12806764841079712,3.0586912572383884,7.5758766068935515
-0.027563810348510742,-0.2688539855182171,2.719847935438156,-200.0
-0.25517182499170304,-0.0969391107559204,1.5514363009482621,-53.22321649238833
-0.21681149303913116,-0.19897105693817138,2.9546280145645145,20.00291870526529
-0.13971624970436095,-0.03529023528099062,2.210650584101677,11.788206506992209
-0.14276767373085023,-0.19258050620555878,2.4406658709049225,17.008209824349073
-0.2155442029237747,-0.02285832166671753,1.9094366177916529,-200.0
-0.2523298323154449,-0.2729745268821716,2.9948183059692384,16.879026879062327
-0.02977294921875001,-0.11149554848670959,2.038438302278519,-7.105295841515499
-0.04943144917488096,-0.2519546225667,1.5804317723959684,-200.0
-0.26728013455867766,-0.11347480416297911,2.7489447474479674,13.913866321580137
-0.15545738339424134,-0.18239927887916563,2.141693353652954,20.99070528141286
-0.08738890886306763,-0.05208027362823486,2.8857786476612093,9.391316366795534
-0.10367236733436583,-0.2932626837864518,2.3241257697343825,-200.0
-0.1761375993490219,-0.09091452956199644,2.8552504777908325,17.305614735519907
-0.28938809148967265,-0.21433348953723907,1.610596726089716,10.393740510639983
-0.0665565848350525,-0.0013984322547912487,2.5668754398822786,2.610151885332242
-0.013540488481521618,-0.16064638495445252,3.1842545568943024,-45.37616557807566
-0.2317004710435867,-0.07354023456573486,2.0158478051424025,-19.316824339071967
-0.19341285824775695,-0.2316665455698967,2.4636195778846743,16.23320051425811
-0.12561900615692137,-0.13405589461326597,1.7196372583508492,23.007785322315684
-0.13005174994468688,-0.1508339613676071,2.1131401658058167,22.727372894675103
-0.1883810520172119,-0.06490427255630493,3.0695698201656345,15.026903075320028
-0.22556942850351333,-0.2391530156135559,1.824818629026413,9.080322232683448
-0.0167275071144104,-0.1450534164905548,2.3559872627258303,-74.65590034401251
-0.0714859664440155,-0.28580774702131745,2.9737877011299134,-200.0
-0.28503145314753053,-0.07993939518928528,2.2296482980251313,-200.0
-0.17287905514240265,-0.22414997220039368,2.6775301635265354,15.83109814885967
-0.10984632968902588,-0.01004762649536134,1.5090603256598114,2.1606281153666522
-0.09298891425132752,-0.2609058737754822,2.654881453514099,-200.0
-0.15162945985794066,-0.1235933482646942,1.6985547862946988,20.415737295205837
-0.26469678729772567,-0.17112195789813994,2.7838263690471647,21.99533277861652
-0.056129550933837896,-0.0443231463432312,2.252763977646828,10.000183953273424
-0.03356253504753115,-0.20386177897453306,1.7943360060453415,-200.0
-0.2467967703938484,-0.030628538131713845,2.5383741319179536,-96.2157605131147
-0.20876542031764983,-0.264054686576128,1.9312201648950578,-11.0838412417846
-0.14545801877975464,-0.10139924883842469,3.099585473537445,14.977169943329192
-0.13470443487167358,-0.27751290947198864,1.6478625297546388,-200.0
-0.22123218476772308,-0.10676532983779907,2.604290562868118,20.851167685972143
-0.25834801197052,-0.18798734843730924,2.3166194498538974,19.96823204706499
-0.021453970670700095,-0.027826720476150535,2.847789704799652,6.513860303779855
-0.03871207237243651,-0.18703351020812986,2.5093677043914795,-200.0
-0.2803095370531082,-0.04723532795906066,1.7652234375476836,-200.0
-0.16823097467422485,-0.24755858480930326,3.1685252249240876,8.491331369281767
-0.07699965834617614,-0.11826496124267577,2.000060260295868,19.167108031198048
-0.09763705730438232,-0.20959370434284208,3.0404565930366516,-13.200676084034825
-0.18447606861591337,-0.005927199125289939,2.084134802222252,-72.76187336181894
-0.2974707498215139,-0.29824035018682477,2.424826294183731,4.639101105985919
-0.060851401090621954,-0.08633068799972535,1.8937590390443804,19.29989936580382
-0.0007840275764465221,-0.22683092057704923,2.1790567487478256,-200.0
-0.24207023084163665,-0.13869938850402833,2.9230964958667753,21.56109729466876
-0.20411281585693358,-0.1654269218444824,1.5730226133018732,18.09752163319232
-0.112606805562973,-0.06913463473320008,2.741386294364929,12.453809980233624
-0.11312819123268128,-0.16605527400970457,3.0721425354480747,19.011209197696534
-0.2047276496887207,-0.06844462752342223,2.1155086547136306,5.68490381172645
-0.24147668927907942,-0.22627595365047454,2.350054919719696,16.545733445843066
-0.00024336576461791992,-0.1391698122024536,1.8190905883908273,-200.0
-0.06029375195503234,-0.2987130627036095,2.22394612133503,-200.0
-0.2968189333565533,-0.08577800989151,2.9678812980651856,-24.668352342845964
-0.18510601222515105,-0.20890140831470488,1.5114546816796064,11.085039977663577
-0.09821455478668212,-0.00655326247215271,2.6801288187503816,5.588417042303565
-0.07636747956275938,-0.2480288654565811,1.6926483705639839,-200.0
-0.16765569448471068,-0.11770985126495362,2.6491793274879454,18.110564231082794
-0.28086953312158586,-0.18634335994720458,2.2553625822067263,21.630402523919916
-0.03936152458190917,-0.0478635370731354,2.786220747232437,10.243868656190909
-0.022049885988235485,-0.18861326873302459,2.54074257016182,-200.0
-0.2588863179087639,-0.027134281396865856,1.7969087466597558,-200.0
-0.2207085996866226,-0.27696008831262586,3.0938574075698853,12.70160044184516
-0.1340918183326721,-0.10723789930343627,1.9252878725528717,19.345218858152545
-0.14590598344802855,-0.26460064128041266,2.606905835866928,-53.95809971782549
-0.20945405066013334,-0.10091981291770935,1.6502670660614966,18.04873457648589
-0.24613029956817625,-0.20324272513389585,2.841893434524536,18.875795928353416
-0.0330950081348419,-0.03132784366607666,2.310933992266655,7.816418163481669
-0.05564460754394532,-0.17182355225086213,1.7595119640231132,-200.0
-0.26397189795970916,-0.04370638132095339,2.503445494174957,-200.0
-0.15233277082443236,-0.2604241490364075,2.002438780665398,-95.32668014635905
-0.09349284768104552,-0.1241370141506195,3.1711145579814914,18.747463271455715
-0.10914065837860107,-0.224849134683609,2.078212541341782,-94.22979013813097
-0.1723774641752243,-0.009428429603576649,3.0347451448440554,-2.10776005182728
-0.2855186082422733,-0.28532816804945466,1.89634834676981,-5.298562895196897
-0.0722086250782013,-0.08048520684242247,2.4272048652172087,16.4303241044706
-0.01739619970321654,-0.23969653844833372,2.9255010068416594,-200.0
-0.22603475153446195,-0.14457154870033265,2.1816720724105836,22.78319295914432
-0.18793072700500488,-0.1502170532941818,2.735700786113739,19.323576192505232
-0.1293654978275299,-0.06560572385787963,1.5671263683587313,18.869974797700383
-0.12619421482086182,-0.23104734867811202,2.292622217535973,-43.73655824377384
-0.19404489398002622,-0.1347550570964813,2.8236423552036287,18.92780162552189
-0.23105081766843794,-0.1611921966075897,1.6851354390382767,21.1575156972346
-0.012980335950851463,-0.07306065559387206,2.641724634170532,10.619019669512232
-0.06601835489273072,-0.21385162174701688,3.1395994544029238,-55.22349804829284
-0.28879231363534924,-0.0019419550895690696,1.97088061273098,-200.0
-0.1767504125833511,-0.2939641350880265,2.5250067532062532,-68.32746737953111
-0.10419611334800719,-0.09029762148857115,1.7811274081468582,18.656133406831742
-0.08677386045455932,-0.18191984295845032,2.395699286460877,-15.121062728748697
-0.1549358546733856,-0.05262622833251954,1.8647805273532867,14.717458909748176
-0.2678207091987133,-0.25265392810106274,3.0563094437122347,17.740154441647874
-0.05002486109733581,-0.11285575032234191,2.099824869632721,10.057237220258429
-0.030424976348876975,-0.2723577618598938,1.5488242419436573,-200.0
-0.25288762897253036,-0.11219714283943175,2.7174401819705967,17.647878615531745
-0.21496679484844206,-0.19312417209148408,2.216543561220169,18.801215215064303
-0.14213785529136658,-0.022376596927642822,2.96031676530838,8.663656232878795
-0.14021796584129334,-0.19841594696044923,1.9070713967084885,4.228936397743922
-0.21751725375652314,-0.035760515928268455,2.4380899131298066,-33.492686334979396
-0.25444931387901304,-0.2694821946322918,2.044163075089455,4.671587178221928
-0.027076864242553733,-0.09624896049499512,3.0007538914680483,11.24104459898481
-0.042615240812301614,-0.2554923757910728,2.7548543930053713,-200.0
-0.27469131276011466,-0.12869356870651244,1.5861306812614202,-18.731579648661576
-0.16272198557853698,-0.1765171319246292,2.883176749944687,21.898888438400824
-0.08071922063827514,-0.03920461535453795,2.1393022686243057,9.522438649958882
-0.10080222487449644,-0.28977040126919745,2.8609493613243107,-200.0
-0.1784128099679947,-0.07566804885864256,2.330035465955734,18.603033646076096
-0.29122375845909115,-0.2201690196990967,2.564484304189682,17.75619432017909
-0.06412593126296998,-0.014300662279129017,1.6079948663711547,6.33778926206854
-0.007026404142379761,-0.15476429164409636,2.0132717967033384,-200.0
-0.23879117667675018,-0.06066468358039856,3.1818893611431123,3.4529867248410184
-0.2009429633617401,-0.23520438820123674,1.7255728185176848,4.404628391452361
-0.11866557598114014,-0.14927469491958617,2.4693444013595585,21.8360144261715
-0.12090523838996886,-0.2918131001293659,1.8119119629263878,-200.0
-0.19814952313899992,-0.09239122867584229,2.555635541677475,19.87610464389824
-0.23632734864950178,-0.21287105083465574,1.9400835692882539,14.210872742375884
-0.008863270282745361,-0.0028690874576568492,3.108957898616791,0.34719297428357365
-0.06191831231117248,-0.16211247146129606,2.6638712644577027,-10.139258500923095
-0.29404924660921095,-0.07208238244056703,1.7078526087105275,-200.0
-0.18083544373512267,-0.2331478178501129,2.8015352427959446,15.746348885392386
-0.09892416000366211,-0.13260172605514525,2.269944274425507,21.17904203235908
-0.0826888382434845,-0.19580562114715577,2.9826705098152164,-15.168532261625096
-0.160207799077034,-0.019641584157943703,2.239053097367287,-5.194705567029608
-0.2719207562506199,-0.2762125365436077,2.695125550031662,13.6546738593703
-0.04476792812347413,-0.10828478336334227,1.5263541365973652,1.386723460123104
-0.025148445367813133,-0.24874843955039977,2.1308166652917864,-200.0
-0.2570046946406364,-0.11670824289321899,3.0867307126522068,19.479890406351767
-0.2202557623386383,-0.17917795479297638,1.8337760403752328,17.73416456651931
-0.1380332350730896,-0.05530995726585389,2.365265655517578,15.006272289621913
-0.14430874586105347,-0.17516890168190002,2.170099413394928,21.07422273447085
-0.21225104928016664,-0.040643048286438,2.9138181030750276,-2.4216437241330144
-0.2503549665212631,-0.25532146990299226,1.5553461898118257,-3.100168249582609
-0.03233948349952698,-0.128958660364151,2.724225401878357,-4.732450959065243
-0.047895169258117654,-0.2697495862841606,3.022861206531525,-200.0
-0.2705776490271091,-0.09607120156288146,2.0668409168720245,-36.66764702935378
-0.15743646919727325,-0.19985208213329314,2.4159434854984285,18.346999016653808
-0.08482730984687806,-0.034419143199920677,1.8843541637063028,10.249026452659004
-0.10608773231506347,-0.23840254247188566,2.4916588306427006,-94.65177447294244
-0.1743047297000885,-0.14617061018943786,1.7480430647730827,20.193349937736432
-0.28594382107257843,-0.15912889838218688,3.159535413980484,22.192338642491507
-0.06823959946632385,-0.056390118598938,1.9907623618841173,13.035631715995622
-0.011120760440826438,-0.21589217483997344,1.6389992140233516,-200.0
-0.2335285484790802,-0.018672144412994363,2.5949181377887727,-86.8621420549334
-0.1968521922826767,-0.2866685952991247,2.2990435689687727,-37.24044818975739
-0.12393177151679993,-0.07885932326316833,2.8305282950401307,13.452799578601258
-0.12661099433898926,-0.20812595486640928,2.7026643455028534,3.3558708550451257
-0.19006743729114534,-0.007385730743408203,1.5337306443601846,-200.0
-0.2279883071780205,-0.29675974119454623,2.945333409309387,2.89270174109258
-0.014898008108139016,-0.08778317570686339,2.2016574800014497,3.0893704431044267
-0.0749310851097107,-0.22827884405851362,1.8494858920574189,-200.0
-0.28334985896945,-0.13722336888313294,2.381124484539032,13.355152285828261
-0.1704651117324829,-0.16689002215862273,2.085152792930603,21.44135196148656
-0.11168004870414733,-0.0676622986793518,3.0411120831966403,11.337990401193352
-0.09100838899612426,-0.28071957305073736,1.9558907717466356,-200.0
-0.15419019162654876,-0.10353013873100281,3.1247198581695557,15.23288111350302
-0.2662321999669075,-0.1912069022655487,1.7663450866937638,17.624366555003434
-0.0528305947780609,-0.02459750175476072,2.5099196374416355,5.342266095263691
-0.035538268089294445,-0.18380887806415558,2.808963793516159,-84.60192903371356
-0.24423167556524275,-0.050450313091278065,2.2774313420057295,-67.81466827016182
-0.2072257876396179,-0.24431880265474318,2.626423513889313,16.295746388090386
-0.14875203967094422,-0.12147619128227233,1.6705671221017837,20.424028409837213
-0.1312593162059784,-0.2600120410323143,3.1936626493930818,-30.884374272483583
-0.22291377782821653,-0.12446079254150391,2.0247273206710816,23.2182352315649
-0.2607619553804397,-0.1702404499053955,2.480910170078278,22.389032047692822
-0.019620251655578624,-0.045195990800857566,1.737235862016678,13.010547068294208
-0.04215282797813413,-0.2047392100095749,2.3412899553775786,-200.0
-0.2786231517791748,-0.0297424614429474,2.8729236841201784,-200.0
-0.16581209599971772,-0.2649175465106964,1.6198719017207623,-200.0
-0.0788291573524475,-0.10050998926162719,2.5758360683918,18.644438541710613
-0.095661324262619,-0.15463972091674805,1.5976899586617948,4.039995436701634
-0.18704116344451904,-0.06108943819999696,2.766523921489716,14.449080634502282
-0.2990103830583393,-0.24294649511575697,2.151069071888924,9.923233277650697
-0.05755738019943238,-0.14123311042785644,2.8946387588977815,7.0725076036931505
-0.0027645528316497803,-0.2819828689098358,2.4499604761600495,-200.0
-0.23950949907302854,-0.08373745679855346,1.918429645895958,-19.72984987558801
-0.20257740318775175,-0.2203397065401077,3.0120018959045414,21.06285020391722
-0.11590576171875,-0.013848799467086781,2.056143882870674,6.8655747076148845
-0.11657338142395018,-0.2507927745580673,2.4041732370853426,-200.0
-0.2030438929796219,-0.1146521508693695,1.8728951945900918,23.36614841940392
-0.24140421152114866,-0.1812351644039154,3.017939102649689,19.415323295811422
-0.004420942068099953,-0.053264451026916515,2.0618150532245636,10.187995376448965
-0.05685285329818726,-0.19375787079334258,1.563601576164365,-200.0
-0.2985075579956174,-0.021696531772613548,2.732584547996521,-200.0
-0.18518335819244386,-0.2741587735712528,2.171921694278717,-39.89197041591299
-0.09404127001762388,-0.11033143401145934,2.9153291046619416,18.329716824487953
-0.0783432126045227,-0.15948219895362853,2.307402715086937,-1.2299404142807582
-0.16508840024471283,-0.07472441196441651,2.8387836813926697,16.006191125041916
-0.27698392868041993,-0.23050467073917388,1.6405102029442786,4.219126976574627
-0.04031190276145935,-0.13523316979408265,2.596740418672562,-6.151381250668294
-0.020069289207458485,-0.29444679357111453,3.148076444864273,-200.0
-0.26144931614398953,-0.08975034356117248,1.9789921134710313,-40.94105058963698
-0.22458990812301635,-0.215510755777359,2.4866329669952396,18.94682424793515
-0.13313657641410828,-0.00023649930953978382,1.7431209608912468,-22.502299542756223
-0.14934670329093933,-0.21853272914886473,2.789752024412155,10.91456871328651
-0.20776523351669313,-0.016038125753402688,2.2584723353385927,-78.35361202293588
-0.24605285972356794,-0.28930143266916275,2.6589361906051634,7.884531527456852
-0.03726818561553957,-0.07621986865997313,1.7028137750923633,16.221613349243313
-0.05219959616661071,-0.23576082587242125,1.9483259856700896,-200.0
-0.26565584689378735,-0.14880119562149047,3.117304074764252,21.83674226105603
-0.15240534245967866,-0.15649719536304474,1.8137212738394737,22.13497493997194
-0.08931537866592407,-0.05903300642967224,2.5571335732936857,11.333211262854787
-0.11112114787101746,-0.2676949605345726,1.8421222165226936,-200.0
-0.1698143720626831,-0.09811928272247314,2.373508071899414,19.296278787915
-0.2816371086984873,-0.19780519008636474,2.132314696907997,19.44580478956435
-0.07316368818283081,-0.036472660303115856,3.0885400235652924,6.479312426062571
-0.015420573949813832,-0.17722468078136444,2.6836536109447477,-200.0
-0.22860213965177534,-0.03859840035438539,1.5145709166303276,-200.0
-0.1918165236711502,-0.2573672354221344,2.977631676197052,10.735480025534674
-0.12841529846191405,-0.12690171003341674,2.2341180235147475,21.141649393704366
-0.12231171727180482,-0.18585548400878904,1.6314476005733014,-5.780258284388893
-0.1949943870306015,-0.048396509885787975,2.5875155270099643,5.386670933115093
-0.233025723695755,-0.24637371450662612,2.346432548761368,15.156146941933503
-0.010416233539581321,-0.11942839622497559,2.8777549982070925,-12.190120132959986
-0.06989598870277405,-0.2786740981042385,2.472460234165192,-200.0
-0.2878385346382856,-0.10558737516403197,1.729097205400467,-200.0
-0.17477121949195862,-0.18915083706378938,3.1920608580112457,21.528119560592014
-0.10675535202026368,-0.02664186358451842,2.023021769523621,10.894752978403085
-0.08670457005500792,-0.22564629167318345,3.0038632392883304,-51.18954592098271
-0.15911259949207304,-0.13986310958862305,2.047693946957588,20.635449882277417
-0.27126500979065893,-0.16424918174743652,2.4482549250125887,23.10281981202909
-0.04834420680999757,-0.07029603123664857,1.9168278545141222,17.171765381286317
-0.030498558282852195,-0.21075737178325654,2.1627485305070877,-200.0
-0.24871574342250824,-0.0047425568103790505,2.9062144577503206,-200.0
-0.21152735352516172,-0.2994017405435443,1.6025212790817023,-111.1794495755166
-0.14382280111312865,-0.0851528763771057,2.7716665148735045,15.034767374411556
-0.1363402247428894,-0.2846257288008928,2.096715521812439,-200.0
-0.2184709131717682,-0.08110572695732116,3.052778571844101,16.152384228519743
-0.2564283460378647,-0.22297026515007018,1.8546155154705048,10.387591317756366
-0.024517446756362915,-0.011207056045532238,2.385942828655243,2.2203500744931404
-0.04649784564971926,-0.15200031101703643,2.936870503425598,-7.442434861324504
-0.27374194040894506,-0.06372231245040894,2.1935058534145355,-200.0
-0.1607472449541092,-0.24031251221895217,2.701049584150314,0.6866917647420365
-0.0832835018634796,-0.1438737094402313,1.5320121232420205,2.413446705006141
-0.1007284641265869,-0.2026822865009308,2.6182718873023987,-16.914980410896874
-0.18258453011512754,-0.03178825378417971,1.6621042288839818,-44.14581213258071
-0.2946630779653788,-0.2628729254007339,2.807245272397995,14.241117451977798
-0.062440878152847296,-0.10256579518318176,2.2758165806531907,18.349449125606146
-0.0070958733558654785,-0.2620655223727226,1.7780115753412247,-200.0
-0.234614597260952,-0.1224138557910919,2.521482366323471,22.037921953256035
-0.19749878346920013,-0.1722884863615036,1.9607091158628465,19.307041972781036
-0.12034633755683899,-0.04314132928848269,3.129849481582642,9.53542973468616
-0.11819822788238524,-0.19066019654273986,1.9942871540784837,-4.9460627910668045
-0.20027391314506532,-0.02508080005645752,3.1626516520977024,-1.8752444676887592
-0.23713335692882537,-0.27901474982500074,1.757793442904949,-15.49475917396191
-0.005130833387374856,-0.10518985390663146,2.5018307328224183,-14.126851861301535
-0.06463018655776978,-0.2459830641746521,2.8535599231719972,-200.0
-0.291929142549634,-0.119766765832901,2.3224967211484913,-11.60764589931675
-0.18003372251987457,-0.18428754508495332,2.611724179983139,21.624063103242296
-0.10266146063804626,-0.04990814924240111,1.6553966894745826,14.591266545640405
-0.08144205808639526,-0.2960801895707846,2.7472635149955753,-200.0
-0.16320649981498717,-0.08841742873191832,1.5787928506731987,22.43406305251218
-0.27653080746531483,-0.20626081824302672,2.9306306302547456,19.36094965300979
-0.04425360560417174,-0.009187245368957542,2.1864904165267944,2.573063589099529
-0.026390933990478538,-0.1686870127916336,1.8878854408860208,-200.0
-0.2540011346340179,-0.06580177545547486,2.419053238630295,-36.452702574098495
-0.215640851855278,-0.22891770601272582,2.0765977799892426,15.282329425402471
-0.13854326605796813,-0.13653926253318785,3.0330266237258914,19.228915071140722
-0.14159697890281678,-0.2423397213220596,1.5033160266466439,-200.0
-0.2143712729215622,-0.14194014072418212,2.6716788828372957,20.440997040404724
-0.25115685313940045,-0.1528473615646362,2.2222405701875685,23.34455259608306
-0.02860236167907715,-0.06296373009681702,2.9662795066833496,12.512815138925598
-0.05060207247734069,-0.2222094029188156,2.36173437833786,-200.0
-0.2684531383216381,-0.012060981988906871,1.8306662872433663,-200.0
-0.1566302955150604,-0.2826944388449192,3.0769738495349888,-37.66408941073891
-0.08855956792831421,-0.08312605619430541,2.1206512480974196,17.127953892587822
-0.10484542250633239,-0.16976630687713623,3.1054331064224243,16.427854020635277
-0.17730846405029296,-0.04575185179710389,1.9369673311710358,-0.2023251275111626
-0.29055885337293147,-0.25837977826595304,2.5458851635456083,12.439671949422515
-0.0677296757698059,-0.12619307041168212,1.8017400607466698,9.805978685452278
-0.012367361783981345,-0.26665444001555444,2.24691264629364,-200.0
-0.23052968233823776,-0.09887319803237915,2.778082090616226,18.512690801198637
-0.19224202036857604,-0.2052905112504959,1.691046579182148,15.524762681214042
-0.12444598674774168,-0.029272931814193714,2.647473776340485,10.26776285090105
-0.1312247335910797,-0.2744024187326431,2.891522926092148,-83.28414597323471
-0.18955163955688475,-0.11014137268066407,2.1475446850061415,21.95432438638712
-0.22674013674259186,-0.19518113136291504,2.756352424621582,19.35791958795252
-0.017900454998016346,-0.02033084034919741,1.587939992174506,6.827328778993187
-0.0703130543231964,-0.17987177073955535,2.0326911360025406,-63.96117324358787
-0.2838607896119356,-0.054680854082107544,2.988970673084259,-54.315367236823946
-0.1717084139585495,-0.25060041546821593,1.9020325630903243,-33.72676237678033
-0.1086733102798462,-0.11490265130996705,2.4331548392772673,20.04831279029376
-0.09181814789772033,-0.21122102737426757,1.713789600133896,-200.0
-0.15045636892318726,-0.00458366274833677,2.457872462272644,-6.833530471866161
-0.26352371871471403,-0.29132123943418264,2.0083367228507996,-5.565633059990474
-0.05495867729187012,-0.09292931556701658,3.176850527524948,15.609938766394812
-0.034733372926712025,-0.2336813673377037,2.5727267205715183,-200.0
-0.24796979427337645,-0.1321144938468933,1.6163410425186158,15.259186882754882
-0.20993856489658355,-0.1638316422700882,2.8627586722373963,19.397467434910492
-0.14662882089614868,-0.07042781710624696,2.3315334975719453,16.79801693719267
-0.135877525806427,-0.15740516781806946,2.5333658993244175,22.29602525054979
-0.2224030405282974,-0.058030986785888666,1.7893827944993972,-53.72209217647668
-0.2595187470316887,-0.23783697634935377,3.1411104559898377,18.58061860030388
-0.022627097368240368,-0.14663498997688293,1.972702893614769,-200.0
-0.0375389099121094,-0.2871283661574125,1.6736764699220656,-200.0
-0.27913875728845594,-0.07829831242561339,2.629954385757446,-35.98670929142703
-0.16706017255783082,-0.21753756701946259,2.287596353888512,12.504210470185303
-0.07582660317420958,-0.016943800449371327,2.8187202513217926,4.60320999488446
-0.096466326713562,-0.253437428176403,2.204773312807083,-200.0
-0.18330313861370084,-0.13074132800102234,2.9488577961921694,18.032293101902134
-0.29629779774695636,-0.17447049021720887,1.5439021412283183,6.917023460464879
-0.05968077778816222,-0.0412583827972412,2.7124143183231357,8.11812063103386
-0.0019546866416931263,-0.2004720479249954,3.0645648300647736,-200.0
-0.24324322789907454,-0.033716189861297596,2.108184015750885,-200.0
-0.20528569221496581,-0.2715277075767517,2.3975215673446657,-4.525382386598579
-0.11377750039100645,-0.09419175982475281,1.866291528940201,18.516426921538443
-0.11418977379798889,-0.20131933093070983,2.497912585735321,-5.460009693491582
-0.2054233431816101,-0.032951009273529064,1.7542407602071761,-200.0
-0.24371099174022673,-0.27121141254901887,3.1666676819324495,17.870779087182363
-0.0021111488342285267,-0.09460904002189635,1.9977413207292558,-22.29891311070596
-0.059231311082839966,-0.25385470837354657,1.659312341362238,-200.0
-0.2961229568347335,-0.1304250419139862,2.6152789652347566,6.7497343538005055
-0.18287257254123687,-0.1737053006887436,2.3184712678194046,20.971721448850367
-0.09634705781936645,-0.042105674743652344,2.8501139640808106,8.605722223178178
-0.07596421837806702,-0.288130447268486,2.1905127286911013,-200.0
-0.16747241020202636,-0.07739723324775696,2.934078413248062,15.85869498808864
-0.27929526641964914,-0.21735947728157043,1.574881023913622,7.9538523532895855
-0.038006722927093506,-0.017204010486602805,2.7437044739723206,3.569531030247969
-0.022452288866043113,-0.15766538679599762,3.0290075540542603,-36.56549849112817
-0.2590693116188049,-0.0578528881072998,2.0731455385684967,-200.0
-0.22228371798992158,-0.23693589717149732,2.422975236177445,17.335442260895665
-0.13544690608978271,-0.1476370632648468,1.8914339184761046,22.77286829992222
-0.14704163074493407,-0.23402397483587264,2.9631886005401613,2.356342200639972
-0.2100767344236374,-0.13172582387924195,2.21952163875103,22.317473956405735
-0.24843703061342237,-0.16299465894699097,2.674868381023407,21.729444272902736
-0.03488929867744445,-0.07120100855827333,1.5059372447431087,16.346260693539776
-0.05450981855392456,-0.21199422776699067,2.1237339466810226,-200.0
-0.26334949806332586,-0.0037466704845428578,3.079702204465866,-200.0
-0.15002517700195311,-0.2909325767308473,1.8274745851755143,-200.0
-0.09169827103614805,-0.09327192306518553,2.3591156601905823,17.933339513629072
-0.10881153345108033,-0.1800601601600647,1.8049359679222108,-7.9057038875567045
-0.1721212774515152,-0.0544286549091339,2.548500031232834,14.113546012708428
-0.2840166851878166,-0.2496246591210365,1.9338827073574065,4.744306516329767
-0.07078025937080384,-0.11583234071731566,3.1027077913284304,17.485863951686145
-0.01772618293762207,-0.27533210143446923,2.644288432598114,-200.0
-0.22629122883081437,-0.10916562080383299,1.6884215407073497,14.786103862057434
-0.18943179845809938,-0.19492892324924468,2.7811711728572845,21.43659905024092
-0.13079357743263245,-0.020519238710403453,2.2496347188949586,7.848736057889068
-0.1246196150779724,-0.26638479083776473,1.5906103052198888,-200.0
-0.19269034266471863,-0.0990418553352356,2.759491968154907,19.24209759017838
-0.23064786493778228,-0.2062010407447815,2.1447645515203475,16.91339553595068
-0.012796801328659069,-0.02828029990196229,2.8884922087192537,6.395944362948629
-0.06759324073791503,-0.1687736839056015,2.4304816067218784,-19.902099329355618
-0.2901477299630642,-0.04666237235069276,1.8988947167992594,-200.0
-0.17715308368206023,-0.2585484445095062,2.9917417883872988,3.3061057749957996
-0.10437878966331482,-0.12592341899871826,2.035730466246605,22.34941947543951
-0.08900792598724364,-0.22180155515670774,3.1740767776966097,-31.687581372817874
-0.156803959608078,-0.012386709451675415,2.005299723148346,-19.33643009075989
-0.26888255774974823,-0.28345017582178117,2.460549139976502,9.292337025284223
-0.05072023272514342,-0.08226932287216185,1.7169228360056876,18.58819783681185
-0.028191196918487538,-0.24148297905921934,2.334310895204544,-200.0
-0.25102037787437437,-0.14269587993621827,2.865791618824005,22.136850892317835
-0.21390465795993804,-0.15317308008670807,1.6136741049587726,20.98145915344718
-0.14144162535667418,-0.0625558912754059,2.5695825159549717,14.792431679309846
-0.13871635794639586,-0.16776618361473083,1.9762004286050798,21.13789790134158
-0.2160886198282242,-0.06678639650344848,3.145083725452423,12.843568443840336
-0.2541198626160622,-0.22916102707386016,1.7857762560248376,8.32836829969419
-0.02682090997695924,-0.13634199500083924,2.529502266645432,-24.485076710768162
-0.04411656260490415,-0.2958829189650714,2.815214103460312,-200.0
-0.2761190816760063,-0.08866075873374937,2.2836321026086805,-41.97014677193508
-0.16305171847343444,-0.20724543035030363,2.633559226989746,18.668401456513937
-0.08097603321075439,-0.008266425132751443,1.6775430284440518,6.843763171518035
-0.103109210729599,-0.24520101249217985,2.7088141381740574,-200.0
-0.18020679652690885,-0.12059488892555237,1.540032204054296,22.486393018346668
-0.2923591576516628,-0.18468509316444398,2.9523617148399355,22.30497337592222
-0.06474895477294923,-0.049574410915374734,2.2087402999401093,10.981007514043425
-0.004719132184982322,-0.19032646715641022,1.869902677834034,-200.0
-0.23699633628129957,-0.025478339195251443,2.4013817548751835,-200.0
-0.19980785250663757,-0.2798428751528263,2.1046841502189637,-34.05201150288295
-0.11804341077804564,-0.10440779328346253,3.0605941951274875,15.940591568693009
-0.12050283551216126,-0.26188770979642867,2.057850903272629,-200.0
-0.19796657860279082,-0.12267435193061829,3.014432752132416,18.499900244274517
-0.23475220799446106,-0.17329028248786926,1.8767618417739869,19.621500968579593
-0.007508111000061046,-0.0422399640083313,2.40777787566185,10.419424699868019
-0.06232157349586487,-0.20178093016147614,2.9193025767803196,-55.00836300827737
-0.2942324705421924,-0.03279004096984861,2.1754191279411317,-200.0
-0.1824097216129303,-0.26313342824578284,2.7287211179733277,-3.145219770754636
-0.10027903318405151,-0.1023879826068878,1.5599949300289153,21.73972131665067
-0.08375127911567687,-0.15168372988700865,2.600600403547287,12.430529041419337
-0.160903725028038,-0.06413930654525757,1.644121453166008,17.432779148432594
-0.2741542160511017,-0.24116009026765822,2.8348128437995914,16.72876899986509
-0.046635496616363514,-0.1431088328361511,2.303902950882912,-17.0193111871461
-0.024086862802505493,-0.28386082872748375,1.7392509192228318,-200.0
-0.2563090592622757,-0.08195330500602721,2.4830329895019534,-11.752219109665404
-0.21802144646644592,-0.2233872503042221,1.9829589992761614,15.105809131642626
-0.13616538047790527,-0.010890483856201172,3.1515805661678318,6.450270171378071
-0.14397869110107422,-0.2097818970680237,1.6996760427951814,-12.39192562249001
-0.21199455857276917,-0.005672532320022572,2.656262755393982,-62.90891617353962
-0.2488539531826973,-0.2995898463763296,2.2615117669105533,-8.1551940418283
-0.030911403894424427,-0.08490039110183714,2.7925229370594025,13.599571831023564
-0.048224365711212136,-0.2253938063979149,2.5602733194828033,-200.0
-0.2708338603377342,-0.14005122184753419,1.8163914918899535,9.748136694946812
-0.1589383453130722,-0.16517915725708007,3.11427356004715,20.894267518552248
-0.08625567555427552,-0.06932056546211243,1.9455457508563996,15.143508892121405
-0.10722259283065796,-0.2778368264436722,3.091572767496109,-200.0
-0.17492714524269104,-0.10636028051376342,2.1350921958684923,20.813758042793893
-0.2882513590157032,-0.18949373960494995,2.3703636646270754,21.78006041016873
-0.07003417611122131,-0.026253479719161976,1.8394553929567337,7.9346163128992355
-0.009985041618347179,-0.18546710908412933,2.2310809224843977,-200.0
-0.23290584236383438,-0.04873940348625183,2.974858129024506,-7.124580505052176
-0.1945455104112625,-0.24714661985635755,1.5177040590904654,-19.481354998738826
-0.12213748097419738,-0.11859111785888671,2.686330491304398,18.942568750416278
-0.12884470224380493,-0.17798069715499876,2.880483555793762,19.661960808990337
-0.1919346660375595,-0.037741953134536765,2.3495151460170747,-7.645518292292996
-0.22905049324035642,-0.2569591015577316,2.5848970115184784,15.270607104413516
-0.015594238042831443,-0.12722715139389038,1.6282558098435402,-200.0
-0.07269709110260009,-0.26802039965987207,2.020302939414978,-200.0
-0.2814817696809769,-0.09771115779876707,3.1889697492122653,6.288278721954104
-0.1694032073020935,-0.1969487339258194,1.7317185327410698,16.105481018064687
-0.11098467707633972,-0.03722870349884033,2.475649631023407,10.746542169547462
-0.08943357467651367,-0.23667106926441192,1.9142027273774147,-200.0
-0.1528347998857498,-0.1478082776069641,2.4450697839260105,21.25683741615985
-0.26582948192954065,-0.1562278389930725,2.0504159182310104,22.05266608793843
-0.052647918462753296,-0.0592019498348236,3.0069525241851807,11.377738827897614
-0.03711279630661013,-0.2187016814947128,2.774281179904938,-200.0
-0.2455862134695053,-0.015768760442733787,1.6057172939181328,-200.0
-0.20762879848480226,-0.2883085168898106,2.903488940000534,-3.0343007489416127
-0.14893559217453003,-0.07713010311126708,2.1596640080213545,18.142937196392086
-0.13356658816337585,-0.2948446199297905,2.3894978165626526,-200.0
-0.2247086763381958,-0.08941689133644104,1.858531053364277,2.760524824889618
-0.2618970528244972,-0.21472840905189514,3.049332815408707,18.59157467351603
-0.020242345333099376,-0.001064336299896218,2.0926899671554566,-0.3035335379669466
-0.039845842123031605,-0.1603100448846817,1.5284595355391501,-200.0
-0.27682911381125447,-0.07394206523895264,2.6971312344074247,-34.570693294065336
-0.1646767169237137,-0.23017122745513915,2.1969601213932037,-0.28911010543248494
-0.07820620536804199,-0.1356309950351715,2.9408863306045534,16.98539808459224
-0.09416000247001646,-0.19400090575218198,2.2723641872406004,-28.635726308462697
-0.18561333417892456,-0.02149897813796997,2.8032264053821567,-4.824491587895585
-0.2986806621775031,-0.2732382372021675,1.6656525924801826,-10.794289155293097
-0.05730063915252687,-0.1113163411617279,2.6221940875053407,16.019409072811182
-0.00426616072654723,-0.2517776727676391,3.133297061920166,-200.0
-0.24093818217515944,-0.11373161673545837,1.9647315293550491,14.168116299945368
-0.2029068410396576,-0.18103760182857515,2.5179231226444245,20.048750713306404
-0.11616164445877075,-0.053507494926452626,1.774099811911583,15.782575586377112
-0.11543794870376586,-0.2818139333277941,3.1124642491340637,-200.0
-0.20242088735103608,-0.08400682210922242,1.9440477192401886,15.010220418365002
-0.23909725695848463,-0.2213326334953308,2.5520309031009676,18.087874410191645
-0.0026269376277923695,-0.012938565015792824,1.8080453157424927,4.3418974987912025
-0.05798799991607667,-0.1537294954061508,2.266446840763092,-18.255844052444786
-0.29912970000877975,-0.06208235621452332,2.7975617706775666,-200.0
-0.18749059438705445,-0.24321586042642593,1.7114592611789703,-12.567045476969984
-0.09583613276481628,-0.14106416702270508,2.667734694480896,19.538476833011483
-0.0786726951599121,-0.20441375970840453,1.522742891125381,-200.0
-0.16534433662891387,-0.030150586366653465,2.691265565156937,7.124944466496366
-0.2784855030477047,-0.2657739870250225,2.242552861571312,8.292958831491946
-0.04174055457115172,-0.09975396394729613,2.9866413474082947,14.330602796946474
-0.01973952054977418,-0.25925601571798323,2.3688656330108646,-200.0
-0.2611925259232521,-0.12531723976135253,1.8376460820436478,5.5403463389919985
-0.22308862209320068,-0.17064856588840485,3.083226591348648,19.175211040433467
-0.13170878291130064,-0.04487054944038393,2.126849779486656,14.445678825060648
-0.14828483462333678,-0.18282396197319029,2.7268988370895384,21.492845139451955
-0.20706989765167236,-0.0513708472251892,1.5584839284420013,-59.73952823710922
-0.2438188165426254,-0.24451635628938673,2.91104719042778,18.810097960531046
-0.035400044918060314,-0.12123314738273619,2.1670599818229674,-8.185063147547048
-0.05326175093650817,-0.2804765224456787,1.8816839456558228,-200.0
-0.2663520477712154,-0.10372769236564636,2.412803739309311,-0.18815177214314005
-0.15463910400867462,-0.1921274274587631,2.069621151685715,17.778133409367005
-0.09118266105651854,-0.023612594604492165,3.0258917212486267,5.973352062266317
-0.1115241229534149,-0.22745101153850555,1.9879848629236223,-200.0
-0.16999787092208862,-0.13800571560859679,3.1565025687217716,17.718617723071603
-0.2832116860896349,-0.1672234833240509,1.7507098883390426,16.141564069334173
-0.0745182752609253,-0.06726447343826295,2.4948032379150393,13.448368269347563
-0.015017884969711293,-0.20772813856601713,2.833301842212677,-200.0
-0.22841949462890626,-0.007719182968139671,2.302080669999123,-200.0
-0.1902416557073593,-0.2975420949049294,2.592241257429123,-45.83449870138091
-0.12705985307693482,-0.08695533871650696,1.635866066813469,18.841699650806678
-0.12381361126899718,-0.21665706038475036,2.198574882745743,-26.914631338485606
-0.1964227706193924,-0.017824566364288308,2.9426048517227175,-10.805096454754139
-0.23335487991571424,-0.2862515978515148,1.5369224414229392,-40.40169813359479
-0.010672402381896984,-0.0791758954524994,2.7052828609943393,8.736091602130024
-0.06839495301246643,-0.23871910572052002,3.0442031919956207,-200.0
-0.28641043379902836,-0.14575361609458923,2.087871623039246,10.220659436615513
-0.17444120049476622,-0.15828131139278412,2.3779350876808167,20.65891983907747
-0.10649889707565308,-0.05715501308441162,1.846864539384842,14.598905276012754
-0.0843978703022003,-0.27065095379948617,2.5131047785282137,-200.0
-0.15731829106807707,-0.09506941437721253,1.768970213830471,21.092247852071033
-0.2701293334364891,-0.1995915949344635,3.1216305732727054,19.49036005665203
-0.04772154092788694,-0.03459695577621458,1.9531688004732133,8.669935455498088
-0.032806116342544545,-0.17534672319889066,1.6673711135983467,-200.0
-0.2505103424191475,-0.04038255214691161,2.6238088488578795,-63.012606070602374
-0.21266217827796935,-0.25431969165802,2.2805158644914627,8.874036852237888
-0.14444518089294434,-0.12986002564430235,2.811689311265946,18.787813927985482
-0.13791446685791015,-0.24913683235645293,1.7333203241229058,-200.0
-0.2198257505893707,-0.11636534929275513,2.477355182170868,21.9524832465212
-0.25683162510395047,-0.17840505838394166,2.028752875328064,20.901295225887374
-0.024700695276260398,-0.05614723563194274,3.197108405828476,11.130184361840543
-0.0449227452278137,-0.19664290845394133,2.5797544181346894,-200.0
-0.2723868191242218,-0.018868678808212302,1.6234244957566262,-200.0
-0.16034482419490814,-0.275869645178318,2.868907856941223,-34.25028848658869
-0.08310053944587706,-0.10867316722869871,2.3378356873989103,20.171972955537388
-0.09849418401718138,-0.1623649477958679,2.89865762591362,15.897767020348741
-0.1807167112827301,-0.0718942701816559,2.1545214146375655,17.545473999255208
-0.29360147304832934,-0.23221783339977264,2.7626017212867735,16.92518953701307
-0.061745220422744745,-0.1335771918296814,1.5941415950655937,-8.564233253224895
-0.009329295158386208,-0.2927885625511408,2.0521214693784713,-200.0
-0.2364821255207062,-0.09146125316619871,3.0085543155670167,16.224678332134502
-0.19856124222278593,-0.21268292963504792,1.9223413839936256,16.589558587129925
-0.12104228138923645,-0.003121572732925404,2.453519719839096,3.4427738835010517
-0.11852792501449586,-0.1556210160255432,1.8226432710886002,19.635991462611496
-0.2005306899547577,-0.059908944368362416,2.3539730668067933,6.508820316368748
-0.2386347010731697,-0.23487866073846816,2.1120544880628587,13.822862792192824
-0.006558626890182495,-0.1496825337409973,3.068126505613327,-45.54785751842301
-0.0643007755279541,-0.29017823450267316,2.676574033498764,-200.0
-0.2916732285171747,-0.07534232139587402,1.507539037708193,-200.0
-0.17853209674358367,-0.2194132715463638,2.9713272571563722,19.850575392405883
-0.10123280882835387,-0.015157395601272605,2.227971574664116,8.078280865281435
-0.0803069829940796,-0.2564850077033043,2.7827729642391206,-200.0
-0.16258437037467957,-0.12778304815292357,2.2513402700424194,19.593530660030382
-0.27422351092100145,-0.17634848356246946,2.6527383685112,22.43336757517962
-0.04245874285697937,-0.03947426676750182,1.6965601973235607,10.972101005549453
-0.02752629518508909,-0.19868560731410978,1.9287401139736176,-200.0
-0.254624117910862,-0.035591858625411976,3.0978764772415164,-36.131401354451675
-0.217947855591774,-0.26857168078422544,1.7933602690696717,-15.129709279415364
-0.14033727049827574,-0.09724159240722655,2.53682057261467,16.477006502016177
-0.14199966788291932,-0.2726915068924427,2.3136529237031938,-200.0
-0.21455396711826324,-0.11179960370063782,2.8449843406677244,20.42266620932046
-0.2527316987514496,-0.19229605793952942,1.647645852714777,15.264805153184131
-0.029957735538482688,-0.023158657550811756,2.6037162363529207,5.357457938047325
-0.05019909739494324,-0.182701912522316,3.1683862030506136,-28.244495574334724
-0.2682695835828781,-0.051798105239868164,1.9993560820817948,-200.0
-0.15505573153495789,-0.2522563889622688,2.506064212322235,-25.038115137752218
-0.08720505237579346,-0.11318948864936829,1.7627036660909652,21.887305050265788
-0.10378326773643493,-0.2140488803386688,2.4245899975299836,-39.92852086079641
-0.17661220729351043,-0.0016986250877380482,1.8931524395942687,-95.2168129703921
-0.2883251152932644,-0.2929795078933239,3.0374704599380493,14.41331009053231
-0.06586246490478515,-0.09121844172477722,2.081297165155411,19.276626732730602
-0.01342923045158384,-0.2319681689143181,1.569751400500536,-200.0
-0.23122507631778716,-0.1337704360485077,2.73888612985611,21.735182160903072
-0.19447605013847352,-0.16094885766506195,2.178949999809265,19.9059877298039
-0.1263140559196472,-0.0732579231262207,2.9224119246006013,12.75679856934487
-0.12891717553138732,-0.239436337351799,2.638585090637207,-32.665040677337984
-0.18775709867477416,-0.14474964737892151,1.6824651323258877,20.29735317604711
-0.22560529857873918,-0.15111814141273497,2.826673072576523,20.307662762930057
-0.017278003692626942,-0.06460365056991577,2.2954023510217665,12.43460191228265
-0.07261975407600402,-0.22384707033634185,1.7842652544379234,-200.0
-0.28565504886209964,-0.010329508781433128,2.5276799857616425,-200.0
-0.1728441148996353,-0.28550626784563066,1.9678412824869156,-200.0
-0.10929604768753051,-0.08022499680519105,3.136828339099884,12.589120165018048
-0.09331918358802796,-0.17140626311302185,2.1028618693351744,-4.649447518827202
-0.15188441276550294,-0.04402266740798949,3.059083193540573,12.012106604568592
-0.26385375335812566,-0.2611893206834793,1.861647291481495,2.489725791995024
-0.05521520376205444,-0.12328972220420836,2.393022608757019,10.133287032233554
-0.033231478929519664,-0.26375334709882736,2.9572838187217716,-200.0
-0.24654146432876586,-0.10168499350547791,2.2137661635875703,7.184056625608605
-0.20960938632488252,-0.20355900228023527,2.7205843865871433,20.48646234296866
-0.14637258052825927,-0.030910563468933117,1.5514911763370036,-1.0364415560791933
-0.1336440324783325,-0.18768357038497924,2.996780622005463,18.842507126564023
-0.22053548991680144,-0.028110033273696877,2.040665489435196,-200.0
-0.2584563374519348,-0.2772122874855995,2.441953545808792,10.270862461988989
-0.021931171417236328,-0.10704950094223023,1.9106779351830483,-15.138910362429144
-0.0397732615470886,-0.24784045815467834,2.1432665199041367,-200.0
-0.2810065872967243,-0.11796205043792723,2.8866828978061676,12.551512945245477
-0.16812171936035156,-0.18731910288333892,1.5822641290724277,17.63699462854394
-0.07652226090431213,-0.04693384766578673,2.7512495517730713,8.867463448176869
-0.09804149866104125,-0.297939872648567,1.6118647940456867,-200.0
-0.18465828001499174,-0.08661500215530396,2.5680844843387605,19.10822164854453
-0.2967001684941351,-0.20929008722305298,2.326068478822708,19.135870612181662
-0.059863740205764765,-0.006210654973983765,2.8574454426765445,2.1755813679085185
-0.0003803730010986106,-0.16571267545223237,2.4654842138290407,-200.0
-0.24188837707042693,-0.06883329749107361,1.7219616696238518,-95.81818338610617
-0.2048824667930603,-0.2271129548549652,3.185859996080399,20.949391329173466
-0.113594251871109,-0.13839662075042725,2.01677166223526,22.535917732859858
-0.11301907896995544,-0.2265601336956024,1.683419805765152,-200.0
-0.20425039529800415,-0.13886919021606445,2.639329040050507,20.08656418146588
-0.242538021504879,-0.16633859574794768,2.2911657810211183,21.677318147016972
-0.0009405612945556641,-0.06814085841178893,2.8226473152637483,8.435747339907348
-0.06040193438529967,-0.2085999369621277,2.523628288507462,-200.0
-0.29729597149416803,-0.0068388640880584495,1.7800028204917908,-200.0
-0.18404546678066253,-0.2984101532958448,3.1375463485717776,-24.633249878800495
-0.09751771688461303,-0.08605989217758178,1.9687701046466828,17.664612369553662
-0.07713727355003355,-0.18662680685520172,3.0548207342624667,-9.043098261913016
-0.16864328384399413,-0.04755991101264956,2.098810222744942,9.43178946134229
-0.2804660193622112,-0.248313170671463,2.3939513802528385,12.441454874657751
-0.039179813861846935,-0.11740937232971191,1.8623653262853623,-7.967865295637328
-0.021279162168502785,-0.2766573205590248,2.2145100623369216,-200.0
-0.25789851397275926,-0.10751992464065552,2.9582385301589964,16.52629792798039
-0.22111289799213407,-0.1883119225502014,1.547465381026268,14.251468509954945
-0.13427388668060303,-0.02742002606391908,2.716347867250443,10.021722584536386
-0.14587090015411378,-0.20294209420680998,2.0415784537792208,7.1521014719180975
-0.20890362560749054,-0.03161201477050779,2.997489309310913,-5.433129478106686
-0.2472639441490173,-0.2642968699336052,1.9064061284065246,2.8569512887172546
-0.03371846079826357,-0.10120312571525572,2.437886041402817,9.67721919537713
-0.05568062067031859,-0.2607097417116165,2.8826413333415983,-200.0
-0.26452253982424734,-0.12383553385734558,2.1390207290649412,10.382048829591447
-0.15119833946228026,-0.17210542559623718,2.751984179019928,22.142919779416243
-0.09286903738975524,-0.043403470516204856,1.5832030713558196,13.265328786609055
-0.10998448133468627,-0.28502454310655595,2.5638386428356172,-200.0
-0.1732918828725815,-0.08076866269111632,1.6078232675790787,20.66583590749164
-0.28518741130828856,-0.22454866468906404,2.858384346961975,17.859774782302036
-0.07195317149162292,-0.009712743759155262,2.3268031567335132,4.602912252039376
-0.016553306579589866,-0.15049908757209776,1.7226703315973282,-200.0
-0.22512054741382598,-0.06530295610427855,2.4663971781730654,-2.239575714036256
-0.18826113939285277,-0.23998229205608368,2.0127041071653364,1.7795918306226888
-0.1296205937862396,-0.14427021145820618,3.181588214635849,19.95826104611421
-0.12579270601272582,-0.16149252355098723,2.3532676219940187,21.341952205408603
-0.19386118054389953,-0.072776198387146,1.8217270895838737,10.204016882158065
-0.23181860893964767,-0.23135140389204023,3.0721907675266267,20.020181898373934
-0.01396992802619934,-0.13447203040122985,2.116329562664032,-77.74837506533328
-0.06642007827758789,-0.2936788134276867,1.5117881058715283,-200.0
-0.28897695913910865,-0.09059938788414001,2.6806123554706573,-26.579850276892984
-0.17598226368427278,-0.2135694444179535,2.227029377222061,16.4997963614389
-0.10320573449134826,-0.002244579792022694,2.9705958724021913,4.730685493985101
-0.08783719539642335,-0.25295784026384355,2.255378541350365,-200.0
-0.1556310474872589,-0.112572580575943,2.78702204823494,16.980883202085476
-0.2677095964550972,-0.1822200447320938,1.6958287999033927,19.15014636763461
-0.049549609422683716,-0.052341628074645985,2.6517962217330933,11.083808247542807
-0.029361855983734142,-0.19284186959266664,3.096960270404816,-200.0
-0.2521933659911156,-0.022679078578948964,1.9280347198247911,-200.0
-0.2150775521993637,-0.272072310000658,2.5410955965518953,4.438788580027325
-0.14261232018470762,-0.11249876618385315,1.7974245563149451,19.967290591415143
-0.13988934159278868,-0.26919774413108827,2.8442371487617493,-55.37949546291182
-0.21725922524929048,-0.09654929637908935,2.3127015054225923,18.790550029307326
-0.25529056191444394,-0.19813292920589448,2.607745236158371,18.974309058150354
-0.027993857860565186,-0.03606457114219663,1.6518791422247887,11.02211488813413
-0.042943650484085105,-0.17681890726089478,2.0036152482032774,-200.0
-0.27494840919971464,-0.038919299840927124,3.1724411427974704,-51.85396070850122
-0.16188109517097474,-0.25579500049352644,1.761778111755848,-79.36840200479972
-0.0798030138015747,-0.12841140031814574,2.505342960357666,18.27830546078082
-0.10193844437599181,-0.21988584101200104,1.8972073286771773,-200.0
-0.179033687710762,-0.014604574441909768,2.428849214315415,-19.753752352063856
-0.2911860985681414,-0.2894857954233885,2.0805758625268935,-1.3158119353776643
-0.06357808113098146,-0.07596824169158936,3.036544930934906,13.903260228124852
-0.005889970064163197,-0.23550686985254288,2.7379346609115602,-200.0
-0.23816936910152434,-0.14899238348007202,1.5690042212605477,22.46459560608964
-0.20098097920417785,-0.15506590604782103,2.926645201444626,19.058915827112074
-0.1192142128944397,-0.06037922501564025,2.1829789996147158,14.457916514686895
-0.12167574763298034,-0.21315335333347318,2.946659791469574,0.9316322682628204
-0.19913725554943085,-0.002566605806350708,2.2028340488672256,-200.0
-0.23592283576726913,-0.2920985553413629,2.7045616090297697,4.082746799590524
-0.008681130409240734,-0.09208960533142088,1.5359968965873123,-26.264054710607503
-0.06114858984947205,-0.23284389674663541,2.086920204758644,-200.0
-0.2930618701502681,-0.1328848958015442,3.0434560000896456,16.596395584951953
-0.18123902678489684,-0.16181226968765258,1.8510978668928146,20.063433555007546
-0.09910608530044554,-0.07236698269844055,2.381964087486267,13.885490393621467
-0.08258044123649597,-0.2764978542923927,1.7682230472564697,-200.0
-0.1597306877374649,-0.10798301696777343,2.512153309583664,17.970158554039795
-0.27298108488321304,-0.19608779847621916,1.9571978509426118,18.249146673966013
-0.04546469449996948,-0.019338959455490135,3.1258638501167297,3.5621636476894922
-0.025257629156112682,-0.17887762784957884,2.6280680656433106,-200.0
-0.2574821636080742,-0.055594414472579956,1.6714260406792163,-200.0
-0.21919450163841248,-0.24844439327716827,2.810763782262802,18.076066497360564
-0.13733625411987305,-0.11699126958847045,2.2797945618629454,19.248806990559586
-0.14515185356140137,-0.2550189971923828,2.4813935041427615,-45.21965243898535
-0.21316532492637635,-0.12924097180366514,1.7375693827867509,23.78694644316651
-0.2500247687101364,-0.17486728727817535,3.196377021074295,19.683297507916613
-0.03208445906639101,-0.04092850685119631,2.027810677886009,11.063901186599077
-0.04705127477645876,-0.2001352608203888,1.6225083015859127,-200.0
-0.26966301798820497,-0.03411523103713987,2.5790488719940186,-200.0
-0.15776759684085845,-0.2700341887772083,2.3421107620000843,-67.34319151998066
-0.08508254885673522,-0.09577100872993469,2.8729721188545225,16.797168012926797
-0.10605193376541136,-0.1588271230459213,2.153816020488739,15.752070908959745
-0.17375416159629822,-0.05667543411254883,2.8977414190769197,14.355128822464563
-0.2870784692466259,-0.23809990882873533,1.5982058696448802,0.6382435509201532
-0.06886348128318787,-0.14645277857780456,2.766876745223999,9.086836853920193
-0.01115577220916747,-0.2869530491530895,3.012803399562836,-200.0
-0.23407875895500183,-0.0785589873790741,2.0561597406864167,-12.594195011961343
-0.1957184761762619,-0.2161751925945282,2.4525775730609896,19.84725479312143
-0.12330810427665709,-0.018368089199066184,1.9216099739074708,6.621176837900849
-0.1276739001274109,-0.2970625159330666,1.9398019284009935,-200.0
-0.19076162874698638,-0.08750115036964415,3.108422684669495,17.061614501209156
-0.22787733525037765,-0.20842730104923246,1.8089842453598977,13.935665237875739
-0.014423471689224254,-0.0070999860763549805,2.5527655303478243,1.3346356469752094
-0.0738678216934204,-0.1666065752506256,2.7982704579830173,-0.45043439220130566
-0.28265488296747204,-0.06796592473983765,2.2673597544431687,-200.0
-0.17057629823684692,-0.22799453437328338,2.6636671900749205,13.275560769050546
-0.11215551495552062,-0.13752384781837462,1.7071874417364596,22.4846327241312
-0.0906064510345459,-0.1915083736181259,2.6921785295009615,-11.935603975448128
-0.15400547683238983,-0.02431190013885498,1.5234515435993672,-19.828374950666337
-0.2670001365244388,-0.28102247714996337,2.9823695659637455,15.8190833481877
-0.05382090210914611,-0.10324825644493102,2.2384853065013885,16.2130679899401
-0.03593984842300413,-0.24403463155031202,1.8336045429110528,-200.0
-0.24441560357809067,-0.1217768132686615,2.364619791507721,20.575219130310032
-0.2064580678939819,-0.18352555632591247,2.127584457397461,19.156752923914258
-0.1477626621723175,-0.05075408220291139,3.084165495634079,12.31759248059239
-0.13239596486091612,-0.16995841562747954,1.5542215071618557,15.719091897626562
-0.2235356569290161,-0.04549875855445862,2.7228471398353578,-12.029703760009902
-0.2607241541147232,-0.25972629636526107,2.167988803982735,9.43882102440524
-0.019071686267852772,-0.12476212978363035,2.9117651998996736,-8.28870183374287
-0.04101653695106505,-0.2652211658656597,2.413547688722611,-200.0
-0.2780020572245121,-0.10022653341293333,1.8826386317610742,-66.298557695668
-0.16584968268871306,-0.20503968000411987,3.021865963935852,20.832743629421696
-0.07937679290771485,-0.029458147287368786,2.0653845816850662,8.477431526770841
-0.09533312916755676,-0.2426608934998512,3.1574573814868927,-57.54809050124269
-0.1867841362953186,-0.14153459072113037,1.9887287616729736,20.40836206749961
-0.29985148636624215,-0.15435784757137297,2.490566718578339,16.230068886204904
-0.058473658561706554,-0.061392349004745495,1.7466841056942939,15.708678028459554
-0.0030931055545806996,-0.22064033746719358,2.2980290234088896,-200.0
-0.23976731300354004,-0.01356462836265565,2.82903938293457,-80.88404852461117
-0.2017360836267471,-0.28228664584457874,1.6365841142833233,-73.83076688304202
-0.11498855352401732,-0.08345414400100706,2.593170028924942,14.612578378771062
-0.11660860776901244,-0.18151703774929046,2.343608793616295,10.172241908926232
-0.20359388887882232,-0.05296154022216798,2.8747814297676086,8.474554762756789
-0.24027013778686523,-0.25107836723327637,1.6308544777333736,0.7622648966264058
-0.0037976324558258168,-0.11435067057609558,2.5872913897037506,-23.142954326494845
-0.05681726932525635,-0.2738550022244453,3.191338187456131,-200.0
-0.2979567747563124,-0.11061474680900574,2.0228756040334703,-70.82535229492728
-0.18631764650344848,-0.1934572398662567,2.4699215650558473,21.379035754916146
-0.09466550946235655,-0.021980702877044678,1.7257861644029617,10.316105867239711
-0.07749953269958496,-0.23079042434692382,2.4476424992084507,-200.0
-0.16417355239391326,-0.13493183255195618,1.9165711402893066,20.301043137798487
-0.27731469869613645,-0.15976423323154448,3.001020181179047,22.47389661029702
-0.04056749939918519,-0.07442164421081543,2.0446878015995025,16.534318240653793
-0.02091261148452761,-0.2152102768421173,1.6000151805579663,-200.0
-0.2623633772134781,-0.0005208134651183971,2.76837477684021,-200.0
-0.22425935268402097,-0.29414316862821577,2.162058436870575,-24.74049664757912
-0.13288190960884094,-0.09003379940986633,2.9060875952243803,14.434150369771828
-0.1494556725025177,-0.28899852409958837,1.8526088684797286,-200.0
-0.20824291706085205,-0.07650175094604492,2.383786368370056,13.601863675466372
-0.24499195665121076,-0.21823125779628755,2.095279350876808,14.643640847615526
-0.036570847034454346,-0.016323727369308483,3.0517113864421845,3.1402907736828043
-0.05209098458290101,-0.15678051710128785,2.699535745382309,-13.403477395823469
-0.26517895236611366,-0.058729237318038946,1.531074795871973,-200.0
-0.15346603095531464,-0.23604500591754912,2.935200822353363,4.197699072040731
-0.09001178741455076,-0.1485005736351013,2.1910638004541396,13.64940053577709
-0.11035121083259583,-0.19750384390354156,2.8058416783809665,2.3275505122156304
-0.16882721185684205,-0.0367584228515625,2.2747686982154844,4.6945442854261294
-0.2820410504937172,-0.2673921905457973,2.6162978172302247,12.996244949638367
-0.07334525585174562,-0.09840130805969238,1.6599670715630055,21.19132659623322
-0.016190868616104137,-0.2576515406370163,1.9590201318264007,-200.0
-0.22959008663892744,-0.12660123109817503,3.127374851703644,20.227655523756805
-0.1914123684167862,-0.17750812768936158,1.7764784336090087,18.906625672902393
-0.12823280096054077,-0.03829477429389955,2.5205124557018284,12.02093418574962
-0.1226404845714569,-0.24667633920907972,3.020147442817688,-31.530304833543607
-0.19525198638439178,-0.11914622783660889,2.063769820332527,22.34540495621791
-0.2321840465068817,-0.18615725934505462,2.4053960621356962,19.08290564567672
-0.009499382972717296,-0.048111194372177146,1.874175725877285,11.796335591839624
-0.06956800818443298,-0.18886781930923463,2.1728071480989457,-79.87613229032205
-0.287581292912364,-0.026945918798446655,2.9168948233127594,-200.0
-0.1756119668483734,-0.278389647603035,1.5658879958093166,-200.0
-0.10767198801040648,-0.10588771104812622,2.7344098687171936,17.743460257552663
-0.08556849360466004,-0.1645508050918579,1.6417137376964093,-22.08891323877323
-0.15849129259586334,-0.07001057267189026,2.597988373041153,16.407939132820434
-0.27130224108695983,-0.2259487733244896,2.309591752290726,14.711338801338167
-0.048892199993133545,-0.13958079814910887,2.8407058715820312,2.047686144211344
-0.0316354215145111,-0.29911713385954497,2.4889519572257996,-200.0
-0.2493374079465866,-0.0854530692100525,1.7449655845761298,-49.21845146929289
-0.21148919463157653,-0.2104741930961609,3.1489944756031036,20.722065204612335
-0.14327459335327147,-0.005046468973159801,1.9805771350860597,-16.291618446651476
-0.1367415904998779,-0.22268808782100677,2.66196163892746,-2.6664073001911923
-0.21865505576133726,-0.011509680747985862,1.7055856503546238,-200.0
-0.25566097944974897,-0.28434040769934654,2.7901318013668064,13.049717304148942
-0.023527711629867554,-0.08140749335289002,2.258909818530083,11.256435949873595
-0.0460956931114197,-0.2406165674328804,1.8138155594468117,-200.0
-0.27355743795633314,-0.14359070062637327,2.5579081237316132,21.069772864749492
-0.16151554584503172,-0.15230063796043394,1.9514813363552093,21.348733773735745
-0.08427345156669616,-0.06343785524368287,3.119998383522034,10.616204152998161
-0.09966498613357544,-0.2625874735414982,2.13272705078125,-200.0
-0.18188976645469665,-0.10286741852760314,3.088996809720993,16.85955871864984
-0.2947746220976114,-0.20239998400211334,1.8451802417635919,16.8355876781029
-0.06291598677635193,-0.03209073543548585,2.376299250125885,7.032982864202866
-0.008158564567565918,-0.17258868813514708,2.980767774581909,-200.0
-0.23530900329351423,-0.04285672903060911,2.2367797553539277,-73.13804503816273
-0.19738816916942598,-0.2623694345355034,2.683728593587875,5.482156826981392
-0.11987144351005555,-0.12213068604469299,1.5153128885664047,22.76411227469831
-0.11735497713088988,-0.2792993523180485,2.7571267724037174,-200.0
-0.19936006665229797,-0.10488966107368469,1.5880343854427337,22.309834919008356
-0.23746398389339446,-0.1909433752298355,2.8942170321941374,19.208961819417386
-0.005385714769363392,-0.02477688789367677,2.1507001876831056,7.144652402585497
-0.06547365188598633,-0.18398593068122865,1.9048043370246888,-200.0
-0.2928439188748598,-0.050193607807159424,2.4361804902553557,-200.0
-0.17970273792743682,-0.24568059146404264,2.0331285178661345,-10.100794746524858
-0.10240579247474671,-0.12004907727241515,2.9893506526947022,18.96434822657274
-0.08147771358489989,-0.20654383599758147,2.0109985560178756,-200.0
-0.16375749707221984,-0.008883190155029308,3.179986423254013,2.2572428859407427
-0.27539658844470977,-0.2963646437041461,1.7145316749811172,-18.270530660588577
-0.0436295807361603,-0.0881170928478241,2.4579472422599795,15.935074947551763
-0.026355493068695057,-0.2286150723695755,2.8632156610488892,-200.0
-0.25345106720924376,-0.13682143092155455,2.3319457501173018,22.17125434268881
-0.21677471101284027,-0.16838523745536804,2.575518101453781,19.70330640226237
-0.13916650414466858,-0.06608709096908569,1.6193989664316177,19.542424787991788
-0.14082661271095276,-0.15254715979099273,3.1426759719848634,20.425116789792444
-0.2133831113576889,-0.06324833035469055,1.9735884487628939,-13.404932012560653
-0.25156093686819075,-0.24203580021858215,2.5351910173892973,16.344084294688628
-0.02878464460372926,-0.14222331047058104,1.7916693091392517,-200.0
-0.051372224092483515,-0.28297989517450334,2.289551019668579,-200.0
-0.2694403722882271,-0.08282443284988403,2.8209287941455843,-8.241001929819252
-0.1562265694141388,-0.22249170541763305,1.6749568998813629,-18.125449453527352
-0.08837807178497314,-0.01175850033760073,2.6311774134635924,5.62023414241096
-0.10495396256446837,-0.25807573199272155,1.545746859908104,-200.0
-0.17778513729572296,-0.12647609710693358,2.7147331058979036,18.500655872462573
-0.2894980933517218,-0.16946597993373871,2.2063584357500075,20.753051027050784
-0.06703305244445801,-0.046036309003829934,2.9497756242752073,8.370400314439095
-0.012258607149124134,-0.20557268857955932,2.398769724369049,-200.0
-0.2300520747900009,-0.02897030711174009,1.867494949698448,-200.0
-0.19330313801765442,-0.2669397577643394,3.0664871215820315,7.494678507537088
-0.12514339685440062,-0.09857143163681029,2.1103729516267777,17.96156055324095
-0.1300879418849945,-0.19548160135746,1.756855982542038,-6.045214060176381
-0.18893018960952757,-0.020046526193618797,2.500317096710205,-19.34789681919514
-0.2267783671617508,-0.2747060380876064,1.9918449997901917,-7.676450501119251
-0.018448877334594715,-0.10985791683197021,3.1609821736812593,4.398614608179283
-0.07144891619682311,-0.25031466633081434,2.6095675170421604,-200.0
-0.28448202610015866,-0.11520398855209349,1.6533901438117027,-70.5649809978114
-0.17167097032070158,-0.1795897364616394,2.8524925351142887,21.766812988714573
-0.10812524557113648,-0.054983621835708624,2.3210606515407566,12.48337363913628
-0.09214619994163512,-0.291625015810132,2.92815620303154,-200.0
-0.15071382522583007,-0.09264600276947021,2.184801331162453,18.47598325622553
-0.26268304511904716,-0.21152165830135344,2.7462938070297245,18.304524787605125
-0.05404225587844849,-0.00429949164390564,1.5772596076130867,3.7093270625630512
-0.03440439105033877,-0.16354976892471312,2.0755499988794326,-200.0
-0.24771212339401244,-0.0707307279109955,3.03162282705307,2.720635192864062
-0.21078002750873565,-0.23339576572179793,1.8857483848929406,11.00675014734792
-0.14754559993743896,-0.13241597414016723,2.417078965902329,20.07631337628409
-0.13481476306915283,-0.23755266219377516,2.222094303369522,-46.977827196382705
-0.22170841991901397,-0.14693546891212464,2.965557038784027,19.867565781647112
-0.2596292898058891,-0.15712172091007232,1.500004885904491,18.516457881715702
-0.023101776838302612,-0.058334612846374506,2.669140416383743,12.592383342321366
-0.03860260248184205,-0.21783891320228577,3.074000078439713,-200.0
-0.2798335924744606,-0.016658055782318104,2.117827594280243,-200.0
-0.16694884300231932,-0.2874311417341232,2.3615100383758545,-95.23733068815584
-0.07535156607627869,-0.07801628708839417,1.8300732657313348,18.058568534243214
-0.09686840772628783,-0.17418716847896576,2.542593628168106,5.8095419452468136
-0.18348742425441741,-0.04156215190887452,1.7992338672280312,-17.471449084373166
-0.29552943371236323,-0.2531532570719719,3.1053064465522766,16.534796845394673
-0.05869061350822449,-0.1310419499874115,1.936277136206627,-0.03563386035824223
-0.0015535354614257812,-0.2718306094408035,1.6907899662852288,-200.0
-0.24305915683507917,-0.09390987753868102,2.6468611478805544,12.398872704408635
-0.20605326890945436,-0.20077351927757264,2.2439066022634506,19.515609568693932
-0.11476730704307556,-0.03343058824539186,2.7752388298511503,9.606272320289806
-0.11463727355003356,-0.17353184223175047,1.7275157809257506,3.950853752018613
-0.20614327490329742,-0.04189562201499941,2.471551424264908,-10.782682917909895
-0.2429660215973854,-0.253937329351902,2.024603396654129,8.817805880873253
-0.0016798138618469016,-0.13054425716400145,3.1929694652557377,-22.00287087278079
-0.05877916216850282,-0.271001049131155,2.5888896346092225,-200.0
-0.2953985150903463,-0.09443532228469848,1.63256374001503,-200.0
-0.18361288905143736,-0.20143885910511017,2.8763810932636265,21.62689888482467
-0.09677388668060302,-0.033033889532089245,2.345316219329834,9.527786022231734
-0.07551907896995544,-0.23672538846731184,2.9077975034713743,-200.0
-0.16675040423870086,-0.14746320247650146,2.1636556178331374,20.59629189128228
-0.280038021504879,-0.15778477191925047,2.770083266496658,22.67455038198284
-0.03844056129455564,-0.057935625314712524,1.601614198088646,16.194388457979315
-0.022901934385299694,-0.21718587577342985,2.046318319439888,-200.0
-0.25979597121477127,-0.01699381470680239,3.0027487337589265,-94.38341860566733
-0.22154547572135924,-0.2882129240781069,1.9182034820318221,-32.848989938413936
-0.13501771688461303,-0.07751630544662474,2.449369633197785,15.438900900526388
-0.14748448133468628,-0.2911247581243515,2.1927528858184813,-200.0
-0.21079189181327818,-0.09342750906944275,2.9367933928966523,18.8133432531426
-0.24768740236759185,-0.2118565499782562,1.5327652839943766,8.20783842189442
-0.034453171491622914,-0.0036455869674682506,2.701126492023468,0.2599512797349637
-0.054053306579589844,-0.1631499320268631,3.0533242225646973,-7.872409510410442
-0.26262054070830343,-0.0713929295539856,2.0969999492168427,-83.25077865731717
-0.1507611483335495,-0.23392320424318314,2.385397380590439,-10.639033627360547
-0.09212059378623963,-0.13158840537071229,1.8543308854103089,19.782831906950246
-0.10837090015411377,-0.19508405327796935,2.522233712673187,-3.689813030471118
-0.17140361666679382,-0.020711016654968273,1.7780902057886123,-38.85982704909098
-0.28476395308971403,-0.27523118555545806,3.1290979325771335,16.387381415427786
-0.07121846079826355,-0.10902805924415587,1.9606304854154586,19.51781025216003
-0.018180620670318615,-0.2498166963458061,1.6615602880716325,-200.0
-0.2270225465297699,-0.11598778367042542,2.6179858386516575,21.641350843129253
-0.18869833052158355,-0.1799223393201828,2.276360508799553,20.73683767889107
-0.13036903738975525,-0.054327428340911865,2.8075315237045286,12.302008087205579
-0.12533719539642332,-0.25846639573574065,2.7327135384082792,-71.4346540321026
-0.1931310385465622,-0.12580477595329284,1.564302708208561,23.150947596617083
-0.23020960092544557,-0.16894771456718444,2.9152003169059757,19.596188615995256
-0.012049609422683738,-0.04687299728393557,2.1712204039096834,11.716143879206488
-0.06686185598373412,-0.206082084774971,1.8725588366389276,-200.0
-0.28969336710870264,-0.028197991847991932,2.4036794662475587,-200.0
-0.17757754325866698,-0.26659573093056677,2.062151563167572,-44.816322862632035
-0.10511232018470765,-0.0992161452770233,3.0184326708316807,15.898735137550528
-0.08829270601272582,-0.15305426716804504,1.978861603140831,6.5224946159646535
-0.15636118948459624,-0.06247372627258302,3.1473769783973697,13.413985938848601
-0.26931860893964765,-0.24169405996799467,1.743251420557499,3.567291677814471
-0.051469928026199346,-0.14287031292915345,2.4873326361179355,-5.693938433856676
-0.028920078277587913,-0.2833682678639889,2.8391216099262238,-200.0
-0.25147695690393446,-0.08215082287788392,2.307894763350487,-15.057739949104999
-0.2134822726249695,-0.22197572886943817,2.5964022874832153,19.85823974129061
-0.14070573449134827,-0.012597477436065652,1.640018205344677,-16.84908171744842
-0.13943844437599182,-0.20738253593444822,3.118264764547348,15.160629279490905
-0.21653369665145872,-0.008366936445236228,1.9498555302619933,-200.0
-0.25368609130382536,-0.2956901678815484,2.556173086166382,4.719723940650871
-0.026078081130981423,-0.08850460052490233,1.8121915772557258,6.007334373425678
-0.04338997006416323,-0.22926122546195982,2.2573043286800383,-200.0
-0.2756693601608276,-0.13647884130477905,2.7884297966957092,20.08761420676197
-0.16348098814487458,-0.16761033833026887,1.7039819464087487,21.121323962985787
-0.0817142128944397,-0.06659390330314635,2.6602582156658174,12.483846846756872
-0.1023893415927887,-0.27994321435689923,1.5136119082570076,-200.0
-0.17975921630859376,-0.1045447826385498,2.6821224451065064,18.64567056574788
-0.2927905697375536,-0.1901707649230957,2.235076940059662,21.318559291000682
-0.06549385786056519,-0.025285989046096802,2.979163044691086,4.841776592235264
-0.005443668365478493,-0.184822341799736,2.37467445731163,-200.0
-0.23744841814041137,-0.04967506527900695,1.8434459894895554,-200.0
-0.199381086230278,-0.24500840306282043,3.087373435497284,18.028755757052057
-0.11730301380157471,-0.12043887376785278,2.1309909492731096,21.364540541251415
-0.12008044123649597,-0.26325193941593167,2.9876486480236055,-69.04605985669983
-0.19723069667816162,-0.10246989727020264,2.0315230280160903,22.20580399047579
-0.23548108488321304,-0.20157015323638916,2.4344770669937135,18.32741885815657
-0.007964694499969505,-0.0326158583164215,1.9032006710767746,9.96798587623746
-0.06275762915611266,-0.17337245643138885,2.1490743309259415,-53.621125828963685
-0.2949821624904871,-0.04235878586769104,2.892483413219452,-200.0
-0.18169451057910918,-0.26171326786279675,1.586410365253687,-64.75157392962355
-0.09983625411987304,-0.12246326208114625,2.7553917348384855,19.993490127704543
-0.08417574763298033,-0.22346956729888917,1.6176647014915944,-200.0
-0.16163724660873413,-0.011009448766708396,2.5738933086395264,-5.126549416606127
-0.2734228357672691,-0.28368652872741223,2.3302096486091615,6.87592041485522
-0.04618113040924071,-0.08174235820770262,2.8615922868251804,15.25964020141132
-0.023648589849472046,-0.24127874225378035,2.4563410937786103,-200.0
-0.2555618718266487,-0.14319087266921995,1.7128307342529296,18.451807391357615
-0.21873901784420013,-0.15147310495376587,3.17838169336319,18.890363377287375
-0.13660608530044555,-0.06396526694297791,2.009295791387558,17.239934233350596
-0.14355193376541137,-0.16507850289344786,2.629460716247559,22.249119254471086
-0.2112541526556015,-0.0691833257675171,1.6733400486409664,-17.198344073590594
-0.24957847595214844,-0.22554981261491774,2.8192140221595765,18.368203327468578
-0.03136348128318789,-0.14024384021759032,2.2879327625036243,-35.51666621604906
-0.0486557722091675,-0.29945286735892296,1.7900839835405349,-200.0
-0.2715787678956985,-0.08480005860328674,2.5334946870803834,-22.545934626801504
-0.15821846723556518,-0.20997423827648162,1.9720017045736313,7.761695163186648
-0.08580810427665711,-0.005828225612640403,3.1409814655780792,3.685880305673976
-0.10765185356140136,-0.24700978249311445,2.108675962686539,-200.0
-0.17566533386707306,-0.11849092841148376,3.06490296125412,16.902161580621794
-0.2875247608870268,-0.18565959334373472,1.8657993793487548,19.252920970349773
-0.06958445906639099,-0.04889523983001709,2.3971836388111116,10.18238507680093
-0.009551274776458729,-0.18939323723316193,2.9481581270694734,-200.0
-0.23216300904750825,-0.026116383075714122,2.2046429038047792,-200.0
-0.19526760578155516,-0.2779929734766483,2.713113784790039,-8.040026207054009
-0.12258254885673522,-0.10655302405357361,1.544032733887434,20.652976402516856
-0.1281064510345459,-0.1971589386463165,2.3227812498807907,5.465924764681752
-0.19150548577308654,-0.0374022960662842,2.854105371236801,4.21110278322722
-0.2295001342892647,-0.26790132075548173,1.655112198740244,-12.628422683850172
-0.016320902109146107,-0.09762867093086242,2.611178529262543,3.3426203670034838
-0.07343984842300416,-0.25713297128677365,3.1625747442245484,-200.0
-0.28191560357809065,-0.12743766903877257,1.9935340851545336,-7.300854906750761
-0.16895807683467864,-0.17789795100688932,2.501907843351364,21.984081399760647
-0.1102626621723175,-0.03762255907058715,1.7585464611649513,13.750367570490441
-0.09017390012741089,-0.288482241332531,2.418766987323761,-200.0
-0.15326161980628966,-0.07734047770500183,1.8873415634036066,20.002333374569496
-0.2653773374855518,-0.21861879229545594,3.033312672376633,18.41968735822946
-0.05192347168922423,-0.01564922332763674,2.077141809463501,4.36067510238097
-0.0363678216934204,-0.15643790066242216,1.5788714177906513,-200.0
-0.24515488296747207,-0.05937541723251344,2.748015064001083,-14.954944452070105
-0.20807628929615019,-0.23655184507369995,2.1864116847515107,14.050348484082782
-0.14965551495552062,-0.147725647687912,2.9298792839050294,20.25413374312276
-0.13283312916755677,-0.23001579344272613,1.831782566010952,-68.01986953624362
-0.2242841273546219,-0.13543896675109862,2.3631082832813264,22.66237805035274
-0.2623514950275421,-0.16041126251220703,2.119535019993782,22.939756182365176
-0.02097365856170652,-0.07407987713813782,3.07559974193573,12.320843199485044
-0.04059310555458068,-0.21453664004802703,2.6707702755928038,-200.0
-0.27726732194423676,-0.0009092152118682639,1.5017344660125673,-200.0
-0.16423607468605042,-0.29498217422515155,2.9671883165836332,-54.64938733117015
-0.07748855352401732,-0.0895177960395813,2.223822095990181,18.535294915278943
-0.09489596486091614,-0.18084568977355958,2.7769673824310304,3.5198092664644243
-0.18603566586971282,-0.053352230787277216,2.245537120103836,7.465178000167651
-0.2982241462916136,-0.2519150823354721,2.6485882818698885,13.847974699742773
-0.05657168626785278,-0.11383237838745117,1.6924222700297833,9.477598161923051
-0.0035165369510650746,-0.27308265790343283,1.9378743171691895,-200.0
-0.24050205051898954,-0.11112416982650755,3.1070163547992706,19.777834887794054
-0.2033496916294098,-0.19410198032855985,1.800832922756672,17.313225199029773
-0.11687679290771483,-0.021636664867401123,2.5443021178245546,9.08359230519896
-0.11499953269958496,-0.24333480298519133,1.9703869432210923,-200.0
-0.20167356133460998,-0.14114651083946228,3.139262944459915,18.268298881434458
-0.23981468975543974,-0.15351857542991637,1.7816210776567458,22.901224486288847
-0.0030674993991851585,-0.061908030509948725,2.5253430604934692,9.368036177850009
-0.05841261148452759,-0.22141466438770294,2.8243436455726627,-200.0
-0.29986336855217816,-0.013057243824005138,2.2927511066198347,-200.0
-0.1867593616247177,-0.28163992166519164,2.6410235464572906,-22.957041439000033
-0.09538190960884094,-0.08379616141319274,1.6850065372884273,18.344924393993924
-0.07910860776901243,-0.1707304537296295,2.7179321289062504,-1.4134586775360525
-0.1660938799381256,-0.04498908519744871,1.54916235730052,-2.2695425062993344
-0.27777014449238774,-0.2590818598866463,2.9598246157169346,16.49348765813047
-0.041297632455825795,-0.1251064360141754,2.216205632686615,-4.784987769640328
-0.019317269325256348,-0.2658927798271179,1.8640808582305908,-200.0
-0.260456782579422,-0.09983616471290588,2.3955688774585724,0.3485708502214422
-0.22381763756275175,-0.20420269668102264,2.1005243360996246,17.212501045441208
-0.13216550946235656,-0.029976117610931385,3.056440055370331,9.574388780174791
-0.1478512108325958,-0.19202721118927002,1.584808573871851,8.518309298520535
-0.2063272029161453,-0.023475784063339222,2.753686183691025,-20.12223307070101
-0.2445410504937172,-0.2806323878467083,2.1406243950128556,0.22485946499100606
-0.03584525585174558,-0.10392014980316161,2.884344756603241,11.897769439406225
-0.053690868616104115,-0.2443792328238487,2.4396196603775024,-200.0
-0.2670900888741016,-0.12113267183303833,1.9080319851636887,-2.17404867259053
-0.15391235947608947,-0.18301673233509064,2.9992243468761446,21.744891021137658
-0.09073280096054076,-0.051526969671249395,2.0432024866342546,12.015381295041324
-0.1119556725025177,-0.2974048275500536,3.183213007450104,-200.0
-0.17074292600154875,-0.08685472011566162,2.014438384771347,20.9329084023393
-0.2824919566512108,-0.20792076587677,2.4680205523967746,18.880663197704365
-0.07407084703445435,-0.007875162363052357,1.7244064331054687,6.171623658135703
-0.014590984582900979,-0.16712312400341034,2.3285040974617006,-200.0
-0.22767895013093947,-0.06712751984596252,2.859990495443344,6.8977833803312425
-0.19096603989601135,-0.22760672718286512,1.6095260448753834,3.0491141298257043
-0.12751178741455077,-0.13819802999496458,2.5654433727264405,21.43303112641843
-0.12306851148605347,-0.1584916591644287,2.9689976274967194,20.95221728911218
-0.19599130153656005,-0.05732876658439637,2.225320127606392,4.521826023458146
-0.2338022321462631,-0.2385995954275131,2.67901269197464,18.532036293589925
-0.011392199993133567,-0.14567070007324218,1.51008064057678,-200.0
-0.0691354215145111,-0.28642503954470155,2.114599946141243,-200.0
-0.28683740124106405,-0.0793859839439392,3.070560908317566,-16.622839220354482
-0.17398920357227324,-0.2165744572877884,1.819999347627163,8.16830485388852
-0.10577459335327147,-0.017705315351486228,2.3516363441944126,8.447574407227496
-0.0851404845714569,-0.2544932752847671,1.7957940891385078,-200.0
-0.15775197744369507,-0.13007025718688964,2.5393670439720157,19.097552567227073
-0.2696840554475784,-0.17526426315307617,1.9264023780822754,21.454820685946633
-0.046999382972717274,-0.04026344418525696,3.095233136415482,7.712188203312272
-0.032068008184433006,-0.19980208575725555,2.6500863134860992,-200.0
-0.25008130073547363,-0.03477085232734678,1.6942315809428692,-200.0
-0.21311195790767667,-0.27053158432245256,2.7853135585784914,9.163895286286008
-0.14517198801040648,-0.09498664140701293,2.253779536485672,17.785179819757033
-0.13716498613357545,-0.27571435645222664,2.5037301242351533,-200.0
-0.21938976645469666,-0.10848128199577331,1.7600574627518655,18.76947080797797
-0.2572746232151985,-0.1967436969280243,3.1708301305770874,19.13581139215355
-0.02541598677635193,-0.019006061553955067,2.001893180608749,5.2883363663876075
-0.045658564567565896,-0.17821286022663116,1.650190094858408,-200.0
-0.27280900329351426,-0.05599168539047242,2.606152665615082,-76.70204734126797
-0.15988816022872923,-0.2492745280265808,2.3110110014677048,-24.428566258151758
-0.08237144351005554,-0.11646639704704284,2.8426464021205904,18.960238353909148
-0.09924159049987794,-0.21249087452888488,2.1813858211040498,-67.6329085054556
-0.181155064702034,-0.002966165542602539,2.9249571800231937,-14.595833893231932
-0.29316097777336836,-0.2929264007136226,1.5674124486744403,-22.101629954511008
-0.06102771162986756,-0.0915624439716339,2.7362448155879973,16.997069345971425
-0.008595693111419667,-0.23206268548965453,3.034823673963547,-200.0
-0.23605743795633316,-0.13338544964790344,2.07896409034729,23.15366459880577
-0.19901554584503173,-0.16246587932109832,2.4271261334419254,19.80480224338549
-0.12177345156669617,-0.07203179597854614,1.8955969497561456,16.644475104446816
-0.11897771358489989,-0.21923938393592834,2.380371516942978,-28.35170885739151
-0.2012574881315231,-0.014946913719177224,1.849408781528473,-200.0
-0.23789659738540647,-0.2902609996497631,3.0418652534484867,11.265460140781276
-0.006129580736160267,-0.07546167969703674,2.085229700803757,3.0592898921900336
-0.06385549306869506,-0.23466843813657762,1.5342762887477874,-200.0
-0.29095107447355983,-0.1495089590549469,2.7029487729072574,19.70101814745297
-0.17927470207214355,-0.15574011504650115,2.2011120319366455,20.341609922736165
-0.10166650414466857,-0.05999139547348023,2.9450487792491913,10.510787225434548
-0.07985497713088988,-0.2683615989983082,2.278182789683342,-200.0
-0.16186007559299467,-0.09706816077232361,2.809042525291443,16.51281596904646
-0.27496397495269775,-0.1988048493862152,1.6698156744241714,15.28334430087738
-0.042885714769363426,-0.035674452781677246,2.6263449847698213,7.7770659954555335
-0.027973651885986328,-0.17617473900318145,3.1241758286952974,-52.38199728327529
-0.2553439110517502,-0.03926392793655398,1.9556046217679977,-200.0
-0.21720274686813354,-0.25656791478395463,2.510463464260101,12.72919175817599
-0.1399057924747467,-0.12790254950523375,1.7666312366724015,21.390848184222534
-0.14245396256446838,-0.2524481400847435,2.871342259645462,-23.04687129941669
-0.21528514623641967,-0.11334464550018311,2.340381145477295,22.125576002367104
-0.25199809223413466,-0.182564377784729,2.5774176955223087,20.323646778828795
-0.02953305244445803,-0.05169716477394104,1.6207805216312408,14.836444646854599
-0.04975860714912417,-0.19245147407054902,2.02610142827034,-200.0
-0.26755207031965256,-0.023350721597671487,3.1947787761688233,-67.72583863377105
-0.15580314695835112,-0.272590309381485,1.7358619570732117,-200.0
-0.08764339685440062,-0.11166175603866577,2.479793840646744,20.013823476622218
-0.10332661271095275,-0.161104416847229,1.9200127929449082,10.112225033722972
-0.17588310241699218,-0.07345013022422792,2.4508676648139955,17.939756295511483
-0.28906093910336494,-0.23186711221933365,2.054560735821724,11.096357075019306
-0.06628464460372924,-0.1336327314376831,3.011094808578491,14.408719025041183
-0.01387222409248351,-0.29317140094935895,2.7651481926441193,-200.0
-0.23194037228822706,-0.0913737416267395,1.5965753644704819,-14.44401012736143
-0.19372656047344206,-0.2139114886522293,2.8960142850875856,21.215789948576845
-0.12587807178497315,-0.0015978276729583518,2.1521836787462236,-2.4889416503636337
-0.12964619994163512,-0.2854240771383047,1.7088132604956627,-200.0
-0.18821381628513334,-0.08010621070861815,2.6654008090496064,18.103715956577673
-0.2251830518245697,-0.22402153015136717,2.2689837872982026,17.328515000455198
-0.016542255878448486,-0.010540562868118275,2.8000054955482483,2.072456251392542
-0.07190439105033875,-0.15099961459636688,2.554467535018921,5.489621558558596
-0.28521213233470916,-0.06452177166938783,1.810589760541916,-200.0
-0.17328001856803893,-0.2396471321582794,3.110126107931137,13.62136026969403
-0.11004559993743895,-0.14492379426956176,1.9414055943489075,21.060127952640105
-0.0925879418849945,-0.20344033241271972,3.0857716441154484,-10.426379281412583
-0.1514301985502243,-0.030828541517257668,2.1292853981256483,6.340641754889406
-0.26427836045622827,-0.2639639988541603,2.3662245213985447,11.614802258183186
-0.05594887733459472,-0.1018589973449707,1.8353073582053185,16.46172376296032
-0.03394891619682311,-0.2611069858074188,2.240219584107399,-200.0
-0.24698201715946197,-0.12317079305648804,2.9839943587780002,21.063729609092125
-0.20917097926139833,-0.1715805798768997,1.5251876086927951,16.973930604480525
-0.14562524557113646,-0.04423357844352721,2.6938019037246708,12.91900854214187
-0.13436840772628783,-0.18745606541633605,2.066969907283783,12.189283269541786
-0.22098743319511413,-0.047034215927124035,3.0235622942447664,0.02672840421904432
-0.2580294325947761,-0.24764813482761383,1.8842253252863883,6.51200342274133
-0.021190613508224487,-0.11780632138252259,2.4152421951293945,-12.795239664460414
-0.03905353546142576,-0.27731291502714156,2.9134817957878116,-200.0
-0.280559154599905,-0.10718677639961241,2.169605642557144,-24.50432902089073
-0.16855327785015106,-0.1875275820493698,2.7245619118213655,22.086997271597202
-0.07726730704307555,-0.027917397022247326,1.555839802324772,9.92622415522846
-0.09731476306915282,-0.2272134393453598,2.594787526130676,-69.74499151680163
-0.18420841097831725,-0.13853375315666197,1.638299684226513,20.703706482935278
-0.2971292900852859,-0.16555654406547546,2.8306587040424347,22.18693998481468
-0.06060177683830262,-0.06864051818847655,2.299743136763573,15.168950583033572
-0.0011026024818420188,-0.20942690670490266,1.748381043970585,-200.0
-0.2423335924744606,-0.006310880184173584,2.4921509802341464,-200.0
-0.20444883406162262,-0.29774740543216466,1.990424332022667,-74.09904151848063
-0.11285156607627869,-0.08645913004875183,3.1590434670448304,13.307557064484957
-0.113464218378067,-0.29829107131808996,2.6661090910434724,-200.0
-0.20497241914272307,-0.08597740530967712,1.709725806862116,11.427074885369656
-0.24179525971412658,-0.2088101416826248,2.7959375858306883,18.83065461263158
-0.0005067229270935281,-0.007012474536895741,2.2647115498781205,2.130884021240557
-0.05995228886604309,-0.16625584959983825,1.806343564391136,-76.26567336839744
-0.2965693035162985,-0.06802146434783934,2.5504255652427674,-200.0
-0.1847837269306183,-0.22673400342464445,1.942344143986702,8.491436506621788
-0.09794690608978271,-0.13907970786094664,3.1108603298664095,19.421198238305827
-0.07668977379798889,-0.1882290333509445,2.125243479013443,-61.85222522027561
-0.16792333424091338,-0.027300488948822033,3.0815253973007204,7.8448925936535066
-0.28121099844574926,-0.27683104723691937,1.8360416054725648,-4.151529409213352
-0.039611148834228505,-0.10773029923439026,2.3671630203723906,9.203469498380734
-0.021731311082839988,-0.24819394648075102,2.98490691781044,-200.0
-0.25862296521663664,-0.1173267424106598,2.240927815437317,11.77375197300048
-0.22037256360054014,-0.1868368685245514,2.6895297169685364,19.476940083305177
-0.13384705781936646,-0.04773337841033937,1.5211196831427514,16.123482140567717
-0.1463115334510803,-0.1722066432237625,3.0243066489696506,21.662349249163825
-0.20962126851081847,-0.043541282415390015,2.067924973368645,-35.10800959658282
-0.24651668965816498,-0.26055430769920346,2.411216843128204,13.348007981128033
-0.03328025937080381,-0.1236435055732727,1.8799891859292983,-24.72223854224153
-0.055226182937622076,-0.2644344225525856,2.16534363925457,-200.0
-0.2637912310659885,-0.101304030418396,2.909430503845215,11.50167877570146
-0.15193178951740263,-0.2027503252029419,1.5567689917981624,0.3277893796143303
-0.09329357743263245,-0.031456893682479836,2.725280225276947,7.737772746509691
-0.10954163074493409,-0.2401197016239166,1.6342484049499035,-200.0
-0.1725767433643341,-0.14437097311019897,2.5905254721641544,19.615615628114178
-0.28593702949583527,-0.1503071755170822,2.3004616022109987,17.313092851644598
-0.07238929867744445,-0.06514769196510314,2.8315878808498383,12.114166792296263
-0.017009818553924583,-0.2246497392654419,2.493106096982956,-200.0
-0.2258494958281517,-0.009850412607192993,1.7491253733634948,-200.0
-0.18752518594264983,-0.2848689671605825,3.1548073530197147,-6.979072720176605
-0.12919827103614806,-0.08057649135589598,1.9863989293575288,17.21517155152174
-0.12650792598724364,-0.21335866749286653,1.848456932604313,-37.041832384405524
-0.1943039685487747,-0.002070397138595581,2.379623919725418,-67.96255217638058
-0.2313825488090515,-0.29379732124507424,2.089462623000145,-21.398323673032277
-0.013220232725143444,-0.09068130254745482,3.0458938479423523,8.1415035350727
-0.06569119691848754,-0.23117696195840837,2.7070033073425295,-200.0
-0.2885203711688518,-0.1342609405517578,1.5385350622236729,-37.5014197067674
-0.17640466690063478,-0.16157469749450684,2.944327121973038,20.062956441700535
-0.1039416253566742,-0.07289502024650574,2.2001860469579695,14.577524039104441
-0.08711961507797242,-0.2718980133533478,2.8133013367652895,-200.0
-0.1551903337240219,-0.11228781938552856,2.2822372734546663,18.74946129619221
-0.268147873878479,-0.19292418658733368,2.6254190504550934,20.24561512260435
-0.050296801328659047,-0.022798043489456188,1.6690939791500568,6.404689114182179
-0.030093240737915028,-0.1820094108581543,1.954857075214386,-200.0
-0.2526477366685867,-0.05216758847236633,3.1232239544391636,-13.427107457324365
-0.21465307474136353,-0.25307649224996565,1.7706598564982414,-2.2617716561401084
-0.14187878966331482,-0.11265463829040526,2.5146963357925416,17.861229889262003
-0.140609210729599,-0.25595100671052934,2.339465394616127,-70.0528304298242
-0.21770678758621215,-0.12860400080680848,2.870637220144272,20.505617739148835
-0.254859159886837,-0.1767182618379593,1.6250559888780116,19.370262562145246
-0.027248954772949197,-0.03878206014633179,2.5814823627471926,9.360999619953867
-0.0422191321849823,-0.1983252704143524,3.198817503452301,-64.25101912147852
-0.2744963362812996,-0.036220264434814464,2.0303508669137953,-200.0
-0.16230784356594086,-0.2690607614815235,2.4790628612041474,-44.238323471843195
-0.08054341077804564,-0.09644896388053895,1.7349201902747153,21.194232523747758
-0.10121635794639586,-0.15525839030742644,2.4551171541213987,17.24053460822001
-0.1785886287689209,-0.060535061359405506,1.9240514948964118,11.246346651426471
-0.2916198614984751,-0.23537003248929977,3.0101531684398655,17.413731064565397
-0.06432090997695922,-0.14889219403266907,2.0538297057151795,-11.523147454704134
-0.006616562604904175,-0.2896419458091259,1.5958703629672528,-200.0
-0.23861908167600632,-0.07616098523139953,2.7642323911190037,5.646912184820639
-0.20055172741413116,-0.219785338640213,2.1562483966350556,17.47832596451698
-0.1184760332107544,-0.014467477798461914,2.9002897143363953,7.300343725577634
-0.12125127911567687,-0.16198630034923553,2.2295695662498476,20.10784005271891
-0.1984037160873413,-0.07257760763168336,2.9730363547801972,16.049348258309813
-0.2366542249917984,-0.23276184797286986,1.5091388642787933,4.070217268565425
-0.009135496616363536,-0.13276625275611878,2.6782817125320433,-36.9989140083772
-0.0615868628025055,-0.2923094926401973,3.0698558688163757,-200.0
-0.2938090670853853,-0.09226389527320861,2.113684195280075,-200.0
-0.1805214375257492,-0.2130343973636627,2.3557010114192964,18.599368092393956
-0.09866538047790527,-0.002484297752380349,1.8242748022079467,3.758971048571513
-0.08300283551216125,-0.24865547418594358,2.5384512424468992,-200.0
-0.16046658754348755,-0.11716570258140563,1.7950890749692916,20.379271739920547
-0.27225219905376435,-0.17875881493091583,3.0995085656642916,21.1453906527773
-0.045008111000061024,-0.05551224946975708,1.9304670959711077,14.39148300736629
-0.02482157349586489,-0.19626197218894958,1.6982702702283858,-200.0
-0.2567324638366699,-0.01954972743988037,2.654335802793503,-200.0
-0.219909730553627,-0.2764159508049488,2.2530485063791277,-4.220384781076285
-0.13777903318405152,-0.10786451697349547,2.7843718171119693,16.589236886371328
-0.14472259283065794,-0.2698414340615272,1.7643162488937378,-200.0
-0.21242715418338776,-0.09561485052108765,2.5077846586704258,19.71956739637107
-0.250751356780529,-0.2002723664045334,2.000967246294022,16.137997181310215
-0.032534176111221336,-0.034215742349624656,3.170108473300934,6.922402126307665
-0.04748504161834716,-0.17471144199371338,2.605405068397522,-51.86989447548041
-0.27040584236383436,-0.04073601365089419,1.649238258600235,-200.0
-0.15704551935195923,-0.25511919558048246,2.846674996614456,-12.348981426210596
-0.08463748097419738,-0.12937781810760499,2.3152439236640934,19.05949289159071
-0.10647869110107422,-0.21601949036121368,2.9240053057670594,-15.3213811803273
-0.17449454963207245,-0.018175739049911488,2.180638274550438,-22.309807505701105
-0.28635395541787145,-0.2870533917099237,2.7404776871204377,12.150933879858501
-0.06841140389442443,-0.07869597673416137,1.5714410811662674,19.56199628320592
-0.010724365711212158,-0.2379072993993759,2.083018574118614,-200.0
-0.23333386033773423,-0.14629676342010497,3.0390824854373935,20.443284291600335
-0.19643833637237548,-0.15896437168121338,1.8948752671480178,19.668103360690633
-0.1237556755542755,-0.05677608847618104,2.426200199127197,13.540274801140246
-0.12693357467651367,-0.22807715088129044,3.135211652517319,-3.1548762641021284
-0.1903347909450531,-0.1376430630683899,1.966124939918518,20.889903396838825
-0.22832948863506317,-0.1664331167936325,2.526061475276947,20.3188530300678
-0.015147918462753318,-0.06775587201118469,1.7825502797961235,9.908115445332145
-0.07461279630661011,-0.20854682922363282,2.293706172704697,-200.0
-0.2830862212926149,-0.007182866334915161,2.8250880002975465,-200.0
-0.1701287895441055,-0.29685214944183824,1.6807704105973245,-200.0
-0.11143557429313658,-0.08732743263244627,2.6369981944561003,15.03994805459679
-0.09134470224380492,-0.18364494144916532,1.5499066961929202,-63.56909384756082
-0.15443467497825622,-0.050836819410324086,2.71888724565506,13.935068576588515
-0.2665504865348339,-0.24382412284612653,2.2121802300214766,11.70095795950767
-0.05309423804283142,-0.12160295248031616,2.9555885016918184,13.224377973460815
-0.03519709110260011,-0.28110495731234547,2.3913068234920503,-200.0
-0.24398176074028013,-0.10336732864379883,1.8600295916199685,-0.43219237203254224
-0.20690321624279023,-0.19133477210998534,3.0573692321777344,20.147963063763708
-0.14848467707633972,-0.024101704359054565,2.1012428015470506,2.6160784078185984
-0.13166000247001647,-0.20490200221538543,2.7496442139148716,9.451801058823502
-0.22311334311962128,-0.02935706377029418,1.58056233972311,-200.0
-0.26118066161870956,-0.2654133439064026,2.8850789785385134,16.771145337738993
-0.019800639152526833,-0.10038211941719055,2.14156294465065,-3.664866023990321
-0.04176616072654726,-0.25962552577257153,1.9089445188641547,-200.0
-0.27843817993998526,-0.12462471127510069,2.4403279423713684,9.354488426848413
-0.16540684103965758,-0.1701136887073517,2.0389302492141725,21.80177528389702
-0.07866164445877075,-0.04569067955017092,2.9951564371585846,8.123064696928257
-0.09606658816337585,-0.28218573331832886,2.0151466161012648,-200.0
-0.1872086763381958,-0.08331658244132994,3.1841255664825443,16.340480826136762
-0.29939705366268754,-0.22079546749591827,1.7203384727239608,10.434399042437283
-0.057742345333099354,-0.01375640630722047,2.4637483656406403,3.709269430918683
-0.0023458421230316273,-0.15422002673149107,2.8557442486286164,-83.6108108601045
-0.23932911604642867,-0.06129112243652343,2.324462127685547,-29.639218777303107
-0.20217670798301696,-0.24285293519496917,2.566381871700287,15.248425744276936
-0.11570620536804199,-0.1416900336742401,1.6102602794766425,22.14129600118602
-0.1161726951599121,-0.19363169968128202,2.84839351773262,9.215029218713095
-0.20284432768821714,-0.022191774845123302,2.316858685016632,-45.22418903320009
-0.24098550528287888,-0.2737728081643581,2.613556694984436,12.21691190259396
-0.0042405545711517445,-0.11049596071243287,1.657701164484024,-79.98385799116821
-0.05723952054977416,-0.25128916203975676,1.9961489021778107,-200.0
-0.29869252648204564,-0.11452481746673585,3.164978849887848,7.425294869350413
-0.18558861315250397,-0.18139851093292236,1.752649760246277,19.212443662854984
-0.09420878291130066,-0.052879661321640015,2.4962219297885895,10.773812933522303
-0.07793794870376586,-0.2943538220599294,1.889745643734932,-200.0
-0.1649208962917328,-0.09020780324935912,2.4213818550109867,18.582523086489054
-0.2765972547233105,-0.21509160697460172,2.071455845236778,14.813883069177761
-0.04012693762779235,-0.00043879151344300427,3.0274159967899323,-0.30835790366161997
-0.020487999916076638,-0.15993854999542237,2.7420924484729765,-64.66961306539507
-0.2616296991705894,-0.07463255524635315,1.5731596022844314,-200.0
-0.22499060332775117,-0.23070808947086335,2.9324682116508485,20.101733138578165
-0.1333361327648163,-0.13481290340423582,2.188789901137352,21.8174735268529
-0.1490241229534149,-0.2358526825904846,2.3574065625667573,-16.02721114588015
-0.20749787986278534,-0.14834484457969666,1.8258765935897827,21.291846120129062
-0.24571167826652526,-0.15691747963428496,3.0779945254325867,20.610417588273727
-0.03701827526092527,-0.05882960557937622,2.122134131193161,14.56630099015959
-0.0525178849697113,-0.2180752694606781,1.5043075517751276,-200.0
-0.2659194879233837,-0.016131091117858876,2.6731391191482547,-200.0
-0.15274166464805602,-0.28909914940595627,2.2178901076316833,-200.0
-0.08955985307693481,-0.07663902640342712,2.961460655927658,13.086196275372636
-0.1107848346233368,-0.17735199630260468,2.2479059129953383,7.964584599805484
-0.16956988871097564,-0.03810199499130251,2.7795405030250553,9.954021424573487
-0.28131882548332215,-0.25775202512741086,1.6866945713758468,-3.22681885912956
-0.07290004491806029,-0.12673836350440978,2.6426563441753386,17.055889406271515
-0.015761750936508168,-0.2671997264027595,3.1011102557182313,-200.0
-0.22885205447673795,-0.09824543595314025,1.9321726471185685,9.792043374234844
-0.19213909506797788,-0.1976406633853912,2.5469011783599855,21.20905986603215
-0.12868266105651854,-0.0368586301803589,1.8032277315855025,13.201574857869781
-0.12189787030220031,-0.2784724093973637,2.0374322175979613,-200.0
-0.19481828212738037,-0.10600706934928894,2.993347126245499,18.388870215713563
-0.23262933343648912,-0.1886939316987991,1.9005983173847198,16.94281172876731
-0.010221540927886963,-0.02673543691635133,2.4320855259895326,6.953451961212806
-0.07030611634254455,-0.18627635836601258,2.890117812156677,-20.75739602852902
-0.2880103446543217,-0.04819364547729493,2.146498018503189,-200.0
-0.17516216933727263,-0.24646611660718917,2.7611161530017854,6.143425904892201
-0.10694518089294433,-0.11897265315055847,1.5923455581068993,23.061143659837175
-0.0863136112689972,-0.21059343516826629,2.5713169455528258,-54.833654947435434
-0.1589227795600891,-0.005129063129425071,1.6152991130948067,-67.58032793339837
-0.2708548799157143,-0.29890705570578574,2.8675274670124056,11.533442671749325
-0.04817240238189696,-0.08527963757514953,2.335934117436409,16.890191907742295
-0.03089495301246642,-0.22603168040513993,1.718529187142849,-200.0
-0.2489104315638542,-0.1397003173828125,2.4622503340244295,22.94693951409894
-0.21194120943546296,-0.16437705159187316,2.006904199719429,19.74762376243812
-0.14399889707565308,-0.06980023384094239,3.1757793903350833,12.709188398840663
-0.13599418401718139,-0.1521631121635437,1.6792594090104103,22.4571085385312
-0.2182167202234268,-0.06333691477775574,2.6351759135723114,4.960510372345626
-0.2561014652252197,-0.24080831855535506,2.2853470265865328,13.768883826273374
-0.02424522042274474,-0.14374583959579468,2.8168326139450075,-25.446112425660736
-0.04682929515838624,-0.28423920683562753,2.531087338924408,-200.0
-0.2739821165800094,-0.08126964569091796,1.7874723836779594,-200.0
-0.16106125116348266,-0.22284350395202634,3.14667062163353,16.483052292657707
-0.08354228138923644,-0.011701744794845592,1.977895188331604,7.012599740529789
-0.10041446685791014,-0.26226837784051893,3.0622913360595705,-200.0
-0.182325741648674,-0.12199298143386841,2.1062686651945115,20.847170784541408
-0.294331631809473,-0.17274424731731414,2.403077071905136,21.745747837764846
-0.062200695276260376,-0.04304893612861632,1.8714885607361793,10.542155443460123
-0.007422745227813721,-0.20226259231567384,2.2103579491376877,-200.0
-0.2348868280649185,-0.031989938020706155,2.954077500104904,-27.819981605763203
-0.19784481525421144,-0.2627793699502945,1.5416513130068779,-41.63032291167252
-0.12060053944587706,-0.10302271842956542,2.710528099536896,16.728233752332653
-0.11780698299407957,-0.24556108117103576,1.5616910956799983,-200.0
-0.20008437931537626,-0.1199661612510681,2.7303061902523043,19.933545513945422
-0.2367235109210014,-0.18419627845287323,2.177113887667656,18.8892992152255
-0.004958742856979392,-0.05036736130714417,2.920889472961426,10.159923811138752
-0.06502629518508912,-0.19086077213287353,2.4093945622444153,-70.64745009260066
-0.2921241156756878,-0.024657636880874634,1.8784781843423843,-200.0
-0.1804478645324707,-0.27947279065847397,3.016051262617111,-11.604586559444027
-0.10283727049827576,-0.1050997495651245,2.0595658272504807,20.294018114325947
-0.08102792501449585,-0.16830277740955352,3.1532963514328003,8.187544984340558
-0.16303068101406096,-0.06596798300743104,1.9845766484737397,18.096321706884776
-0.2761347010731697,-0.22878865599632264,2.484746950864792,15.632008006637033
-0.04405862689018247,-0.13703166246414183,1.7408699870109559,-38.219299188578724
-0.026800775527954124,-0.2962452778592706,2.3054874658584597,-200.0
-0.2541732296347618,-0.0880343198776245,2.8365099847316744,6.913266740997205
-0.21603208780288696,-0.20675432682037354,1.6457073740661143,13.356740184558614
-0.13873280882835387,-0.00905708670616151,2.6022957205772403,3.3256002790289267
-0.14128326773643493,-0.22259249389171598,1.947279217839241,-25.22105473546106
-0.2141121983528137,-0.011895883083343495,3.1158991634845736,-23.8364233405433
-0.2508251219987869,-0.2828246019780636,1.8181267827749252,-10.170700616347908
-0.028362464904785167,-0.08263254761695862,2.561897504329681,13.219576849571204
-0.05092923045158387,-0.24217349588871,2.7941282749176026,-200.0
-0.2687250852584839,-0.14232435822486877,2.2632135182619093,19.87985262943519
-0.15697604119777678,-0.15235496163368226,2.657866674661636,20.970531987424987
-0.08881405591964722,-0.06309278011322023,1.701379630714655,14.808134535185516
-0.10449966788291931,-0.26707759872078896,2.6880316853523256,-200.0
-0.17705397605895995,-0.09867262244224548,1.519310370646417,23.325821015214636
-0.290231692045927,-0.2053806334733963,2.976560741662979,20.246045666837123
-0.06745773553848267,-0.028814899921417225,2.232685399055481,6.977522654000754
-0.012699097394943237,-0.1695669114589691,1.8410804390907287,-200.0
-0.2307695746421814,-0.04617383480072024,2.37209809422493,-39.71909954024264
-0.1925557404756546,-0.25792058408260343,2.136715418100357,-9.208755419499076
-0.12470505237579346,-0.12628435492515563,3.0933086156845095,18.491629173585977
-0.13081918358802794,-0.17937881648540496,2.4739202678203585,18.46748093397576
-0.18938442170619962,-0.05480929613113403,1.7300888761878013,-8.00379730851812
-0.2263537511229515,-0.2504336044192314,3.187241804599762,19.72688643000589
-0.017715203762054432,-0.11528633236885069,2.0186714082956314,-29.46778295080977
-0.07073147892951964,-0.2745320230722427,1.6266577802598476,-200.0
-0.2840414598584175,-0.10964725613594054,2.5831879138946534,-3.1483385195046445
-0.17210939526557922,-0.19556363224983214,2.3479153305292133,21.021923714551964
-0.10887258052825927,-0.020165205001831055,2.878775876760483,7.541850812680433
-0.09141717553138731,-0.23322160989046098,2.1579539477825165,-200.0
-0.15025708973407745,-0.1322051703929901,2.9018915057182313,18.519583919983994
-0.2631053008139133,-0.1636316567659378,1.6040090195834638,19.789934060031328
-0.05477800369262695,-0.0708492636680603,2.772682327032089,14.171394593347534
-0.03511975407600404,-0.21131059527397156,3.0053218543529514,-200.0
-0.24815504997968674,-0.004125022888183616,2.0486871123313906,-200.0
-0.2103441059589386,-0.2917438119649887,2.443437695503235,-21.142954122297255
-0.14679604768753052,-0.09272820353507996,1.9124757960438727,19.391652374510162
-0.13554149866104126,-0.28758700378239155,2.9391974985599516,-200.0
-0.22215827107429503,-0.07820874452590942,2.1953677028417586,4.031510630874518
-0.2592001765966415,-0.21773869693279266,2.695440578460693,17.80362426900942
-0.02236374020576476,-0.01652124524116516,1.526868573576212,5.311002031140157
-0.037880373001098644,-0.15731449127197264,2.091077333688736,-82.85552731988574
-0.2793883837759495,-0.058490735292434703,3.0476123690605164,-36.42455758278078
-0.16738245785236358,-0.23741553872823715,1.856919838488102,-19.48352548917736
-0.07609425187110899,-0.14683499336242675,2.3877755463123322,8.689314307692076
-0.0961440324783325,-0.2009661465883255,1.7723783776164055,-88.91210242788381
-0.18303549885749815,-0.03358656764030454,2.5163110971450804,-0.5087942190592134
-0.2959563290700316,-0.2716933451592922,1.9630087018013,-0.6833061287784665
-0.059431153535842884,-0.09380925893783568,3.1316868603229526,15.956308708761476
-0.002273261547088623,-0.25330897718667983,2.6206007063388825,-200.0
-0.24350658059120178,-0.1312342643737793,1.663964355736971,17.935138081813584
-0.20562172830104827,-0.1740868091583252,2.8016348481178284,19.62098001933503
-0.11402226090431214,-0.0414251983165741,2.27067454457283,12.263140987042313
-0.11386747956275939,-0.2542378127574921,2.917025232315064,-67.65371940485201
-0.20515568554401398,-0.13025994300842283,2.1735067158937453,22.156878955085542
-0.24336953312158582,-0.17383547723293305,2.7342792570590975,20.36535638020736
-0.0018615245819091908,-0.04161216616630553,1.5651884596794843,10.239095612237165
-0.05954988598823546,-0.20115312337875366,2.063431790471077,-200.0
-0.2963863195851445,-0.03333522677421569,3.0196554958820343,-200.0
-0.18320859074592588,-0.2707190304994583,1.8745137050747873,-59.24759354098986
-0.09659181833267211,-0.09473809003829955,2.4058882117271425,17.725410870184643
-0.07562819123268127,-0.15808853209018706,1.7448367461562158,-21.916462427395505
-0.1672276586294174,-0.05765231251716613,2.488250666856766,15.350623830952635
-0.2789766892790794,-0.23702601045370103,1.980706125497818,8.66062617694956
-0.0377433657646179,-0.1471790313720703,3.1496955633163455,-5.8295428397732465
-0.02279375195503236,-0.28793103396892544,2.598324882984161,-200.0
-0.2593189314007759,-0.07781921625137328,1.6422073438763618,-200.0
-0.22260602116584777,-0.21690026521682737,2.8403695642948152,20.0706937364972
-0.13571455478668212,-0.017295295000076316,2.309097981452942,5.672344389978237
-0.14664065837860107,-0.2115722268819809,2.5588669896125795,10.378516839636632
-0.20987747311592103,-0.003946065902709961,1.8153468772768975,-200.0
-0.2480186015367508,-0.290841294452548,3.1190393149852755,13.898245363461431
-0.03470862507820127,-0.09373113512992859,1.9499501198530198,10.028450600667949
-0.05489619970321655,-0.23422454148530958,1.7044191256165504,-200.0
-0.26353474259376525,-0.13130266070365906,2.660637992620468,20.536815455716887
-0.15043073594570158,-0.16345269083976746,2.260076305270195,22.569859862697733
-0.0918654978275299,-0.07111090421676636,2.79145565032959,12.560778408845284
-0.10840598344802857,-0.2749478816986084,2.2358192682266234,-200.0
-0.17195404171943665,-0.10933182835578917,2.9792380273342136,16.766350968389172
-0.28363030739128586,-0.1947998911142349,1.5162735435180366,14.579713653980038
-0.07059500813484193,-0.02101163864135741,2.685258138179779,5.0041867261443445
-0.018144607543945312,-0.18022525906562803,3.0901650190353394,-87.3390427408862
-0.22647190690040586,-0.05404554605484008,2.1340490758419035,-37.30182969729408
-0.18983276188373566,-0.25011817663908004,2.3751312434673313,3.577567109011863
-0.13099284768104552,-0.11570218205451965,1.8438580647110938,20.56801943029563
-0.12427386045455932,-0.16923230588436125,2.02129245698452,17.321411967333884
-0.1924358457326889,-0.04657280445098877,3.1904312014579777,10.657488635407763
-0.2303207114338875,-0.2587495565414429,1.727369311451912,-2.0578631714973614
-0.012524861097335804,-0.1255008637905121,2.4708287537097933,-31.51573554955361
-0.06792497634887695,-0.2662941053509712,2.8761569559574127,-200.0
-0.2903876300901174,-0.09950160384178161,2.344723400473595,-40.01168173499909
-0.17746678590774534,-0.20577959418296815,2.5859156608581544,20.758253649609873
-0.10463785529136657,-0.028480303287506115,1.629739883542061,12.26539553481299
-0.08869421482086182,-0.24197709560394287,2.7699564039707187,-200.0
-0.15654490292072296,-0.14256625771522521,1.6009238004684447,21.009094936167955
-0.26855081543326376,-0.15333873331546782,2.9045061707496647,22.515734874311466
-0.05048033595085144,-0.062173390388488764,2.1611496269702912,14.794668681836708
-0.02851835489273069,-0.22167311310768129,1.9151972353458406,-200.0
-0.25129231363534926,-0.01287964582443235,2.4465261697769165,-200.0
-0.21425042152404783,-0.2830665048211813,2.046061909198761,-25.49541990476608
-0.1416961133480072,-0.08243613839149475,3.0021363079547885,13.877492173642406
-0.13830222487449645,-0.2953899775631726,1.5303233291953802,-200.0
-0.2159128189086914,-0.08878920078277588,2.699457216262817,17.92167811753451
-0.25372374951839444,-0.2070786327123642,2.191815248131752,16.42229223457006
-0.02662593126296997,-0.008650106191635143,2.935279554128647,1.2565368491356512
-0.04452640414237974,-0.16789580583572386,2.3843301951885225,-61.92563107336037
-0.27629116997122766,-0.06629227995872497,1.8528950184583663,-200.0
-0.16344297230243682,-0.2295435458421707,3.0511673569679263,14.078602394143552
-0.08116557598114013,-0.13617635965347288,2.0949932008981706,14.691178980730662
-0.10271796584129333,-0.18986670076847076,3.12812802195549,7.642066320539367
-0.18001724481582643,-0.02556901574134829,1.9590970396995546,-30.56026348427608
-0.2919493217021227,-0.27964287623763084,2.519759488105774,9.719407276121279
-0.06457686424255371,-0.10482923984527587,1.7764013230800628,18.517326498094754
-0.005115240812301636,-0.24529056251049042,2.2742232501506807,-200.0
-0.2371913194656372,-0.12013624906539916,2.8055570483207704,21.384761801824684
-0.20022197663784025,-0.18510764837265015,1.6605127096176147,17.046532782362277
-0.11821922063827514,-0.04937329888343811,2.6165822446346283,11.726700780020142
-0.1201888382434845,-0.20187276899814605,1.6536762304604053,-36.16844522836965
-0.1977078080177307,-0.0323336899280548,2.6101115465164186,-8.842842967758068
-0.2344207540154457,-0.263553699105978,2.3207744002342228,10.370977373202505
-0.007267928123474099,-0.10218458175659179,2.851948708295822,-1.998199310541846
-0.06264844536781311,-0.2614302411675453,2.5002383649349214,-200.0
-0.29450469352304937,-0.12276731729507445,1.7561046108603477,-60.97060494064338
-0.182755771279335,-0.17308799028396607,3.161060702800751,20.224083038687727
-0.10053323507308959,-0.04265912175178527,1.9925965487957003,12.238550523063585
-0.08340523838996886,-0.28398815765976904,3.0313383996486665,-200.0
-0.16064951419830323,-0.08145689964294434,2.0750044494867326,19.798614609786824
-0.27382735088467597,-0.22377205789089202,2.4173635959625246,15.81170729347461
-0.04636327028274534,-0.010727137327194214,1.8862938836216927,3.4230918863443254
-0.024418312311172474,-0.15118850469589232,2.1848783403635026,-200.0
-0.25654925107955934,-0.06426545977592468,2.928909170627594,-12.030477631421846
-0.21833543479442596,-0.24099557250738143,1.5771826427429914,2.0212979766070234
-0.13642416000366211,-0.14349478483200073,2.7455406367778776,21.023787915664958
-0.14358773231506347,-0.22526764422655104,2.1189420998096464,-17.990702900048714
-0.21180472075939177,-0.14054644703865052,3.075375807285309,18.990832942137352
-0.24844383001327514,-0.16479319632053374,1.8289586082100868,22.033762883762183
-0.030739617347717296,-0.06948509216308593,2.3601345121860504,14.544172340395605
-0.048620760440826416,-0.21027830243110657,2.9646498501300815,-200.0
-0.2710285551846027,-0.005545198917388916,2.220511257648468,-200.0
-0.15935218334197998,-0.2997532091103494,2.670047402381897,-200.0
-0.08643177151679993,-0.08451560139656067,1.5015880931168795,19.744201193860963
-0.10680874586105346,-0.18537412583827972,2.645745021104813,6.060441813585136
-0.17475105822086334,-0.0491968631744385,1.6894159220159053,-1.3671812466034865
-0.2878549586981535,-0.2467274710536003,2.7763551592826845,15.537493538904837
-0.06983948349952698,-0.1187934100627899,2.245280608534813,17.35460544027676
-0.010395169258117676,-0.2782931596040726,1.800142626464367,-200.0
-0.23307764232158662,-0.10626842379570006,2.5441750526428226,19.40352815544458
-0.19493647813796997,-0.18969714045524597,1.935368427634239,19.15135468342423
-0.12232730984687804,-0.025833213329315208,3.1037248194217684,8.418357160144087
-0.12850838899612427,-0.2681832052767277,2.434856641292572,-200.0
-0.19169020056724548,-0.09732576012611388,1.9036379516124726,22.010260098604036
-0.2287321999669075,-0.19744454920291898,2.990674299001694,19.386084583921697
-0.015330594778060924,-0.037100815773010276,2.034295105934143,10.695483912706539
-0.07303826808929442,-0.17759419083595274,1.589565557613969,-200.0
-0.2817316744476557,-0.037905871868133545,2.758085840940476,-200.0
-0.16972579658031464,-0.25683235824108125,2.1491688191890717,-32.61663749650555
-0.11125203967094421,-0.12772184014320373,2.8932581663131716,19.84367511383127
-0.08911099433898925,-0.21890453696250917,2.333267876505852,-200.0
-0.1525674283504486,-0.015347886085510243,2.8643836677074432,4.993064529279889
-0.26548830717802047,-0.2887642655521631,1.6180768400430678,-19.011397888159653
-0.05239800810813905,-0.07703770995140075,2.574349892139435,15.823191492653578
-0.037431085109710716,-0.23625135719776152,3.1784568786621095,-200.0
-0.24584986120462415,-0.1480099618434906,2.0100379675626754,23.319608438489162
-0.2079651027917862,-0.1561342656612396,2.4594769895076753,19.990467667836963
-0.14918004870414733,-0.059658873081207264,1.7154922634363174,17.993871184657852
-0.133161324262619,-0.16010834276676178,2.820436644554138,21.739487902374123
-0.22454115450382234,-0.07436175942420958,2.289213091135025,1.3645273070249893
-0.26151039004325866,-0.2297143042087555,2.631669360399246,16.84329337579285
-0.020057380199432373,-0.1357245683670044,1.6752950184047222,-200.0
-0.04026455283164976,-0.2952654853463173,1.9742879152297974,-200.0
-0.27700950801372526,-0.089214026927948,3.14280658364296,2.047746389583679
-0.16507739424705506,-0.21482080221176147,1.7909696400165558,3.86578760657218
-0.07840576171875,-0.000608593225479126,2.5350606083869938,3.6963373571277476
-0.09375931620597838,-0.25161375403404235,1.867988619208336,-200.0
-0.18541378676891326,-0.11411812305450439,2.3991060316562653,20.336342704953587
-0.29826194811612367,-0.1805429309606552,2.10987928211689,19.65442243080332
-0.0571202516555786,-0.05363425612449646,3.066150712966919,9.931409662246816
-0.004652827978134155,-0.1943863034248352,2.714032018184662,-200.0
-0.24112314283847808,-0.02133616805076599,1.5456179613247514,-200.0
-0.2033121049404144,-0.2733661159873009,2.9504769146442413,6.308904416951407
-0.1163291573524475,-0.11082054376602171,2.20648732483387,19.77250047801135
-0.11584321260452271,-0.15382133424282074,2.681726861000061,20.948788268842453
-0.20258840918540955,-0.06162600517272948,1.513163793552667,-26.569621959978612
-0.2394839197397232,-0.24363613575696944,2.9694811642169956,19.25363138060232
-0.002811902761459373,-0.14086076617240906,2.225653851032257,-200.0
-0.05756928920745849,-0.28135645911097523,1.8208199515938759,-200.0
-0.29894930915907025,-0.08409978747367858,2.3516845762729646,-200.0
-0.18708991706371308,-0.2211303412914276,2.1172365486621856,14.941805138016154
-0.09563657641410828,-0.013357722759246848,3.073774015903473,5.271093096465076
-0.07907338142395018,-0.2593833401799202,1.9269184917211533,-200.0
-0.16554388403892517,-0.12482083439826966,3.0955861628055574,16.927492179779165
-0.2789042204618454,-0.17103337347507477,1.798540835082531,19.218458576956216
-0.04192094206809999,-0.044707202911376975,2.5424695014953613,10.04378433726851
-0.019352853298187256,-0.2039185345172882,2.7879308581352236,-200.0
-0.26100756525993346,-0.03027673959732058,2.256960067152977,-200.0
-0.22268334925174713,-0.2656094737350941,2.6508876144886018,12.287183484011667
-0.1315412700176239,-0.10013993382453917,1.6942472234368324,19.46265619026454
-0.14862114787101746,-0.2803503692150116,3.172727191448212,-39.18068125798659
-0.20731436312198637,-0.10422291755676269,2.004159277677536,21.682869950909538
-0.24413710981607437,-0.1917414754629135,2.505056709051132,19.045976860249677
-0.03566368818283083,-0.02377712130546572,1.7612342342734337,6.640724385597317
-0.05292057394981384,-0.1833203673362732,2.312622773647308,-200.0
-0.26610213965177537,-0.05124351382255554,2.843485802412033,-45.55243525012917
-0.1543165147304535,-0.24467971175909042,1.6519577093422413,-75.48581017149512
-0.09091529846191407,-0.12084835767745972,2.6084967851638794,20.15454337431204
-0.11184670329093932,-0.20763515532016752,1.5687197305262088,-84.5456465677286
-0.17026524245738983,-0.008176642656326283,2.737389010190964,-8.435973938107342
-0.28355285748839376,-0.29712293772026893,2.1832635790109634,-0.6328656524804392
-0.07476818561553955,-0.08715763092041015,2.9271906495094298,15.674037139156239
-0.014699596166610707,-0.22790734916925431,2.4289263248443604,-200.0
-0.22815584689378737,-0.13791385889053345,1.8979603722691536,23.636553468282074
-0.18990535140037534,-0.16742688417434692,3.0364680230617527,19.676369175626586
-0.12681537866592407,-0.06684420704841615,2.0798227936029434,16.023511552632083
-0.12420457005500793,-0.238881915807724,1.7795106709003448,-200.0
-0.1966126084327698,-0.14536821842193604,2.523290359973908,19.70493663198169
-0.23376500308513642,-0.15877712666988372,1.9692620515823365,22.110909245675487
-0.010844206809997536,-0.05702714323997499,3.137884479761124,10.798866697623646
-0.06799855828285217,-0.21627055406570433,2.6400285065174103,-200.0
-0.28621573448181153,-0.017988485097885143,1.6835504047572614,-200.0
-0.17402736246585845,-0.28612485006451605,2.8219476461410524,-34.85253673629956
-0.10632280111312867,-0.07967058420181275,2.291035372018814,15.189564172615203
-0.08481171727180481,-0.17554956972599028,2.9587323009967808,3.5814751163486918
-0.15749437808990477,-0.03996167778968812,2.214846470952034,10.185800062863317
-0.27052573040127753,-0.25477543473243713,2.715854299068451,15.616840769474502
-0.0479162335395813,-0.12976763248443604,1.5471289660781622,-25.623445349508938
-0.03239598870277405,-0.2702312462031841,2.098109033703804,-200.0
-0.25033854246139525,-0.095271098613739,3.054691743850708,14.737009384003333
-0.2122712105512619,-0.1994980216026306,1.8630665153265,16.654790287211814
-0.14425535202026366,-0.03505387902259827,2.3940801680088044,11.44469428302979
-0.1382284641265869,-0.1964412063360214,2.1376968801021574,9.227711577627161
-0.22008452117443084,-0.01928837299346925,2.8814749479293824,-32.842401846106455
-0.2571630790829658,-0.2754127308726311,1.5845267239958047,-12.283657725996889
-0.02494087815284729,-0.10876674056053162,2.7531507670879365,4.180189332348558
-0.044595873355865456,-0.24955768883228302,2.999020475149155,-200.0
-0.27211459949612615,-0.11616248488426209,2.042537522315979,-7.759959741479516
-0.15999877452850342,-0.17849745154380797,2.436354672908783,22.14109982513563
-0.08284633755683898,-0.055691492557525646,1.9054472625255585,12.83838630205064
-0.0988402247428894,-0.2926246371120214,2.467719405889511,-200.0
-0.1809709221124649,-0.09184775948524473,1.7238384395837785,22.095592639744858
-0.2939283415675163,-0.212188258767128,3.1802661895751956,19.67858032457813
-0.06201744675636292,-0.0032483339309692383,2.0115359991788866,3.54509698416292
-0.008997845649719227,-0.1627503454685211,1.6062936343252658,-200.0
-0.2362419381737709,-0.07173146009445192,2.5628779530525208,-1.563840244225851
-0.1982472538948059,-0.2323457211256027,2.3283328026533128,15.547579346335082
-0.12078350186347961,-0.1330813944339752,2.8593448340892795,20.20231904768645
-0.11894205808639527,-0.29056134223937985,2.2683187216520313,-200.0
-0.20070649087429046,-0.07517722249031067,2.799801826477051,16.460458253229323
-0.23903081417083738,-0.21954344809055326,1.7062284365296363,10.04987565300823
-0.006753605604171764,-0.014663887023925792,2.662136024236679,3.6241592855273685
-0.06389093399047852,-0.15545480847358703,3.1072560966014864,5.362499568139068
-0.2915011435747146,-0.06029316186904907,1.9384781807661056,-200.0
-0.1781408429145813,-0.23438626974821092,2.5539319157600406,11.54435249273114
-0.10104326605796812,-0.1498115837574005,1.8103080436587333,15.123726926608132
-0.08069822788238526,-0.19910875260829924,2.363659304380417,-58.09601615660553
-0.16277392208576202,-0.03539128303527833,1.8320748463273049,-2.461521216128059
-0.2746333502233028,-0.2686617851257324,3.0851261854171756,17.02629699576934
-0.04263083338737489,-0.09678356051445006,2.1291140019893646,13.736937301607153
-0.027130186557769775,-0.25628560334444045,1.5246197180822492,-200.0
-0.25442913472652434,-0.12820503115653992,2.693500554561615,21.273190424702634
-0.21753373146057128,-0.17588927149772643,2.2373172998428346,19.32748965927244
-0.1401614785194397,-0.03956555128097533,2.9810473382472993,11.246034450683632
-0.1423454225063324,-0.18227991163730622,1.8827690914273263,16.49136315915421
-0.21480846405029297,-0.05199750065803527,2.4142473578453068,-9.396845406102358
-0.25305885225534436,-0.25216511338949205,2.065254071354866,9.537140683813531
-0.030229675769805897,-0.11364870071411132,3.0211664974689487,7.26301040162987
-0.04986736178398132,-0.2728920690715313,2.7225090086460115,-200.0
-0.26802968010306355,-0.11137644052505494,1.5537294905632735,-45.25412157356496
-0.15474202930927275,-0.1927540898323059,2.9121031284332277,21.113732700897863
-0.0869459867477417,-0.023068553209304787,2.1684808522462844,8.201493483134241
-0.10409697890281677,-0.23158394247293473,2.828910595178604,-44.981346845679155
-0.17687126398086547,-0.13393664360046387,2.297327733039856,19.81042399452914
-0.2886568531394005,-0.16081982553005217,2.5932990193367003,21.89758122003186
-0.06610236167907715,-0.07375032305717469,1.637285239994526,18.471424805812358
-0.013102072477340687,-0.2142139792442322,1.9890652716159822,-200.0
-0.23095314055681226,-0.001315516233444225,3.1579509496688845,-53.948891977863596
-0.19413029551506042,-0.29347302988171575,1.7463477477431297,-200.0
-0.12605956792831421,-0.09108828306198119,2.490072947740555,15.849429501221113
-0.12931814789772034,-0.2243056923151016,3.0427044510841372,-0.4552780155749723
-0.18795635998249055,-0.010239940881729137,2.0868415743112565,-68.37528007382309
-0.22602372765541076,-0.285707388818264,2.3827154338359833,-4.612106854583807
-0.017458677291870117,-0.07980244159698485,1.8511764973402023,5.80731696948769
-0.07223337292671203,-0.23934564292430877,2.203377977013588,-200.0
-0.285469800978899,-0.14520939588546752,2.9469460427761076,20.892618331622945
-0.17243855595588684,-0.15069669485092163,1.5354529526084661,19.865692002552258
-0.10912882089614867,-0.06480365395545959,2.7042755603790285,12.008708609163026
-0.09372473359107972,-0.26424745470285416,1.6721791982650758,-200.0
-0.1520516484975815,-0.10155537128448486,2.6281449735164646,16.824935161656185
-0.26424012780189515,-0.20372465550899505,2.2790415942668916,17.73858625108969
-0.05540045499801635,-0.030528062582016013,2.8106866717338566,5.902849289252362
-0.03281305432319642,-0.17127782106399536,2.51160786151886,-200.0
-0.24636078178882598,-0.04451560378074648,1.7679384171962738,-200.0
-0.2092084228992462,-0.26080565750598905,3.126409500837326,15.849309540715051
-0.14617331027984617,-0.12345653772354126,1.9574822783470154,20.304180290010304
-0.133966326713562,-0.24734752178192138,2.5774657249450685,-42.351710582528945
-0.22080314755439756,-0.11809049248695372,1.62160122692585,20.986846001904343
-0.2587977960705757,-0.18715230524539947,2.874555164575577,20.070893690637238
-0.022180777788162243,-0.04731752872467043,2.3430178493261336,11.884433201180343
-0.039454686641693104,-0.1878131926059723,1.738945010304451,-200.0
-0.2807432278990745,-0.0276159167289734,2.482508212327957,-200.0
-0.16778570115566252,-0.2775947995483875,2.026435050368309,-200.0
-0.07627750039100648,-0.10688386559486387,3.1952625155448917,17.18239555445034
-0.098377525806427,-0.1652529090642929,2.057741367816925,5.320601520879961
-0.18490303158760069,-0.0689239740371704,3.0137120068073275,15.740602052473061
-0.2970187489874661,-0.22691295146942136,1.9200285494327547,11.189328392360078
-0.060127097368240345,-0.13881806731224058,2.451668763160706,4.2944576153038945
-3.89099121093639e-05,-0.2980294288136065,2.8963675141334537,-200.0
-0.24163875728845596,-0.08615636229515075,2.1526996910572054,-6.506506135137581
-0.20456016361713408,-0.20971264243125914,2.7682508528232574,20.915006782532508
-0.11332660317420959,-0.006009542942047141,1.5993220154196024,-1.9368691280659842
-0.11269678473472594,-0.20909344553947448,2.089245730638504,-37.10067032807108
-0.20398275554180145,-0.006708705425262473,3.0453193187713623,-23.972098536036277
-0.24219655394554138,-0.2985752404667437,1.8454906091094017,-31.728603533445384
-0.0006909370422363281,-0.08567678332328796,2.376818758249283,-3.7203793035597847
-0.060720509290695196,-0.22643108367919923,2.941023427248001,-200.0
-0.29755932530388235,-0.13936159014701843,2.197666072845459,-0.8278170626291974
-0.18438150286674498,-0.1659543603658676,2.7068644881248476,20.372163997951844
-0.09776247739791868,-0.06830706596374511,1.5378310898318888,16.250405274701883
-0.07680124640464783,-0.2771153636276722,2.6224331200122837,-200.0
-0.16839851438999176,-0.10742982029914855,1.6662565447390079,21.995432591591943
-0.28014745116233825,-0.18851249814033508,2.81306483745575,21.47232136591154
-0.03891645669937133,-0.026996862888336193,2.2816304713487625,6.467472649154593
-0.021620625257492088,-0.18653554022312163,1.7705533102154731,-200.0
-0.2581481426954269,-0.04801912307739259,2.5140119671821592,-76.14385995101391
-0.22143518328666686,-0.24789118766784668,1.951585653424263,7.781257948163048
-0.13454153537750244,-0.11760876774787901,3.1207235872745516,16.821613168428485
-0.14546992778778076,-0.2602505475282669,1.6239700958132743,-200.0
-0.20870434641838073,-0.12392681837081909,2.580038845539093,21.208636769093342
-0.24684552401304244,-0.17190603017807007,2.3372902393341066,21.307074144957976
-0.0335377871990204,-0.043825453519821145,2.868623226881027,9.530219304688178
-0.05606700181961061,-0.20303221642971037,2.476602214574814,-200.0
-0.26470779329538346,-0.0311539828777313,1.7332432642579079,-200.0
-0.15160388946533201,-0.26472002416849133,3.1978615760803226,-15.502140363589934
-0.09303626418113708,-0.10100255012512208,2.0288297832012177,20.35148801467808
-0.10957893133163452,-0.1500066876411438,3.0080102860927584,20.194440738766183
-0.17312466502189636,-0.06543200612068176,2.0518353193998338,16.514498960730073
-0.2848010245710611,-0.23981606662273405,2.4540635466575624,13.92365072875244
-0.071767920255661,-0.14465442895889283,1.9226275846362113,-1.6596095982459822
-0.016971731185913108,-0.28515471071004866,2.155272862315178,-200.0
-0.22530121654272078,-0.08027515411376954,2.898736357688904,14.344490469529276
-0.1886621206998825,-0.2249317556619644,1.5933901030570268,3.7180017602456727
-0.1298198640346527,-0.009547644853591941,2.762523192167282,5.9026840023784075
-0.12544695138931275,-0.2941013820469379,2.79722546339035,-200.0
-0.19360670149326326,-0.09039827585220336,2.2659530699253083,20.432257633798788
-0.23149144649505615,-0.21365901231765747,2.6680712044239048,19.086794505219153
-0.013697987794876076,-0.0017859399318694846,1.711952842026949,-0.015356122378132886
-0.06675181388854981,-0.16129253804683685,1.944176709651947,-32.718164856855466
-0.2892168503254652,-0.07319764494895936,3.1131653368473056,-23.976033635687365
-0.1762959837913513,-0.2308916464447975,1.8079165279865266,-3.7523823489662647
-0.10346480011940001,-0.13456270694732667,2.5513296127319336,21.0556235545975
-0.0875234842300415,-0.19322437047958374,1.837984111905098,-79.63673008369065
-0.15537197291851043,-0.022513443231582664,2.36935778260231,2.5933724764394963
-0.26737786531448365,-0.272201918810606,2.126511749625206,5.67435331537508
-0.049309712648391735,-0.11200464963912962,3.0827346444129944,14.418118367284915
-0.029689013957977295,-0.25279103368520733,2.6911349534988407,-200.0
-0.25246531069278716,-0.11295626163482667,1.5220433328300715,-13.564309167037017
-0.2154232978820801,-0.18172709047794341,2.986771756410599,19.404764165258783
-0.14286680817604064,-0.052470070123672496,2.2432524293661116,15.443154015531054
-0.13947520852088927,-0.1764352262020111,2.411635732650757,20.902500364714342
-0.21708340644836427,-0.03908611536026002,1.880361717939377,-90.74608520898144
-0.254894457757473,-0.25566654950380324,3.0270599305629733,18.329918770334608
-0.027798879146575917,-0.1289043366909027,2.0709431767463684,-33.50857074915905
-0.04335349202156069,-0.26936337947845457,1.5594446118921041,-200.0
-0.2751205064356327,-0.09616679549217225,2.728428381681442,-3.4171290699753705
-0.16227233111858366,-0.19862702786922454,2.1660994946956635,18.099107239305734
-0.07999255657196044,-0.035934948921203635,2.9095174431800843,6.929989510115373
-0.10154719948768615,-0.23508543223142625,2.3032471567392347,-200.0
-0.178844153881073,-0.14919238686561584,2.834625691175461,19.228789957390667
-0.2907762536779046,-0.15497522950172424,1.6346995674073697,-1.476635113457771
-0.06340599060058594,-0.060838973522186285,2.5909176111221317,12.391371563601565
-0.006286078691482566,-0.2200869709253311,3.155543601512909,-200.0
-0.23836434334516524,-0.014182019233703602,1.9864535957574845,-200.0
-0.201395121216774,-0.28994443416595456,2.4957621037960056,-25.47832979159395
-0.11939002275466917,-0.07587867379188537,1.7522411555051804,17.262332897364043
-0.12136175036430358,-0.23304731547832488,2.5292097330093384,-39.56773686097904
-0.1988784670829773,-0.13246462941169737,1.7852257922291757,22.528674941033582
-0.2355913907289505,-0.1622686207294464,3.1352987945079804,19.67186814588084
-0.008440947532653786,-0.07227512598037719,1.9668806940317154,5.193989681664917
-0.061475461721420294,-0.21273421347141264,1.681143043935299,-200.0
-0.2933341020718217,-0.0027688980102539285,2.637416881322861,-200.0
-0.18158505856990814,-0.2920055832713842,2.296724477410317,-77.145471941318
-0.09936028718948364,-0.09254706501960755,2.827841079235077,15.7355686216869
-0.08223440051078795,-0.1790409743785858,2.2122347950935364,-24.859702647879935
-0.15947649478912354,-0.055209624767303456,2.956324952840805,13.822028899386169
-0.2726542107760906,-0.24894078075885773,1.553022373840213,-3.4487164318887222
-0.04519246816635131,-0.11686393618583679,2.7215434551239017,10.623084918740616
-0.025589078664779663,-0.2761118933558464,3.060406839847565,-200.0
-0.2577223420143127,-0.10814754366874693,2.104028457403183,0.679686080817163
-0.21950850784778594,-0.19596162736415862,2.3916987597942354,19.079650524642798
-0.1375950336456299,-0.019834184646606468,1.8604808554053307,0.7801094580770105
-0.14476089477539061,-0.1999707341194153,2.8873841881752016,17.866772432978234
-0.21297550499439238,-0.03450120091438291,2.143395408987999,-53.90527679991972
-0.24961463660001754,-0.2695389501750469,2.75054846405983,15.428118584190239
-0.031912654638290405,-0.0958971619606018,1.5821352019906043,1.7564147166204798
-0.04744766950607299,-0.2554037868976593,2.040171870589256,-200.0
-0.2698577061295509,-0.1290776252746582,2.9964441120624543,20.04802806827141
-0.15818145275115966,-0.1749946027994156,1.911171655356884,21.42370518716553
-0.08525864481925963,-0.04043210148811338,2.4422898530960087,8.987722658257459
-0.10563808679580688,-0.2867507703602314,1.721262051165104,-200.0
-0.17357805669307708,-0.07897814512252807,2.4653538048267367,18.4589850698076
-0.2866820778697729,-0.21571773290634155,2.0174711287021636,14.848291204480422
-0.06866878867149354,-0.018461054563522317,3.185990607738495,3.7948023624423755
-0.011565899848937966,-0.15924740731716155,2.568576431274414,-200.0
-0.23425056785345078,-0.05647203326225281,1.612202887237072,-200.0
-0.19610942602157594,-0.2381917655467987,2.8569532930850983,17.868132475917534
-0.12349793314933777,-0.14599642753601075,2.325730550289154,22.3988925990443
-0.1273375868797302,-0.16673444509506224,1.507462044339627,14.877980566723554
-0.19051714539527892,-0.06747012734413146,2.675820863246918,15.601770979961104
-0.2275590509176254,-0.2283799186348915,2.228048583865166,16.490450549604123
-0.014159828424453735,-0.13736103773117064,2.9720802247524265,-23.650268904267122
-0.07420899868011474,-0.2965678277425468,2.3542576968669895,-200.0
-0.2829047966748476,-0.08762791156768798,1.8231888204813003,-200.0
-0.17089886963367462,-0.20826336443424226,3.0678420782089235,20.966144071411613
-0.11242287755012512,-0.007486492395401001,2.111508938670158,4.991074159702887
-0.09028387069702148,-0.24412703365087507,3.097955006361008,-77.77761456122894
-0.15373812317848204,-0.12132107019424437,1.9294916629791259,20.063658513774744
-0.26665895283222196,-0.183946430683136,2.536741840839386,21.256973376328343
-0.053570991754531866,-0.050551217794418346,1.7926089227199555,13.07482030512373
-0.036258137226104714,-0.19105146825313568,2.2510540187358856,-200.0
-0.24467924237251282,-0.02440547347068789,2.7822291374206545,-69.99533321860096
-0.2067943900823593,-0.28082079291343687,1.6968462586402893,-55.001203363466146
-0.14800713658332823,-0.103667950630188,2.6532823979854587,16.701784169218993
-0.1319907009601593,-0.2651276059448719,1.998447373509407,-200.0
-0.22336815297603607,-0.10068345665931702,3.1668045759201053,18.843016322315066
-0.2603374823927879,-0.20461998581886293,1.763612374663353,13.464687223397648
-0.01888672113418577,-0.029659831523895286,2.5076456367969513,7.69686950407845
-0.041435247659683205,-0.17041417658329008,2.8461006700992586,-38.21882858372963
-0.27818244248628615,-0.04540636539459231,2.315026929974556,-200.0
-0.16625037789344788,-0.25992915183305737,2.602600109577179,-18.306608713501934
-0.07957634925842286,-0.12434125542640687,1.6462718337774276,16.87929487092861
-0.09493244290351868,-0.22051357626914977,2.7397931158542637,-45.93708989837279
-0.18658457100391387,-0.014059317111969005,1.5713346298784017,-200.0
-0.29943278124555944,-0.28190012499690054,2.9215047359466553,13.589601716177443
-0.05829327106475829,-0.08361806273460387,2.1773669540882112,18.04204092056908
-0.0034797728061676247,-0.2431566998362541,1.892037731409073,-200.0
-0.23995228707790373,-0.14140672087669373,2.4232144713401795,23.053551832468628
-0.20214133858680725,-0.15452063977718353,2.0824116706848144,20.211071901627747
-0.11515606641769408,-0.061006951332092274,3.038846188783646,10.822550782535574
-0.11701387166976929,-0.27405841201543807,1.899595956504345,-200.0
-0.20376139283180236,-0.11019448041915894,2.4306103944778443,21.604926480837044
-0.2406568095088005,-0.19391359090805055,2.0350292772054672,17.123981323791398
-0.00398259758949282,-0.021888846158981345,2.9916127979755402,5.064487838218727
-0.05639855861663817,-0.1810978978872299,2.7589983999729157,-37.70306540434435
-0.29777639284729956,-0.05316383242607117,1.590273864939809,-200.0
-0.18591695129871366,-0.2509854018688202,2.888985979557037,10.504847508624604
-0.09446595311164854,-0.11480813026428222,2.14510096013546,21.37666267862793
-0.07790021896362304,-0.21537362337112426,2.865091949701309,-57.808649124190325
-0.16437311768531798,-0.00013602375984189674,2.33418048620224,-28.669939646582943
-0.2777334049344063,-0.29463956505060196,2.570281982421875,8.563438305883142
-0.0407478868961334,-0.08990646600723265,1.613804678618908,13.22963868911988
-0.020525944232940685,-0.23040445446968078,2.0057916700839997,-200.0
-0.2621784076094627,-0.13509635925292968,3.174414908885956,21.314719258611582
-0.22385409772396087,-0.15963806211948395,1.71643073707819,20.87018858281241
-0.1327143967151642,-0.07491686940193176,2.4602112114429477,15.089015950119467
-0.14979198575019836,-0.15661599040031432,2.2851617485284805,22.37159587210514
-0.2084874004125595,-0.05911520719528199,2.8161745905876163,9.271615763954095
-0.245310240983963,-0.23554976284503937,1.676013420522213,5.992242742252714
-0.036834490299224865,-0.14862672686576842,2.6325985372066496,-23.626039433171027
-0.051749807596206676,-0.2893833193928003,3.1437617003917695,-200.0
-0.26492903530597683,-0.07633840441703796,1.9750323206186295,-200.0
-0.15314345955848693,-0.21835858225822447,2.5308244943618776,9.050753071560045
-0.0897444248199463,-0.015827322006225608,1.7869443133473397,8.688664180250456
-0.11067379117012024,-0.25744926631450654,2.399850386381149,-200.0
-0.1690945655107498,-0.12702038884162903,1.8689437612891198,20.39763194734105
-0.2823822297155857,-0.17705066800117492,3.062125360965729,22.006528184888808
-0.07359516620635986,-0.038387739658355735,2.105643218755722,9.128803650437623
-0.01587257981300355,-0.19792412817478178,1.5413558851927518,-200.0
-0.2293264478445053,-0.03655500411987306,2.7099807262420654,-29.624605664564296
-0.1910760462284088,-0.26748404279351234,2.2074164509773255,-19.721192811293626
-0.12798832654953002,-0.09794495701789854,2.951195329427719,15.110706047088692
-0.12303144335746766,-0.18899568915367126,2.614370357990265,12.507489421493883
-0.19544180631637573,-0.0264501214027405,1.6577308028936386,-200.0
-0.23259417861700057,-0.2787750273942947,2.8510227739810947,12.04171524795683
-0.009671187400817849,-0.10572490096092224,2.320052793622017,-15.254139670485927
-0.06917161345481873,-0.2461816594004631,1.755356988310814,-200.0
-0.28738660365343094,-0.1192729890346527,2.4992864906787875,0.22304408804395237
-0.1751981109380722,-0.1859933227300644,1.9966250926256182,20.7680280141852
-0.10749589204788207,-0.04849770069122317,3.165293574333191,8.943451256706107
-0.08598234057426452,-0.2992095432244241,2.0740525245666506,-200.0
-0.15866739749908446,-0.08499732613563538,3.0305908024311066,14.983358041614045
-0.2716986291110515,-0.21089506745338438,1.8905267298221589,13.813463588598939
-0.0490868926048279,-0.004843604564666759,2.42139219045639,1.8089443047261744
-0.0312252938747406,-0.16409389078617095,2.9329637050628663,-38.68282692757411
-0.24916559904813765,-0.07010414600372314,2.189137202501297,-39.94341719709824
-0.2110982447862625,-0.22574708014726638,2.7448189795017246,20.21057157156266
-0.14308476448059082,-0.14000049233436584,1.5762567337602378,22.040634431129885
-0.13705558776855467,-0.24052300304174423,3.0796252965927127,-7.633506083027907
-0.2189138442277908,-0.14404760599136351,2.1229808777570724,22.397692138584347
-0.25599242448806764,-0.151880943775177,2.3591927707195284,23.275931002754486
-0.023767894506454446,-0.06363953948020934,1.8282276540994644,14.137506849081197
-0.04576882123947146,-0.2231438487768173,2.2198061674833296,-200.0
-0.2732852093875408,-0.011417287588119496,2.963734048604965,-200.0
-0.16116950511932374,-0.2845432676374912,1.5056527318432926,-200.0
-0.08401924967765809,-0.0809866189956665,2.6743228316307066,15.022372620826165
-0.10001102685928345,-0.17246192693710327,1.6885000824928285,-12.113536827621786
-0.182143959403038,-0.04335141777992246,2.6450399816036225,8.192267178606851
-0.2951014995574951,-0.2619829192757606,2.249555987119675,7.592137310178183
-0.06318821310997008,-0.1222946047782898,2.7804198265075684,15.624441222726077
-0.007827115058898937,-0.2630832754075527,2.5482137799263,-200.0
-0.2350688248872757,-0.10273954868316651,1.8043921411037445,5.570084898255573
-0.19707416296005248,-0.2025627762079239,3.102993839979172,21.31486818134386
-0.1196126639842987,-0.03170533776283263,1.9344267368316652,12.296286234432705
-0.1177691102027893,-0.18447943925857543,3.1895153999328616,16.277637904235362
-0.19953588545322418,-0.05006344914436339,2.020587366819382,-13.493464172740135
-0.23786008805036543,-0.24584567248821257,2.475104182958603,16.389952462255604
-0.005580693483352661,-0.11966596841812133,1.731433953344822,-200.0
-0.06506381034851075,-0.2791703067719936,2.348762178421021,-200.0
-0.292671824991703,-0.10538206100463868,2.8804064452648164,-3.296579540740126
-0.17931150197982787,-0.1905591398477554,1.6290089420974254,17.818585024479745
-0.10221624970436097,-0.024943095445632946,2.584973919391632,8.408421396133381
-0.08186895847320555,-0.22907312214374542,1.605173321440816,-200.0
-0.16394703090190887,-0.1367313265800476,2.773995131254196,18.8679728152804
-0.2758064366877079,-0.16858581304550171,2.160207936167717,22.35135664953242
-0.043801671266555764,-0.0656639277935028,2.903775191307068,13.137972687732706
-0.025959384441375744,-0.20645256936550138,2.4458211302757267,-200.0
-0.25325609296560286,-0.009342402219772339,1.9142814084887505,-200.0
-0.21636056900024414,-0.2959426556713879,3.0062009751796723,-1.1704986041412653
-0.13899069428443908,-0.0883164882659912,2.0503372877836226,18.03991426424865
-0.14117236733436583,-0.28252069316804407,2.6985053420066833,-200.0
-0.2136375904083252,-0.08291571736335754,1.5295757066458464,-5.368158211380145
-0.2518880993127823,-0.22229230999946592,2.9395124256610874,18.57612962177746
-0.029056584835052468,-0.012180483341217019,2.19584379196167,3.019569819571249
-0.051040488481521595,-0.15263728201389312,1.8569495782256127,-52.75306146924369
-0.26920047774910927,-0.06279029846191406,2.388589006662369,-81.6799260779101
-0.15591284930706023,-0.24245896339416503,2.094271594285965,-30.503816983254072
-0.08811900615692139,-0.1420227348804474,3.0502414226531984,18.046907803091084
-0.10526767373085022,-0.20508028864860534,1.963355901837349,-52.502082497194195
-0.17804421186447145,-0.02909935712814332,3.1321825563907626,6.962803438624412
-0.2898298233747482,-0.26677354127168657,1.775475414097309,-4.117573876891296
-0.06727294921874999,-0.09895564913749694,2.51903783082962,18.407692706328923
-0.011931449174880981,-0.2582058906555176,2.8048094511032104,-200.0
-0.22978012561798095,-0.1259825885295868,2.2732713252305983,22.862861101680988
-0.19295739233493803,-0.1698490709066391,2.6206108391284944,20.102932361860418
-0.12488890886306761,-0.04587121009826661,1.6647455431520939,15.975226997062894
-0.1304889142513275,-0.25073723047971724,2.1742511212825777,-200.0
-0.1891294687986374,-0.11500287652015687,2.9179803490638734,18.298687712822566
-0.2271967872977257,-0.17967930436134338,1.5611631266772747,16.143745104248996
-0.01862955093383789,-0.054524981975555414,2.7300431430339813,11.820225033996856
-0.07106253504753113,-0.1952816158533096,3.015393441915512,-25.91317745926717
-0.2842967681586742,-0.020467972755432107,2.0593804478645326,-200.0
-0.17126542925834656,-0.27424628734588624,2.406817388534546,-44.95859240843549
-0.10795801877975464,-0.109948593378067,1.8752320945262908,21.368244420691013
-0.09255174994468687,-0.16393226981163025,2.4841993749141693,9.12549235861903
-0.1508810430765152,-0.07056509256362914,1.7405746668577193,19.961295694816858
-0.26306942850351334,-0.23352537900209425,3.1504139780998233,18.41720084518332
-0.054227507114410406,-0.13192185759544373,1.9816352516412736,-4.5709849715035915
-0.033985966444015525,-0.2914582025259733,1.6431624732911587,-200.0
-0.24753145426511763,-0.09302968382835389,2.5990692377090454,9.012406732908872
-0.21037904620170594,-0.21102870404720306,2.304861918091774,19.222322434642496
-0.14734632968902586,-0.004427933692932151,2.836344212293625,1.0105406077394044
-0.13513705730438233,-0.2174552321434021,1.8160551846027375,-32.572371410666435
-0.22197605967521666,-0.016824871301651,2.55977954864502,-68.26902547673785
-0.25997075736522673,-0.2873026818037033,1.945882260799408,-6.02595761118156
-0.023351401090621948,-0.0785092234611511,3.1147671282291416,12.537470663450197
-0.038284027576446555,-0.23771830648183823,2.6563917458057404,-200.0
-0.27957023978233336,-0.1465529680252075,1.7003771305084228,4.1567249697394
-0.16661280691623687,-0.1576158195734024,2.792394149303436,20.583120149109106
-0.07510680556297303,-0.05820499062538148,2.2608104765415193,12.295016620990317
-0.09720443487167357,-0.2714091807603836,2.97519605755806,-200.0
-0.1837321937084198,-0.09410988092422484,2.2315729707479477,20.959348793831865
-0.2958480052649975,-0.20068284273147582,2.6859923601150513,21.220390849753404
-0.05895397067070007,-0.033890336751937866,1.5172120203264057,9.448178611802883
-0.0012120723724365345,-0.17438829839229583,2.134961685538292,-200.0
-0.2428095281124115,-0.04113959670066836,3.0908733010292053,-17.950165804940596
-0.20573098361492156,-0.25361189246177673,1.839585903286934,-5.428955886018809
-0.11449965834617615,-0.13095238208770751,2.3710633337497713,21.693771117002562
-0.11441084146499633,-0.2172613263130188,3.126782286167145,-3.732260310176123
-0.20578831136226655,-0.01722030043601991,1.9579523384571076,-200.0
-0.2427576497197151,-0.28799109533429146,2.5111503660678864,4.673294232276954
-0.0013068616390228271,-0.07743641138076782,1.7675782218575478,-8.71583595452349
-0.059010529518127436,-0.23694300055503845,2.278688061237335,-200.0
-0.29575769836083055,-0.1475297212600708,2.8102228939533234,18.742176007093722
-0.18382562398910524,-0.1577136844396591,1.6726555153727531,19.474094871991777
-0.09715163111686706,-0.057722657918930054,2.628511071205139,11.053980921049993
-0.07501344680786132,-0.2712185852229595,1.534988959506154,-200.0
-0.1666655570268631,-0.0945017695426941,2.70392182469368,17.306223264993598
-0.2795137546956539,-0.20136770009994506,2.203744277358055,18.910547800815895
-0.03837427496910095,-0.03282085061073303,2.947422587871552,6.739670452453549
-0.0234033465385437,-0.1736072212457657,2.3831852912902836,-200.0
-0.25987588316202165,-0.04212203621864319,1.8515491053462028,-200.0
-0.2220649480819702,-0.2537154257297516,3.0423444330692293,18.640891424925886
-0.13507964015007018,-0.1304642915725708,2.086384281516075,21.46597383348362
-0.147262305021286,-0.24974108040332793,2.7677809953689576,-18.76385568720072
-0.2104418992996216,-0.11576108336448668,1.598949445411563,22.75957494645389
-0.24748378694057463,-0.1801445424556732,2.896727532148361,19.90892328711089
-0.03408454656600951,-0.05440775156021119,2.1531569838523863,13.666204267435086
-0.054288858175277704,-0.19486678540706634,1.9204925045371057,-200.0
-0.26298462375998494,-0.020644783973693848,2.452022498846054,-200.0
-0.15097871124744414,-0.2753020092844963,2.057375067472458,-200.0
-0.09250273704528808,-0.10924081206321715,3.0132354617118837,17.900484411310252
-0.10786029696464539,-0.16293259263038634,2.0267885833978654,13.096411416516656
-0.1713145136833191,-0.07132662534713746,3.1957262933254245,14.71913928454353
-0.28423536010086536,-0.23399395644664764,1.7384686425328255,5.113778827595021
-0.07114741802215577,-0.13180108666419982,2.4821421146392826,14.547633175958868
-0.018677133321762074,-0.29104907177388667,2.874182379245758,-200.0
-0.22709827423095702,-0.09320073723793029,2.3425477892160416,14.452201222111324
-0.1892134040594101,-0.2120786815881729,2.577923220396042,20.6034264847102
-0.1304261326789856,-0.0037258386611938588,1.621961472928524,-19.132467064975337
-0.12484071850776671,-0.28359005972743034,2.237793642282486,-200.0
-0.19305534660816193,-0.08223068118095397,2.9814134359359743,17.338981901943736
-0.2296944871544838,-0.22190024256706237,1.524266202468425,7.6062160089131154
-0.011992478370666526,-0.01237095594406129,2.6930367767810823,2.7512328059743325
-0.06737242341041566,-0.15312524735927582,3.084668689966202,8.15590810377687
-0.2897824354469776,-0.06268658638000488,2.1287537813186646,-200.0
-0.17810617089271547,-0.24147634953260422,2.3640320897102356,3.2136300828823607
-0.1051833987236023,-0.1428036868572235,1.832544881105423,20.1054523553337
-0.08805711865425109,-0.20615327954292295,2.5535718977451323,-43.26664875993629
-0.15599707067012786,-0.028411066532134988,1.809850725531578,-5.225053253668026
-0.26910108178853986,-0.26637823060154914,3.107725954055786,17.539003934677464
-0.05108782052993774,-0.09914973378181458,1.9388507634401322,15.728903508877526
-0.029142290353775024,-0.25868839770555496,1.7065947622060775,-200.0
-0.25182698518037794,-0.1258848488330841,2.662612569332123,21.130933677936955
-0.21368585228919984,-0.16887244284152983,2.267854741215706,19.698999888521534
-0.1410743236541748,-0.04664669036865232,2.799448090791702,12.627310399347303
-0.13893699645996094,-0.18460010290145873,1.7459814727306366,11.864171097398078
-0.2164537489414215,-0.049594706296920754,2.489596402645111,-10.57933240923364
-0.25316665470600125,-0.24508397430181503,1.9895292520523071,9.40198896036056
-0.026016193628311146,-0.12066553831100463,3.158304685354233,3.286275274751528
-0.04389563798904417,-0.2798722922801971,2.5936590373516086,-200.0
-0.27575424313545227,-0.10433192253112791,1.6377425074577332,-86.20325842257482
-0.1640052169561386,-0.1903879255056381,2.8284407377243044,21.896567588838987
-0.08178046345710754,-0.025352114439010642,2.2969551503658296,7.469018641144856
-0.10215801000595093,-0.22919051796197892,2.9125606238842012,-38.566577426659904
-0.17940006852149964,-0.13626619577407836,2.1688410729169845,20.01682725453252
-0.29257779903709885,-0.16782771348953246,2.722136223316193,22.568222455629552
-0.06511607766151428,-0.06666024327278136,1.5532594114542007,17.230911382569655
-0.005670046806335427,-0.20716051161289215,2.0647777289152147,-200.0
-0.23780334591865537,-0.008286792039871205,3.0208003997802737,-64.85377717443019
-0.19958949387073516,-0.2957659545354545,1.8831226497888567,-94.10442766891013
-0.11767600178718565,-0.08873147964477537,2.414711135625839,15.847859347901176
-0.11955159902572632,-0.241212460398674,1.8635238334536552,-200.0
-0.19715983271598814,-0.14297350645065307,2.3944401860237123,20.09968566569506
-0.23497087508440018,-0.15168575048446656,2.0977364510297773,22.94617367946146
-0.007875269651412942,-0.0640360414981842,3.0542218863964083,10.70424228204942
-0.06327252388000487,-0.22324282228946685,2.7153777539730073,-200.0
-0.29503950811922547,-0.010933738946914684,1.546762653067708,-200.0
-0.18219134509563445,-0.2837667569518089,2.959086036682129,-16.651640985565813
-0.09991158843040465,-0.08196451663970947,2.2153104513883592,15.973607886738833
-0.08397195339202881,-0.17314578294754027,2.8215815484523774,2.3894854447883276
-0.16126887202262877,-0.04228314757347107,2.2905590295791627,10.778886591360974
-0.27320098131895065,-0.2617935687303543,2.6404922842979435,14.356268373750064
-0.04583074450492858,-0.1226854920387268,1.6839039377868175,-11.850236787220787
-0.023865902423858665,-0.2631857290863991,1.9696222722530365,-200.0
-0.25594419389963147,-0.10225260257720947,3.1383419752120973,16.285385222520162
-0.21897496283054352,-0.2017828792333603,1.7790406361222266,15.07655492802211
-0.13696984648704527,-0.03268670439720156,2.522917574644089,11.27774285119681
-0.14302791953086852,-0.18945971131324768,2.3279725819826127,17.473451662346864
-0.21118768751621247,-0.02633389234542849,2.858887338638306,-16.636751144909248
-0.2490724503993988,-0.277779907733202,1.606763694435358,-15.197997937879203
-0.031278955936431874,-0.10648189187049864,2.5632507383823393,6.999015944364032
-0.04917542338371278,-0.24723622798919676,3.1806322872638706,-200.0
-0.2716404408216476,-0.11856628060340882,2.012012341618538,-5.642481803355086
-0.1587195575237274,-0.18557960093021392,2.4672556281089784,21.638563071533888
-0.08588840961456298,-0.048673367500305154,1.723484881222248,12.560519694992148
-0.1074436604976654,-0.29967938074842093,2.436831218004227,-200.0
-0.17529213130474092,-0.08487548232078551,1.9058135375380516,21.138010995657716
-0.28729800805449485,-0.20989431738853453,2.9986667394638062,19.588365636692274
-0.06922988891601561,-0.005606424808502208,2.042073541879654,4.512021117515594
-0.009764260053634621,-0.16514504849910736,1.5840694438666105,-200.0
-0.23254057466983796,-0.06940090656280518,2.7527907490730286,3.9543206640588764
-0.1954985797405243,-0.22533681392669677,2.1380694627761843,15.282819653850064
-0.12294205427169799,-0.14017276167869566,2.8819448053836823,20.697041542449526
-0.12789350152015685,-0.15622528195381163,2.65124135017395,21.88312616974044
-0.1911279559135437,-0.05930467844009399,1.6947112165391445,-5.174860800971771
-0.2292691245675087,-0.23661815375089645,2.7874543130397798,19.307216974966686
-0.015961360931396495,-0.14794304966926575,2.2565937668085096,-200.0
-0.07364800572395325,-0.2884021282196045,1.7981682270765305,-200.0
-0.28228876926004887,-0.07711842656135559,2.5419996440410615,-51.97565551238069
-0.16918486654758452,-0.21884564459323883,1.9273757845163346,6.151792521554569
-0.11061726808547973,-0.015725040435791038,3.0959461808204654,6.618713005463409
-0.08965421319007874,-0.257052643597126,2.1167664885520936,-200.0
-0.1531999111175537,-0.12721540331840514,3.0734012305736544,17.388985893666455
-0.26487628296017646,-0.17812458872795106,1.8211801469326019,20.58954254293974
-0.05184320211410523,-0.037698161602020275,2.352142071723938,8.36176891170924
-0.036891871690750144,-0.19694610536098478,2.969944941997528,-200.0
-0.24522138833999632,-0.037331342697143555,2.2260073840618135,-200.0
-0.208582279086113,-0.26796741485595704,2.6813607633113863,7.037039034106403
-0.14974000453948974,-0.097845858335495,1.5126874590292574,21.23409985654312
-0.1326157808303833,-0.27329575940966605,3.0360042452812195,-61.75941535734148
-0.2239017695188522,-0.11119533777236937,2.0794692605733873,20.70320910268107
-0.2621155858039856,-0.194035542011261,2.4292924225330355,19.527838738717694
-0.020609951019287087,-0.021419173479080178,1.8984367400407791,6.466271709261459
-0.04079693555831909,-0.18092578947544097,2.183733639121056,-200.0
-0.2776357300579548,-0.05357421040534974,2.9275634348392487,-52.0018681568788
-0.16445789337158204,-0.2516887530684471,1.5683595035225153,-79.52165459845045
-0.07783890366554261,-0.11375713348388672,2.7369315147399904,18.899834374148814
-0.09438110589981077,-0.21461652517318724,1.6523302793502808,-200.0
-0.18597835600376128,-0.0011309802532196156,2.6089666426181797,-36.18605636307145
-0.29772727573290464,-0.29475562646985054,2.3121654808521273,2.8808453076209495
-0.056496316194534296,-0.08944233655929565,2.8431257843971256,16.346149826777836
-0.004045343399047829,-0.23022867590188978,2.5047029733657835,-200.0
-0.24057287871837615,-0.13550992012023924,1.7607702791690827,21.516349387909838
-0.20385993719100953,-0.16034460961818695,3.1732037365436554,18.670253287815896
-0.11696625351905823,-0.07386218905448913,2.0045255780220033,15.885329644145974
-0.11521688103675842,-0.26581717282533646,2.459104001522064,-200.0
-0.20205591917037963,-0.09960946440696716,1.715021975338459,20.57368189562476
-0.24005059897899628,-0.20442489981651307,3.1789137661457065,19.109889911667402
-0.003431224822998069,-0.030056440830230735,2.010397580265999,8.588398877232025
-0.05820878148078917,-0.1705131858587265,1.618430183082819,-200.0
-0.2994949584826827,-0.04492285251617434,2.5748134672641756,-200.0
-0.1865375429391861,-0.25915267467498776,2.3327909260988235,-8.475676050303857
-0.09503155946731567,-0.1253191888332367,2.864016962051392,19.74324098405598
-0.0796234667301178,-0.22119732499122619,2.14963219165802,-200.0
-0.16615118980407714,-0.012990939617156971,2.8936112940311434,0.21991186383509742
-0.2782670147716999,-0.2817106660455465,1.589199060946703,-14.689301721705657
-0.041373002529144276,-0.0840088427066803,2.75760909318924,15.244000782986351
-0.018788462877273537,-0.24325911998748778,2.990203833580017,-200.0
-0.26038595438003537,-0.14091973900794982,2.0339219152927397,19.75055893992501
-0.22330739200115202,-0.15374070703983306,2.4352164566516876,21.12578007323928
-0.13207604885101318,-0.061988282203674305,1.9040950164198875,17.25154301606702
-0.14806416034698486,-0.16719857454299927,2.950947380065918,21.713270265964283
-0.20670473277568818,-0.06735400557518006,2.206860515475273,5.578590151867299
-0.24477206021547315,-0.22738490402698516,2.7136722028255464,18.28502344137683
-0.03620479702949525,-0.13811813592910765,1.545160861685872,-83.8169500967464
-0.05348271131515503,-0.29762243377044795,2.1094159096479417,-200.0
-0.26671692207455633,-0.08692123889923095,3.0657975852489474,4.366177704701752
-0.1536855697631836,-0.20784967839717866,1.8683551475405693,4.358882341967094
-0.09037819504737854,-0.007662194967269886,2.3995827794075013,5.838260526170734
-0.11247535943984985,-0.24459676444530487,1.7906163349747657,-200.0
-0.17080463469028473,-0.12119911909103392,2.534597033262253,18.722380021404295
-0.28299301117658615,-0.18294557332992553,1.9747648656368257,20.67245932556597
-0.07415111660957335,-0.05131393074989318,3.1431732892990114,8.752021871122317
-0.014066934585571289,-0.1921025902032852,2.632042348384857,-200.0
-0.22761244922876356,-0.023702198266983054,1.6757652685046196,-200.0
-0.19046005010604858,-0.2804104886949062,2.8199797570705414,-10.794823334485002
-0.12742729783058165,-0.10384018421173094,2.288853478431702,17.949396867358487
-0.12359250783920286,-0.19957984685897828,1.5767056796699763,-29.56772600925441
-0.1960577666759491,-0.03469049334526064,2.745173931121826,-1.8127777233446487
-0.23430825769901276,-0.27060716450214384,2.1852316707372665,4.353574640165712
-0.011476725339889526,-0.09521330595016478,2.9293727457523344,5.0640516523893915
-0.06861577033996583,-0.2544223487377167,2.417820483446121,-200.0
-0.28677572831511494,-0.12985739707946778,1.88665352165699,-16.43431493222146
-0.173488113284111,-0.1754814237356186,3.0309654116630558,21.148168597747663
-0.1056942880153656,-0.0403295695781708,2.074534186720848,12.227676961922384
-0.08534867763519285,-0.286354324221611,3.1614205181598667,-200.0
-0.1581251800060272,-0.07917333841323851,1.9930536389350892,19.91630192804293
-0.26991080939769746,-0.216791832447052,2.4997678995132446,17.09777333422282
-0.04735395312309265,-0.017771655321121238,1.7557314455509185,5.03240376042576
-0.03185502290725706,-0.15826963484287263,2.320407897233963,-75.77388465001613
-0.24970373511314392,-0.05724862217903137,2.851471960544586,-16.955859271510693
-0.21288098394870758,-0.2386753901839256,1.6541396029293538,4.085314355793765
-0.14481248259544371,-0.14589757919311522,2.6104646742343904,21.188069816375027
-0.1376938283443451,-0.23228448182344436,1.9357349306344986,-52.207232397975915
-0.2194606214761734,-0.1334653079509735,3.1042015671730043,19.530541620113002
-0.2577848330140114,-0.16239039301872252,1.7996792286634444,21.984935422322852
-0.025505411624908436,-0.07180527448654175,2.543821924924851,13.514755569983
-0.045143669843673684,-0.21256185472011566,2.7759953439235687,-200.0
-0.2727516576647758,-0.003179025650024425,2.2448235183954237,-200.0
-0.15939132571220396,-0.2927086841315031,2.646215486526489,-95.21330561752355
-0.08229610919952393,-0.09149581789970399,1.6897891126573086,20.663284998680755
-0.09944538474082945,-0.1782840549945831,2.6695905148983003,6.648944378618033
-0.18152343928813935,-0.05620476007461547,1.5012284914962948,-5.458701171121955
-0.2933828316628933,-0.2490570232272148,2.9650228381156922,16.23200703000998
-0.06137809753417969,-0.11639998555183409,2.2209815204143526,14.991899286114517
-0.008378380537033103,-0.2759363651275635,1.829435533285141,-200.0
-0.23567511588335038,-0.10856135487556456,2.360501217842102,18.496256677580106
-0.19877960085868834,-0.19666842520236968,2.1185887694358825,19.585385976871947
-0.12140969038009644,-0.018779754638671875,3.0749122321605684,7.669764046251407
-0.11947916150093077,-0.1762412130832672,2.045604819059372,11.190198182466379
-0.20133743584156036,-0.03948143720626829,3.0017764925956727,3.731847759865264
-0.23841603398323058,-0.25635485351085663,1.9155704006552696,5.592439334100713
-0.006191468238830544,-0.1278314173221588,2.4469966351985932,-47.604724221241334
-0.0633498251438141,-0.26858804002404213,2.9049829185009006,-200.0
-0.29086619094014166,-0.09714351296424864,2.1615161299705505,-71.05504704592899
-0.1787504732608795,-0.19872485697269437,2.769603276252747,21.675034074976907
-0.10160025358200073,-0.03545258045196531,1.600460446998477,13.409768296605879
-0.08008630871772765,-0.23489494621753693,2.5862823665142063,-200.0
-0.1622192233800888,-0.14958438277244568,1.630216859281063,20.843988617131764
-0.2751767456531525,-0.15566019415855406,2.875693380832672,22.630079553054472
-0.04326349496841431,-0.059769594669342035,2.3443700700998304,13.905937755252946
-0.027747255563735973,-0.21930593848228452,1.7270096734166145,-200.0
-0.25498898327350616,-0.015164494514465332,2.4703718662261966,-200.0
-0.21699433922767639,-0.29004800654947754,2.0217627197504044,-34.74336216223284
-0.13953280448913574,-0.0753906190395355,3.1908041894435883,12.658524282078968
-0.142950439453125,-0.2931051269173622,1.660872296988964,-200.0
-0.21536083817481994,-0.09115637540817259,2.617039132118225,18.456726336442905
-0.25251320153474804,-0.2141241431236267,2.273752987384796,16.15398717486578
-0.029590183496475242,-0.0016686022281646729,2.8051840603351597,-0.22463124912465693
-0.04924803972244263,-0.16087767183780669,2.5193927824497226,-29.248894334172824
-0.2674630030989647,-0.0733744204044342,1.7759243980050088,-200.0
-0.15527451932430267,-0.23194733262062073,3.1285915970802307,10.598430136101808
-0.08757231831550596,-0.13385488986968994,1.9594503700733186,17.80981889227362
-0.10356220006942748,-0.19222480058670044,3.0506906092166903,5.696260151970467
-0.17624722123146058,-0.023275083303451516,2.094626697897911,-21.369721867973453
-0.28927846625447273,-0.2726706013083458,2.3846833229064943,8.74481270573086
-0.06666675209999084,-0.11188398599624633,1.8533584162592889,17.30017759094876
-0.013650012016296398,-0.2523819386959076,2.192272338271141,-200.0
-0.23159034401178358,-0.11312735080718994,2.9356393694877623,20.5453695607435
-0.1935229808092117,-0.18277710378170015,1.5299501227214933,16.85198537408528
-0.1255094826221466,-0.051768010854721075,2.698986750841141,12.183642547578202
-0.1298683762550354,-0.2613200917840004,2.8400164365768434,-57.89417990777336
-0.18856380879878998,-0.12324196100234985,2.3086346089839935,20.69366005336293
-0.2253866672515869,-0.17151414155960082,2.598801630735397,19.79404660374269
-0.01691088080406189,-0.04401610493659974,1.6425738215446473,12.981973528963197
-0.07166883945465088,-0.20352043211460114,1.9810793161392213,-200.0
-0.28484804928302765,-0.03105052113533019,3.150166028738022,-93.21614942669626
-0.17306245565414427,-0.26373766288161277,1.7443796813488006,-76.46982443047207
-0.1096634566783905,-0.10178375244140625,2.4878908514976503,17.828812645187853
-0.09309854507446289,-0.1510794997215271,1.8749839931726457,10.105092611896449
-0.15151930153369902,-0.06474353671073912,2.4062611997127537,16.4769194682351
-0.26480695232748985,-0.2394205793738365,2.0630721777677534,10.301613743771352
-0.056019920110702504,-0.1448483347892761,3.0191986083984377,5.7014998900105915
-0.03345240354537965,-0.2856369651854038,2.733815681934357,-200.0
-0.24690628945827484,-0.0801771640777588,1.5648351166397334,-88.43365769878567
-0.2086559057235718,-0.22395487725734708,2.9173919379711153,20.74091697432578
-0.14556816816329957,-0.010322874784469582,2.1739836663007734,-5.845730196910684
-0.13459483981132506,-0.2092142879962921,2.375594818592072,0.921626374815304
-0.22134239673614503,-0.0062401413917541615,1.844211369752884,-200.0
-0.25823780447244643,-0.297813721653074,3.089798313379288,13.086104241516436
-0.021563565731048562,-0.08667653203010559,2.1335721254348754,7.38297221578382
-0.03882216811180117,-0.22713331729173658,1.5158032950013876,-200.0
-0.28019997105002403,-0.13831170201301574,2.684885150194168,18.96852038483048
-0.1683405429124832,-0.16578339636325837,2.236178880929947,21.615487862342455
-0.07688956260681151,-0.06871633529663085,2.9796949148178102,12.167289671440283
-0.09782039523124694,-0.27723257839679716,2.259703114628792,-200.0
-0.18429325819015502,-0.10696451067924498,2.790985184907913,18.504606649113107
-0.2976535549387336,-0.1877542197704315,1.7048762410879135,15.01444676078979
-0.060668063163757335,-0.027992999553680398,2.6609978079795837,5.707490358009489
-0.0006011903285980114,-0.18724323213100433,3.1193924427032473,-200.0
-0.24225368052721022,-0.04696326255798339,1.9504134923219683,-200.0
-0.20392937064170835,-0.24771423786878585,2.5583902418613436,13.740939361061116
-0.11278964281082152,-0.11802350878715515,1.814980348944664,22.244934087481738
-0.1132377505302429,-0.248415832221508,2.304385170340538,-200.0
-0.20461756289005278,-0.11740674376487731,2.8359777092933656,19.84756800960059
-0.24158678054809568,-0.18676150739192962,1.6435155883431434,15.901816546790945
-0.00013380646705629662,-0.04750692844390869,2.599532610177994,9.744843901883055
-0.06018354892730712,-0.1883001744747162,3.150871068239212,-24.358250516341347
-0.29692852310836315,-0.027513563632965088,1.9819950670003892,-200.0
-0.18499642610549927,-0.27661352455615995,2.4838261842727665,-25.697516234534728
-0.09832475781440733,-0.1076638162136078,1.740104226768017,21.956542536388376
-0.07618403434753418,-0.1663269191980362,2.4071770012378693,-7.80460601955803
-0.16783852279186248,-0.06823446750640869,1.8756890073418617,18.066855053664476
-0.28068670034408566,-0.2265164092183113,3.014923179149628,17.977769150767347
-0.0395449697971344,-0.13901315331459044,2.0590074598789214,-32.18785888656175
-0.022232687473297097,-0.29851288413628935,1.5607964146882296,-200.0
-0.2587029844522476,-0.08605733513832092,2.729566192626953,0.0172938791656172
-0.2208919286727905,-0.2087347090244293,2.1747146964073183,17.760783369094142
-0.13390901684761047,-0.00678595304489138,2.9183336794376373,5.104981961261473
-0.1460893929004669,-0.22442758977413177,1.8399525836110115,-27.236297001290755
-0.20927116870880125,-0.009770196676254284,2.3715402841567994,-84.64967648037549
-0.24631317704916,-0.28494466915726663,2.1344981104135514,-2.200921418119534
-0.032911598682403564,-0.08080322742462157,3.0905199706554414,13.718354742917438
-0.05546184182167052,-0.24004893153905868,2.685632747411728,-200.0
-0.26415527835488317,-0.14415832757949829,1.516755140759051,10.0536190640515
-0.15214938819408416,-0.1505245327949524,2.975666320323944,20.27952104890953
-0.09367561340332031,-0.06521396040916444,2.231945958733559,13.320974537542048
-0.10903113484382629,-0.2643635831773281,2.7919370591640473,-200.0
-0.1724876046180725,-0.10109131336212157,2.2604506611824036,20.08191260604224
-0.28540847450494766,-0.20296761095523835,2.6567649364471437,20.181283684068802
-0.07231814861297609,-0.03152309060096742,1.7008476085960864,9.319331972109214
-0.017506366968154885,-0.17198442220687865,1.946359008550644,-200.0
-0.22592511624097822,-0.043460994958877563,3.115133631229401,-3.1206828881333237
-0.18804036676883695,-0.2606299415230751,1.8157020315527916,-34.14968616523219
-0.12925533056259156,-0.12387017011642457,2.559316176176071,19.646767852446455
-0.12601134181022644,-0.18208466470241547,3.005827784538269,18.4726925354337
-0.1942283123731613,-0.05239393115043639,2.0498668223619463,-3.874477158218779
-0.23086740374565123,-0.2528545081615448,2.4462782204151154,14.900935781988196
-0.013163208961486816,-0.11257452964782713,1.9146411985158922,-38.21871872521473
-0.06620172858238221,-0.2721154913306236,2.1605610638856887,-200.0
-0.28860954456031324,-0.11235426664352416,2.9042385637760164,5.750588805570246
-0.17693318724632262,-0.19285300970077512,1.604696586355567,17.043693622835786
-0.1040127396583557,-0.022584933042526234,2.773628628253937,7.713125322013418
-0.08688399195671082,-0.23139465451240537,1.629472517222166,-200.0
-0.15482632219791412,-0.1343276023864746,2.5853272497653963,19.47747404404731
-0.2679302394390106,-0.16150373518466948,2.348395472764969,23.113508464403143
-0.04991472959518434,-0.07268212437629701,2.8799294948577883,14.224762994355538
-0.030315345525741555,-0.21343413591384885,2.4746339201927188,-200.0
-0.2529978007078171,-0.002296954393386841,1.731060940027237,-200.0
-0.214856618642807,-0.2935755506157875,3.189875012636185,3.6111045002014084
-0.14224748611450194,-0.0906014084815979,2.0210442543029785,18.48211752183305
-0.1401078701019287,-0.2895661387592554,2.6210811018943785,-200.0
-0.21762680411338806,-0.07593414187431335,1.6651185311377048,-15.545857808512995
-0.2543397590517998,-0.22000738978385925,2.8044498383998873,18.18555565816952
-0.027186959981918335,-0.014547586441040039,2.2728144377470016,3.6255023709438516
-0.042724835872650135,-0.1550409972667694,1.7750118643045425,-200.0
-0.27458111196756363,-0.06046875715255737,2.5186845004558567,-82.37871044657558
-0.1628321886062622,-0.23544075787067414,1.9637226074934007,-16.92074461723479
-0.08060962557792664,-0.14910480380058289,3.1326595067977907,15.062778253491008
-0.10098506212234495,-0.19810809195041656,2.093918466567993,-35.342615563136825
-0.1782293736934662,-0.03615417480468752,3.04977805018425,9.00331854249805
-0.29140719808638094,-0.26913170590996743,1.8574263513088227,-2.5095513060252976
-0.06394309401512147,-0.09666178822517393,2.3889555096626283,18.467471399157894
-0.0068430662155151145,-0.25587541759014126,2.9398856163024902,-200.0
-0.23897397369146345,-0.12837737202644348,2.1963142573833467,22.36623004027036
-0.20076017081737518,-0.17694051861763,2.698048251867294,20.00356590794085
-0.11884891390800476,-0.03886238336563108,1.5292158786207437,14.781016632223885
-0.12072240114212035,-0.19604922831058502,2.74446564912796,8.853299980271387
-0.19833295941352844,-0.019478917121887207,1.5757931396365166,-200.0
-0.23614390790462492,-0.2764821767807007,2.9334406554698944,14.399391368620742
-0.009046107530593872,-0.10808177590370177,2.1895039081573486,-23.845333312521593
-0.0621016502380371,-0.24857515543699263,1.8908997431397438,-200.0
-0.29386644847691057,-0.11694350838661194,2.421862453222275,-12.078746714431485
-0.1810182362794876,-0.17898550629615784,2.0735956370830535,20.90623886386666
-0.09874082207679749,-0.05558785200119018,3.0302311897277834,9.683476074134987
-0.08279893398284913,-0.2922292482107878,1.9970955580472947,-200.0
-0.16009824872016906,-0.09204177260398863,3.165666764974594,14.779480728761104
-0.272030308842659,-0.21326116025447844,1.7549971982836723,11.547657420246699
-0.044657832384109475,-0.002559971809387218,2.4988294005393983,1.06876125032779
-0.02503885030746461,-0.1617736279964447,2.850559401512146,-50.04234818072116
-0.2571148931980133,-0.07250686883926391,2.319699665904045,-37.43983659096433
-0.2201455682516098,-0.23282814770936966,2.6147368609905244,19.04462191378553
-0.13814283013343812,-0.1329835832118988,1.6582075253129005,21.96268705747525
-0.14419861435890197,-0.23812028020620346,3.10345721244812,0.27115523113173623
-0.2123605817556381,-0.14636785984039305,1.934779864549637,21.90670262046213
-0.25024543851613995,-0.1588978439569473,2.5478472769260407,22.49892122157777
-0.03244961500167848,-0.05655847191810609,1.8039153680205344,15.144462454083994
-0.048004800081253074,-0.21609939336776735,2.249085521697998,-200.0
-0.2704674795269966,-0.018397575616836526,2.7800466358661655,-200.0
-0.15754664540290833,-0.28682689368724823,1.688859923183918,-200.0
-0.08471767902374266,-0.07862051725387573,2.6454970717430113,14.642884421414847
-0.10627060532569885,-0.17479141652584076,1.505279761273414,-13.822036221582529
-0.17412131130695344,-0.04095792174339297,2.6738525688648225,9.549451021618664
-0.2861272361129522,-0.25489277243614195,2.2202630549669267,8.856716071149872
-0.06805672645568847,-0.12930243015289306,2.9640936613082887,15.772297024690605
-0.010937386751174949,-0.27005448639392854,2.3595461010932923,-200.0
-0.23371132314205167,-0.09568601846694946,1.828691203892231,-0.004574912015623767
-0.1966694176197052,-0.20020591020584105,3.0791483461856846,21.267989035782303
-0.12411514520645142,-0.03399819731712339,2.122614172101021,12.40384787283418
-0.12672051787376404,-0.28103884086012837,1.715973824262619,-200.0
-0.1899572968482971,-0.10315017700195311,2.459851598739624,20.548424440838136
-0.2280984431505203,-0.1915476232767105,2.0061646580696104,17.242799949165594
-0.014788484573364236,-0.024172621965408314,3.1748851716518405,4.9879199566170325
-0.07482091784477235,-0.18341828584671022,2.5707589328289036,-24.86731241273077
-0.2834594964981079,-0.050761252641677856,1.6141714096069335,-200.0
-0.1703554719686508,-0.24390446841716765,2.8647386193275453,7.105081234172083
-0.1117902159690857,-0.12182518243789672,2.3337169110774996,21.082742160285367
-0.0908249795436859,-0.2083199590444565,2.889352482557297,-24.527586646895813
-0.15437307357788085,-0.007107084989547707,2.1455777078866958,-17.670170829915882
-0.26604932472109794,-0.29693228350952267,2.7585350275039673,10.1244887841967
-0.05301400423049926,-0.08754944801330566,1.589920749887824,18.722478789840515
-0.035721033811569214,-0.22801082432270048,2.0346694618463514,-200.0
-0.24404829740524292,-0.137425696849823,2.9911557078361515,21.55314331081052
-0.20740917026996614,-0.16664575338363646,1.9000663965940476,19.20334871537872
-0.14856927394866942,-0.06782657504081727,2.4309835851192476,16.33851434232971
-0.13144276142120362,-0.15428666174411773,2.207776266336441,22.585084870692373
-0.22273094952106476,-0.061508846282958995,2.9516524195671083,7.030899069977943
-0.2609447881579399,-0.24264006614685057,1.5408854071050881,-0.5872644471138931
-0.019436806440353394,-0.1416190445423126,2.7096075356006626,-33.65138298893413
-0.04197002649307252,-0.28241226039826867,3.0617588579654695,-200.0
-0.27880648523569107,-0.08339207768440246,2.105166471004486,-200.0
-0.1656287670135498,-0.22071560025215148,2.400313758850098,11.702017188452253
-0.07901195883750914,-0.013534605503082275,1.8692969143390656,7.188236203501906
-0.09555176496505738,-0.2598518371582031,2.530347543954849,-200.0
-0.18715125024318696,-0.12469999194145201,1.7865776330232621,22.163769511123647
-0.29890029095113274,-0.1700336068868637,3.1441150307655334,22.430396527294953
-0.05766693949699403,-0.0454686641693115,1.9754958957433701,10.971601664804393
-0.002874755859375022,-0.2049684226512909,1.6764702826738358,-200.0
-0.2393999084830284,-0.029574573040008545,2.6329581499099732,-64.70426252619988
-0.20268698930740356,-0.26520026475191116,2.2847887605428694,-3.9021782374505047
-0.11579555869102479,-0.10031091570854186,2.8157043278217317,16.2130571186932
-0.11638993620872498,-0.15971640050411223,1.6973228290677072,15.83421068674578
-0.20322672128677366,-0.07455233931541444,2.653648698329926,15.80339672350816
-0.24122137874364852,-0.23078378587961196,2.250700283050537,15.467951578969751
-0.004604387283325184,-0.1350396394729614,2.7817651569843296,-41.8315922682447
-0.0570356547832489,-0.2942830570042133,2.536284548044205,-200.0
-0.29832422314211726,-0.08999515771865843,1.7922488793730735,-200.0
-0.18536668717861177,-0.21530896425247192,3.0983275890350344,21.11216733118701
-0.09385846853256224,-0.0005050599575042725,1.929961520433426,4.112133648236939
-0.07845277190208436,-0.2512183293700218,3.0674818575382234,-200.0
-0.1649783134460449,-0.11431210041046141,2.1110514432191847,19.861625148505198
-0.277094017714262,-0.18161579668521882,2.3547277569770815,22.17902457383975
-0.04020234346389773,-0.05294585824012757,1.823561580479145,14.3743400285646
-0.0199590861797333,-0.19340947866439817,2.228414681553841,-200.0
-0.2615589067339897,-0.02211146950721743,2.9725565671920777,-88.60580382241668
-0.22448032200336454,-0.2738484375178814,1.5069982808083295,-30.915967995789657
-0.1332467794418335,-0.11072262525558471,2.6754673302173613,17.37523514428661
-0.14923717975616455,-0.2674216032028198,2.0820455729961393,-200.0
-0.2078753739595413,-0.0983254373073578,3.0383698463439943,18.796043969774562
-0.2459427237510681,-0.19756530225276947,1.8925015345215797,15.671829738146602
-0.03737770915031435,-0.03663218021392822,2.423568004369736,8.711996124838922
-0.05230976343154908,-0.17742313742637633,2.9218649566173553,-29.65073212110464
-0.26554621383547783,-0.03831506967544557,2.1778244495391847,-200.0
-0.15251498222351073,-0.2575345113873482,2.7393230557441712,-24.27601980659341
-0.08920521140098572,-0.12667188048362732,1.570961831882596,19.587098473683895
-0.11130455732345582,-0.21814633905887604,2.60305740237236,-25.660280638386975
-0.169631490111351,-0.016344094276428245,1.6466318264603614,-57.54611054639839
-0.2818199872970581,-0.2888815641403198,2.8457280874252318,13.301315425705916
-0.07298027873039245,-0.07657247185707092,2.314557072520256,16.059832041727876
-0.015237808227539062,-0.23607448786497115,1.7631358548998832,-200.0
-0.2287855178117752,-0.14842477440834045,2.507279336452484,21.769495263846967
-0.19163314104080198,-0.15684204697608947,1.9988011091947557,19.90230173503496
-0.12859806418418884,-0.05860308408737183,3.1672685563564302,11.025819390654952
-0.12242184877395629,-0.22595586776733398,2.392071342468262,-33.84438532851392
-0.19488485455513,-0.13947345614433287,1.8609507381916046,21.242526312267408
-0.23313525170087812,-0.16459909379482268,3.0599495470523834,19.532827176518477
-0.01030610203742982,-0.06988034248352051,2.103668439388275,8.407939180476877
-0.06978635787963866,-0.21037604212760924,1.5526686223223805,-200.0
-0.2879487074911594,-0.005062758922576904,2.7210794746875764,-200.0
-0.17466104328632354,-0.2989777863956988,2.21271134018898,-200.0
-0.10686498284339904,-0.08549224734306335,2.956691253185272,13.90486516424452
-0.08652169704437254,-0.1860591799020767,2.2962606996297836,-25.706907848493206
-0.1592960178852081,-0.04812755584716799,2.8274875462055205,13.29739571572759
-0.2710815981030464,-0.24653706550598142,1.6815091162919997,0.7684920713005954
-0.04852707982063292,-0.11918547749519348,2.6378932237625126,10.639029259627566
-0.030681931972503684,-0.2783968158066273,3.135768854618073,-200.0
-0.2485329732298851,-0.10578044056892394,1.9672534793615342,1.7790904051707948
-0.21171012818813323,-0.18891618847846986,2.5288495123386383,19.75930055770664
-0.14363942742347716,-0.026815760135650624,1.784768322110176,1.8327504232291094
-0.1365230619907379,-0.202337846159935,2.8564832329750063,14.178317368014756
-0.21828747689723968,-0.032216280698776245,2.3253577649593353,-50.65769931269526
-0.2566117823123932,-0.2625573769211769,2.5689366519451142,14.629737806576898
-0.024334609508514404,-0.1029426097869873,1.6126604080200195,-15.84538815225092
-0.046314507722854614,-0.2624858647584915,2.0179349064826964,-200.0
-0.2739247351884842,-0.12205942869186401,3.1863441407680515,18.572027012552642
-0.16056445240974426,-0.1726730704307556,1.720895928144455,20.956044594020273
-0.08346683979034422,-0.042835825681686424,2.464877462387085,9.138215587656386
-0.1006183683872223,-0.2844569072127342,1.9115253657102587,-200.0
-0.18269408047199248,-0.08133630752563475,2.4427538335323336,19.03310307389036
-0.2945535225793719,-0.22277254164218901,2.0396953254938124,13.726074194392769
-0.06255097389221193,-0.011488848924636863,2.996077811717987,2.8496316946022717
-0.007205468416214,-0.15223857164382934,2.750175881385803,-76.91111526763014
-0.23450439870357515,-0.063563472032547,1.581665363535285,-200.0
-0.19760897755622864,-0.24058654010295866,2.8878414809703825,17.696081906664563
-0.12023674249649047,-0.14366594552993775,2.143755427002907,22.56662537202054
-0.11830832362174987,-0.2964582505635917,2.987125289440155,-200.0
-0.20016436278820038,-0.0881054162979126,2.2437162071466448,19.28385737389277
-0.23724291175603868,-0.20668779909610746,2.690658611059189,18.834749916553736
-0.005020737648010254,-0.008839470148086559,1.5216772462241352,3.0647767999395414
-0.06452059149742126,-0.16838268041610718,2.126138964295387,-39.838923093205906
-0.2920393405482173,-0.06618981957435607,3.0822645843029024,-38.57930204768566
-0.17992352843284606,-0.22856216579675676,1.8384415820240974,2.100279482579964
-0.10277105569839476,-0.1369562029838562,2.36971800327301,21.171469316618374
-0.08125922083854675,-0.1909407466650009,1.8074466452002524,-200.0
-0.16338993608951569,-0.024879544973373413,2.550957030057907,3.4572072547835084
-0.2763473644852638,-0.2792463719844818,1.944536727666855,-1.2766342599655278
-0.04443644285202025,-0.10502436161041259,3.113622629642487,14.314989396357538
-0.02657427191734313,-0.2457741245627403,2.6685351848602297,-200.0
-0.25381833761930467,-0.12003732919692991,1.7123065777122974,2.8381982857239123
-0.21582364439964294,-0.1841298222541809,2.796859163045883,19.58334525690296
-0.1383599281311035,-0.05014981627464293,2.2654765248298645,14.916314289187424
-0.14177985191345213,-0.16935416758060454,2.4952981233596803,22.149441498276293
-0.21418785452842712,-0.04610302448272707,1.7518874451518058,-74.43909113607394
-0.2513402670621872,-0.2579868033528328,3.155909901857376,18.87556357323244
-0.028419488668441795,-0.12650161385536193,1.9869301408529283,-32.61909921133211
-0.0504186987876892,-0.26699728444218634,1.6351694248616695,-200.0
-0.26863591074943544,-0.09845042824745179,2.5912901937961577,-0.8804538873156389
-0.15644752085208893,-0.2056073248386383,2.3028871387243273,14.768149921376441
-0.0887429416179657,-0.028890502452850353,2.83416839838028,6.814340074825582
-0.10473529100418091,-0.2420932576060295,2.166472280025482,-200.0
-0.17741798758506774,-0.1421022355556488,2.9099875032901767,18.616190974260018
-0.2904493264853954,-0.15258172452449797,1.5589871037751437,-7.442960899240269
-0.0678398072719574,-0.06316845417022704,2.728068161010742,12.239150316846604
-0.01247699260711671,-0.22237982153892516,3.0267063975334167,-200.0
-0.23041951060295104,-0.011825144290924072,2.0704793989658357,-200.0
-0.1923521965742111,-0.282890897244215,2.412112075090408,-30.111589688382868
-0.12433635592460632,-0.08284987807273864,1.8807278409600259,17.4325618883669
-0.13104132413864136,-0.21137723028659822,1.9520431488752366,-20.557171137487202
-0.18973452150821685,-0.004342746734619152,3.1210838079452516,-12.799157692090827
-0.22655725926160813,-0.29153093956410886,1.7701805502176284,-42.294369889777016
-0.018083864450454734,-0.09265721440315247,2.5135419070720673,5.913427237820152
-0.0704958200454712,-0.23344814479351045,2.812588495016098,-200.0
-0.28367741256952284,-0.1322806656360626,2.281264373660088,7.3723694054868965
-0.1718917965888977,-0.163551789522171,2.6227866530418398,21.05898762559644
-0.1084905445575714,-0.07062746286392213,1.6667203098535537,16.501856400959785
-0.09192767143249511,-0.274758343398571,2.7064981877803804,-200.0
-0.15034622848033904,-0.10972253680229185,1.5373545352369546,20.598503761682228
-0.26363385692238805,-0.19548355042934418,2.9414874076843263,19.6257963195715
-0.05484915375709534,-0.01994318962097169,2.1980198085308076,4.9593364571840945
-0.03462320566177368,-0.17944523692131042,1.8458506524562837,-200.0
-0.2480794295668602,-0.055026805400848394,2.377276051044464,-51.83009948002052
-0.20982892513275148,-0.25022051632404324,2.088775873184204,6.347622825288665
-0.14673898816108702,-0.11521512866020203,3.044946736097336,16.40575963005631
-0.13576796650886536,-0.25324285626411436,1.5930300913751125,-200.0
-0.22251312732696532,-0.1310171127319336,2.762065899372101,21.270602024816103
-0.2594086557626724,-0.17429966032505034,2.155742719769478,21.92555238770324
-0.02273665666580199,-0.041496115922927845,2.8991089403629307,9.35644537440977
-0.037649112939834584,-0.20073949098587035,2.4544298470020296,-200.0
-0.27902916446328163,-0.033511000871658314,1.9231041043996813,-200.0
-0.1671697586774826,-0.2717736952006817,3.007546305656433,-15.47547641564497
-0.07571640014648437,-0.09403148889541627,2.051481583714485,19.84852485848836
-0.09664977192878724,-0.1570876210927963,3.198337918519974,17.444863897247895
-0.18312031030654907,-0.05841495394706725,2.0291958808898927,9.031934892022964
-0.29648062912747264,-0.23749567866325377,2.4762486815452576,14.543007381910373
-0.05949733257293702,-0.14705700874328612,1.732779461145401,-29.467364782052176
-0.0017718851566314586,-0.28752067163586614,2.336832743883133,-200.0
-0.24342656135559082,-0.07799137830734251,2.868263006210327,6.435783101997195
-0.2051023632287979,-0.2179513335227966,1.62434289380908,11.543279646503844
-0.11396030187606812,-0.01659194827079774,2.580508905649185,8.064235988895485
-0.1140801429748535,-0.28770878054201604,1.5255407569929957,-200.0
-0.20553350150585176,-0.07773889303207396,2.6942652761936188,16.47477535634718
-0.2436008334159851,-0.21697585880756376,2.239742836356163,16.08135609127248
-0.0022207796573638916,-0.017521923780441262,2.9836278557777405,4.156534890108745
-0.059341442584991466,-0.15801758766174315,2.365851330757141,-18.416417147112824
-0.2960134386084974,-0.05743948817253114,1.8348368674516677,-200.0
-0.18298208713531494,-0.2372431844472885,3.086228734254837,16.966789724933477
-0.09623692631721495,-0.14724512100219725,2.129645213484764,16.6978824062696
-0.07614759206771851,-0.20108239352703094,3.109655845165253,-23.40303729290246
-0.1672896534204483,-0.03312261700630187,1.9410326063632966,-5.573457447929705
-0.2794780299067497,-0.270936419069767,2.5548271477222446,12.160165783778515
-0.03782334923744202,-0.0948043942451477,1.8110466480255127,10.218975855142716
-0.022269415855407704,-0.25401577055454255,2.269447362422943,-200.0
-0.25925271660089494,-0.1301798343658447,2.8003588259220127,21.1893611054283
-0.22210031747817993,-0.1739112854003906,1.7084465801715851,17.970662323116557
-0.1356297791004181,-0.0418390095233917,2.6649238586425783,12.319422889296218
-0.14685829281806945,-0.18044703304767606,1.9899607568979265,19.365195391352618
-0.21025954484939574,-0.05412544012069703,3.15869003534317,9.657715196530923
-0.2482542246580124,-0.250042712688446,1.7487477749586104,3.871045413098118
-0.03507263660430909,-0.1154756247997284,2.4926279306411745,3.314398846538353
-0.05469265580177307,-0.27501884177327157,2.8311289668083193,-200.0
-0.2631660461425781,-0.10954472422599792,2.3001161247491835,4.104266386080894
-0.15020863115787506,-0.19458219408988953,2.594427913427353,19.34477879297888
-0.09151543378829954,-0.020944976806640647,1.637842771410942,10.18480827710677
-0.10892112851142882,-0.23429571390151976,2.7249351024627684,-49.377026388787506
-0.17201106548309325,-0.131515771150589,1.5563102424144746,20.664564590853583
-0.2841268915683031,-0.16323520839214326,2.9130247056484224,22.696453676425463
-0.07067066431045532,-0.07104445695877076,2.1692458271980284,15.587661220747682
-0.01761610507965089,-0.2117942154407501,1.8838722229003908,-200.0
-0.22640079259872437,-0.004026174545288086,2.4147788226604465,-200.0
-0.18932223021984101,-0.29076604228466746,2.067446655035019,-81.4317958161557
-0.13090367317199705,-0.09350479245185853,3.0239287972450257,14.37453224171075
-0.12480241656303406,-0.221597483754158,2.5109205543994904,-18.211326506396162
-0.1925069957971573,-0.012652981281280506,1.7669910773634911,-200.0
-0.23083120733499526,-0.2832887291908264,3.123802638053894,13.143251641208725
-0.012613999843597401,-0.0825164258480072,1.9551341563463212,1.5088330863633423
-0.06740979552268983,-0.2417598098516464,1.6693389013409614,-200.0
-0.29033057056367395,-0.14250006079673766,2.625978481769562,16.750711527307942
-0.176970237493515,-0.15340957045555115,2.278535917401314,20.306395345518187
-0.10456223487854002,-0.062386107444763195,2.809505897760391,11.26161094818578
-0.08889772295951842,-0.2660767436027527,2.200745326280594,-200.0
-0.15691356360912323,-0.09943533539772034,2.944571828842163,15.753384966891543
-0.26877295821905134,-0.20585035979747773,1.534739838540554,10.876844893550173
-0.05083043575286866,-0.028692948818206776,2.703302103281021,5.861609514238679
-0.028300756216049217,-0.16915660500526428,3.04222486615181,-44.888164479392096
-0.2509102776646614,-0.046346068382263184,2.0856865882873534,-200.0
-0.21401476263999938,-0.25897171050310136,2.379901254177094,8.666905541174488
-0.14133206605911255,-0.1255810797214508,1.8490357935428618,20.947834701989585
-0.13882652521133423,-0.24536599963903427,2.8956546723842624,-17.239451596131925
-0.2159789979457855,-0.12036277055740355,2.1517267912626266,23.003119044389006
-0.25422948896884917,-0.18488583862781524,2.765618455410004,20.107344675623448
-0.026710742712020896,-0.04929336905479431,1.5969483777880669,14.39845929990732
-0.04400703907012937,-0.19008429050445558,2.0549274414777754,-200.0
-0.27622921094298364,-0.025635570287704468,3.0115718603134156,-200.0
-0.16294159591197968,-0.2795718066394329,1.9195491924881936,-200.0
-0.08108555674552917,-0.10461623668670653,2.450514334440231,19.481784580881737
-0.1029264450073242,-0.16811332404613494,1.7363386794924736,-0.9378369865942311
-0.18039016127586366,-0.06635876297950744,2.4801603436470034,16.300225799702346
-0.29217579010874034,-0.22947240024805068,2.025748300552368,11.516629148166805
-0.064931720495224,-0.13596328496932983,3.194315403699875,13.973362596255459
-0.004902541637420654,-0.2954653400927782,2.5769606053829195,-200.0
-0.23681346774101258,-0.08901565074920653,1.6204207316040993,-25.282851729410527
-0.19999071657657624,-0.20685675144195556,2.8717154502868656,21.184637123806827
-0.11786000132560728,-0.008570104837417603,2.3408516108989716,5.599980468921017
-0.12068560123443603,-0.1514015883207321,2.7857905089855195,21.311404977980406
-0.19778321385383607,-0.06433666348457337,2.254146242141724,9.27395130127579
-0.23493557721376418,-0.24092915654182434,2.6497329831123353,18.18102205666024
-0.007325345277786277,-0.14327727556228637,1.6937680058181286,-200.0
-0.06213816404342651,-0.2840682383626699,1.9259454905986786,-200.0
-0.2944153407588601,-0.0816789150238037,3.0948735237121583,-20.09865414587554
-0.18222685754299162,-0.22354574203491212,1.7961670517921449,6.483646747434435
-0.10046244263648987,-0.010651856660842896,2.5398373067379,6.627966794990164
-0.08364111185073853,-0.26151010394096375,1.8196395069360733,-200.0
-0.16101334691047667,-0.12298911809921265,2.3511792540550234,19.102664881282173
-0.27404459193348885,-0.17286145985126494,2.1150704115629195,22.273633974216825
-0.04674566388130186,-0.04258362650871278,3.0709340989589693,8.24616466654166
-0.024196386337280273,-0.20208563804626464,2.6793791949748993,-200.0
-0.2561989322304726,-0.03240467905998229,1.510557393077761,-200.0
-0.2181315690279007,-0.26348706632852553,2.9685342550277714,15.518895295042862
-0.1360558569431305,-0.10196685791015625,2.2249669998884203,17.85914360567811
-0.14408889412879944,-0.278080527484417,2.4267596304416656,-200.0
-0.21188495457172393,-0.10619772076606751,1.8951202273368835,21.10896352545607
-0.24896355271339415,-0.18976347148418427,3.0352870464324955,19.31366841960115
-0.03080120086669924,-0.02605057954788209,2.079317218065262,6.946539548481474
-0.04811480641365051,-0.18529399037361144,1.567772264033556,-200.0
-0.2709439605474472,-0.04897484779357908,2.7367019057273865,-72.11535969139727
-0.15882824063301085,-0.24695433676242828,2.180915355682373,-29.10958534947384
-0.08636523485183714,-0.11886919140815735,2.92458398938179,18.998932550146193
-0.1070397913455963,-0.2101979523897171,2.3114678889513014,-34.58196005082053
-0.17511049211025237,-0.005322968959808327,2.8430060148239136,-10.96700794226675
-0.2880680155009031,-0.29997986163944007,1.649817106872797,-22.200550924196403
-0.07021697759628295,-0.0845911681652069,2.6056824028491974,16.556751383699147
-0.01016848683357241,-0.22505479753017427,3.1703531801700593,-200.0
-0.2327230006456375,-0.14047552943229674,2.001526525616646,23.575633993937075
-0.19472835659980775,-0.16485931277275084,2.5040834546089172,19.903258497869764
-0.12195403575897215,-0.06970224380493165,1.76052106320858,17.221193774376367
-0.1287351071834564,-0.23631781786680223,2.1008973240852358,-69.35533957287115
-0.19204487800598144,-0.14822750687599182,3.0569103181362154,18.47924652528887
-0.22894028574228287,-0.1559212177991867,1.863623996078968,22.109267992206853
-0.01570383310317991,-0.05958770513534545,2.395209264755249,12.386439670126178
-0.07280718684196472,-0.21913095116615294,2.95947128534317,-69.21790360123974
-0.28137220479547975,-0.015423274040222146,2.2157420575618745,-200.0
-0.16951277554035185,-0.28868428990244865,2.718409079313278,-52.67046198670711
-0.11087458133697509,-0.07681580185890197,1.5495290629565717,17.571117505788354
-0.08961691260337828,-0.177820685505867,2.6405601739883426,-0.719519467425183
-0.15265198945999145,-0.03798133134841919,1.6846534095704555,4.289033906284143
-0.26601228564977647,-0.25675245076417924,2.8247101485729216,16.58617523793801
-0.05246458053588868,-0.1275000035762787,2.2932278543710707,4.462444998866058
-0.03692995905876162,-0.2682497330009937,1.7820915684103966,-200.0
-0.24576966315507887,-0.09754337668418883,2.5257162511348725,11.29060449000509
-0.2074453443288803,-0.19723157286643983,1.9700271278619765,18.013370276731624
-0.1491184115409851,-0.037029719352722146,3.1388058543205264,10.87460386945314
-0.13338321447372437,-0.19432000815868378,1.6090555794537067,-5.662128728470357
-0.22489143311977386,-0.02111883759498595,2.5650701820850372,-63.12151285525219
-0.2617142915725708,-0.27357879281044006,2.3288639128208164,9.362553215707297
-0.020425719022750866,-0.11089128255844116,2.860447585582733,1.5711974157690385
-0.040028715133667014,-0.25138698667287823,2.4684839248657227,-200.0
-0.27664571106433866,-0.11404244899749755,1.7247595354914664,-41.73083574289079
-0.1648601174354553,-0.18062317371368408,3.1828465044498446,21.464084408440147
-0.0780233323574066,-0.053856378793716436,2.013961637020111,12.149548690901547
-0.09426963329315186,-0.295038790628314,2.9995776772499085,-200.0
-0.1855031758546829,-0.0891384243965149,2.043666011095047,21.04951746601764
-0.29879082581028343,-0.21490111649036409,2.4391427099704743,18.711191554006557
-0.057191008329391474,-0.000830787420272816,1.907665254175663,2.852845127290693
-0.00415602922439573,-0.16004211902618407,2.1402514070272445,-200.0
-0.24104770123958585,-0.07414450049400328,2.8838744938373564,5.42175111366117
-0.2027973175048828,-0.22992705255746843,1.5852654613554478,5.158557926079306
-0.11627177596092222,-0.13579537868499755,2.7540457963943483,20.86616635080298
-0.11562134027481077,-0.20414030849933623,2.186057949066162,-19.0238471755887
-0.202238130569458,-0.03035663366317748,2.929415303468704,-4.2690135445043715
-0.23928001821041106,-0.2655340053141117,1.5793479628860951,-9.337196332438662
-0.0024435639381408802,-0.09991337656974791,2.7483813643455504,-5.89413970381238
-0.05780512690544129,-0.2594543069601059,3.0336852550506594,-200.0
-0.29931310638785363,-0.1250337302684784,2.077611666917801,-30.309752658614833
-0.1873071938753128,-0.17081567645072937,2.41830969452858,20.551670827365356
-0.09601900577545167,-0.044640541076660156,1.8869815707206725,12.390399477708486
-0.07856306433677673,-0.2814276359975338,2.5023779034614564,-200.0
-0.1654544949531555,-0.0843128979206085,1.7589192718267441,21.58515924991871
-0.2783753424882889,-0.2209128588438034,3.1622145235538484,18.468377242791885
-0.04185018539428709,-0.013291275501251198,1.99307658970356,3.568178612024135
-0.01984965205192568,-0.15404332280158997,1.654648420959711,-200.0
-0.2610830068588257,-0.061706113815307606,2.610824996232987,-38.999359415837375
-0.22319813668727873,-0.2435608774423599,2.3231473475694657,15.214609788474167
-0.13159865140914917,-0.140634423494339,2.8545817136764526,20.5520531612092
-0.1483944296836853,-0.22768508791923522,1.8012966752052306,-32.00099267989581
-0.20695969462394714,-0.13783353567123413,2.5446556508541107,20.51562285411076
-0.243929024040699,-0.1675024777650833,1.9375082194805144,21.573437881793684
-0.03529044985771179,-0.06707083582878112,3.1065400123596194,12.792214546128271
-0.053151655197143544,-0.2075642108917236,2.6481182217597965,-200.0
-0.26646160930395124,-0.007963818311691295,1.6920494846999645,-200.0
-0.15452953577041625,-0.2973401198163628,2.7773276031017304,-200.0
-0.09129275679588317,-0.08722372055053709,2.2459946155548094,17.280288619841627
-0.11134078502655029,-0.18324963748455048,2.9668157339096073,13.272679667748879
-0.17018068134784697,-0.051030904054641724,2.223352238535881,11.957969087802983
-0.2830288790166378,-0.2448971092700958,2.6712274670600893,15.159109979628813
-0.07470161318778992,-0.12091466188430786,1.5020944856107235,15.230166101143439
-0.015200722217559803,-0.2801283225417137,2.1198887556791304,-200.0
-0.22823604494333266,-0.10414280891418456,3.076063722372055,19.385143217159175
-0.19042510986328126,-0.1918172836303711,1.8313059955835342,18.772301981223173
-0.1268770158290863,-0.02400396466255189,2.362741982936859,9.703667562930818
-0.12370340824127196,-0.2703066788613796,3.1779244005680085,-60.01757610743242
-0.1965323746204376,-0.09549762010574339,2.00893577337265,21.189872675170342
-0.2332452803850174,-0.1992762118577957,2.4567136764526367,18.557326932102143
-0.01078260540962217,-0.03497394919395447,1.7133005663752556,10.962604103566385
-0.06850451231002808,-0.17576715946197508,2.3306861937046053,-34.26541599270965
-0.28630033135414124,-0.0400282323360443,2.8619585871696476,-200.0
-0.17455130517482756,-0.25470436960458753,1.617310965806246,-58.43542583671439
-0.10638933777809143,-0.1295546293258667,2.5734293282032015,21.02811376876241
-0.08458067178726195,-0.2164880722761154,1.5867764629423617,-200.0
-0.15713494420051574,-0.01805496811866758,2.755868077278137,4.1976594601669
-0.2703126735985279,-0.28605371005833147,2.1486105531454087,2.0020171817666284
-0.04753873944282533,-0.07945750951766967,2.892129880189896,15.023987092049913
-0.032622671127319314,-0.2389572724699974,2.4341168463230134,-200.0
-0.25069318413734437,-0.14559466838836668,1.9027431502938272,22.25671002635017
-0.21247933208942413,-0.1585552453994751,2.9881187081336975,19.149735471115985
-0.14462862610816954,-0.056947141885757446,2.0318958133459093,16.860424308441512
-0.13773170113563538,-0.16267471611499787,2.713474005460739,22.031579284161122
-0.2200091153383255,-0.07150479555130004,1.5444902261719107,-36.25672907168863
-0.25664825588464735,-0.2325679376721382,2.9476880669593815,18.283022348171162
-0.024883460998535167,-0.13316168189048766,2.2042701184749602,-38.85652299226095
-0.045106154680252086,-0.29240735471248624,1.865433306992054,-200.0
-0.272203952819109,-0.09178156256675721,2.39670729637146,-21.72756419932301
-0.16052768826484679,-0.21225909590721131,2.1091397404670715,9.943934742515633
-0.08291712999343873,-0.0034610509872436412,3.0652564942836764,3.35512782664948
-0.09860435128211975,-0.2493403360247612,1.9715251594781877,-200.0
-0.18060708940029144,-0.1160962164402008,3.140615165233612,16.78823845054924
-0.29371110051870347,-0.17856821715831755,1.7904377445578574,16.025450103468586
-0.0616350531578064,-0.05590413808822631,2.5339586675167087,11.59128500042835
-0.009219771623611428,-0.19636550545692444,2.819671314954758,-200.0
-0.23659225255250932,-0.019061636924743663,2.288292780518532,-200.0
-0.19845111966133117,-0.2756348758935928,2.6290882349014284,-6.009491953059484
-0.12115180492401123,-0.10884695649147033,1.6728701911866666,20.764585350795777
-0.11841775774955748,-0.2560729622840881,2.5959259450435637,-200.0
-0.20064031183719633,-0.12813432812690734,1.639652082324028,23.41333343488877
-0.23852507472038267,-0.17595560252666473,2.83947514295578,19.799165878398643
-0.0066687941551208385,-0.039782917499542214,2.3083585411310197,10.24204058970478
-0.06441029906272888,-0.19902861714363096,1.7437089413404465,-200.0
-0.29156310260295865,-0.03516926765441897,2.4876928567886356,-200.0
-0.17864221930503843,-0.2688886597752571,1.9784888178110123,-54.575936319745686
-0.10112328529357908,-0.09685934185981751,3.1469069182872773,15.319261473355468
-0.08048974871635436,-0.15537445843219758,2.0625115811824797,-0.9159287677277952
-0.1624010056257248,-0.060070931911468506,3.0188899636268616,14.163088283805154
-0.2744068823754787,-0.2346129298210144,1.8720890045166017,7.494473126038606
-0.0422759771347046,-0.14988715052604676,2.4033068835735323,-28.249889601286615
-0.027342885732650757,-0.29034848660230633,2.9148340165615085,-200.0
-0.25480698645114896,-0.07510630488395689,2.1707438588142396,-41.568503031022786
-0.21776499152183532,-0.21960956454277036,2.7331775188446046,20.14675776646131
-0.1405206799507141,-0.014881038665771507,1.5646564185619354,-16.130502180224884
-0.14181686639785765,-0.21442706286907195,3.087739735841751,12.94596985936499
-0.21473731398582457,-0.0013867199420928844,2.131467494368553,-200.0
-0.2525483563542366,-0.29340660888701675,2.374210476875305,1.2974186563531536
-0.0301405370235443,-0.09087077379226685,1.843092253804207,7.7493621841569045
-0.050382542610168446,-0.23166402876377107,2.234716972708702,-200.0
-0.2680867396295071,-0.13415865898132323,2.9787057518959044,21.065485868190358
-0.1552385777235031,-0.16059350967407227,1.5140817894600331,21.21364850553804
-0.08702160716056823,-0.07367504239082337,2.682495027780533,13.50327077584584
-0.10389347076416014,-0.2729719363152981,1.7035244762897492,-200.0
-0.1765026032924652,-0.1115982413291931,2.6598979949951174,18.48191240617809
-0.28843471258878706,-0.1925275593996048,2.2576771140098573,21.126838195615743
-0.06575226187705993,-0.02299307584762572,2.788899856805801,4.829815525590494
-0.013319671154022217,-0.1824927806854248,2.5566494286060335,-200.0
-0.23133517652750013,-0.05206848978996276,1.8125576496124267,-200.0
-0.19436594545841218,-0.252098473906517,3.117911231517792,15.182158256462145
-0.12642361521720885,-0.11343097686767578,1.9493917524814606,20.32048917231992
-0.12910051345825194,-0.17121152579784393,1.9178306713700295,17.23630301756411
-0.18757428824901579,-0.04429827332496644,2.4488995730876923,3.7569955801434176
-0.22578810453414916,-0.26101832538843156,2.0467758148908617,4.056817342951196
-0.01709466576576235,-0.12352727651596068,3.0031089544296266,-6.909584538234423
-0.0724369168281555,-0.2640206962823868,2.7704367995262147,-200.0
-0.2858384974300861,-0.10147969722747802,1.6020780012011528,-200.0
-0.17266066074371336,-0.20380489826202391,2.907321161031723,21.39322644477055
-0.10947888493537902,-0.030750185251235962,2.1632895201444624,11.19660818616577
-0.09320958852767944,-0.23911895602941513,2.8768450736999513,-82.23994739858811
-0.15199462473392486,-0.14513379335403442,2.3456699550151825,21.255315281821847
-0.2637435436248779,-0.15077701807022095,2.5885233342647553,22.96714503511719
-0.05532479882240296,-0.06502584815025331,1.6320872202515602,17.179450023233624
-0.033341574668884266,-0.22423946857452393,2.024133539199829,-200.0
-0.2464318960905075,-0.010022681951522838,3.192596882581711,-58.429306284580925
-0.20971895456314088,-0.2859201293438673,1.7278757736086845,-59.08715807576846
-0.14626248478889464,-0.07987325191497802,2.4720087170600893,16.363753073483895
-0.1337536633014679,-0.2980958841741085,2.276830315589905,-200.0
-0.2204253315925598,-0.08637390732765196,2.8079041063785555,16.851822418687828
-0.2585665002465248,-0.20949959456920625,1.6612002447247505,10.754776769608602
-0.021821522712707542,-0.005938374996185325,2.6175285458564757,0.8395799686738628
-0.039663130044937156,-0.16547933220863342,3.128633952140808,-21.556218091223474
-0.2811161085963249,-0.06899936199188234,1.9602767497301103,-200.0
-0.1680122047662735,-0.22683298140764235,2.5226000130176542,11.006247514578256
-0.0766323924064636,-0.13859617710113525,1.7785667508840561,6.2649625813026475
-0.09785812497138976,-0.18803968727588655,2.3850438475608824,-10.557862097471322
-0.18484103679656982,-0.027691376209259044,1.85386713296175,-41.87806404037535
-0.29651740863919257,-0.27751489654183387,3.053800565004349,15.069772169026107
-0.060047113895416254,-0.10666202902793884,2.0973660469055178,17.107409246777816
-0.0005632460117340199,-0.24741404503583908,1.5331380471587182,-200.0
-0.24170497208833694,-0.11830810904502867,2.7015965521335605,20.91648962287708
-0.20506586730480192,-0.1869393289089203,2.1922953903675078,19.44576374075824
-0.11341137886047362,-0.0472464323043823,2.9364331722259522,9.951348195019035
-0.11290955543518066,-0.1864597499370575,2.4429802000522614,5.826821862323747
-0.20436053574085233,-0.04779224395751952,1.9121155500411988,-30.082874990283454
-0.24242788553237915,-0.2481132075190544,3.00569463968277,19.097437385310887
-0.0010500848293304443,-0.11768891215324401,2.0491571724414825,-70.46653440226228
-0.06051210165023804,-0.2768979884684086,1.6044853620231152,-200.0
-0.29718633759766816,-0.10736348032951354,2.7730484247207645,-9.481826567643388
-0.18415510654449463,-0.18858321011066437,2.1576004147529604,20.871031247431077
-0.09740754961967468,-0.027209508419036854,2.9014277279376985,7.159895994234665
-0.07732068300247191,-0.22621392756700515,2.3482816308736805,-200.0
-0.16846040189266204,-0.13929548263549804,2.8792524218559263,18.678152106578604
-0.28064889907836915,-0.1660252869129181,1.6261937998235225,14.515795868603469
-0.03899640440940855,-0.068519926071167,2.582834178209305,14.494197773719684
-0.021096396446228016,-0.20901786983013154,3.186881786584854,-200.0
-0.25808189213275906,-0.0064820408821105735,2.01821411550045,-200.0
-0.2209295153617859,-0.29879747852683064,2.4743901252746583,-18.54749880636533
-0.1344566524028778,-0.08575714230537415,1.7304614335298538,19.032772568056544
-0.14568745493888854,-0.285229979082942,2.8019948661327363,-88.6035054504824
-0.2090864539146423,-0.08050146102905273,2.271131837368012,14.170665518856733
-0.24708111137151717,-0.22470974922180176,2.6201308488845827,17.78703733607352
-0.03390190601348875,-0.00946757197380066,1.6635917730629444,2.811809669008574
-0.05586342215538026,-0.15022419691085814,1.9626424014568329,-29.875382243798967
-0.2643392041325569,-0.06549841761589051,3.131210315227509,-9.320275976936799
-0.15138166844844816,-0.23974487632513045,1.7728423833847047,-55.64616168560759
-0.0926862359046936,-0.14444135427474974,2.516664832830429,18.006995754246713
-0.11009404063224792,-0.20324993133544922,1.8564435213804245,-45.701183874837255
-0.17318179607391357,-0.031220608949661277,2.3874094486236572,0.39481429881850616
-0.2852975014597177,-0.26464904844760895,2.0914309173822403,4.925173709299613
-0.07184361219406127,-0.10078969001770019,3.0480761468410495,17.05324440436683
-0.016443103551864624,-0.2603260293602943,2.6958980739116667,-200.0
-0.22523013800382613,-0.12415333986282348,1.527228794246912,20.89847689587364
-0.188151553273201,-0.1716842383146286,2.938824713230133,20.22869500185547
-0.12973079681396485,-0.04374559521675109,2.1948976427316667,13.975001628435031
-0.12597554326057434,-0.25256889760494233,1.6453538410365582,-200.0
-0.193677744269371,-0.11287600994110106,2.601831942796707,20.122721387102654
-0.23200204968452454,-0.18180277347564697,2.3059638082981113,19.250277239212174
-0.01378709077835083,-0.052696841955184925,2.836876082420349,11.146847092692889
-0.06623674035072327,-0.19315362274646758,2.4851197361946107,-65.65194152609132
-0.28915975503623487,-0.022300779819488525,1.741340072453022,-200.0
-0.17579947113990785,-0.27241925820708274,3.152838855981827,-4.6623046735295155
-0.10338907241821288,-0.11207095384597779,1.9842164278030396,21.481958111047838
-0.08772709965705872,-0.16122171878814698,3.0165211200714115,13.105491058712524
-0.15574059784412383,-0.07298489212989806,2.059938409924507,19.051528653095062
-0.2676000393927097,-0.2311089187860489,2.409034544229508,15.011339705309766
-0.04965970516204832,-0.13462893962860106,1.8780209168791773,-17.367640928470607
-0.029471451044082664,-0.293879178352654,2.176649907231331,-200.0
-0.2520831674337387,-0.09031795263290404,2.9205357372760776,10.614858626104564
-0.2151877462863922,-0.2137346237897873,1.5620573960244655,11.245303188125073
-0.14250272512435913,-0.0020126402378082275,2.7307827353477476,-0.042299862127234356
-0.13999947309494018,-0.22030887007713318,2.137179398536682,-14.381296152776372
-0.21714969277381896,-0.0142619848251343,3.093662351369858,-24.89756294927884
-0.25540009438991546,-0.289869050681591,1.8407141134142875,-13.379876954796138
-0.027883726358413685,-0.07565225958824157,2.371621549129486,13.852891673612447
-0.042834019660949685,-0.2351565957069397,2.9760908842086793,-200.0
-0.27505858317017556,-0.14940542578697205,2.2323128163814543,19.918960563834375
-0.16177091896533966,-0.15475769340991974,2.688391703367233,20.833343093334822
-0.07991264462471007,-0.06077252626419066,1.5197676681913435,15.066710911769707
-0.10175557136535643,-0.26943447142839433,2.6574938893318176,-200.0
-0.17921710610389707,-0.09637976288795472,1.7009095706045627,22.734433886176056
-0.2910026852041483,-0.19840942025184632,2.794585770368576,21.172910499112554
-0.06376095414161681,-0.0358684301376343,2.2635737389326094,8.01646494748498
-0.006073343753814686,-0.17665705382823943,1.8184802904725075,-200.0
-0.2379865989089012,-0.03916600942611692,2.5623612821102144,-48.29957282040729
-0.20116375386714935,-0.25559109449386597,1.9468028247356415,-6.830970271507732
-0.11903083920478821,-0.1286778509616852,3.1155330657958986,18.959310045838357
-0.12185862064361572,-0.2761785417795181,2.0065316170454026,-200.0
-0.19895383715629578,-0.10836523175239562,3.1753095328807834,17.79845208825441
-0.23610624969005584,-0.1957487404346466,1.7189864546060563,14.333682892535474
-0.008498257398605324,-0.01976323127746582,2.4626103520393374,5.194439996983669
-0.06096521615982056,-0.17926752269268037,2.8678812026977543,-23.79309259435806
-0.2932446409016847,-0.0552850842475891,2.336398097872734,-200.0
-0.18105625212192533,-0.24886090010404585,2.5708404004573824,3.914609195089527
-0.09928945899009703,-0.11664217114448547,1.6149328380823136,22.93346187820076
-0.08247030973434447,-0.212960547208786,2.761579930782318,-51.99850819928146
-0.1598402202129364,-0.0028441429138183483,1.5926991164684297,-81.84381077307116
-0.27287155911326405,-0.2919254869222641,2.8897517144680025,13.392396807069275
-0.04557482600212098,-0.09232508540153503,2.1460216760635378,15.946560258906368
-0.025367259979248047,-0.2331137493252754,1.9001282572746279,-200.0
-0.2573719918727875,-0.13268210291862487,2.431712740659714,21.053039622932427
-0.21930467784404756,-0.16205551922321318,2.0377924382686614,20.44690237577832
-0.13722662329673765,-0.07220395803451538,2.9938046216964724,13.059803188688061
-0.145261949300766,-0.15918130874633787,1.542121347784996,21.628923613471006
-0.2130557745695114,-0.05625484585762025,2.7109008848667147,4.11243659033922
-0.2501343235373497,-0.23840459436178207,2.2099977284669876,13.64985973111877
-0.031974363327026356,-0.14606738090515137,2.9536200046539305,-14.822942615877064
-0.04694167971611024,-0.2865241337567568,2.4026132941246034,-200.0
-0.2697732143104076,-0.07890254259109497,1.871135053038597,-200.0
-0.15765740275382994,-0.21579806506633759,3.062657332420349,17.310332514161704
-0.08519214391708374,-0.01868332028388975,2.1067450076341627,7.7360022254482015
-0.10586909651756285,-0.25517693907022476,3.146316885948181,-64.94402581110882
-0.17393760681152343,-0.1290018081665039,1.977431207895279,20.340296197814762
-0.28689502738416195,-0.17507472038269042,2.5315638840198518,22.820709331559435
-0.06904631853103638,-0.040654152631759644,1.7878387093544006,10.306241385500773
-0.011339110136032116,-0.19990442097187042,2.285719609260559,-200.0
-0.23389596194028855,-0.034283798933029186,2.8173024713993073,-31.601129138977715
-0.19590126872062683,-0.2697515688836574,1.678802090883255,-49.94990981921096
-0.12312476634979247,-0.09596790075302122,2.634815895557404,15.944536601857571
-0.12756434082984924,-0.1912644624710083,2.9319916665554047,15.917316132653927
-0.1908717155456543,-0.024476534128189065,2.188423600792885,-32.754665543818035
-0.2277672439813614,-0.28075424283742906,2.742446184158325,8.222045961358479
-0.014533030986785878,-0.10345036983489989,1.5736235573887825,-35.59570683056583
-0.07397802472114562,-0.24420695900917053,2.0719131380319595,-200.0
-0.2825452912598848,-0.12154287099838257,3.0277760148048403,15.318272776986976
-0.1706858843564987,-0.1837199181318283,1.8893730863928795,20.54340200884585
-0.1120453119277954,-0.050475794076919545,2.4209119975566864,12.07089022239875
-0.0907898962497711,-0.29664782378822563,1.753009980916977,-200.0
-0.15382264852523803,-0.08784978389739989,2.496679425239563,17.098588791529775
-0.2671829670667648,-0.2080369234085083,1.9956788420677185,15.2479753291717
-0.05363745689392091,-0.007411140203475941,3.164606064558029,1.679534947517606
-0.035757046937942516,-0.1669475108385086,2.613190597295761,-58.643772369683546
-0.24459893703460692,-0.06754125952720641,1.6572247967123985,-200.0
-0.206274738907814,-0.2283134400844574,2.8488572955131533,20.30945741623864
-0.14794546365737915,-0.1371435284614563,2.3172122180461887,20.787454937461806
-0.1322125554084778,-0.24294396936893461,2.54726727604866,-39.115743889411064
-0.2237185388803482,-0.1413358747959137,1.8037040486931801,23.458095316999906
-0.26054127663373944,-0.1545868456363678,3.100646579265595,21.605080365356947
-0.01925509572029116,-0.061224246025085444,1.9318191140890122,13.205037648235123
-0.04119930267333982,-0.2204332798719406,1.6863343760371208,-200.0
-0.2778186812996864,-0.013837087154388417,2.642198848724365,-200.0
-0.16603306531906128,-0.2821267984807491,2.2483759731054307,-95.77019899727793
-0.07919402718544005,-0.08369370102882384,2.779913288354874,15.403218259955759
-0.09544265270233154,-0.17033395171165466,2.217432814836502,1.5324134751371794
-0.1866739958524704,-0.04518420696258546,2.9611006379127502,10.18772297335003
-0.2999616237357259,-0.26015590131282806,1.504680155031383,-11.392495739231121
-0.058364135026931774,-0.12441696524620055,2.673608976602554,13.082973215273523
-0.002982938289642356,-0.2649149514734745,3.0784710705280305,-200.0
-0.23987694829702377,-0.1006126821041107,2.1225004315376284,8.626935868729376
-0.20162644386291503,-0.2046862632036209,2.357052826881409,20.175204518567625
-0.1150987207889557,-0.02987719774246217,1.8254125878214835,12.126391612058912
-0.1167920172214508,-0.23047973066568372,3.0578261196613314,-16.38367642188132
-0.20341100692749023,-0.1353226661682129,2.1016024142503738,21.859710899978946
-0.24045301526784896,-0.1594160556793213,2.3909338355064396,22.103015328210372
-0.003614223003387429,-0.07483679652214051,1.859559354186058,-1.8486874000292381
-0.056634503602981556,-0.21559112370014188,2.2117032796144485,-200.0
-0.29814015375450253,-0.00020243525505064808,2.955221796035767,-200.0
-0.18613426387310028,-0.2945683669298887,1.550260004401207,-200.0
-0.09484827518463135,-0.0896933913230896,2.7193508207798005,15.848416834676101
-0.07739000916481018,-0.18131561279296876,1.6804038822650909,-89.52136288049493
-0.16428369283676147,-0.05323045849800109,2.6365214467048643,14.419472763314182
-0.27720456272363664,-0.25091441720724106,2.294169545173645,11.123503239454783
-0.04067702293395997,-0.11459527015686036,2.8254411280155183,10.173233377333727
-0.021022778749465953,-0.27413390278816224,2.526421290636063,-200.0
-0.26225374191999434,-0.11042100191116333,1.7830073952674865,-17.685765449520723
-0.22436899244785308,-0.19369179904460906,3.134741187095642,19.3795363391637
-0.13277174234390257,-0.021808987855911233,1.965751749277115,5.971737525824629
-0.14956523180007933,-0.19784833788871764,2.566022056341171,17.938212986117946
-0.20813283026218415,-0.03632812499999999,1.6098032146692276,-200.0
-0.24510204792022705,-0.26770606711506845,2.856214714050293,16.486511296046576
-0.03646128773689272,-0.09802510142326354,2.3248353689908985,11.534821793386858
-0.05198078155517577,-0.25723188668489455,1.7207049757242203,-200.0
-0.2652885407209396,-0.12695404887199402,2.464225113391876,17.3447256237329
-0.15335644483566283,-0.1771213799715042,2.0146832436323168,21.22719317892791
-0.090121990442276,-0.038600385189056396,3.1837724387645725,7.054125934536792
-0.1101677656173706,-0.2891661576926708,2.0394071996212007,-200.0
-0.16901004016399382,-0.07627227902412415,2.9955231428146365,15.647585360985385
-0.28185821548104284,-0.21842949986457824,1.908591163158417,12.571178747234766
-0.07352870106697082,-0.01604018211364744,2.439864367246628,5.206463714802624
-0.01637367010116575,-0.15654041469097138,2.8846220910549167,-53.46083390086564
-0.2294067531824112,-0.058888542652130116,2.1412033319473265,-32.35413070574825
-0.1915956974029541,-0.235772006213665,2.7500172019004823,16.996377327661744
-0.12804999947547913,-0.1487070858478546,1.5810326278209685,22.216469604074565
-0.12253038883209227,-0.16431578993797302,2.2534018367528916,19.865350860577962
-0.19536153674125672,-0.07018411159515381,2.78483539223671,15.832048669188652
-0.23207449167966843,-0.22567170560359956,1.6977933451533318,9.66630752366895
-0.009609478712081898,-0.13977407813072204,2.653969097137451,-50.058419549725656
-0.0696776032447815,-0.29928069915622474,3.0991355776786804,-200.0
-0.28747109323740005,-0.08521036505699156,1.929996833205223,-200.0
-0.1757221609354019,-0.2106775313615799,2.5389081299304963,19.53944742794373
-0.10756239295005798,-0.004777157306671165,1.795448662340641,2.4229020040934897
-0.08575133085250855,-0.2462527424097061,2.3552305459976197,-200.0
-0.15830785632133484,-0.11948595643043516,1.8239015862345695,20.18731785366287
-0.27148567959666253,-0.18577571511268615,3.0702156841754915,20.651783499296528
-0.048709362745285034,-0.04843118190765383,2.114141285419464,11.803836042554323
-0.03145208358764651,-0.1892175167798996,1.5096022604964674,-200.0
-0.2495202049612999,-0.0265300154685974,2.678634840250015,-92.5250782519031
-0.2113064020872116,-0.2786995813250542,2.229203063249588,-13.700144420609234
-0.1434579312801361,-0.1054984152317047,2.9725596070289613,15.719120475191865
-0.13655871748924256,-0.2628611460328102,1.8944118946790696,-200.0
-0.21883847415447233,-0.1026592969894409,2.4258470714092253,20.43210544274701
-0.25547756552696227,-0.20263845920562745,2.0833850771188738,16.448275736875956
-0.023710584640502907,-0.031932109594345115,3.0395592331886294,7.024123786024186
-0.04627906680107119,-0.1723911792039871,2.7409481525421144,-40.068565188258276
-0.2733746699988842,-0.04313873648643496,1.5718142464756966,-200.0
-0.16169831156730652,-0.262200254201889,2.923645490407944,-13.079090143111516
-0.08409007787704467,-0.12236090898513793,2.1801811337471007,20.09922780069098
-0.09977511763572691,-0.22307302951812744,2.847047984600067,-35.99607744571837
-0.18178023397922516,-0.01120453476905825,2.3157141864299775,-34.07370460508504
-0.29488415122032163,-0.2847605343908071,2.604948180913925,10.094141088883399
-0.06280585527420043,-0.0810528516769409,1.6488786205649375,19.735685927530874
-0.008048933744430553,-0.24030080437660217,2.0006139159202574,-200.0
-0.23541917502880094,-0.1439672827720642,3.1696448981761933,20.154614036351294
-0.1972779929637909,-0.1519565552473068,1.76479322463274,20.085105935797753
-0.11998107433319091,-0.06386623978614808,2.5081513643264772,13.27492870974066
-0.11724484562873841,-0.20638647079467773,1.7710330724716186,-44.581911672759816
-0.19946959912776946,-0.009125214815139782,2.5151668012142183,-47.96274426391967
-0.2373544558882713,-0.2961554903537035,1.9543999850749971,-26.411484176070715
-0.005495846271514893,-0.08838744163513182,3.122864139080048,6.382161001668479
-0.0655832827091217,-0.22884647995233537,2.6250659227371216,-200.0
-0.2927337482571602,-0.1366557240486145,1.6686306066811085,-30.0820133268056
-0.17981291413307188,-0.16866614520549775,2.8137780845165254,20.67361362569487
-0.10229616165161132,-0.06588619351387023,2.2826037764549256,13.364933290578206
-0.08166058659553527,-0.2789434544742107,2.943863546848297,-200.0
-0.16357407867908477,-0.10530624389648438,2.1998327165842055,19.50004807798831
-0.2755800046026707,-0.19063925743103027,2.707370012998581,21.02619677215467
-0.04344670772552489,-0.025165146589279153,1.5390120094642044,7.143818168429581
-0.026172119379043568,-0.18441312611103056,2.0899328857660295,-200.0
-0.2536338374018669,-0.049846047163009666,3.0462668359279634,-19.968181964911484
-0.21659193634986879,-0.24605829566717147,1.8480973452329637,5.3888368062344565
-0.13934987783432007,-0.11973670721054078,2.3791670322418215,19.18874532990598
-0.14064377546310425,-0.25827254801988603,2.155778133869171,-200.0
-0.21356654763221739,-0.12620027661323546,2.899916726350784,20.113300149179466
-0.2513774961233139,-0.16963618397712707,1.596229975670576,20.42947397944901
-0.02896748185157777,-0.045800256729125965,2.7646892786026003,10.366329804301312
-0.05155556201934813,-0.20530683696269988,3.010616743564606,-79.28214296712417
-0.2692575730383396,-0.029174816608428966,2.0541830360889435,-200.0
-0.15640936195850372,-0.266693651676178,2.4547504484653473,-51.412024260284845
-0.08819473385810853,-0.09873388409614561,1.9235745191574098,20.63128425796352
-0.105064058303833,-0.15286361575126647,2.4794159889221192,19.161219446829868
-0.17767558693885804,-0.0628655433654785,1.7353835374116897,10.713894376144609
-0.28960764706134795,-0.24237886369228362,3.1983407557010652,17.475130458703294
-0.06692295670509338,-0.14180075526237487,2.029984363913536,-0.8820757548659302
-0.012149012088775613,-0.2825871348381042,1.6246827982366085,-200.0
-0.2301622688770294,-0.08313319087028503,2.58101179599762,10.940544074796847
-0.19319294393062592,-0.2220792084932327,2.3399224847555162,17.888967409358543
-0.12525299191474915,-0.012109315395355202,2.870997035503388,6.941751239224235
-0.1302713871002197,-0.2912454782053828,2.6900064647197723,-200.0
-0.1887473613023758,-0.09295883774757385,1.5214861877262593,20.914007043781897
-0.22696119993925096,-0.21109490990638732,2.9845537900924684,19.835305910518816
-0.018265432119369485,-0.004645228385925293,2.2404644429683684,0.6948639739540079
-0.07126611471176147,-0.16385197341442106,1.8355844900012017,-36.005995849390544
-0.2846653573215008,-0.07034286260604858,2.3668032050132752,-200.0
-0.17148764133453367,-0.23375204801559446,2.125616669654846,-0.6668510169154338
-0.10830804705619812,-0.1319974958896637,3.081995862722397,19.64740105210607
-0.09203664064407349,-0.1952013909816742,1.9419845312833788,-59.93373924368781
-0.150823912024498,-0.020245814323425315,3.110403442382813,7.795518022457921
-0.2625729516148567,-0.27447303012013435,1.8068138018250466,-3.4874528525588024
-0.05415181517601014,-0.11002430319786072,2.550798553228378,15.31729495299885
-0.034514594078063954,-0.2505245804786682,2.79630429148674,-200.0
-0.2476025328040123,-0.11493210196495054,2.2651885002851486,16.243364092115847
-0.21088961362838743,-0.1797455817461014,2.665645515918732,19.68228851450123
-0.14743539690971375,-0.054742348194122326,1.7093724764883518,16.63021648045095
-0.1349242866039276,-0.17460129261016846,3.154440647363663,20.802324428317064
-0.22159827947616578,-0.04121065735816953,1.9859219789505005,-78.52478696974795
-0.259739425778389,-0.25354534685611724,2.4935696721076965,14.591348267822633
-0.022992253303527832,-0.13073480129241943,1.7494787290692329,-78.85242267022781
-0.03849243521690371,-0.2714890971779823,2.300821214914322,-200.0
-0.27994322776794434,-0.09433168172836304,2.832044768333435,-5.2886459317560295
-0.16683920323848725,-0.20045633018016815,1.6337781421840192,12.420388753376423
-0.07546173334121703,-0.033814913034439065,2.5901524841785433,7.216901784499154
-0.09668499827384949,-0.23779829442501066,1.5572260819375514,-200.0
-0.1836703062057495,-0.14677484035491942,2.725640141963959,19.236961061404607
-0.2953465570695698,-0.15738937854766846,2.164970448613167,13.885568411317575
-0.05887402296066285,-0.05812963843345642,2.9089600384235386,11.1407262802888
-0.0017363011837005504,-0.21766829788684844,2.410740095376968,-200.0
-0.24287577867507934,-0.016896003484725974,1.879622708261013,-200.0
-0.20623665153980253,-0.2872362110763788,3.0246597766876224,-0.029125955685442406
-0.11458454132080079,-0.07829171419143677,2.068388345837593,15.888514714560534
-0.11482068300247192,-0.23714239597320558,2.720950484275818,-44.87551551744828
-0.20596041083335875,-0.14710773825645446,1.5519675187766553,21.25544144952936
-0.2431488901376724,-0.15817287862300872,2.9568200409412384,20.783320013004506
-0.0014964044094085693,-0.05763137340545654,2.2134126305580137,8.781456953723401
-0.05859639644622802,-0.21683816313743592,1.8612870454788208,-200.0
-0.2955818851478398,-0.017420876026153553,2.3925651133060457,-200.0
-0.1834295243024826,-0.28790097758173944,2.103331929445267,-83.65170150870571
-0.09695665240287779,-0.0778944432735443,3.059455978870392,12.746721246006924
-0.07540955543518066,-0.1737734466791153,1.9673839896917342,-40.84229206523218
-0.16686052680015565,-0.041737818717956565,3.136468321084976,11.618891100460848
-0.27992789447307587,-0.25420782566070554,1.784637811779976,0.5296498055303525
-0.03855008482933042,-0.1303352415561676,2.5281498432159424,-4.9066894531681875
-0.023012101650238037,-0.2708354897797108,2.8271496176719664,-200.0
-0.2596863448619842,-0.09466686844825745,2.2957686513662336,-8.634183978150094
-0.22165509760379792,-0.20123754143714906,2.6382313549518583,19.539053149476207
-0.1349075496196747,-0.033314359188079845,1.6820011518895626,9.65679727961264
-0.14759404063224793,-0.1947017043828964,3.185383450984955,20.239623269512915
-0.21068178713321684,-0.02102789282798767,2.0164053618907927,-200.0
-0.24779750257730482,-0.2748084917664528,2.4658379495143894,10.559567232505719
-0.03434361219406129,-0.10937097072601318,1.722425675392151,-7.728866623121128
-0.05394310355186463,-0.25012531578540803,2.3265257716178898,-200.0
-0.2627301380038261,-0.1155948758125305,2.857805460691452,17.265629263497043
-0.15065154433250427,-0.18027359247207642,1.6114922113716603,17.329263538182996
-0.09223079681396484,-0.0539153516292572,2.5676146268844606,10.614565513048683
-0.10818745493888854,-0.29084850288927555,1.5826243497431278,-200.0
-0.17158646285533904,-0.09362390041351318,2.751707047224045,17.47621932516478
-0.284581109136343,-0.21162063181400298,2.1427964597940443,16.74067263770278
-0.07140190601348878,-0.003815943002700828,2.886310112476349,2.743367220728274
-0.018363422155380227,-0.16335457563400269,2.441587448120117,-200.0
-0.22683920413255693,-0.07112722992897033,1.9102016180753707,-22.928709465119866
-0.1888816773891449,-0.2340852230787277,2.9972443997859957,18.44898509209687
-0.1301862359046936,-0.1313418745994568,2.0410190731287003,22.00673149132993
-0.12522709965705872,-0.15325370728969573,1.7938303545117378,21.569117302265333
-0.19324060678482055,-0.062193650007247914,2.5371933579444885,12.806512118218425
-0.2301000326871872,-0.24186002165079115,1.9283798933029175,10.261216094405642
-0.01215970516204834,-0.14263687133789063,3.097418981790543,-27.19353845437017
-0.06697145104408264,-0.283095957711339,2.6522745907306673,-200.0
-0.289583158493042,-0.08236030340194703,1.6962066642940044,-200.0
-0.1776877552270889,-0.22173460721969604,2.7831390619277956,18.458264836534017
-0.10500272512435913,-0.012753456830978394,2.251816612482071,7.604606492379045
-0.08847554326057433,-0.2587790831923485,2.9709735214710236,-200.0
-0.15617773532867432,-0.12542510032653809,2.2275075942277907,19.574667463657356
-0.26950205639004704,-0.16929387152194977,2.6770505785942076,22.643447253306764
-0.051287090778350836,-0.0464466869831085,1.507905333302915,12.96649759851588
-0.028736740350723267,-0.20569463968276977,2.112427070736885,-200.0
-0.2516597628593445,-0.028500634431838978,3.068596363067627,-44.95893809281708
-0.21329946219921112,-0.2661771051585674,1.822186003625393,-14.618334669596408
-0.14088907241821289,-0.09957228899002074,2.3536130487918854,17.32144988029856
-0.13925557136535643,-0.2797827243804932,2.1785774171352386,-200.0
-0.21671709716320037,-0.10479056239128112,2.9219420671463014,19.873819843695163
-0.2535026863217354,-0.1899653524160385,1.5702086932957173,15.326457132620332
-0.026260954141616832,-0.025553226470947266,2.7392461478710173,5.918365046048322
-0.04357334375381472,-0.18505985140800474,3.037824195623398,-47.70499950673356
-0.27548660114407536,-0.049504029750823964,2.0817611455917358,-200.0
-0.16366374492645264,-0.24528396874666214,2.42411345243454,-10.07347191010314
-0.08153083920478821,-0.12024409174919129,1.8927861139178277,19.801866735310696
-0.10249947309494017,-0.20703090727329254,2.506527990102768,-25.518722360551525
-0.17964970171451566,-0.008780908584594738,1.7630571737885474,-101.00163161921652
-0.2929000899195671,-0.29538345308974384,3.1680201053619386,15.030902232509094
-0.06538372635841369,-0.08889711499214173,1.9988796889781952,19.363166691154632
-0.005334019660949707,-0.22968346774578094,1.6471757926046848,-200.0
-0.23755858093500137,-0.13613775372505188,2.603343451023102,22.498209372498444
-0.19927092790603637,-0.16799452900886536,2.314013144373894,19.845799048367056
-0.11741264462471007,-0.06627656221389772,2.845441836118698,12.025361581454844
-0.11997030973434447,-0.2237380653619766,2.2809798449277876,-40.76031073194636
-0.19734021127223966,-0.01080758571624757,2.812043046951294,-24.040721730955894
-0.2353715658187866,-0.28393127471208573,1.6670048385858536,-27.20495870952618
-0.00807482600212095,-0.08157854676246643,2.623332303762436,6.385252177273777
-0.06286725997924805,-0.24108514487743377,3.121160715818405,-200.0
-0.2948720008134842,-0.14346991181373595,1.9527962177991869,-4.6166342349441045
-0.18180466890335084,-0.15130096077919006,2.513464796543121,19.88722176001627
-0.09972662329673768,-0.06419938802719116,1.7694274812936783,15.008111197147915
-0.08435862064361571,-0.26364319771528244,2.3775623023509977,-200.0
-0.16145384609699248,-0.10215963721275328,1.8463944792747498,20.940432108294058
-0.2736062429845333,-0.20198515355587005,3.0446606874465942,19.546445527753658
-0.04599825739860536,-0.032267546653747536,2.088231843709946,7.826712121332424
-0.023465216159820557,-0.17305392622947693,1.5372759997844696,-200.0
-0.25574463307857515,-0.04273949861526488,2.7057466387748716,-58.39519934861591
-0.21855626106262205,-0.26137328445911406,2.1980985403060913,5.053934320196369
-0.13678947687149048,-0.12288889288902283,2.9422387540340424,17.92573774793564
-0.14336909651756286,-0.24677987694740294,1.9219878762960434,-83.94758163400653
-0.21143760681152343,-0.11865813732147215,2.4530559420585636,22.00921000537286
-0.24939502626657484,-0.18537618219852448,2.052597811818123,19.08675186589111
-0.0315463185310364,-0.04909363389015198,3.0089203119277954,10.326854482851276
-0.04883911013603209,-0.18955267667770387,2.7629745066165925,-70.47101785595774
-0.2713959597051144,-0.02587643265724182,1.5946116298437119,-200.0
-0.15840127766132353,-0.27819905430078506,2.8982001304626466,-38.678948566554624
-0.08562476634979246,-0.10627959966659545,2.1541611939668655,20.668500720279617
-0.10776194930076599,-0.1646486610174179,2.8693777143955232,17.821077766125295
-0.1755557656288147,-0.06952823996543883,2.338208270072937,17.49796116045039
-0.2876343235373497,-0.2251734673976898,2.5793944001197815,16.86501826050287
-0.06947436332702636,-0.14055755138397216,1.6229671776294707,-7.362751055528154
-0.009441679716110207,-0.2998055457137525,2.028288894891739,-200.0
-0.2322732165455818,-0.08438025712966918,3.1967546701431275,15.552337107215646
-0.19515740275382995,-0.21028028726577758,1.7336866497993468,14.889408127836365
-0.12269214391708375,-0.005441898107528709,2.4778317272663117,4.261201302222607
-0.1282898962497711,-0.2888218235224485,3.083586609363556,-200.0
-0.19132263958454132,-0.07691674232482909,2.1273070722818375,17.00970610328553
-0.22968297600746154,-0.21893920004367828,2.3683957755565643,17.895939499586394
-0.016137456893920876,-0.015268117189407349,1.8372735247015952,4.339315607345518
-0.0732570469379425,-0.1560224175453186,2.242186561226845,-4.240396796914133
-0.28209894374012945,-0.059725552797317505,2.9861648023128513,-42.66396110953352
-0.16877472996711732,-0.23616240173578262,1.5232068509794772,-32.85854536678666
-0.11044546365737914,-0.14803544282913209,2.6916193008422855,20.820042138907382
-0.09006434082984924,-0.19733262956142425,1.7109828934073448,-200.0
-0.153371724486351,-0.037167423963546775,2.667368596792221,11.433873570488267
-0.2652672350406647,-0.2680941760540008,2.2668003737926483,9.350764845569586
-0.05203303098678588,-0.09735116958618165,2.7980255484580994,16.324279833099848
-0.03647802472114564,-0.25688984245061874,2.552488398551941,-200.0
-0.2450452834367752,-0.12760080099105833,1.8084055364131928,17.484578604791146
-0.20818589329719545,-0.17762879133224485,3.112091463804245,19.448207179874537
-0.1495453119277954,-0.03782603144645691,1.9435776591300966,9.32689322530248
-0.13294265270233155,-0.18054040968418122,2.5917837619781494,19.18669075204283
-0.22417400479316713,-0.053737020492553716,1.6355058714747428,-200.0
-0.26246162205934526,-0.25156087428331375,2.8336746275424955,17.083878887742365
-0.02086413502693174,-0.1142529308795929,2.302550730109215,-12.644617318180213
-0.040482938289642334,-0.27345969155430794,1.7511862054467202,-200.0
-0.27737694829702375,-0.11080883145332335,2.4951693356037143,0.3584458866178366
-0.16412645280361174,-0.19453023076057435,1.987631329894066,18.399729708972934
-0.07759872078895569,-0.0212924122810364,3.1560388922691347,4.535359690625518
-0.09471255540847778,-0.229807810485363,2.069987452030182,-200.0
-0.1862185299396515,-0.13571278452873228,3.0263682663440705,18.023005010353703
-0.29804127858951684,-0.16025219857692719,1.8812199398875236,6.08495623780907
-0.05675509572029114,-0.07431793212890625,2.4124500036239622,15.956841310601602
-0.0036993026733398438,-0.21481820940971375,2.9106871724128727,-200.0
-0.24031868129968642,-0.0007112860679626687,2.166602689027786,-200.0
-0.20353305637836455,-0.2952125363051891,2.7273686945438387,-19.24659935083877
-0.11669402718544006,-0.08934876322746277,1.5588565364480018,18.88946742352662
-0.11489000916481018,-0.17100842893123627,2.9031222343444822,18.13376229090238
-0.20178368389606477,-0.044796699285507224,2.1591870576143264,-16.674763517079548
-0.2397045627236366,-0.2593172013759613,2.7747447550296784,17.018107616990257
-0.0031770229339599387,-0.12493321895599366,1.6060705989599229,-200.0
-0.05852277874946593,-0.2656898483633995,2.0507755309343336,-200.0
-0.29975374359637497,-0.10010586977005004,3.0074094116687777,-9.264062200535943
-0.18686898350715636,-0.20404011011123657,1.9137324899435044,17.888797016773783
-0.0952717423439026,-0.030219787359237693,2.4446967959403993,8.749916985632712
-0.0792920172214508,-0.24371657967567442,1.7321756482124329,-200.0
-0.16591101586818693,-0.14082677364349364,2.476009446382523,19.831175579472628
-0.27795301526784894,-0.15394298136234283,2.019929748773575,17.87688123163227
-0.04111422300338746,-0.06156912446022034,3.1884992837905886,11.729958627362445
-0.01913450360298158,-0.22110546827316285,2.5844202637672424,-200.0
-0.26064015179872513,-0.013447290658950783,1.6278892815113069,-200.0
-0.223634272813797,-0.2812903895974159,2.880836683511734,8.846970582314123
-0.13234827518463135,-0.08421224355697632,2.349978518486023,16.027409521219727
-0.1476677656173706,-0.297166087757796,2.5183998703956605,-200.0
-0.20651004910469056,-0.08701309561729431,1.7744663149118423,12.419020329503063
-0.2443582087755203,-0.2076462596654892,3.1329439342021943,19.027665785663633
-0.036028701066970814,-0.00808246135711671,1.9642681568861007,2.2403089199718473
-0.05387367010116578,-0.16729153990745543,1.6651955276727677,-200.0
-0.26690674424171446,-0.0668965458869934,2.6218342721462253,-37.826872854419165
-0.1540957063436508,-0.2278040438890457,2.272737428545952,-4.328762533175791
-0.09054999947547912,-0.13791584372520446,2.803696870803833,19.01016349762563
-0.11206523180007935,-0.19160620272159576,2.1966005086898805,-5.922040933236197
-0.1706328213214874,-0.02382953166961671,2.9404294431209568,5.001142807767151
-0.2826020557433367,-0.28024713769555093,1.528929820470512,-16.69415399886163
-0.0739612877368927,-0.10422497391700744,2.697504222393036,18.46439115543475
-0.014480781555175792,-0.2447229355573654,3.0496995210647584,-200.0
-0.22778854966163636,-0.12070389389991759,2.0931669175624847,22.300063892359198
-0.19085643589496612,-0.18333154320716857,2.389034241437912,20.826711560577497
-0.12762199044227598,-0.05114940404891968,1.858177697658539,16.17689159425769
-0.12325133085250853,-0.254842047393322,1.9824887365102768,-200.0
-0.1958078473806381,-0.12965571284294128,3.1512075781822206,17.84680244527001
-0.2339856818318367,-0.17557497918605802,1.7396105065941811,18.578901798108514
-0.011209362745285056,-0.03987264633178711,2.48348987698555,10.084107353464214
-0.06895208358764648,-0.19937698245048524,2.835276418924332,-44.39288973517648
-0.28702020607888695,-0.03511136770248413,2.304256281256676,-200.0
-0.1738063931465149,-0.2701514035463333,2.6002336978912357,-23.675252361379552
-0.10595793128013611,-0.09530569911003112,1.6436445280909537,19.895092388025326
-0.08503038883209227,-0.15865615904331207,2.7290742456912995,10.778776122323723
-0.15786154568195343,-0.057084703445434565,1.5604583278298378,14.438955945690214
-0.26957448944449425,-0.23880214244127274,2.9188258290290836,17.39316267530054
-0.04710947871208193,-0.14540289044380186,2.1750526249408724,-25.063422315500663
-0.03217760324478147,-0.28619153201580044,1.8763886258006095,-200.0
-0.24997109323740005,-0.07955873608589173,2.4073074102401737,-11.700583792228912
-0.21322216987609863,-0.21629603505134581,2.0583079934120176,17.000501735581615
-0.145062392950058,-0.017899525165557872,3.0147925674915315,7.476854136273459
-0.13727511763572692,-0.21217647492885588,1.5180772259831428,-35.37552646786874
-0.21928024291992188,-0.0033418357372284047,2.686800956726074,-80.8692714202475
-0.2573841422796249,-0.2925808120518923,2.230623781681061,-0.7944746422673736
-0.02530585527420043,-0.09199161529541014,2.97449831366539,11.499222524413257
-0.04554893374443053,-0.23244840949773787,2.3700105369091036,-200.0
-0.2729191683232784,-0.13307880163192748,1.8389920204877854,2.281371012603362
-0.1597780019044876,-0.16288508176803587,3.092049515247345,20.7261355219589
-0.0824810743331909,-0.07167851328849792,2.1354586988687516,15.137706569939148
-0.09905871748924255,-0.27551549300551414,3.1138099849224092,-200.0
-0.1813384652137756,-0.1087642192840576,1.9451924204826354,22.059960135716473
-0.2929775733500719,-0.19657601416110992,2.560640025138855,21.464683234419404
-0.06121058464050294,-0.019235497713088967,1.816868467628956,6.142527338869039
-0.008779066801071156,-0.1784857392311096,2.2619820296764375,-200.0
-0.23587467670440673,-0.055785065889358526,2.7928959250450136,-8.836727219290328
-0.1991983026266098,-0.24951393753290174,1.6993164047598839,-10.82908210884564
-0.12159007787704468,-0.11630641222000121,2.6558058679103853,18.75624109405907
-0.11916058659553527,-0.2687874399125576,1.6132107324898244,-200.0
-0.2010740876197815,-0.09672152996063232,2.569229388237,20.257093984244964
-0.2380800023674965,-0.19918405115604398,2.3346773982048035,18.01948407020458
-0.0059467077255249134,-0.035361313819885276,2.866268366575241,7.967556500235821
-0.06367211937904357,-0.17581804990768432,2.461019605398178,-34.631187016774376
-0.2911338362842798,-0.03968201279640199,1.717296051979065,-200.0
-0.1790919452905655,-0.25626473128795624,3.173716962337494,8.69531142454569
-0.10184987783432006,-0.1282894492149353,2.004842633008957,22.196977877312186
-0.0797448456287384,-0.21947215497493744,2.99211477637291,-52.48516246776456
-0.16196959018707274,-0.014780277013778709,2.0362007290124895,-20.209831023841623
-0.2748544581234455,-0.2905404008924961,2.4300247192382813,7.031778895090822
-0.04299584627151487,-0.07526156902313233,1.89853512942791,17.19091841727696
-0.028083282709121693,-0.23451185524463652,2.1444112211465836,-200.0
-0.25523375272750853,-0.14974948167800903,2.888028633594513,22.17199471131344
-0.21731290519237517,-0.15553003549575806,1.5910872556269169,20.811526647978262
-0.13979616165161132,-0.06026310324668885,2.759858673810959,13.648512943448628
-0.142564058303833,-0.16071259081363679,2.1050374805927277,22.50625731898296
-0.2151755779981613,-0.07375752925872803,3.061057770252228,14.749414244626859
-0.25210765600204466,-0.23145382404327391,1.8694257020950318,9.545236167071977
-0.029422974586486794,-0.13398504853248597,2.4010150492191316,-23.232185643527078
-0.049649012088775646,-0.29348935335874554,2.9519887268543243,-200.0
-0.26766227558255196,-0.09099016785621641,2.2082700371742248,-29.61713798952847
-0.1556929349899292,-0.21425319314002989,2.709271025657654,14.637097220077468
-0.08775299191474914,-0.0011762022972107156,1.5403918199241162,3.8487080917989327
-0.10314377546310424,-0.25218136310577394,2.6330886602401735,-200.0
-0.17606655657291412,-0.11355051398277283,1.6771698378026485,22.327680949942003
-0.28887748830020427,-0.1823190540075302,2.8155739188194273,22.500013729809595
-0.06646748185157775,-0.051858115196228016,2.2840891927480698,11.20281500082229
-0.014055562019348156,-0.19264678359031678,1.7862396031618117,-200.0
-0.23175756633281708,-0.023075687885284413,2.5298553943634037,-78.91327914005068
-0.19390937089920043,-0.2727618768811226,1.9758339256048203,-37.87856765534165
-0.1256947338581085,-0.1114247739315033,3.144606977701187,16.325785181800246
-0.12953664064407347,-0.20364889204502107,2.422615420818329,3.1275232939107376
-0.18832392096519468,-0.030557584762573253,1.8909768030047416,-39.004494435420014
-0.22507295161485671,-0.2641213394701481,3.029478019475937,16.870129562588303
-0.01665181517601011,-0.10161693692207335,2.0735187292099,-9.924519227209178
-0.07201459407806396,-0.2608259841799736,1.5752475269138813,-200.0
-0.2851025316864252,-0.12337158322334288,2.7441812217235566,11.28888648710727
-0.17338962256908416,-0.1713485062122345,2.190049356222153,21.48064369838897
-0.10993539690971374,-0.044398605823516846,2.93372528553009,9.48058941160789
-0.09277138710021973,-0.285727646201849,2.318948218226433,-200.0
-0.15124735236167908,-0.07971741557121276,2.8504806697368625,15.01647075047203
-0.26446119993925093,-0.22437630593776703,1.658959010988474,6.544161679972177
-0.05576543211936952,-0.010122871398925759,2.614815390110016,2.8000946324480784
-0.0337661147117615,-0.15062085986137388,3.166210794448853,-11.51689886195992
-0.24716535955667496,-0.06483310461044312,1.9973817080259324,-73.72035852704803
-0.20898763239383697,-0.23921945840120315,2.498285573720932,16.786840729737015
-0.14580804705619813,-0.14527090787887573,1.7547109976410866,22.166943121978257
-0.13418499827384947,-0.22704375833272933,2.781628060340881,-5.548864163516818
-0.22117029726505277,-0.13877034187316895,2.249994331598282,22.648791839898827
-0.25784656405448914,-0.16536083221435546,2.643915444612503,22.30147125085364
-0.02137402296066282,-0.0689174473285675,1.6879512779414654,12.135992290911684
-0.039236301183700584,-0.2096740365028381,1.9334057569503784,-200.0
-0.28037578761577603,-0.006149464845657371,3.1023410856723785,-200.0
-0.16873664259910584,-0.29801370883360506,1.8052893236279488,-200.0
-0.07708454132080078,-0.08625508546829222,2.5489636063575745,16.772837042396432
-0.0974242866039276,-0.18711362779140472,1.8271081075072289,-36.24757736912215
-0.1840982884168625,-0.04745737910270692,2.3586389124393463,6.121932895956622
-0.2972394185140729,-0.247331728041172,2.124197319149971,8.410897880887907
-0.06049225330352784,-0.11818914413452147,3.080055332183838,15.92308743887124
-0.0009924352169036754,-0.27772553265094757,2.6752282977104187,-200.0
-0.24244321882724762,-0.1068360686302185,1.5063943332992493,-9.250635745304898
-0.20433921217918394,-0.1879210352897644,2.9627181351184846,20.185163375710193
-0.11296173334121704,-0.027609318494796753,2.219148448109627,10.751732874105006
-0.11364759206771849,-0.1883914589881897,1.88527789413929,-10.89349367338265
-0.20478964447975156,-0.027054351568222057,2.416705775260925,-32.10775015293088
-0.24197802990674971,-0.2770355254411697,2.0759098142385484,-0.14810374163828777
-0.0003233492374420388,-0.10746442079544066,3.0320799171924593,-7.460278277541306
-0.05976941585540771,-0.2479577913880348,2.7467571794986725,-200.0
-0.2967527188360691,-0.11749684810638428,1.5776127606630326,-200.0
-0.18460030853748322,-0.18656094968318937,2.9277897000312807,21.404698653387985
-0.09812977910041809,-0.04793009161949158,2.184324583411217,11.619766550636228
-0.07658014297485352,-0.29864191794767975,2.852845865488052,-200.0
-0.16803351044654846,-0.08556493520736694,2.321524226665497,19.26339286908364
-0.28110082894563676,-0.20911892652511596,2.609090566635132,18.956074953096678
-0.03972077965736387,-0.006619745492935203,1.653023463487625,2.4558199459092536
-0.021841442584991433,-0.16583340167999266,1.9914720118045808,-200.0
-0.2585134372115135,-0.06836462616920472,3.1605119109153748,-2.0284251557490762
-0.22048209607601166,-0.22635131925344465,1.7573128700256349,11.360831762802224
-0.13373692631721495,-0.13939626216888426,2.5006767094135283,21.44867378420189
-0.14642112851142883,-0.23991876393556594,2.2442795902490618,-31.066156391293585
-0.20951107442378997,-0.14465185403823852,2.775709092617035,19.79596220345807
-0.24662688374519348,-0.15014142394065857,1.690333053469658,22.20184468733538
-0.033170664310455344,-0.06537905931472779,2.646501535177231,13.756988692555113
-0.055116087198257446,-0.22491997182369233,3.104953014850617,-200.0
-0.26390078365802766,-0.009641146659851052,1.9358135610818863,-200.0
-0.15182223916053772,-0.2851108811795711,2.5430705785751346,-200.0
-0.09340367317199708,-0.08041900992393494,1.7996005982160568,17.437206778336748
-0.10935829281806944,-0.1718943178653717,2.3610466659069065,12.361891640427576
-0.17275953590869902,-0.04391902685165405,1.8297201633453368,-1.4749073655079918
-0.2857542313635349,-0.2602067872881889,3.074366581439972,16.54650687003531
-0.07257263660430907,-0.12407074570655821,2.118304342031479,16.245040882644812
-0.017192655801773093,-0.26482279077172277,1.5004753307439387,-200.0
-0.22566605508327484,-0.10100002884864806,2.669513607025147,19.47449439555842
-0.18770862221717832,-0.20316702425479888,2.2217344880104064,20.11500724177537
-0.12901543378829955,-0.031101107597351074,2.965099948644638,9.7885185428154
-0.12639772295951843,-0.2722822979092598,2.575151598453522,-200.0
-0.19441355466842652,-0.11197058558464049,1.6189221933484077,23.730559854989377
-0.23127295821905136,-0.19334594607353212,2.8636790335178377,19.260004610030713
-0.01333043575286863,-0.022456490993499778,2.3322988778352736,5.901814446151805
-0.0658007562160492,-0.18170214593410491,1.7148915156722069,-200.0
-0.2884102776646614,-0.052559566497802745,2.4584043323993683,-200.0
-0.17651475369930267,-0.25272488594055176,2.010528090596199,-24.590298376485347
-0.10383206605911255,-0.11306864619255066,3.17961323261261,17.44187566715928
-0.08730241656303406,-0.21363413929939268,2.0335854053497315,-200.0
-0.155007004737854,-0.0018755078315734752,2.989710265398026,-0.8264285572428198
-0.26833120509982106,-0.29403530806303024,1.9044313490390778,-10.043603516027341
-0.05011399984359741,-0.0905107319355011,2.4357102274894715,16.869341697647663
-0.029909795522689797,-0.2309720993041992,2.8937400817871097,-200.0
-0.2528305694460869,-0.13452871441841124,2.1503334820270537,20.950192407947622
-0.21447024643421173,-0.16141418516635894,2.757480102777481,19.541315463599442
-0.14206223487854003,-0.07314076423645019,1.5884979352355004,20.364126107724264
-0.1404264450073242,-0.15483988523483275,3.066964173316956,20.828248415370386
-0.21789017021656037,-0.06089131236076356,2.110739657282829,-15.237176947574255
-0.25467578172683714,-0.23498213589191436,2.3984163939952854,15.40997012629867
-0.02743172049522402,-0.14919437170028685,1.8670313492417336,-200.0
-0.04240254163742063,-0.2899875797331333,2.205901548266411,-200.0
-0.27431346103549004,-0.07573413848876953,2.949416011571884,-14.63878385894877
-0.16249072551727295,-0.22009807527065278,1.546119873225689,-12.275821917372653
-0.0803600013256073,-0.01408783793449403,2.715203368663788,4.910068676498572
-0.10132652521133423,-0.25570976436138154,1.6745971098542214,-200.0
-0.1784789890050888,-0.12875987291336058,2.6307203233242036,18.84462340340089
-0.2917294979095459,-0.1764464020729065,2.290021485090256,21.77916377350769
-0.06421074271202087,-0.038992005586624134,2.821301984786987,7.381633452232251
-0.0065070390701293945,-0.1984917551279068,2.535557520389557,-200.0
-0.23872921764850616,-0.03598737716674805,1.7921460315585136,-200.0
-0.20044158697128295,-0.26926015242934226,3.142212599515915,10.248578109150323
-0.11858555674552917,-0.096168851852417,1.973235321044922,18.272320868900685
-0.12114111185073853,-0.24896111637353896,3.1486348628997805,-30.275225505412955
-0.1985133558511734,-0.11677898168563841,1.9801202476024629,22.9720666885796
-0.23654458969831466,-0.17911165952682495,2.4894222199916842,19.793265867931016
-0.00924566388130188,-0.05509262681007385,1.745338547229767,10.864915036081259
-0.06169638633728028,-0.19588586390018464,2.3099584579467773,-200.0
-0.29369893223047255,-0.019863706827163707,2.84118282198906,-200.0
-0.1806315779685974,-0.275985773652792,1.6412501625716687,-114.9674600331701
-0.09855585694313049,-0.10820910930633545,2.597635042667389,19.03449545077934
-0.08318560123443602,-0.16219278573989868,1.5663647435605526,-25.06051738747079
-0.16028320491313933,-0.07230457663536072,2.7347763717174534,16.018904956924768
-0.27243557944893837,-0.23292112201452253,2.172454020380974,12.286939784441545
-0.044825345277786255,-0.13252612352371215,2.9164314508438114,4.833927520364451
-0.024638164043426503,-0.29202584512531754,2.4049389719963075,-200.0
-0.25691534131765364,-0.09246203899383545,1.8738158851861955,-35.705616212804486
-0.2197268486022949,-0.21280482709407805,3.0205206334590913,20.335512604223872
-0.13796244263648985,-0.0026518285274505504,2.0642402857542037,-11.386231339740194
-0.1445397913455963,-0.21567912697792052,2.6841856837272644,8.560908550390678
-0.21261048316955566,-0.018600976467132546,1.515672699175775,-200.0
-0.25056802332401273,-0.2867350548505783,2.980394583940506,13.98868501356949
-0.03271697759628295,-0.07907686829566954,2.236309289932251,14.620510015884353
-0.04766848683357239,-0.23832256346940994,1.8447035193443297,-200.0
-0.27022300735116006,-0.14594870209693908,2.375932747125626,21.292138212699147
-0.157228347659111,-0.1593553215265274,2.1330801784992217,22.059947057499716
-0.08445403575897217,-0.0564655065536499,3.0894601821899417,9.563498840137228
-0.10658889412879943,-0.2696696788072586,1.951114681363106,-200.0
-0.17438496351242064,-0.09584936499595642,3.119521433115006,16.054380318919268
-0.28646354377269745,-0.2000785768032074,1.8142791599035264,16.936965200577113
-0.06830120086669922,-0.03449460268020632,2.558261454105377,7.153230093439385
-0.010614806413650535,-0.17495592534542084,2.7904914140701296,-200.0
-0.23344395160675047,-0.040571951866149925,2.2593667060136795,-71.64077507644383
-0.1963282495737076,-0.25538800209760665,2.6614913761615755,8.938813872938022
-0.12386523485183715,-0.12917627692222594,1.705212662369013,22.827311999567243
-0.1271169126033783,-0.18387520909309385,2.1615948617458343,11.919947854730843
-0.19015199840068817,-0.050667679309844976,2.905734264850617,11.178733237137552
-0.22851228564977644,-0.24410617053508757,1.6003818862140178,2.4086234215916527
-0.014964580535888672,-0.12140548825263978,2.768851727247238,-12.65249459018704
-0.0744299590587616,-0.2809464432299137,3.001490443944931,-200.0
-0.2832696609199047,-0.10360592007637023,2.0450607895851136,-48.06433202015083
-0.16994535326957702,-0.19112676680088042,2.447282886505127,21.6202311275812
-0.11161841154098509,-0.024375486373901356,1.9161142781376839,10.688341217544544
-0.09123510718345643,-0.2285054951906204,2.4702947556972505,-200.0
-0.15454486906528472,-0.13729893565177917,1.7262566551566123,20.942988902677364
-0.26644028574228285,-0.16680967211723327,3.1908810973167423,21.17675675420395
-0.05320383310317994,-0.06744006872177125,2.0225157886743546,16.278691169307475
-0.03530718684196471,-0.20819207131862638,1.6305013500154018,-200.0
-0.24387220591306685,-0.007602882385253917,2.5868280172348026,-200.0
-0.20701276659965515,-0.2965468908660114,2.344085541367531,-37.543732032145314
-0.1483745813369751,-0.08771225810050964,2.8751479327678684,15.020481034674425
-0.13176963329315186,-0.2819164529442787,1.7768315359950067,-200.0
-0.2230031669139862,-0.0835199475288391,2.5209758281707764,13.253101748917576
-0.2612908333539963,-0.2205527901649475,1.9585433840751647,12.07809454237057
-0.01969100832939147,-0.013920003175735496,3.1270083487033844,2.543899764745232
-0.04165602922439576,-0.15441340506076812,2.6159246265888214,-25.873010612740522
-0.27854771018028257,-0.06101415753364564,1.6594966061413288,-200.0
-0.1652973085641861,-0.2430265724658966,2.8062987685203553,3.8028892691455205
-0.07877177596092225,-0.1414551258087158,2.2751285135746,12.219509433722212
-0.09588321447372436,-0.20451267957687377,2.9347305595874786,-12.932370527265874
-0.1873914420604706,-0.029666966199874856,2.190690812468529,-20.065592298498878
-0.29921428486704826,-0.2649974092841148,2.6998953580856324,12.873668734074073
-0.05792571902275084,-0.10073179006576538,1.5315316833555699,16.76301435289189
-0.002528715133666981,-0.259945410490036,2.0957428753376006,-200.0
-0.23914570212364195,-0.12424306869506835,3.0520647168159485,20.921591104431084
-0.20236012637615203,-0.1704533189535141,1.852242137491703,18.803324351923102
-0.11552333235740661,-0.045266979932785056,2.3833094179630283,12.20379070075062
-0.11606306433677674,-0.2946690134704113,2.1280543148517608,-200.0
-0.20295450389385222,-0.08983063101768493,3.0845380783081056,17.834564351887387
-0.24087533354759216,-0.21543511748313904,1.833244550228119,12.292530654115689
-0.004350185394287109,-9.834766387939453e-06,2.36416249871254,-0.20173813808579621
-0.05734965205192566,-0.15955303609371185,2.98190558552742,-3.8195165476810296
-0.29858299931511284,-0.07493712902069091,2.23813157081604,-200.0
-0.18569814562797546,-0.2302873894572258,2.6925448298454286,17.027254096935636
-0.09409865140914916,-0.1351669728755951,1.5239280871115626,17.587426349241795
-0.07812132239341735,-0.19382863640785217,2.6633136570453644,-31.122635891162272
-0.16473812162876128,-0.02190917730331421,1.706723663955927,-30.331299051817695
-0.2767800271511078,-0.27394141629338264,2.7987468004226685,14.626534450676436
-0.03994356393814086,-0.11026516556739807,2.2677258521318437,7.002171211805109
-0.020305126905441284,-0.25101491957902905,1.8093570560216903,-200.0
-0.2618131130933761,-0.11473236680030821,2.5532355904579163,14.092796805275153
-0.2248071849346161,-0.18115946352481843,1.93934443295002,18.055607859189305
-0.13351900577545164,-0.05303771495819093,3.108062463998795,11.284424761849715
-0.1488407850265503,-0.17700287103652954,1.6362113289535045,18.399288305116887
-0.20768067240715027,-0.03851847052574159,2.59269996881485,-11.10799092511832
-0.24552888125181196,-0.2574426636099815,2.298486518859863,12.466033134812042
-0.03720161318778992,-0.12712823152542113,2.82939960360527,2.1323601721707526
-0.05270072221755981,-0.267623895406723,2.490920251607895,-200.0
-0.26573604494333264,-0.0979062795639038,1.7471478581428528,-56.4269109811533
-0.15292510986328126,-0.19802277982234956,3.1569810390472415,20.44048150088248
-0.0893770158290863,-0.036539214849472035,1.9883626639842988,10.524304858827092
-0.11089442968368529,-0.23568968921899797,3.0223299443721774,-30.73603125985599
-0.16945969462394714,-0.1485881209373474,2.065738317370415,20.567488273284273
-0.2814290229231119,-0.15671471357345582,2.4131813883781437,21.531144275837303
-0.0727904498577118,-0.059099489450454706,1.8821620613336565,13.790580053402186
-0.015651655197143566,-0.21831084787845612,2.1675189465284346,-200.0
-0.22896160930395126,-0.015958124399185203,2.911392617225647,-46.71052185736379
-0.19202954471111297,-0.28937679044902326,1.5545815251767636,-200.0
-0.12879275679588317,-0.0764463186264038,2.723304331302643,13.844181932052889
-0.12208067178726195,-0.21083296537399293,2.8111300826072694,0.2052467651327774
-0.19463495314121246,-0.004969185590743996,2.2802711069583896,-74.09569514923885
-0.23281266689300537,-0.2991794823668897,2.6276040852069853,-4.498971925504543
-0.010038739442825295,-0.0850725531578064,1.6710723049938678,-9.359627413453236
-0.07012267112731935,-0.22586347460746764,1.9568378329277039,-200.0
-0.28819317631423474,-0.13992919921875,3.125406557321549,19.990116313122545
-0.17497934103012083,-0.16417823731899261,1.7686928793787957,20.387671840397147
-0.10712862610816956,-0.07008320689201356,2.5125258922576905,13.183382885922086
-0.08620340824127196,-0.27889149338006974,1.850640346109867,-200.0
-0.1590323656797409,-0.10565367937088013,2.381603866815567,18.395500721421058
-0.2707452893257141,-0.18908010721206664,2.087292990088463,20.172168215372427
-0.048282605409622203,-0.026429253816604603,3.0439260601997375,4.969101373009502
-0.0310045123100281,-0.18593129217624665,2.7050379514694214,-200.0
-0.24880034029483794,-0.048623353242874146,1.536362997442484,-200.0
-0.21205129623413085,-0.24615166783332823,2.9463062584400177,18.646468749790003
-0.14388933777809143,-0.11934828758239746,2.202370271086693,19.45399138470276
-0.13610435128211976,-0.2619900494813919,2.452101230621338,-88.01578181487754
-0.2181070804595947,-0.12218729853630064,1.9212439015507699,23.30938525046228
-0.25621110051870344,-0.17251026034355163,3.013156932592392,20.688090555408664
-0.024135053157806396,-0.04322122335433959,2.0566235184669495,11.908416311774252
-0.04671977162361146,-0.20246458947658538,1.5986633650958537,-200.0
-0.27409225478768345,-0.03172159194946289,2.767236965894699,-200.0
-0.16095111072063445,-0.2629438921809196,2.15344323515892,-60.270944061198634
-0.08365180492401122,-0.10277869105339049,2.8972713589668277,17.717414301851303
-0.10023170113563537,-0.15178282856941222,2.3424707800149918,17.590119028327525
-0.18250912427902222,-0.06365586519241334,2.8734294116497043,15.312868069029044
-0.2941482553258538,-0.24038369357585906,1.6220384441316127,0.45693904319372813
-0.062383460998535145,-0.14408681988716124,2.578676390647888,4.142310065743093
-0.007606154680252053,-0.28455047160387037,3.196010720729828,-200.0
-0.23470395058393478,-0.0808793842792511,2.0273341327905654,-11.556386020947894
-0.19802769720554353,-0.2231922537088394,2.4818574845790864,19.067359238870765
-0.1204171299934387,-0.011287164688110363,1.7379231438040734,0.9717548663776228
-0.11798974871635437,-0.1684739649295807,2.5414558172225954,18.547254824798074
-0.1999009966850281,-0.06573060750961304,1.7978820770978927,-2.4430173562446207
-0.23690688908100127,-0.22898416221141815,3.0964902102947236,19.744332624111024
-0.004775977134704568,-0.1367568075656891,1.9276619344949721,-200.0
-0.06484288573265076,-0.29600021811202165,1.6954626768827439,-200.0
-0.29230699483305217,-0.08819552063941954,2.6513198792934416,-37.048477188777966
-0.1802649825811386,-0.20648724138736724,2.2558423191308976,19.42933247702569
-0.1030206799507141,-0.009262633323669445,2.787375581264496,6.045633420456987
-0.08091775774955748,-0.2459031656384468,2.2265528321266173,-200.0
-0.16314032077789306,-0.11954492926597596,2.970229572057724,16.940851201305264
-0.27602506801486015,-0.18451403975486755,1.5121418178081512,16.665254147978533
-0.04416879415512087,-0.049983608722686756,2.6810763359069822,10.75164454250622
-0.026910299062728904,-0.19044722020626068,3.072648060321808,-200.0
-0.25406309366226193,-0.025009703636169445,2.1166895806789396,-200.0
-0.21614222824573515,-0.27908127307891845,2.352895039319992,-5.772476179318975
-0.1386232852935791,-0.10540747046470642,1.8212572574615478,19.4972039478735
-0.14139347076416015,-0.26686711236834526,2.9261879086494447,-42.514467948509065
-0.21400261223316192,-0.09894393682479857,2.182619032263756,19.58317118454228
-0.2509347125887871,-0.20522421598434448,2.7383072435855866,18.630915991841917
-0.028252261877059925,-0.029055601358413674,1.5694741040468216,9.108621785274202
-0.05081967115402222,-0.1698465496301651,2.0810524076223373,-86.1648629205679
-0.26883517652750016,-0.04597397446632384,3.0369112312793733,-42.582225227174256
-0.1568659543991089,-0.25815301984548567,1.896853592991829,-86.27280764562143
-0.08892361521720885,-0.12611739635467528,2.4283852338790894,20.24454100711448
-0.10431686639785767,-0.2222897171974182,1.762144184112549,-200.0
-0.17723730504512786,-0.012283176183700562,2.5058193027973177,-17.480815268356015
-0.29004835747182367,-0.28246774859726426,2.0031514704227447,-1.5562219641414607
-0.0676405370235443,-0.08305045366287231,3.172087609767914,14.481834959921848
-0.012882542610168468,-0.24255246073007583,2.607385015487671,-200.0
-0.23058674186468125,-0.1420109510421753,1.6514216721057893,23.253004621492757
-0.19273856878280637,-0.15278113782405853,2.8447072088718413,19.158303281551085
-0.12452160716056823,-0.06274647116661072,2.313074290752411,14.47028972932221
-0.13070958852767944,-0.23361494243144987,1.5479291809722782,-200.0
-0.18949461579322813,-0.13189698457717894,2.716701400279999,19.06279868941213
-0.22624355256557466,-0.16404472589492797,2.2141439646482466,20.7034800802389
-0.017824798822402954,-0.07049902081489562,2.957762187719345,12.121454768191546
-0.07084157466888427,-0.21099471151828764,2.393481320142746,-200.0
-0.2839319039136171,-0.004508382081985451,1.8619925156235695,-200.0
-0.17221894562244414,-0.29140132404863833,3.0551809549331668,-32.237636979788995
-0.10876248478889464,-0.09315133094787598,2.0992677181959154,17.817122836322675
-0.09160051345825196,-0.17964524030685425,3.137173765897751,7.510172715735564
-0.15007429718971252,-0.05460535883903503,1.9683002471923827,16.301249889535793
-0.26328809559345245,-0.2506802827119827,2.524085581302643,14.824802651354343
-0.05459466576576233,-0.11512445211410521,1.7803628131747247,8.047670478906209
-0.03493691682815553,-0.2743357792496681,2.291519516706467,-200.0
-0.2483384907245636,-0.1099236488342285,2.8231112957000732,18.598978347722415
-0.2101606696844101,-0.1953940004110336,1.6829432860016822,15.528236860692942
-0.14697888493537903,-0.0204018294811249,2.63896273970604,6.747446193329524
-0.13535812497138977,-0.20053837895393373,2.012350371479988,0.7746165311333719
-0.22234104573726654,-0.03393355607986448,3.1811242341995243,-6.6749755258064525
-0.2590174064040184,-0.2713150687515736,1.723146876692772,-4.8708857050601555
-0.02254711389541625,-0.09412105679512023,2.4667634785175325,7.257972084763539
-0.038063246011734,-0.2536643028259277,2.8587569296360016,-200.0
-0.27920497208833694,-0.13081710934638976,2.327272963523865,10.501878417283269
-0.16756587624549865,-0.17439035475254058,2.563381350040436,22.047290855440643
-0.07591137886047364,-0.041036367416381836,1.607463224232197,11.262486385759976
-0.0962536633014679,-0.28735502287745474,2.75245423913002,-200.0
-0.1829253226518631,-0.07837387919425964,1.5835758313536643,16.550771349353646
-0.2960665016435087,-0.21745721697807313,2.8822811126708983,19.197702814321573
-0.05932152271270752,-0.016721570491790794,2.1385632336139677,4.812409693695961
-0.0021631300449371227,-0.15747128427028656,1.905942375957966,-200.0
-0.24361611306667327,-0.05824813842773438,2.437532508373261,-32.70278598977012
-0.20551219582557678,-0.23762412071228026,2.0419445514678953,10.954425449064837
-0.11413239240646361,-0.14656407237052918,2.997965651750565,20.575299203308376
-0.11368403434753419,-0.15788742899894714,1.9315799802541733,17.713843406908396
-0.2053385317325592,-0.057932996749877924,3.1000425636768343,11.73042400397499
-0.24318669140338897,-0.23686009347438813,1.7938655659556388,8.254516573055582
-0.0020449697971344216,-0.14741021990776063,2.5380009412765503,-200.0
-0.05973268747329713,-0.28820117376744747,2.783459866046906,-200.0
-0.2962029757909477,-0.07760984301567078,2.252287229895592,-200.0
-0.18339193761348724,-0.21714208424091339,2.6553448259830477,19.717156155291274
-0.09640901684761047,-0.01713770627975464,1.6989079013466835,9.315519237339316
-0.07573775053024293,-0.25392564833164216,2.677053213119507,-200.0
-0.16711755394935607,-0.1306378662586212,1.508693612087518,20.546760535337267
-0.27908678725361824,-0.17348812222480772,2.9741410315036774,22.24455773299302
-0.037633806467056274,-0.0420395851135254,2.230111873149872,10.466606690296896
-0.022683548927307118,-0.20154158771038055,1.8252755418419837,-200.0
-0.2594285309314728,-0.03303133249282836,2.3563468754291534,-200.0
-0.22249641716480256,-0.2711358234286308,2.1127671778202055,-2.679080937974053
-0.13582475781440734,-0.09438241124153138,3.06909955739975,14.351276359455461
-0.1465311348438263,-0.2751101128757,1.5725657321512698,-200.0
-0.2099875956773758,-0.10908551216125487,2.741026681661606,20.565334548518376
-0.24790847450494766,-0.19500417709350587,2.1794297367334368,17.901597909654463
-0.03481814861297605,-0.02074558138847349,2.92356675863266,4.234827637820761
-0.05500636696815492,-0.17998898327350615,2.4253032445907596,-64.23009378866
-0.2634251184761524,-0.054215544462203974,1.894125719368458,-200.0
-0.15054035782814026,-0.24984213709831238,3.0401032626628877,-6.63905274076561
-0.09175533056259155,-0.11589878797531128,2.0836712270975113,21.506128094565067
-0.1085893929004669,-0.21192326545715331,3.168891727924347,-2.759497046823064
-0.17177117764949798,-0.0035337746143341286,2.000537008047104,-59.284277300371926
-0.28381317704916,-0.2911502726376057,2.5089043319225315,8.283599100015724
-0.07041159868240357,-0.09333858489990235,1.764870284497738,20.623152178719327
-0.017961841821670543,-0.23380220532417295,2.3162596344947817,-200.0
-0.226655276119709,-0.131645929813385,2.847332614660263,21.183119441807804
-0.18964939713478088,-0.16307012736797333,1.6483330078423024,18.901122453006693
-0.13117561340332032,-0.07142756581306459,2.604663753509522,14.168832987837968
-0.12438400983810424,-0.24155868440866468,2.9550913870334625,-25.617091088638777
-0.19232633113861083,-0.14292261600494385,2.211003711819649,20.260293702576732
-0.2304302304983139,-0.15295093059539794,2.719481432437897,20.916273210816563
-0.012414729595184304,-0.06247567534446716,1.5509595658630133,9.428156271523633
-0.06781534552574159,-0.22201891243457794,2.101940444111824,-200.0
-0.29049779400229453,-0.012452977895736683,3.058318066596985,-200.0
-0.17735662758350373,-0.2833794057369232,1.8592213243246078,-200.0
-0.10474748611450194,-0.08205667734146119,2.3904416859149933,15.236875923028597
-0.08851134181022643,-0.16899096965789795,1.7831361830234527,-19.02664749727753
-0.1567283034324646,-0.04672856926918029,2.527122581005097,13.529591688415941
-0.26836741268634795,-0.25847760289907457,1.9656227588653565,5.096674979744802
-0.05066320896148682,-0.12571070194244385,3.1340400993824007,11.968374812882843
-0.02870172858238218,-0.26646042466163633,2.636184936761856,-200.0
-0.25110955238342286,-0.09926851987838745,1.6799103014171124,-26.375039255535143
-0.21443317830562592,-0.20597881972789764,2.8257774353027347,20.342489711938736
-0.1415127396583557,-0.02820001244544984,2.294663316011429,9.18402506623694
-0.13848506212234496,-0.19025110602378845,2.4632662475109104,16.833432898323444
-0.21572937369346618,-0.025251889228820823,1.7191737085580825,-200.0
-0.25390719920396804,-0.2800647564232349,3.184731507301331,17.13229318603248
-0.02644309401512146,-0.10448779463768004,2.0162145107984544,-3.8040626623618223
-0.04434306621551515,-0.24498348981142043,1.610969714075327,-200.0
-0.2764739736914635,-0.1205284059047699,2.567345702648163,10.575413991231681
-0.16326016187667847,-0.18475623428821564,2.323668882250786,21.712017934416888
-0.08134891390800475,-0.049787485599517844,2.8548908650875093,9.084752971705054
-0.1026078701019287,-0.2956653283908963,2.142163819074631,-200.0
-0.1801268130540848,-0.0885942041873932,2.886151838302612,17.40761944317152
-0.2918397573754191,-0.2073164999485016,1.5800719443708657,12.297165474551786
-0.06468695998191834,-0.008479428291320812,2.7484876573085786,2.9824895196156342
-0.005224835872650158,-0.16769075095653532,2.99435493350029,-200.0
-0.23708111196756362,-0.06655987501144409,2.038085174560547,-38.896401276707614
-0.2003321886062622,-0.2293828412890434,2.4410323739051822,17.735887179001143
-0.11810962557792662,-0.13642192482948304,1.9099133908748627,22.928272405352693
-0.1202989339828491,-0.28364796079695226,2.368127053976059,-200.0
-0.19759823977947233,-0.08188231587409972,1.8367509260773658,14.65887019430438
-0.2345303177833557,-0.22345388531684873,3.0806722164154055,19.76959955002466
-0.007157832384109497,-0.011108207702636708,2.1244500815868377,3.143730907595482
-0.06253885030746459,-0.15160386264324188,1.5199549870565534,-46.43962740895873
-0.29461490046232935,-0.06391750574111937,2.689047396183014,-200.0
-0.18264555931091309,-0.24138661623001098,2.2419958114624023,3.122407627507151
-0.10064283013343811,-0.1431843101978302,2.9855126559734346,19.71883431012421
-0.08322240114212034,-0.20170084834098817,2.263866373896599,-69.57620685553441
-0.16083296835422514,-0.03256802558898925,2.795136284828186,9.523136405805364
-0.2736438989639282,-0.26335974410176277,1.7106945648789407,-3.191612026541282
-0.04654610753059385,-0.10246326327323912,2.6668137252330784,14.871646940620249
-0.02460165023803712,-0.26167463064193724,3.1119329869747165,-200.0
-0.25636644065380093,-0.1226031482219696,1.942945119738579,10.156889834998694
-0.21851824522018432,-0.17335670292377472,2.5492688059806827,19.60858563971674
-0.13624082207679747,-0.042457473278045665,1.8058532640337943,14.13763096232013
-0.14377060532569885,-0.18567996025085448,2.832536917924881,20.689651044439646
-0.21162132024765012,-0.04881032109260558,2.301159143447876,-15.135748200197831
-0.24862723499536513,-0.24708050787448882,2.5896605372428896,16.658585705002736
-0.030556726455688465,-0.11837396621704102,1.6334400489926337,-31.5558263628083
-0.04843738675117493,-0.2779171720147133,1.985222512483597,-200.0
-0.27121131867170334,-0.10658251047134398,3.1543100357055667,14.159755285165165
-0.15916942656040192,-0.1892670840024948,1.7501783475279808,17.087300011064897
-0.08661514520645142,-0.026177912950515747,2.493700081110001,7.373592660712001
-0.10669861435890196,-0.2254739373922348,1.8791289880871773,-200.0
-0.1748605728149414,-0.14027323722839355,2.410403788089752,19.710208662104144
-0.28774544075131414,-0.16495227813720703,2.068882015347481,18.694871741857902
-0.06994961500167846,-0.069244784116745,3.0249962866306306,12.456086425626717
-0.01050480008125304,-0.20999453365802764,2.7263412296772005,-200.0
-0.2329674795269966,-0.005743235349655151,1.5573550026863814,-200.0
-0.1950466364622116,-0.2995235189795494,2.9082587480545046,-24.97031861576722
-0.12221767902374267,-0.08468302488327026,2.1648415595293047,16.347320644499085
-0.1283249795436859,-0.2186351537704468,1.66834454536438,-60.731561486960196
-0.19187306463718412,-0.015551143884658836,2.6245218932628633,-21.964009264159515
-0.22854933142662048,-0.2885214932262897,2.2828900277614594,-9.124893608637088
-0.015514004230499256,-0.07720119953155516,2.8143219113349915,10.984774133756623
-0.07322103381156922,-0.23644457012414932,2.515245532989502,-200.0
-0.28154830634593964,-0.14773281812667846,1.7717844188213348,5.918325653384478
-0.1699091613292694,-0.15630774199962616,3.122785609960556,19.530633404440675
-0.11106927394866942,-0.05942378640174867,1.9536484360694886,14.698002353084712
-0.08922051787376403,-0.26779397651553155,3.046551263332367,-200.0
-0.15245730578899383,-0.09763576984405517,2.0904784351587296,19.084182921763496
-0.26559843644499775,-0.1970287084579468,2.3788824021816257,19.223281222824856
-0.05228848457336427,-0.03745059370994569,1.8475517958402634,9.514880297272912
-0.03732091784477232,-0.17791424095630645,2.1997557073831557,-200.0
-0.24595948755741118,-0.0375244081020355,2.9431105792522434,-33.2342916577008
-0.20785548090934752,-0.25717215389013287,1.5390890028327704,-20.235818271640618
-0.14929021596908568,-0.1272983193397522,2.7081231832504273,18.662969188534074
-0.13305176496505736,-0.2518439009785652,2.05306853055954,-200.0
-0.22465125918388368,-0.11394887566566467,3.0092410147190094,20.24747651475333
-0.2614002898335457,-0.18082485795021058,1.9246892273426055,20.457440789484796
-0.020166939496993996,-0.05343668460845946,2.4561259746551514,12.401976275118383
-0.040374755859375,-0.194227597117424,2.9008239150047306,-200.0
-0.2768999062478542,-0.0215745806694031,2.157361179590225,-200.0
-0.16518699824810026,-0.2731579184532165,2.7637822926044464,-29.870467515066128
-0.07829555869102478,-0.1110941469669342,1.5946467462927103,20.757031532792407
-0.09394276142120361,-0.16053680777549742,2.5821280241012574,12.841235261866888
-0.18523094058036804,-0.07401773929595948,1.6260568171739578,13.035555822025177
-0.2984447884373367,-0.23009098023176194,2.8698807060718536,17.72445736152926
-0.0569368064403534,-0.13540887236595153,2.338548478484154,2.552958249643069
-0.0044700264930724876,-0.2949109191074967,1.7344748288393022,-200.0
-0.24130648523569107,-0.08963422179222105,2.477834564447403,7.638084405730556
-0.20312875807285308,-0.2145157366991043,2.0308930724859238,17.334031798156047
-0.11651195883750914,-0.0009935975074767955,3.1999223828315735,4.71880909299168
-0.11595277190208433,-0.25903402268886566,1.7418321713805198,-200.0
-0.2024783045053482,-0.1252371311187744,2.4854576647281648,21.071520292642234
-0.2395940199494362,-0.170723819732666,1.983724480867386,20.735162091335116
-0.002702343463897694,-0.04509689211845397,3.1525007247924806,9.243863225057705
-0.057459086179733276,-0.204342582821846,2.601132476329804,-200.0
-0.2990589078515768,-0.02993747591972351,1.6452232673764229,-200.0
-0.18698031306266782,-0.2659914694726467,2.837575751543045,0.3106716074509528
-0.09574677944183349,-0.09982041120529175,2.306094217300415,18.997868583095833
-0.07888993620872498,-0.15365853309631347,2.9200419664382933,11.857202815367888
-0.1657267302274704,-0.061869460344314564,2.1763134986162185,16.631048887229564
-0.2787213787436485,-0.24343356192111967,2.7312763035297394,15.835539770647292
-0.04210438728332522,-0.14113082885742187,1.5623938363045453,-71.09421831793726
-0.019535654783248924,-0.2815921582281589,2.0606395989656447,-200.0
-0.2608242228627205,-0.08392692804336546,3.0166501104831696,4.423065520686439
-0.22286669611930848,-0.22140810191631316,1.8773196771740914,13.800663215339805
-0.13135846853256225,-0.013165122270584084,2.4089057564735414,5.4719766163280354
-0.1488045573234558,-0.20795018076896665,2.233636665344238,8.750931799069367
-0.20713149905204772,-0.007799291610717796,2.977257269620895,-28.91053697041979
-0.24431997835636138,-0.2974662836641073,1.5184439870528876,-49.369245761516574
-0.035480278730392445,-0.08672849535942076,2.687225115299225,14.372782591884173
-0.05273780822753907,-0.22752174139022827,3.0921311855316165,-200.0
-0.26628551110625265,-0.1382183253765106,2.1362203299999236,17.773792580403615
-0.1541331499814987,-0.16700609028339386,2.37315291762352,22.464796292272116
-0.09109806418418884,-0.0671981692314148,1.841673029959202,14.993860728390235
-0.11173717975616454,-0.28054747134447094,2.5610390543937687,-200.0
-0.1703753650188446,-0.10394051671028137,1.8173122331500053,21.908629657338913
-0.28344273269176484,-0.19191024899482728,3.116855090856552,20.873438905468177
-0.07487770915031433,-0.023546504974365223,1.94797098338604,7.728755537148455
-0.01480976343154905,-0.18304621875286103,1.7024391785264015,-200.0
-0.22804622054100038,-0.05145117044448852,2.658454579114914,-12.023817474516973
-0.19001497328281403,-0.244440758228302,2.26204409301281,5.371602584796534
-0.1267052114009857,-0.12100651860237122,2.793625283241272,18.66646349266201
-0.12402169704437255,-0.17527136206626892,2.7719339191913606,19.008866221097396
-0.1967960089445114,-0.040156102180480935,1.603109645843506,-61.48960705472901
-0.23358160257339478,-0.2545415684580803,2.9025424361228946,18.329645350905626
-0.011027079820632946,-0.1299400269985199,2.1589759409427645,-66.94267506050522
-0.06818193197250366,-0.2704334378242493,1.9130227386951448,-200.0
-0.28603297434747216,-0.09500293135643004,2.4445632457733155,-32.516923426975794
-0.1742101192474365,-0.19966273605823515,2.0482501864433287,18.934283785543663
-0.10613942742347718,-0.03481003046035769,3.0041113913059236,8.200225195499891
-0.08492184877395628,-0.23850152045488357,2.019330343604088,-200.0
-0.15738486349582673,-0.14568706154823302,3.188255894184113,18.842300304440176
-0.27063525170087815,-0.15835238099098206,1.7293452054262162,18.00770932784532
-0.0478061020374298,-0.05736801624298096,2.4730162203311923,12.802274308346263
-0.03228635787963868,-0.21658162772655487,2.8783436119556427,-200.0
-0.2504487052559852,-0.017598044872283947,2.3467001050710676,-200.0
-0.21216105222702025,-0.2864734064787626,2.583742785453796,-7.921590518191447
-0.14436498284339905,-0.0792558252811432,1.6277753382921218,20.566874893747695
-0.13811836838722227,-0.29286426063627,3.130924266576767,-89.3941261958863
-0.2201940894126892,-0.0916879892349243,1.9620983719825746,10.98348354757573
-0.2570535153150558,-0.2124607801437378,2.516951084136963,17.531581642363488
-0.025050973892211892,-0.0030413568019866943,1.7733862102031708,0.3244461791825415
-0.04470546841621398,-0.16258230507373808,2.271210569143295,-58.17157814971637
-0.2720043897628784,-0.07196053862571716,2.8027462124824525,-24.46308541879927
-0.16010898649692534,-0.23214707225561143,1.6635132312774659,-30.392115625168717
-0.08273674249649046,-0.1333645462989807,2.619379299879074,18.12085137754534
-0.0990230619907379,-0.1968601942062378,1.5275133039802313,-93.51892187241125
-0.18078746795654296,-0.01893487572669983,2.696443724632263,-6.83837895753709
-0.2941117901355028,-0.27579881250858307,2.1946131139993668,4.247259617334136
-0.06183460950851441,-0.10846045017242431,2.9382792651653293,16.98237546049279
-0.008814525604248058,-0.24921246170997619,2.387332338094711,-200.0
-0.2364247441291809,-0.11659201383590698,1.8556904524564743,16.497853991723144
-0.19806444346904756,-0.1781828373670578,3.048153054714203,19.99093325273549
-0.12096683979034423,-0.05606694817543029,2.0921839863061904,14.846809014002961
-0.11875922083854676,-0.19889845848083496,3.0285275638103486,9.781770469794733
-0.2008899450302124,-0.035662776231765725,2.0719917684793474,-35.79846436237534
-0.2388473644852638,-0.26850555986165997,2.42016065120697,10.845412938744904
-0.006936442852020275,-0.09702444076538086,1.889294405281544,-23.02590256914661
-0.06407427191734313,-0.2565653622150421,2.1878796726465226,-200.0
-0.29131833650171757,-0.12800527811050413,2.931705415248871,13.95915712458153
-0.17832365334033967,-0.17612182796001435,1.5741675298660993,19.0458368329056
-0.1008599281311035,-0.03939869999885559,2.742732232809067,9.0087138870596
-0.08080832362174986,-0.2902583733201027,1.6564716644585133,-200.0
-0.16266435384750366,-0.07556433677673338,2.6131136894226072,16.931983291041814
-0.27474291175603865,-0.21918640136718748,2.3179651856422425,15.846755369085209
-0.04252073764801023,-0.015081614255905151,2.8489344060420994,3.00749254825467
-0.027020591497421254,-0.15583365261554719,2.497224873304367,-62.33422280252027
-0.2545393422245979,-0.059979647397994995,1.753294585645199,-200.0
-0.21742351949214933,-0.2348123252391815,3.164060413837433,20.59023874136662
-0.14027105569839476,-0.14946516752243041,1.995394414663315,22.75943839253638
-0.1422352910041809,-0.23175529539585113,2.6437820971012114,-7.525786117282198
-0.214917978644371,-0.1336994469165802,1.6872414253652095,23.690307411845733
-0.25294933319091795,-0.16101549267768858,2.7783302426338197,21.904139475708263
-0.030339807271957397,-0.07347564697265624,2.247468885779381,14.590280164495914
-0.04997699260711669,-0.21396902203559875,1.802328471839428,-200.0
-0.26791951954364773,-0.0014768242835998535,2.5461525678634644,-200.0
-0.1548521876335144,-0.29320603944361207,1.9331947416067123,-200.0
-0.08683635592460631,-0.09129393696784974,3.1017610847949983,15.250577981145636
-0.10427985191345215,-0.182621830701828,2.1209188044071197,-5.785255951557392
-0.17668786346912385,-0.0515760898590088,3.077562463283539,13.13789881437053
-0.2888402592390776,-0.2524827092885971,1.8269940629601478,1.3301585173415047
-0.06591948866844177,-0.1132647693157196,2.3579616367816927,17.625492657370568
-0.012918698787689198,-0.2724784232676029,2.9624745428562163,-200.0
-0.23113590180873872,-0.11172839999198914,2.218549144268036,19.877705613081982
-0.19394752979278562,-0.19236247837543485,2.672234869003296,21.110538540224002
-0.1262429416179657,-0.023376166820526123,1.5035639870911837,4.60828682670849
-0.12942767143249512,-0.2638195663690567,2.3354391306638718,-200.0
-0.18784623742103576,-0.10190225243568421,2.86634983420372,18.418461011543695
-0.2261338546872139,-0.2033462584018707,1.615891805291176,12.398695366700395
-0.017349153757095337,-0.030839753150939953,2.572371566295624,7.915739976277749
-0.07212320566177369,-0.17163295447826385,3.1764761209487915,1.525438773283195
-0.28557942956686017,-0.04409826993942262,2.00785536468029,-200.0
-0.17232893407344818,-0.26110901087522503,2.461443966627121,-19.50959585716855
-0.10923898816108704,-0.12306752800941467,1.7176627069711685,22.9871038699376
-0.09354132413864136,-0.22407383322715757,2.432673227787018,-93.37566564760047
-0.15223451256752013,-0.010405182838439941,1.9016580045223237,-22.01426239682071
-0.26405726149678227,-0.285426028445363,2.992843931913376,15.281542590235736
-0.05558386445045471,-0.08000287413597107,2.0362628936767577,18.083364967876832
-0.03299582004547119,-0.23950262814760206,1.5915309134870768,-200.0
-0.24617741256952286,-0.14496697783470153,2.7602579057216645,22.257619003967967
-0.209391787648201,-0.15090546905994415,2.1471896827220918,20.869669897155728
-0.1459905445575714,-0.06453291177749634,2.8910739421844482,13.800226854048917
-0.13414977192878721,-0.1656461477279663,1.871004542708397,20.432949519260575
-0.22062030136585237,-0.06861568093299866,2.4019136250019075,2.2068052520395547
-0.25898063778877256,-0.22732592672109603,2.106875517964363,12.895410390982812
-0.02199733257293701,-0.13846771717071532,3.0633569002151493,-13.884604402049337
-0.03927188515663149,-0.2977133793756366,2.711239016056061,-200.0
-0.28092657029628754,-0.08653954267501832,1.5426133865490557,-200.0
-0.1676023542881012,-0.20936999022960662,2.9532820761203764,20.27862230101645
-0.07646030187606812,-0.006432491540908802,2.2095056802034376,4.943871339118531
-0.09826796650886535,-0.24761403948068617,2.8174312591552733,-200.0
-0.18501313626766203,-0.11788666248321533,2.2864208996295927,20.684137204673675
-0.2969086479395628,-0.1873990774154663,2.634686905145645,22.4795236603438
-0.060236656665801996,-0.04715575575828551,1.6781009905040265,12.149217818716615
-0.00014911293983460583,-0.1876171141862869,1.9770946979522706,-200.0
-0.24152915775775907,-0.027892488241195668,3.14582331776619,-29.320705233472438
-0.20466976761817932,-0.27742533311247825,1.7881750166416168,-44.20667965763062
-0.11321640014648438,-0.10712066888809205,2.5320576548576357,18.30622534615737
-0.11251344680786132,-0.27673289403319357,2.8622948944568636,-200.0
-0.20416554808616638,-0.10774658918380736,2.3311799645423887,21.899617544571715
-0.24201375693082808,-0.18808968365192413,2.573092818260193,19.336453588647295
-0.0008742749691009744,-0.027339667081832886,1.6168173596262931,8.649662615153492
-0.06090334653854371,-0.18684396743774412,2.0088067829608915,-200.0
-0.2973758837208152,-0.04762603640556334,3.177223312854767,-73.99395705399243
-0.18456493914127348,-0.24824224859476088,1.71342940479517,-23.00089589368805
-0.09757964015007017,-0.11719651222229002,2.4574149668216707,20.55673079931639
-0.07691084146499633,-0.2088173121213913,1.902405171096325,-200.0
-0.16828832030296326,-0.006905204057693459,2.4336246967315676,-18.794009762906672
-0.2802576474845409,-0.29833944272249935,2.0322338432073592,-6.039781731750933
-0.038806861639022805,-0.08584724664688109,2.988610655069351,14.570290522609584
-0.02151052951812743,-0.2266359195113182,2.7559986889362333,-200.0
-0.2582576975226402,-0.1390960693359375,1.587475999072194,12.492699814401849
-0.22132563292980195,-0.1661165714263916,2.8919994711875914,19.40082518970137
-0.13465163111686707,-0.06806071400642394,2.1479109853506086,16.51568461143701
-0.1453602969646454,-0.15042360126972198,2.3978753030300144,22.030777968690305
-0.20881452262401579,-0.06507643461227416,1.866755484044552,-10.404069636345074
-0.24673535227775573,-0.24020407944917677,3.06408828496933,19.173868986424853
-0.03364741802215576,-0.14435006976127623,2.107817715406418,-52.314464063087044
-0.05617713332176208,-0.2848068315535784,1.5435295712202788,-200.0
-0.26459826752543447,-0.0807020366191864,2.7119444608688354,-10.732591968373807
-0.1517134130001068,-0.2246196448802948,2.2052306056022646,-5.113964922585158
-0.09292613267898558,-0.009925603866577148,2.949217814207077,5.009048516206228
-0.109762305021286,-0.2604922458529472,2.2871262937784196,-200.0
-0.17294189035892485,-0.12376912236213683,2.818347465991974,17.92129697168937
-0.2849837958812714,-0.17217662036418915,1.6740367159247398,15.597846788496632
-0.07158454656600952,-0.04361654520034791,2.6304118812084196,8.590517698479063
-0.0167888581752777,-0.2028668224811554,3.1415742337703705,-200.0
-0.22548463046550749,-0.0313857078552246,1.9730564266443253,-200.0
-0.18847870230674743,-0.2645188719034195,2.532999801635742,-5.741999247374125
-0.13000273704528809,-0.101283198595047,1.7889064267277717,19.266550647867017
-0.1255571186542511,-0.19306407272815704,2.0762375593185425,1.6822599060210273
-0.19349706172943115,-0.022759401798248313,3.032569128274918,-2.851076987342264
-0.2316010817885399,-0.2719966985285282,1.888355475664139,-6.447747271677725
-0.013587820529937733,-0.11227206587791441,2.4194260239601135,-15.014180030117785
-0.06664229035377503,-0.25302866399288176,2.9309967279434206,-200.0
-0.28932698741555213,-0.11278533339500427,2.186966758966446,-27.115585184553698
-0.17618584334850312,-0.1820027768611908,2.746799737215042,21.793592060780927
-0.1035743236541748,-0.05227539539337159,1.578439336642623,15.208379303830824
-0.08734071850776673,-0.29374956227838994,2.6122007250785826,-200.0
-0.15555535554885863,-0.09081206917762755,1.6557630151510239,21.531771282532503
-0.2671944871544838,-0.21335211396217346,2.8532061874866486,18.426396046026277
-0.049492478370666504,-0.0021782755851745828,2.322032740712166,1.544082017256847
-0.029872423410415627,-0.16171465516090391,1.7573361247777939,-200.0
-0.25228243321180344,-0.07285645008087158,2.5014707148075104,-17.914241985589133
-0.21560617983341218,-0.23127571642398834,1.99465973675251,13.724907659408387
-0.14268339872360228,-0.1342452585697174,3.163121509552002,18.359105135488182
-0.13965801000595093,-0.23528503775596618,1.6915038466453551,-82.59554791299442
-0.21690007746219636,-0.1489124894142151,2.6478337943553925,20.37123892694349
-0.25507779121398927,-0.15514135658740996,2.246540063619614,23.29899562675871
-0.027616077661514304,-0.060605710744857794,2.7776122331619266,12.675584062320038
-0.04317004680633546,-0.21981475353240965,2.545408618450165,-200.0
-0.27530333697795867,-0.014391607046127297,1.8013737857341767,-200.0
-0.1620895028114319,-0.289703406393528,3.105786842107773,-39.472321129155446
-0.08017600178718567,-0.0760347604751587,1.937431311607361,16.903350077165207
-0.10143699645996093,-0.17674774825572967,3.0766077518463137,12.816656784036105
-0.17895374000072478,-0.03870626091957091,2.1201749056577683,-3.567926241016629
-0.2906666614115238,-0.25601254105567933,2.362198156118393,10.49946754325086
-0.06351619362831115,-0.12847784757614136,1.8310198456048965,4.929555396899371
-0.0063956379890441895,-0.2689758405089378,2.2226007908582686,-200.0
-0.23825425207614898,-0.09646933078765868,2.966737002134323,17.183277446215868
-0.2015052080154419,-0.19820830821990965,1.5028459491208195,14.226693920995327
-0.11928046345710755,-0.036290985345840465,2.671306097507477,10.617987682581711
-0.12147195339202879,-0.17881118953227998,1.602154966071248,1.4843423614769513
-0.1987688809633255,-0.05537694096565246,2.771189969778061,10.092123510348209
-0.23570098131895065,-0.2486574947834015,2.1632125109434126,12.396579221341902
-0.0083307445049286,-0.11706243753433226,2.9065681934356693,-11.250268603010714
-0.06136590242385864,-0.2762715250253677,2.448614943027496,-200.0
-0.2934441916644573,-0.10790777206420898,1.9172851726412774,-85.85974118126313
-0.18147497177124022,-0.1961678981781006,3.00339338183403,21.76885368953061
-0.0994698464870453,-0.0195609390735626,2.0473213642835617,9.233938681440579
-0.08205159902572631,-0.23261735290288926,3.1925183534622192,-59.028089952446905
-0.15965982377529145,-0.13280943632125855,2.023381990194321,20.338799204559464
-0.27247087508440015,-0.1618921548128128,2.472087448835373,23.07246139051005
-0.045375269651412975,-0.07258874773979188,1.7286271706223488,17.823188143659248
-0.025772523880004894,-0.2130867004394531,2.3459562063217163,-200.0
-0.25753950923681257,-0.0023489177227020153,2.8773889005184174,-200.0
-0.21969133615493774,-0.29231143947690724,1.6318011336028575,-65.11467361364087
-0.13741158843040466,-0.09216055870056153,2.5879793047904966,15.837473342626607
-0.1449436604976654,-0.2870193611830473,1.961185458302498,-200.0
-0.21279212236404418,-0.07877638936042786,3.130215579271317,16.19889793530846
-0.2497980147600174,-0.21596257388591766,1.7776580169796943,10.900688144510504
-0.031729888916015636,-0.018297350406646706,2.5210185885429386,4.188979948276549
-0.047264260053634655,-0.15905397534370422,2.8067877769470213,-17.526815481675655
-0.2700405836105347,-0.056751251220703125,2.2754563599824906,-200.0
-0.15799857079982757,-0.23801979571580886,2.6186446726322172,-1.3502637914860465
-0.08544205427169799,-0.14623072743415833,1.6625742889940738,4.58232385170124
-0.10552791953086851,-0.20036189854145048,2.7006895661354067,-6.61706764882458
-0.17368769645690918,-0.034190833568573,1.5315548431128263,-31.26588760289146
-0.28657244369387624,-0.2699538588523865,2.9373403608798982,15.309630326449392
-0.06877895593643188,-0.09554874300956726,2.193878436088562,19.31763952200364
-0.011675423383712746,-0.2550850912928581,1.854981790482998,-200.0
-0.2341404318809509,-0.12945815920829773,2.3864193737506865,22.823344149793513
-0.19621956646442412,-0.17465445399284363,2.096251541376114,19.739814788923752
-0.12338840961456299,-0.040857553482055664,3.0524248361587527,9.894723984586905
-0.12715421319007872,-0.24382156133651733,2.4861631095409393,-54.50159292163363
-0.19069992005825043,-0.12170568108558655,1.7427483528852463,22.90490210407021
-0.22737628072500227,-0.18359203040599822,3.148436462879181,19.048139483457653
-0.014343202114105225,-0.05097159147262573,1.9794494062662125,12.569623333620955
-0.07439187169075012,-0.1914283812046051,1.640974196046591,-200.0
-0.28272138386964796,-0.024090027809143044,2.5970941543579102,-200.0
-0.1710822880268097,-0.2812489226460457,2.30703641474247,-70.61723436823013
-0.11224000453948973,-0.10332360863685608,2.8383071362972263,16.759619001206474
-0.09039350152015685,-0.16652665436267852,2.1722752273082735,-0.32677745742527975
-0.15362794697284698,-0.06774412393569945,2.9157928824424744,14.462429070260795
-0.2667691268026829,-0.22822104692459105,1.563125240057707,3.5007136659618894
-0.05346136093139647,-0.1375992715358734,2.732218450307846,4.741755660322081
-0.03614800572395327,-0.29684951864182946,3.0175663173198704,-200.0
-0.24478877037763594,-0.08743008971214294,2.0613449931144716,-12.874914615503773
-0.20668485760688782,-0.20849384665489196,2.404630732536316,19.96066084406692
-0.14811726808547973,-0.007317566871643089,1.8732553899288178,-23.24499760250411
-0.13188110589981078,-0.22085299193859098,2.978004461526871,2.6038664162952614
-0.22347834706306458,-0.013635402917861916,2.23458808362484,-200.0
-0.26022728383541105,-0.28222036734223366,2.6831961154937742,12.559027183818083
-0.01899631619453429,-0.08323677778244018,1.5142106880433857,-0.12965974040121608
-0.04154534339904786,-0.24274112284183502,2.131961163878441,-200.0
-0.2780728854238987,-0.1417567491531372,3.0880762457847597,21.292711305073308
-0.1663599282503128,-0.15413110256195067,1.842598584294319,20.97650694798507
-0.07946625351905823,-0.06131663918495178,2.373874169588089,12.421483308542932
-0.0951157808303833,-0.2653014622628689,1.8132573187351226,-200.0
-0.18640177845954894,-0.10044876337051392,2.5567798376083375,19.79285251217187
-0.2996155774220824,-0.2048130065202713,1.9486922860145568,17.44204965563438
-0.05810993313789367,-0.029382508993148815,3.117780619859696,5.319432899470778
-0.003296935558319114,-0.17017114162445068,2.6594060480594637,-200.0
-0.24013572335243225,-0.045569604635238625,1.7031863451004028,-200.0
-0.20195790231227873,-0.25966008603572843,2.7893920063972475,10.780221014552394
-0.11533890366554259,-0.12454483509063721,2.2580150425434113,21.46201178463186
-0.11712346673011778,-0.2151347905397415,2.6268870890140534,-13.88194382051681
-0.20365119874477386,-0.0002942919731140359,1.6709204651415348,-200.0
-0.24076700806617735,-0.2943649644032121,2.8085970878601074,6.620970807022973
-0.003873002529144298,-0.09011365771293639,2.276954391598702,-6.603740890309194
-0.05628846287727357,-0.23057270497083665,1.7658747985959053,-200.0
-0.297885946277529,-0.13486520648002623,2.5095466494560243,5.94786456426969
-0.18580740094184875,-0.15983521342277526,1.9562503844499588,19.98251496644968
-0.09457604885101317,-0.07463450431823732,3.1251767456531527,12.125806267055545
-0.07771688103675842,-0.2736374974250793,2.0847796022892,-200.0
-0.1645559102296829,-0.11054833531379699,3.0406416177749636,16.2419206717324
-0.2775506056845188,-0.19352843463420866,1.8499429568648338,18.370581097094185
-0.04093122482299805,-0.022193777561187733,2.3814842998981476,5.077061898343174
-0.020708781480789196,-0.18144176602363588,2.945686537027359,-200.0
-0.26199496686458584,-0.05273523330688476,2.202120852470398,-200.0
-0.22403753399848936,-0.25130037814378736,2.7021875977516174,17.149934983530382
-0.13253155946731568,-0.11443074345588683,1.5333641508594156,20.914844342002876
-0.14997535943984985,-0.2577271208167076,3.0116487681865696,-16.02082540749141
-0.20830462574958802,-0.1268278956413269,2.055680510401726,23.007729917778875
-0.2454930156469345,-0.17728588879108428,2.4504372239112855,20.50329593311046
-0.036651116609573375,-0.038214415311813354,1.9187961742281914,10.359664538383974
-0.051566934585571295,-0.19772100448608398,2.1514422625303267,-200.0
-0.26511245146393775,-0.036824530363082864,2.895109224319458,-68.52268879141826
-0.15296004116535186,-0.26732126399874684,1.597232862189412,-200.0
-0.08992729783058165,-0.0981884479522705,2.7661641061306,17.339462955062206
-0.11056416034698485,-0.15699789226055144,1.6203421518206595,13.639437795533723
-0.1692047417163849,-0.058795577287673956,2.5762090563774107,15.382676191179911
-0.28227205909788605,-0.2359742894768715,2.3409303426742554,13.444232801771479
-0.07370479702949523,-0.14828792810440064,2.8724667966365818,11.50459003638538
-0.01598271131515505,-0.2890743143856525,2.4804465949535373,-200.0
-0.22921691983938217,-0.07672863006591796,1.7368825569748878,-28.172522686056958
-0.1911855787038803,-0.21800923347473145,3.1940293550491337,21.32227719131804
-0.12787819504737855,-0.01624358296394346,2.0252042710781097,4.901187547673849
-0.12284867763519286,-0.2988953098654747,1.83413567841053,-200.0
-0.19562518894672393,-0.08537317514419554,2.365722543001175,19.259157070728037
-0.23241080045700074,-0.2105496436357498,2.130346402525902,16.433712971802482
-0.009853953123092674,-0.005272954702377319,3.0863577246665956,0.8803102568586318
-0.06935502290725709,-0.16447970867156983,2.6947588443756105,-4.64287862478184
-0.2872037284076214,-0.06979760527610779,1.5258771751075983,-200.0
-0.17538099288940429,-0.22616637647151946,2.983134084939957,17.879657035453764
-0.10731248259544371,-0.1396473169326782,2.239406427741051,21.662155251890486
-0.08609250783920289,-0.1887966603040695,2.8010584950447086,-10.157101021403168
-0.15855775773525238,-0.026732879877090443,2.269577771425247,2.4392993592788184
-0.2718082666397095,-0.27860717922449113,2.6642243921756745,13.006401128424573
-0.048976725339889504,-0.10595415830612182,1.7083159811794757,9.756132641733956
-0.03111577033996582,-0.24645444452762602,1.9405406594276429,-200.0
-0.2492757350206375,-0.11906626224517822,3.1093177139759067,20.35709146497456
-0.2109881043434143,-0.18623263835906984,1.8115387976169586,17.18609300569708
-0.1431942880153656,-0.04833760857582092,2.5551650762557987,13.81837902038845
-0.13694538474082946,-0.1728108912706375,2.298586478829384,20.92727347269903
-0.21902343034744262,-0.04293705224990846,2.8301684796810154,-7.195941989438381
-0.2558828338980675,-0.26229382753372193,1.6393724046647549,-3.5732843281885778
-0.023878097534179688,-0.12190398573875427,2.5953886032104494,-9.147288410531228
-0.04587838053703308,-0.26265829280018804,3.16001216173172,-200.0
-0.27317511588335036,-0.10308017134666442,1.9911288648843766,-33.87098681521742
-0.16127959191799163,-0.2021827161312103,2.4913057029247287,18.9447702094651
-0.08390969038009644,-0.032024502754211426,1.7475796669721604,10.443365863860057
-0.10019382834434509,-0.2406873106956482,2.41631019115448,-200.0
-0.1819606304168701,-0.1438033640384674,1.8848310887813569,20.238843698495504
-0.2952848318964243,-0.15208329856395722,3.0223976314067844,20.9819791292021
-0.06300541162490844,-0.06337155103683473,2.0664875864982606,14.722524869482875
-0.007643669843673706,-0.22291021943092346,1.5549865897744894,-200.0
-0.23525165766477585,-0.011589932441711415,2.7237685143947603,-92.19102547288145
-0.1968913346529007,-0.28426472581923007,2.170569676160812,-41.514272551616386
-0.11979610919952391,-0.08118072152137756,2.914191091060639,13.331739558178654
-0.11758630871772766,-0.22868138998746873,2.2169100642204285,-63.15657068422057
-0.19971921443939208,-0.13703883290290833,2.960793513059616,18.746684581101427
-0.23767675459384918,-0.1681726187467575,1.5483608853071928,19.753339470654502
-0.005763494968414329,-0.06601635217666627,2.717087054252625,9.912031804966263
-0.06524725556373595,-0.20677068829536438,3.055949628353119,-49.159640152529235
-0.2924889910966158,-0.008959007263183605,2.099367779493332,-200.0
-0.17949433028697967,-0.29628452528268096,2.396169751882553,-83.4143893235815
-0.10203280448913574,-0.08789504170417786,1.865153692662716,18.089433162336608
-0.08197916150093079,-0.18421256840229033,2.5245498657226566,-18.82635933010074
-0.16383744478225706,-0.050269210338592524,1.7807677701115607,9.47383474736468
-0.2759160250425339,-0.24560025483369827,3.139972442388535,17.669441309405606
-0.04369146823883058,-0.11982681155204772,1.9713508754968645,-2.802614297818174
-0.025849825143814065,-0.27936545088887216,1.6856124147772789,-200.0
-0.25336618423461915,-0.10510684847831725,2.642091339826584,13.845660830119826
-0.21625048220157622,-0.19073054194450378,2.2922688871622086,19.019311244638775
-0.13910025358200073,-0.02470593452453612,2.823178780078888,9.291917793449542
-0.1410622000694275,-0.20550625026226044,1.7250958934426308,-8.631094149525147
-0.2137472301721573,-0.028752833604812622,2.4689776957035066,-37.80028838379299
-0.25177846401929854,-0.267152863740921,2.013625127077103,4.661565731777413
-0.029166752099990867,-0.0986425995826721,3.182352936267853,11.78914911011076
-0.051150012016296376,-0.2578493937849998,2.564941191673279,-200.0
-0.2690903440117836,-0.12640085220336914,1.608354453742504,-12.443987647852563
-0.15602298974990844,-0.1695460796356201,2.8605763733386995,21.839167852570235
-0.08800948262214661,-0.046258288621902455,2.32956520318985,10.216226463708614
-0.10545043945312499,-0.2827533423900604,2.8835365653038023,-200.0
-0.17786082923412322,-0.08274897336959838,2.139759358763695,20.16736289634213
-0.29001320376992223,-0.22257159054279327,2.7543839275836945,17.977002396093177
-0.06709018349647522,-0.011980265378952026,1.5857574716210365,6.439419714558389
-0.01174803972244265,-0.15248050689697265,2.043796572089195,-200.0
-0.22996300309896467,-0.06303064227104188,3.0002771437168123,5.655777465848281
-0.19277451038360593,-0.24224869161844254,1.9075347945094108,-0.48059223510887783
-0.12507231831550597,-0.14229426383972169,2.4384430408477784,22.108963140948564
-0.1305985450744629,-0.16376242339611052,3.094327872991562,21.019322647156095
-0.18901929259300232,-0.07080150246620179,1.925661063194275,13.012983823163164
-0.2273069590330124,-0.2333294928073883,2.540382754802704,18.390636615532788
-0.018519920110702526,-0.13219860792160035,1.7964516818523406,-200.0
-0.07095240354537963,-0.2917052395641804,2.254899209737778,-200.0
-0.28440629728138445,-0.09286816120147703,2.785867619514465,-12.735714030955648
-0.17115589678287504,-0.21129491329193115,1.6930148482322693,8.099262843763325
-0.10806815028190611,-0.004223781824111927,2.6496560752391813,5.476576007551172
-0.09236837625503538,-0.25039495825767516,1.511101337056607,-200.0
-0.15106381773948668,-0.11542621850967408,2.679665243625641,17.502377432434262
-0.26288666054606435,-0.1793630629777908,2.224423071742058,21.523459306101827
-0.054410880804061895,-0.05490798354148865,2.9682480037212375,10.547197624010208
-0.03416883945465088,-0.19569432735443115,2.350427907705307,-200.0
-0.24734804034233093,-0.020117372274398804,1.8195608764886857,-200.0
-0.21056246459484101,-0.27463983222842214,3.0716856479644776,10.36788234099433
-0.1471634566783905,-0.10964062213897705,2.1151490420103074,18.969151058464288
-0.13532039523124695,-0.2716175481677055,2.735327798128128,-83.56316238137555
-0.22179326713085173,-0.09383874535560607,1.5666561182588339,1.0510418202660858
-0.26015355437994003,-0.2008399933576584,2.9259578943252564,19.137305785461184
-0.023168063163757302,-0.03364809751510622,2.1820316851139068,9.262263743599801
-0.038101190328598045,-0.17410717606544493,1.8967016518115998,-200.0
-0.27975367829203607,-0.04134027957916259,2.4276684403419493,-200.0
-0.16642937064170837,-0.25337969362735746,2.0777355909347532,-35.658843824343734
-0.07528964281082154,-0.13111730217933654,3.0343784391880035,17.123045806251152
-0.09709483981132508,-0.21775899231433868,2.002902153134346,-200.0
-0.183842396736145,-0.01643625497817991,3.1714676856994632,-0.20696796758492386
-0.29573780531063676,-0.28765765093266965,1.7591454356908798,-11.931832211431148
-0.059063565731048595,-0.07809171080589294,2.502968746423721,16.186607239159816
-0.0013221681118011364,-0.23733967244625093,2.84142296910286,-200.0
-0.2426999732851982,-0.1468644082546234,2.310560801625252,23.264933056210996
-0.20584053397178648,-0.1571882665157318,2.6072656512260437,19.652764217837657
-0.11438956260681152,-0.05855219364166259,1.6507241815328597,16.474716449467238
-0.11435458660125733,-0.16309432983398436,2.50441153049469,18.929765914281933
-0.20588118731975555,-0.07144834399223327,1.3794979274272918,-19.977451885685362
-0.24266735315322874,-0.2338321343064308,2.780441951751709,18.47716125988409
-0.0013605415821075217,-0.13167929649353027,2.1552251100540163,-200.0
-0.05910304784774781,-0.29117905609309674,1.5070522844791412,-200.0
-0.2957018028013408,-0.0933730959892273,2.3817095279693605,-61.85585667004115
-0.18387951850891113,-0.21194861233234405,1.793273639678955,13.558339525916765
-0.09706111550331115,-0.003553408384323109,3.168730092048645,4.208855903454159
-0.0752501606941223,-0.24987228959798813,1.8819844841957092,-200.0
-0.1664654642343521,-0.11593236923217773,3.0067770004272463,16.650044798034642
-0.279716420173645,-0.18001341819763184,1.6684560000896453,17.969352247975703
-0.03813498616218569,-0.05423653721809388,2.2935479402542116,13.12076025313918
-0.023202896118164062,-0.1950297564268112,2.879223656654358,-200.0
-0.2601129502058029,-0.020765429735183694,2.004685652256012,-200.0
-0.2218258738517761,-0.27513912320137024,2.655500364303589,7.4679883893882035
-0.13528209328651428,-0.10912023782730101,1.2801669657230377,20.534193328278427
-0.14720640778541563,-0.27109308913350105,3.050774645805359,-34.171540151848006
-0.21053441762924194,-0.09434310793876646,1.925862979888916,16.93728710496245
-0.24739327579736708,-0.20149313807487487,2.202783536911011,16.981952658955638
-0.03413844108581543,-0.032979440689086925,1.5775647580623626,9.874617448534977
-0.05438173413276673,-0.17344081699848174,2.05442054271698,-200.0
-0.26292837113142015,-0.04198654890060427,2.92908353805542,-49.81589519825026
-0.15103239119052886,-0.2538817718625069,1.2146711114794015,-200.0
-0.09241243600845336,-0.130599707365036,2.5901218175888063,20.119410793153683
-0.10809736847877502,-0.21709383130073545,1.4293585240840911,-200.0
-0.17111406326293946,-0.017086029052734375,2.5541452884674074,-6.203473523517694
-0.28443781211972236,-0.28815864846110345,2.0898476958274843,-0.57543843875911
-0.07090834379196168,-0.07757075428962706,2.714945387840271,14.937533351677361
-0.018477040529251088,-0.2368164226412773,2.42558867931366,-200.0
-0.22733498364686966,-0.1473722755908966,1.5510487377643585,22.628630075508234
-0.1889741152524948,-0.1578403204679489,3.077840042114258,18.93991030859144
-0.13062880039215088,-0.05788017511367799,1.7025085806846618,17.756934021704364
-0.1250408113002777,-0.229352268576622,1.6772334098815918,-200.0
-0.19281863272190092,-0.1363879144191742,2.3023789644241335,20.260620529699118
-0.22993378043174745,-0.16766590476036072,1.837966752052307,19.998814428237317
-0.011789810657501232,-0.06653845310211182,2.9629349231719972,11.322023827210637
-0.067135351896286,-0.20729050934314727,2.674073886871338,-83.5621447234492
-0.2899828881025314,-0.008459150791168213,1.2986720249056816,-200.0
-0.17790371775627134,-0.2956358986906707,2.825592827796936,-44.710513691915295
-0.10542247295379639,-0.08855904936790465,1.9508642673492431,17.712638901295136
-0.08796424269676209,-0.18473129868507385,2.798886251449585,-4.576922259849319
-0.1560533255338669,-0.049765992164611805,2.173859965801239,14.241368833470641
-0.26904739961028096,-0.24495283663272857,2.450651001930237,13.917730494540823
-0.051178121566772455,-0.12049432396888732,1.325805914402008,-11.045737086369048
-0.029198187589645375,-0.28003524988889694,1.8021658778190612,-200.0
-0.25173446238040925,-0.10445256829261779,3.1774466753005983,17.65874794880838
-0.21377636790275573,-0.19022502601146696,1.463148844242096,13.330633953409503
-0.14102042913436888,-0.025231540203094482,2.3377525329589846,8.255560190729403
-0.13913744688034058,-0.20602777004241943,2.129844617843628,1.34701822194749
-0.21621667742729186,-0.02825240492820741,2.754995894432068,-23.919781568430473
-0.2534057334065437,-0.2665036551654339,1.4165602445602417,-13.510137900461723
-0.025813740491867077,-0.09930832386016844,2.5415226936340334,7.282475957341084
-0.043658924102783214,-0.25852198004722593,3.127694082260132,-200.0
-0.2759543381631374,-0.12574936151504515,1.752294135093689,-15.500222388639088
-0.16380254924297333,-0.16903877556324004,2.403238368034363,21.918717959301873
-0.08201975226402283,-0.046782106161117554,1.528507900238037,12.74948327661549
-0.10206549167633056,-0.2834225781261921,2.252508354187012,-200.0
-0.17945596575737,-0.08209640979766844,1.627480161190033,19.643247137034468
-0.29252390172332526,-0.2220678091049194,3.028294634819031,18.523986832058835
-0.0652065932750702,-0.01250529885292051,1.9034514546394348,5.392060615421118
-0.005726301670074485,-0.15299868285655974,1.2547828152775764,-200.0
-0.237710465490818,-0.06252914071083068,2.6300578832626345,-9.692051547259748
-0.1996798038482666,-0.24160299897193907,2.0417366147041323,6.762840370087892
-0.11762232184410096,-0.14296120405197144,2.916346025466919,20.76560499968875
-0.11975197792053222,-0.29954394260421396,1.9866690754890441,-200.0
-0.19692283272743225,-0.08470916748046875,2.8620692014694216,17.998241080650164
-0.23520987331867216,-0.21002984046936035,1.2628828182816505,5.025057121306531
-0.007672888040542614,-0.005772811174392711,2.6376134872436525,1.2291687780646363
-0.06303573846817018,-0.16498644053936004,2.9893707752227785,-3.5727771369032055
-0.2952396696433425,-0.06927550435066224,1.8642196774482727,-200.0
-0.18198860585689544,-0.2254955068230629,2.275897574424744,13.545634777334644
-0.10015094876289368,-0.14029823541641234,1.6509353339672088,18.43622152007092
-0.0838793635368347,-0.1893021583557129,2.364433002471924,-31.381029566485555
-0.16132484078407286,-0.026207274198532082,1.4891577780246734,-29.18557626380136
-0.2731470175087452,-0.277937375754118,3.1507211446762087,16.85884183220264
-0.045921331644058205,-0.10660843849182128,1.7761115550994873,7.75210130532783
-0.023922085762023926,-0.247101853787899,1.3618551909923553,-200.0
-0.25585139393806455,-0.11839874982833862,2.4868832349777223,17.157825496152107
-0.2190651923418045,-0.18571389019489287,2.1378265142440798,18.387935205909876
-0.1369162380695343,-0.048840826749801614,2.7626695156097414,12.668959763022688
-0.14322808384895325,-0.17331817746162415,1.564296942949295,17.766708879838333
-0.21095090210437772,-0.04241323471069336,2.4396990060806276,-16.093630283526682
-0.24931180626153945,-0.2616212323307991,1.7164892077445983,-1.3626173189660955
-0.031076216697692893,-0.12255547642707823,3.0912179470062258,4.366781527927991
-0.04893842339515686,-0.2633074879646301,2.568003845214844,-200.0
-0.27184081748127936,-0.10241444706916808,1.4428584843873977,-200.0
-0.15851717591285705,-0.2016611784696579,2.7285598039627077,19.690298858542036
-0.08612741231918333,-0.03252493143081664,2.103591811656952,9.346616368582792
-0.10735085606575012,-0.24133301228284834,2.943071794509888,-49.80450184056007
-0.17534831464290618,-0.14313642382621763,2.0677908182144167,20.07014565457213
-0.28724440187215805,-0.15156514048576356,2.603377652168274,20.279922750233087
-0.06932011842727662,-0.0638730525970459,1.2287738032639026,17.148725432835352
-0.009820228815078713,-0.22341401875019073,1.9394850254058837,-200.0
-0.23244798928499222,-0.011064898967742931,3.0645111322402956,-47.53040568675188
-0.19558916687965394,-0.2835955023765564,1.5914309442043304,-101.12504497114831
-0.12288808822631836,-0.08183328509330748,2.2162758827209474,15.908691884040612
-0.12783753275871276,-0.21448107361793517,3.1947084188461305,7.785521338385834
-0.1912205457687378,-0.0009646654129028542,1.8200456023216247,-200.0
-0.2291785329580307,-0.29489113613963125,2.355746698379517,-12.593522110899885
-0.0160153269767761,-0.08960872292518615,1.4802961468696594,-12.241681854704566
-0.07374081015586853,-0.2300700545310974,2.1914879202842714,-200.0
-0.28223258480429647,-0.1353845179080963,2.8163997650146486,18.41286115569072
-0.1692384749650955,-0.160503289103508,1.343189713358879,19.206091201247528
-0.11052703857421875,-0.07398766279220581,2.4684086561203005,13.851787564409886
-0.08989121317863463,-0.2731382198631763,1.316673819720745,-200.0
-0.15299953222274779,-0.11106871962547302,2.6912135601043703,17.124887251215583
-0.265078666806221,-0.19419302344322203,1.9681336402893066,17.925611930327378
-0.05160419940948485,-0.021545720100402843,2.8434649229049684,4.311460341853716
-0.036691707372665416,-0.18079142868518827,2.319770407676697,-200.0
-0.24545817375183104,-0.053406679630279535,1.694983434677124,-200.0
-0.20834291875362396,-0.25182305574417113,2.9805705070495607,17.058515091336233
-0.14994274377822875,-0.11392459273338318,1.8554726362228393,19.890549376601165
-0.13255959749221802,-0.25722505152225494,2.616084408760071,-63.496671456421545
-0.2239945739507675,-0.12734549045562743,1.2414273217320442,20.05914079016031
-0.26202535182237624,-0.1779522657394409,2.9031049728393556,20.876651698902972
-0.020663541555404674,-0.037568145990371726,2.0276486992836,10.797681838150861
-0.040889525413513206,-0.1970678776502609,1.6138728976249694,-200.0
-0.27757975906133653,-0.03749318718910216,2.2387866497039797,-200.0
-0.16451185941696167,-0.2678457275032997,1.8896000504493713,-100.25558181045882
-0.07774831652641295,-0.09768408536911011,3.0148170709609987,16.80289729344498
-0.0946178913116455,-0.15634582042694092,1.7390607118606567,4.106764124332404
-0.18577819168567655,-0.05946759581565858,3.1135985374450685,14.136171082704958
-0.2979300166480243,-0.23649753034114837,1.5145420551300048,-0.5486865563927745
-0.056256955862045294,-0.14778006076812744,2.3898752450942995,-8.682999241418432
-0.0038449645042419323,-0.28857331126928326,2.741152119636536,-200.0
-0.24080988317728041,-0.07724958658218384,2.1163594245910646,-19.865401499098823
-0.20362093448638915,-0.21867437660694122,2.527923059463501,19.898478743850863
-0.11716863512992859,-0.01559380888938905,1.4028309255838394,1.6582648655500307
-0.1153096854686737,-0.2444701239466667,2.7186034440994264,-59.86116757757779
-0.20199973583221437,-0.12104160189628602,2.094001662731171,22.58395175569866
-0.2401042118668556,-0.183072155714035,2.5661041259765627,19.522323576476232
-0.0033409953117370383,-0.05147137641906738,1.4408366948366165,8.428672094747833
-0.05815281271934508,-0.1919350415468216,1.730092418193817,-200.0
-0.2995875511318445,-0.02356785535812378,3.1049432277679445,-200.0
-0.18644695580005644,-0.2805779792368412,1.5703317940235137,-200.0
-0.09508552551269531,-0.10397445559501647,2.4453676462173464,19.136113515747414
-0.07942330241203308,-0.1670322239398956,1.6051562249660491,-41.10015572050081
-0.16638797521591187,-0.06721858978271483,2.229879093170166,17.673781228085552
-0.2780276522040367,-0.22755131274461746,1.9451536655426025,10.124320175129215
-0.04157574176788331,-0.1382536232471466,3.0705459833145143,1.5896972330585086
-0.019025462865829457,-0.2974970002658665,2.593787503242493,-200.0
-0.2601855710148811,-0.08676264882087706,1.2188174452632665,-200.0
-0.2235097736120224,-0.20797517001628874,2.9410500049591066,19.830378357555272
-0.13183704614639283,-0.007820856571197521,2.0658910989761354,-2.204216423838008
-0.14815675020217894,-0.2213602066040039,2.265956473350525,-2.9519050375270304
-0.2066487640142441,-0.013111513853073131,1.64136044383049,-200.0
-0.24482603073120116,-0.28154769949615,2.9874863147735597,14.578378063739382
-0.03611420989036562,-0.08388819694519042,1.862213146686554,14.302208383833594
-0.05342652797698974,-0.24339024871587753,1.2765012875199317,-200.0
-0.2668097287416458,-0.14109095335006713,2.6513540267944338,21.786177639607985
-0.1535953402519226,-0.15360949337482452,1.9927191853523254,21.959725683960382
-0.09043180346488952,-0.0618170142173767,2.867753100395203,10.897896639363822
-0.11227498054504395,-0.26594723761081696,2.151567053794861,-200.0
-0.17104163467884062,-0.09978189468383789,2.7762879848480226,17.355302826742726
-0.2827540062367916,-0.20429491996765137,1.3675391048192977,9.690528953716749
-0.07435349822044374,-0.029884082078933727,2.4929333448410036,6.870162391329567
-0.014303719997405984,-0.17067501246929168,3.14114625453949,-66.40310612184078
-0.22741228044033052,-0.04504464268684388,1.7661704540252685,-200.0
-0.1906627893447876,-0.2589909330010414,2.3624264717102053,-4.168649770298568
-0.12718793749809265,-0.12519747018814087,1.4872733175754547,22.266036978227937
-0.12335572242736817,-0.1781574010848999,1.89929701089859,9.678732795439743
-0.19625793099403382,-0.056047242879867565,3.0246361017227175,12.342930480072866
-0.2341055229306221,-0.24918359220027922,1.6160014986991882,0.6182249324886064
-0.011716085672378529,-0.11655743122100828,2.2405490398406984,-30.221332282799533
-0.06881614923477172,-0.27576880306005475,2.8892423629760744,-200.0
-0.28653872944414616,-0.10842701196670532,2.014152300357819,-47.17524137677876
-0.1737271159887314,-0.19683591127395628,2.6102784395217897,21.46786101798319
-0.10549190640449524,-0.01891402602195741,1.235499282181263,8.171871896086888
-0.08540486097335814,-0.2321181446313858,2.51442666053772,-200.0
-0.15803237557411193,-0.1333298921585083,1.388968300819397,20.358212544519755
-0.2700010366737842,-0.1625568151473999,2.7352240800857546,22.73574069395562
-0.04730034470558164,-0.0719407618045807,2.1105534553527834,16.688216323175116
-0.031762433052063,-0.2124364346265793,1.5243610858917236,-200.0
-0.249759703874588,-0.0030204355716705322,2.3995722055435182,-200.0
-0.21282701790332792,-0.29283418916165826,1.7408231019973754,-69.3416484200128
-0.14490306973457337,-0.09165447950363159,3.1157271385192873,14.18212863809382
-0.13745682835578918,-0.2865172192454338,1.3529019325971603,-200.0
-0.2196610003709793,-0.07929391264915467,2.4782429456710817,11.74222024773091
-0.2575824558734894,-0.21662887930870056,2.1936317801475527,14.974432940670896
-0.025744414329528786,-0.017651009559631337,2.81817741394043,3.97863765228547
-0.04534383416175841,-0.15840077698230742,2.341899347305298,-41.42248436995891
-0.2725148744881153,-0.05741983652114868,1.4668150067329406,-200.0
-0.159630686044693,-0.23854418992996215,3.188917708396912,9.783396773982716
-0.0820933699607849,-0.1457262933254242,1.814132821559906,4.91760699609376
-0.09950135350227354,-0.19970989823341367,2.967089366912842,-4.197501593644695
-0.18143084943294524,-0.03486292362213134,1.8416252851486206,-23.502166488192362
-0.29347341768443586,-0.2704771712422371,2.313857626914978,7.24599099024647
-0.06132413148880006,-0.09504096508026122,1.6891927242279052,19.520421521327748
-0.00828557610511782,-0.2545841574668884,1.9779679298400878,-200.0
-0.23573129475116728,-0.12997918725013732,2.8531771421432497,21.604355695622516
-0.19872599244117736,-0.17531966865062715,1.3184514611959457,15.222608434758055
-0.12149991989135742,-0.04020785093307494,2.6933574199676515,11.04884174515587
-0.11924208998680114,-0.1923960506916046,1.2011899694800376,-39.42867757634231
-0.20153788626194,-0.023406314849853505,2.5762744665145876,-24.204194358111277
-0.23821357637643814,-0.2724994093179703,2.0485077619552614,0.5590246741702511
-0.006430542469024636,-0.11175282597541808,2.9232928276062013,-8.081872357064395
-0.06354991793632508,-0.25250255316495895,2.212617826461792,-200.0
-0.29062947593629357,-0.11329033970832825,1.5872769773006439,-200.0
-0.1789897620677948,-0.1826565474271774,3.0525522947311403,21.24684441367332
-0.10139758586883543,-0.05160509347915648,1.9280068397521972,13.31408418232123
-0.08014220595359803,-0.29322682321071625,3.0875522613525392,-200.0
-0.16212670505046844,-0.09131814837455748,1.712342870235443,21.820869387948647
-0.2752672635018825,-0.214002388715744,2.427732539176941,17.145497184026002
-0.04320960044860839,-0.0015067577362060658,1.5528263866901397,1.9559680737413219
-0.027654379606246948,-0.16105001270771027,2.0760003447532656,-200.0
-0.25504524260759354,-0.07350443601608275,2.7014642477035524,-10.36697857471776
-0.21694065928459166,-0.23177493810653688,1.4235678136348724,2.816152434744703
-0.13962310552597046,-0.13372480273246765,2.5482325077056887,20.324218366805468
-0.142713725566864,-0.2347606524825096,1.7797772407531738,-61.77537515217908
-0.21556093096733092,-0.14941692352294922,3.154867482185364,18.782543976674294
-0.25231052935123444,-0.15579457283020018,1.50112424492836,20.098900683345146
-0.029829472303390503,-0.05993712544441224,2.3759035587310793,13.769526096306818
-0.049448490142822266,-0.2191484659910202,2.790260982513428,-200.0
-0.2672259293496609,-0.015037947893142722,2.164922070503235,-200.0
-0.15551359355449676,-0.290205555036664,2.506173920631409,-200.0
-0.0873698651790619,-0.07551723718643188,1.3816265285015106,18.12940292902204
-0.10361845493316649,-0.17608251571655273,2.665197324752808,10.38043343999044
-0.17615434527397156,-0.039355963468551636,1.289986003935337,-38.523433065604394
-0.28936876840889453,-0.2565134659409523,2.881352257728577,15.297983914564472
-0.06661307215690612,-0.12795681953430174,2.006448042392731,10.231868349502431
-0.013557493686676025,-0.2684525214135647,1.654593390226364,-200.0
-0.2316462457180023,-0.09697712659835814,2.2800515413284304,13.68394368298948
-0.19346908628940582,-0.19886029064655303,1.876178514957428,18.15812328236014
-0.1255999982357025,-0.03561889529228213,3.000848960876465,9.865843752303025
-0.12996089458465576,-0.2774038419127464,2.416978907585144,-200.0
-0.18850791156291963,-0.10709574222564697,1.5421263694763183,23.57471147426085
-0.22544055730104445,-0.18758304119110109,3.1333779811859133,19.100188075733527
-0.016820365190506004,-0.02786183953285215,1.7583442449569702,9.022068301691698
-0.07161258459091185,-0.18736386001110078,1.406985354423523,-200.0
-0.28494092300534246,-0.04712625145912169,2.5315815925598146,-200.0
-0.17297215461730955,-0.24759369492530822,2.1278380870819094,-15.582887020662643
-0.10971713662147523,-0.11786059141159058,2.7531114339828493,19.2490205069958
-0.09289809465408325,-0.20933597087860106,2.0317955136299135,-200.0
-0.15175637304782866,-0.006401914358139027,2.9067711353302004,1.5170676373224596
-0.2645678803324699,-0.29769195383414626,1.2528983511030674,-47.96851724146779
-0.0562223732471466,-0.08651468753814698,2.6280513525009157,16.76093482624624
-0.0336891174316406,-0.2273056447505951,3.041913104057312,-200.0
-0.2467062011361122,-0.1384417176246643,1.917191994190216,21.66826084945164
-0.20885857343673705,-0.16561098396778107,2.258558464050293,19.670293942231087
-0.14532886147499083,-0.06858624815940856,1.6331640601158142,19.960750835420416
-0.13468771576881408,-0.15094519257545472,2.839318108558655,21.385182894833168
-0.221286141872406,-0.06457607746124266,1.9644674777984619,-22.587451373557343
-0.2582914799451828,-0.23955494463443755,2.679742527008057,16.757941268965464
-0.021473264694213845,-0.1450158655643463,1.3047068759799003,-200.0
-0.038766270875930764,-0.2854794882237911,1.8283766031265258,-200.0
-0.2802924871444702,-0.08005061745643616,2.952978563308716,-15.322284157895737
-0.1682500272989273,-0.22411241233348844,1.6752116203308105,-7.360100208641301
-0.07694345712661743,-0.010449492931365989,2.3004792451858522,5.292363779111195
-0.09762030243873596,-0.26116140782833097,1.4531924843788147,-200.0
-0.18452997207641603,-0.12311648726463317,2.3281623840332033,20.228966566581924
-0.297414268925786,-0.17167276740074158,1.80026615858078,11.523184519337569
-0.0608707308769226,-0.044141507148742654,3.175424885749817,7.769293072269393
-0.0008382618427276722,-0.20338492691516874,2.4642542123794557,-200.0
-0.24205323457717895,-0.030884134769439686,1.3395311951637268,-200.0
-0.20413181483745574,-0.2638731099665165,2.804921102523804,9.525425166629763
-0.11255056858062742,-0.10195006728172301,2.179528605937958,18.710141279744345
-0.11318385601043701,-0.26448987498879434,1.7867427214980125,-200.0
-0.2047080785036087,-0.10124847292900085,2.5301566421985626,-200.0
-0.24149426668882368,-0.20284126102924346,1.975297597050667,-200.0
-0.00018970370292664684,-0.03136585950851439,3.144287085533142,-200.0
-0.06027384996414184,-0.1721522033214569,2.6327860951423645,-200.0
-0.29687484484165905,-0.04359555244445801,1.676668568700552,-200.0
-0.18505268096923827,-0.2604621022939682,2.815895229578018,-200.0
-0.09823188185691833,-0.12373554110527038,2.284623697400093,-200.0
-0.07642310857772827,-0.22459428012371063,2.9514864444732667,-200.0
-0.16763606965541838,-0.009905970096588113,2.207967978715897,-200.0
-0.280887146294117,-0.2847780369222164,2.7098049223423004,-200.0
-0.03930789828300474,-0.08066752552986145,1.5407141376286746,-200.0
-0.022030019760131858,-0.2401741415262222,2.105337715148926,-200.0
-0.25894226878881454,-0.14431670308113098,3.0615614712238313,-200.0
-0.22065521478652955,-0.1503993809223175,1.869105227291584,-200.0
-0.13410910964012146,-0.06505565643310546,2.400479733943939,-200.0
-0.14603571295738219,-0.1661636620759964,2.1457687109708785,-200.0
-0.20936146974563596,-0.0681135356426239,2.8891875207424165,-200.0
-0.24622030556201935,-0.2266795814037323,1.5897484164685012,-200.0
-0.03296785354614257,-0.1391340136528015,2.758733022212982,-200.0
-0.055552357435226435,-0.29838196104392406,2.9909577131271363,-200.0
-0.26410138607025146,-0.08588633537292481,2.0348418205976486,-200.0
-0.1522052854299545,-0.20886554718017578,2.4311485469341276,-200.0
-0.09358309507369994,-0.006956881284713723,1.8998753681778908,-200.0
-0.10927042365074158,-0.24828613400459287,2.4596596837043765,-200.0
-0.17228493690490723,-0.11723467111587524,1.7161395713686942,-200.0
-0.28560856506228444,-0.18689129054546355,3.1750566184520723,-200.0
-0.07208143472671508,-0.047679072618484475,2.0059674739837647,-200.0
-0.017303913831710815,-0.18813815116882324,1.6143686063587666,-200.0
-0.22616418600082397,-0.02739155888557432,2.5705874860286713,-200.0
-0.18780329525470735,-0.27677563279867173,2.33355113863945,-200.0
-0.1294557809829712,-0.10778589248657225,2.8649305343627933,-200.0
-0.12621379494667054,-0.19823437035083769,2.6740694105625153,-200.0
-0.1939892381429672,-0.03631133437156675,1.5050368482246994,-200.0
-0.23110447973012924,-0.26900534257292746,2.9638437867164615,-200.0
-0.012962758541107178,-0.09650455713272094,2.2204872936010362,-200.0
-0.06596243977546692,-0.2560431852936745,1.8284669905900954,-200.0
-0.28881221562623977,-0.12851192951202392,2.3597959756851195,-200.0
-0.17673309445381163,-0.17677266597747804,2.122857055068016,-200.0
-0.1042494535446167,-0.03872775435447695,3.0789315044879917,-200.0
-0.0867934763431549,-0.28973284251987935,1.9345622122287751,-200.0
-0.15488021671772004,-0.07606991529464721,3.1037010073661806,-200.0
-0.26787433996796606,-0.21984076201915742,1.804164457321167,-200.0
-0.05000724792480468,-0.014411884546279896,2.547623950242996,-200.0
-0.030369025468826305,-0.155166220664978,2.7802699625492098,-200.0
-0.252907495200634,-0.060627132654190063,2.2488364577293396,-200.0
-0.214949494600296,-0.2353156194090843,2.6452532768249513,-200.0
-0.14219123125076294,-0.14894649982452393,1.6890775375068188,-200.0
-0.14031053781509398,-0.23123141527175903,3.1659095466136935,-200.0
-0.21738751530647277,-0.1342066705226898,1.9968786150217057,-200.0
-0.2545764774084091,-0.16166692078113556,2.498605465888977,-200.0
-0.02698686718940735,-0.07280298471450805,1.755247351527214,-200.0
-0.042485761642456044,-0.21330322623252868,2.319449487328529,-200.0
-0.2747835673391819,-0.0021259546279907005,2.850783336162567,-200.0
-0.16263172924518585,-0.29370640218257904,1.6584244936704635,-200.0
-0.08084669709205627,-0.0907723367214203,2.6144940793514255,-200.0
-0.10089476108551024,-0.18195495307445525,1.575549579039216,-200.0
-0.1782830536365509,-0.05222185850143432,2.7446835041046143,-200.0
-0.29135093986988064,-0.25298427790403366,2.1897270321846007,-200.0
-0.06403596997261046,-0.11274667382240294,2.9331913888454437,-200.0
-0.006896960735321034,-0.2719534546136856,2.4221117198467255,-200.0
-0.2388834536075592,-0.11223226189613342,1.8906765937805177,-200.0
-0.20085268914699556,-0.1930151045322418,3.0300133347511293,-200.0
-0.1187930166721344,-0.022707009315490745,2.073839229345322,-200.0
-0.12092514038085936,-0.1746205061674118,3.0500021874904633,-200.0
-0.1980935990810394,-0.04082704782485963,2.093668186664581,-200.0
-0.2363806888461113,-0.2550637364387512,2.388712930679321,-200.0
-0.008845943212509144,-0.1294333755970001,1.8576432183384894,-200.0
-0.06186264753341675,-0.26993364840745926,2.196097415685654,-200.0
-0.29406882673501966,-0.09552283287048338,2.940128195285797,-200.0
-0.1808178573846817,-0.20032680630683897,1.5294661331921815,-200.0
-0.09897782206535338,-0.03416147232055666,2.6978241145610813,-200.0
-0.08270870447158812,-0.23799823522567748,1.6648952677845954,-200.0
-0.16015185713768004,-0.14620572924613953,2.6213305711746218,-200.0
-0.2719741277396679,-0.15901983082294463,2.2730579286813737,-200.0
-0.04475063681602476,-0.056720530986785894,2.8042321860790254,-200.0
-0.025092816352844216,-0.2159272849559784,2.518902152776718,-200.0
-0.257024310529232,-0.018267774581909202,1.7747683987021445,-200.0
-0.2202381581068039,-0.2869989439845085,3.132410037517548,-200.0
-0.13808686137199402,-0.07875024676322936,1.963945832848549,-200.0
-0.14440099596977232,-0.29236390851438043,2.5855773270130156,-200.0
-0.21212157905101775,-0.09220958948135374,1.6292482152581216,-200.0
-0.2504824340343475,-0.21312658488750458,2.8797128558158875,-200.0
-0.03224923610687258,-0.0023922264575958474,2.348638254404068,-200.0
-0.047765439748764016,-0.16193089485168458,1.7308181330561638,-200.0
-0.27067021653056145,-0.07263320088386535,2.4748505592346195,-200.0
-0.1573464810848236,-0.23267096579074859,2.021268594264984,-200.0
-0.08495446443557739,-0.1328573226928711,3.189624935388565,-200.0
-0.10618001818656922,-0.1962075591087341,2.0496176570653915,-200.0
-0.17417527735233307,-0.019604033231735207,3.006051313877106,-200.0
-0.2860712707042694,-0.2763237699866295,1.9148587241768837,-200.0
-0.06814931631088256,-0.10795658826828003,2.446034628152847,-200.0
-0.010990995168685902,-0.24871087968349456,2.9044821560382843,-200.0
-0.2336210936307907,-0.11711010932922364,2.160343512892723,-200.0
-0.19676222205162047,-0.1788496971130371,2.7734050989151005,-200.0
-0.12405896186828613,-0.055421179533004766,1.6049457769840956,-200.0
-0.12666690945625306,-0.2596809402108192,2.260623121261597,-200.0
-0.1900475263595581,-0.1245691180229187,2.7917388617992405,-200.0
-0.22800563424825668,-0.1702045887708664,1.7006566941738128,-200.0
-0.014844667911529552,-0.04559960961341858,2.656929695606232,-200.0
-0.07491150498390198,-0.2048475980758667,3.1149688720703126,-200.0
-0.2834055282175541,-0.02941136956214907,1.9465499103069306,-200.0
-0.1704114407300949,-0.26532117426395413,2.5595143735408783,-200.0
-0.11169762611389158,-0.10047419071197508,1.8155295968055725,-200.0
-0.09106433987617493,-0.1541646033525467,2.371368634700775,-200.0
-0.15417033433914185,-0.06134673357009887,1.8401498943567276,-200.0
-0.2662494912743568,-0.24276203960180281,3.090711683034897,-200.0
-0.05277721881866454,-0.14178110361099241,2.134332439303398,-200.0
-0.03551865220069883,-0.2822401385754347,1.516920791286975,-200.0
-0.24428730458021164,-0.08326227664947508,2.685441035032272,-200.0
-0.20717217028141022,-0.22088763713836668,2.2317486733198164,-200.0
-0.14876965284347535,-0.013664335012435913,2.9758379697799686,-200.0
-0.13138879537582396,-0.2084546059370041,1.875887382030487,-200.0
-0.22282153666019439,-0.00727490186691282,2.4070047438144684,-200.0
-0.26085219383239744,-0.2967976947315037,2.058842498064041,-200.0
-0.019492775201797485,-0.08738170266151427,3.0151138782501223,-200.0
-0.042060256004333496,-0.2281680777668953,2.729375493526459,-200.0
-0.2787528723478317,-0.13755202889442444,1.5609613955020905,-200.0
-0.16568495035171507,-0.16648855805397034,2.918505936861038,-200.0
-0.07891915440559386,-0.06770031452178954,2.174516296386719,-200.0
-0.09579076766967773,-0.2811971761286259,2.835780119895935,-200.0
-0.18694886863231658,-0.10327529311180114,2.304556515812874,-200.0
-0.2991006715223193,-0.1913892298936844,2.599698382616043,-200.0
-0.05742995738983153,-0.024047434329986572,1.643324002623558,-200.0
-0.0026720166206359863,-0.1835540235042572,1.9821866780519486,-200.0
-0.23963927328586576,-0.050927853584289556,3.150705295801163,-200.0
-0.20245020389556884,-0.243768672645092,1.739932855963707,-200.0
-0.11599572300910949,-0.12165850996971131,2.484023773670197,-200.0
-0.11648052334785461,-0.21798422634601594,2.029420220851898,-200.0
-0.20317275524139405,-0.016222018003463734,3.198087841272354,-200.0
-0.24127735197544098,-0.2890435919165611,1.732536654174328,-200.0
-0.004511797428131126,-0.07669447660446166,2.4764653205871583,-200.0
-0.05698204636573792,-0.23594470918178556,2.868046367168427,-200.0
-0.29841445544734596,-0.14825263023376464,2.3370755255222324,-200.0
-0.18527388274669648,-0.15697174072265624,2.580758982896805,-200.0
-0.09391465187072753,-0.0587751567363739,1.6241185918450356,-200.0
-0.07825039029121397,-0.267290760576725,2.761842370033264,-200.0
-0.1652173161506653,-0.0981545090675354,1.5932792883366347,-200.0
-0.27685701549053193,-0.19769622981548307,2.8993525326251985,-200.0
-0.040402722358703624,-0.03680317997932436,2.1555251687765122,-200.0
-0.0201984465122223,-0.1772599697113037,1.9233216300606728,-200.0
-0.26135616302490233,-0.0381942093372345,2.4541862547397617,-200.0
-0.22468048632144927,-0.2576977640390396,2.0512324184179307,-200.0
-0.13300999402999877,-0.1267928123474121,3.00776983499527,-200.0
-0.14932740926742552,-0.25134347677230834,1.5376047866418958,-200.0
-0.20782176554203033,-0.11447040438652037,2.7062740504741667,-200.0
-0.24599891155958176,-0.1814905911684036,2.1978029668331147,-200.0
-0.03728490471839907,-0.05278748273849487,2.9417299866676334,-200.0
-0.05225579738616942,-0.19357611536979674,2.3770334720611572,-200.0
-0.2656368032097816,-0.022247171401977517,1.8460675194859504,-200.0
-0.15242239236831664,-0.27368174269795414,3.045170873403549,-200.0
-0.08926118016242982,-0.11058685183525085,2.0885255932807922,-200.0
-0.11110181808471678,-0.1598842352628708,3.120834338665009,-200.0
-0.16987085044384,-0.0746869683265686,1.9522663742303847,-200.0
-0.2815831985324621,-0.23061600923538206,2.513759559392929,-200.0
-0.07318044304847718,-0.13490508198738096,1.7699370846152305,-200.0
-0.015476810932159413,-0.29440941140055654,2.2815078645944595,-200.0
-0.22858313620090484,-0.09015238881111146,2.8123708426952363,-200.0
-0.1918335199356079,-0.21518266797065733,1.6664970591664314,-200.0
-0.12836106419563292,-0.0003479003906249889,2.6230361223220826,-200.0
-0.12218284606933594,-0.28429480791091916,2.9101597607135776,-200.0
-0.19508723616600038,-0.08121423125267027,2.1662738800048826,-200.0
-0.2329348772764206,-0.2229345828294754,2.727877461910248,-200.0
-0.01054310202598574,-0.011610853672027577,1.559152090921998,-200.0
-0.0699890971183777,-0.15210880637168883,2.070314437150955,-200.0
-0.28770934939384457,-0.06339132785797119,3.0268970966339115,-200.0
-0.17489782869815826,-0.2407162472605705,1.880926215648651,-200.0
-0.10666481852531431,-0.14383801817893982,2.4119398176670073,-200.0
-0.0865756630897522,-0.20220699012279508,1.751716074347496,-200.0
-0.15920543074607849,-0.032045352458953846,2.4954957127571107,-200.0
-0.27117418572306634,-0.26268829107284547,1.9871217519044877,-200.0
-0.04847111105918883,-0.10311360955238341,3.155744129419327,-200.0
-0.030591702461242654,-0.2623226836323738,2.591455966234207,-200.0
-0.2485865771770477,-0.12193856835365294,1.634977826476097,-200.0
-0.21165394484996797,-0.17283630967140198,2.8339708089828495,-200.0
-0.14373223185539244,-0.04295675754547118,2.3030584841966633,-200.0
-0.1362837016582489,-0.1861843138933182,2.551155227422714,-200.0
-0.2184902161359787,-0.04828585982322692,1.8072742104530335,-200.0
-0.2564116224646568,-0.24641184657812118,3.1134578704833986,-200.0
-0.0245713949203491,-0.11902710199356079,1.9447276294231415,-200.0
-0.046516889333725,-0.27856343910098075,1.7121156632900238,-200.0
-0.27368573695421217,-0.10591614246368408,2.668699944019318,-200.0
-0.16080145239830015,-0.18874948024749755,2.265648984909058,-200.0
-0.08326646089553832,-0.026679986715316795,2.796660965681076,-200.0
-0.10067197680473328,-0.2261237159371376,2.2435189217329023,-200.0
-0.1826038509607315,-0.13960808515548706,2.987296938896179,-200.0
-0.2946463253349066,-0.16443133056163786,1.5218428935855628,-200.0
-0.062494790554046636,-0.06974578499794007,2.690466898679733,-200.0
-0.007114881277084373,-0.21050240993499755,3.082456296682358,-200.0
-0.2345583602786064,-0.005219990015029929,2.125973293185234,-200.0
-0.19755300879478455,-0.2988515035249293,2.369546353816986,-200.0
-0.12032933235168455,-0.08533508777618407,1.8386388927698136,-200.0
-0.11806903481483458,-0.24222906231880187,2.4429187953472136,-200.0
-0.20036703050136567,-0.1422689080238342,1.9113343372941016,-200.0
-0.23704281449317932,-0.1524460047483444,2.9958798170089724,-200.0
-0.0052574515342712624,-0.06300185322761537,2.0398676842451096,-200.0
-0.06472304463386536,-0.22253823280334473,1.5814930237829685,-200.0
-0.29180026464164255,-0.011950331926345814,2.750373876094818,-200.0
-0.1801605999469757,-0.28273257091641424,2.1439464300870896,-200.0
-0.10257060527801512,-0.08272476196289061,2.8876765191555025,-200.0
-0.08131290078163148,-0.16951134502887724,2.325191992521286,-200.0
-0.16329963505268097,-0.04622928500175477,2.856675148010254,-200.0
-0.2764402449131012,-0.25782954096794125,1.6128576047718526,-200.0
-0.04438018798828125,-0.1263752818107605,2.5687652051448824,-200.0
-0.026483756303787243,-0.2671318642795086,3.1865155875682833,-200.0
-0.2538722366094589,-0.09861817359924316,2.0177377223968507,-200.0
-0.21576774716377256,-0.20547266006469728,2.4646855473518374,-200.0
-0.13845244646072388,-0.02872268557548524,1.7210616752505303,-200.0
-0.14154077768325804,-0.19076869189739226,2.8276784479618073,-200.0
-0.21439030766487122,-0.024749815464019775,2.2960956364870073,-200.0
-0.2511398121714592,-0.2794184848666191,2.6377211689949034,-200.0
-0.0286565601825714,-0.10515416264533997,1.681707389652729,-200.0
-0.0506213665008545,-0.24565214216709136,1.9670551806688308,-200.0
-0.26839661970734596,-0.11987527012825011,3.135940909385681,-200.0
-0.15668423473834991,-0.1842518627643585,1.7849334105849266,-200.0
-0.08854284882545471,-0.05031194686889648,2.528658610582352,-200.0
-0.1047891855239868,-0.2963373499922454,1.860759051144123,-200.0
-0.17732747197151183,-0.08794214129447936,2.3922373175621034,-200.0
-0.29054184705019,-0.2068086415529251,2.1038396835327147,-200.0
-0.06778391003608703,-0.009002673625946034,3.0597521603107456,-200.0
-0.012386691570281994,-0.1682117164134979,2.7212768614292147,-200.0
-0.23047319501638414,-0.06605887413024902,1.5524973560124635,-200.0
-0.1922959417104721,-0.22873307168483734,2.956525278091431,-200.0
-0.12442923188209534,-0.13708707690238953,2.2129030525684357,-200.0
-0.13113162517547608,-0.15722341239452362,1.6468488074839116,-200.0
-0.18968084156513215,-0.05858162641525269,2.602814620733261,-200.0
-0.22661350965499877,-0.23735994547605516,2.3143068939447407,-200.0
-0.01799098849296571,-0.14689040780067444,2.845952022075653,-200.0
-0.07044192552566528,-0.28767906948924066,2.507055401802063,-200.0
-0.2837679248303175,-0.07811656594276428,1.763386008143425,-200.0
-0.17179927825927735,-0.21779299378395078,3.1675113379955295,-200.0
-0.1085464596748352,-0.016466832160949685,1.9985841661691666,-200.0
-0.09172500371932982,-0.25340004712343217,3.0381519913673403,-200.0
-0.15058551728725433,-0.1311433732509613,2.0822891652584077,-200.0
-0.26339714527130126,-0.17414241135120392,2.4238172709941868,-200.0
-0.05504924654960633,-0.041369783878326405,1.8922783851623537,-200.0
-0.03486227989196777,-0.20087408423423767,2.178047573566437,-200.0
-0.24787698090076446,-0.033678746223449685,2.9216156899929047,-200.0
-0.21002937555313111,-0.2716390438377857,1.570718264952302,-200.0
-0.1465019166469574,-0.09386367201805115,2.7395409107208253,-200.0
-0.13585848212242127,-0.27458630204200746,2.1112943261861803,-200.0
-0.2224592328071594,-0.10959280729293822,3.0672650158405306,-200.0
-0.2594645485281944,-0.19565567672252654,1.8233373671770097,-200.0
-0.02264413833618162,-0.02007299065589907,2.354977631568909,-200.0
-0.03759543299674989,-0.17932326793670655,2.9723066926002506,-200.0
-0.27911946326494214,-0.05486474633216859,2.22863892018795,-200.0
-0.1670768916606903,-0.25034257024526596,2.675684171915054,-200.0
-0.07577265501022337,-0.11537725925445555,1.506755370926112,-200.0
-0.09644731879234314,-0.21125631630420683,2.6534049034118654,-200.0
-0.18335938453674316,-0.004179471731185935,1.6975404433906078,-200.0
-0.2962435604073107,-0.2916517686098814,2.781988483667374,-200.0
-0.059697782993316656,-0.09282041788101195,2.250451219081879,-200.0
-0.002011173963546775,-0.2332771673798561,1.7924979686737061,-200.0
-0.2432238981127739,-0.13214972019195556,2.5360612213611606,-200.0
-0.2053024560213089,-0.16372268199920653,1.9297438681125643,-200.0
-0.11372358798980711,-0.07075833678245544,3.098571383953095,-200.0
-0.11417301893234252,-0.23413247019052505,2.0434677630662916,-200.0
-0.20547724664211273,-0.1313948392868042,2.9997497320175173,-200.0
-0.24365451335906982,-0.1633983939886093,1.9078303426504135,-200.0
-0.002130478620529175,-0.0711653172969818,2.4389518082141874,-200.0
-0.05928554534912109,-0.21166330575942993,2.8840653955936433,-200.0
-0.2961059597320855,-0.0038551747798919456,2.140086343884468,-200.0
-0.18289157152175903,-0.290896893851459,2.7538737416267396,-200.0
-0.09629082083702087,-0.0936757206916809,1.585463747382164,-200.0
-0.07594749927520753,-0.18031732141971588,2.5652675688266755,-200.0
-0.16752636730670928,-0.053953367471694935,1.60888432264328,-200.0
-0.2792387388646603,-0.2501724824309349,2.860281610488892,-200.0
-0.03802601695060731,-0.1156477689743042,2.3290556252002714,-200.0
-0.022506487369537365,-0.27485680505633353,1.724567848443985,-200.0
-0.25905226171016693,-0.10942271947860718,2.4686498999595643,-200.0
-0.222302770614624,-0.1947442889213562,2.0141328811645507,-200.0
-0.135390704870224,-0.021067053079605103,3.1826491177082064,-200.0
-0.14695081114768982,-0.20120867192745207,1.6844810634851455,-200.0
-0.2102036476135254,-0.03327977657318115,2.6407581686973574,-200.0
-0.24830812364816665,-0.27081005573272704,2.2934188574552534,-200.0
-0.03498212099075315,-0.0946471631526947,2.8245451867580416,-200.0
-0.05463640093803407,-0.2541835382580757,2.525881212949753,-200.0
-0.2632589243352413,-0.13031439185142515,1.7819005399942398,-200.0
-0.15011833012104034,-0.17374343276023865,3.1386078596115112,-200.0
-0.09156911373138427,-0.04170438051223757,1.9701994866132737,-200.0
-0.10872067809104918,-0.28787548430263993,3.0570817649364472,-200.0
-0.17224813699722288,-0.07787466645240784,2.1007001399993896,-200.0
-0.28388781398534774,-0.21680923998355867,2.3950173497200016,-200.0
-0.07087311744689942,-0.017386221885681175,1.8637897431850434,-200.0
-0.01785280108451842,-0.1581428110599518,2.215576285123825,-200.0
-0.226200695335865,-0.05759786367416381,2.959663200378418,-200.0
-0.18952489793300628,-0.2371180459856987,1.5497262597084045,-200.0
-0.1306643843650818,-0.1470868170261383,2.7182376325130466,-200.0
-0.12456570267677305,-0.16795006692409514,2.842756140232086,-200.0
-0.19270708858966829,-0.06623783111572265,2.311692076921463,-200.0
-0.23062854409217834,-0.22963557243347166,2.6058992445468903,-200.0
-0.012853288650512718,-0.1360841453075409,1.6495741859078408,-200.0
-0.06761024594306947,-0.2953344170004129,2.001769408583641,-200.0
-0.2900935001671314,-0.08884465098381042,3.1701363384723664,-200.0
-0.1772093117237091,-0.20698758959770203,1.7602968245744706,-200.0
-0.10435978174209595,-0.008741033077240001,2.504333329200745,-200.0
-0.08895397782325745,-0.24523630142211914,1.895369316637516,-200.0
-0.1568206876516342,-0.12019069790840148,2.4265363037586214,-200.0
-0.2688632547855377,-0.18501562178134917,2.0790995657444,-200.0
-0.05077675580978394,-0.049465513229370095,3.0355308413505555,-200.0
-0.028208237886428844,-0.18992226719856262,2.736458110809326,-200.0
-0.2509661704301834,-0.0255135655403137,1.5679898783564568,-200.0
-0.2139608681201935,-0.27973391488194466,2.9248073160648347,-200.0
-0.14142258167266844,-0.10473831295967101,2.1806662917137145,-200.0
-0.13858945369720457,-0.2662030354142189,2.3509553194046022,-200.0
-0.21617944836616515,-0.0995924949645996,1.819889660179615,-200.0
-0.2540270403027534,-0.20572400987148284,3.0711768805980686,-200.0
-0.026949816942214988,-0.028535717725753806,2.114853468537331,-200.0
-0.04420713186264036,-0.16932438611984252,1.5107743693515658,-200.0
-0.2759924992918968,-0.04648062586784363,2.6791364133358,-200.0
-0.16318088471889494,-0.25880387127399446,2.2247168213129043,-200.0
-0.08088288903236387,-0.12544645071029661,2.9687581896781925,-200.0
-0.10298234224319458,-0.2217641741037369,2.2543693661689757,-200.0
-0.1802976429462433,-0.012788754701614391,2.785541242361069,-200.0
-0.2922663040459156,-0.2831220969557762,1.6935244515538215,-200.0
-0.06487782597541808,-0.08238072395324705,2.6499508380889893,-200.0
-0.0048096656799316295,-0.2418850153684616,3.0946556687355042,-200.0
-0.23686971813440322,-0.14265843629837036,1.9261890828609467,-200.0
-0.1999370366334915,-0.15328441858291625,2.5400865733623506,-200.0
-0.117950302362442,-0.06222780346870421,1.7959439024329185,-200.0
-0.12044860124588011,-0.21033259928226472,2.4799177646636963,-200.0
-0.19798359274864197,-0.00549078583717344,1.7365555465221405,-200.0
-0.23473319113254548,-0.2998452728614211,3.1945395410060886,-200.0
-0.007564347982406627,-0.08442342281341553,2.025498020648956,-200.0
-0.062338328361511236,-0.22521205097436903,1.6206709735095501,-200.0
-0.29417855367064477,-0.14060186147689818,2.5767364680767058,-200.0
-0.18246621787548065,-0.16470211744308472,2.3406347692012788,-200.0
-0.10025970339775084,-0.06957598328590392,2.8719580292701723,-200.0
-0.08369708061218262,-0.27823886275291443,2.1519702821969986,-200.0
-0.16092075705528258,-0.10632283687591551,2.8954369187355042,-200.0
-0.27413518130779263,-0.18960507810115812,1.5967251144349575,-200.0
-0.04669169783592225,-0.02592539191246035,2.7658679246902467,-200.0
-0.02410358190536499,-0.18542972803115843,3.011322391033173,-200.0
-0.2562551200389862,-0.04914144873619081,2.055150666832924,-200.0
-0.2180779606103897,-0.24681854546070098,2.4507319867610935,-200.0
-0.13614608645439147,-0.11870251893997191,1.9193057268857956,-200.0
-0.14385210871696472,-0.2613392069935799,2.9443551898002625,-200.0
-0.21208512783050537,-0.12285824418067931,2.200988107919693,-200.0
-0.24876080900430678,-0.17303244173526763,2.703552180528641,-200.0
-0.031040561199188244,-0.0427145719528198,1.5345155365765095,-200.0
-0.04831518530845641,-0.20196481347084044,2.0859109282493593,-200.0
-0.27070695608854295,-0.032241475582122814,3.04197478890419,-200.0
-0.15906724333763123,-0.26360797584056855,1.8487930119037628,-200.0
-0.08616285324096679,-0.10213013291358947,2.380117893218994,-200.0
-0.10709597468376159,-0.15127952992916108,1.7672086030244827,-200.0
-0.17501768767833709,-0.06417453289031982,2.5106769621372225,-200.0
-0.2881582461297512,-0.24105112999677658,1.9548849910497665,-200.0
-0.07016336917877197,-0.14343933463096617,3.124026167392731,-200.0
-0.010075896978378296,-0.28389611653983593,2.625754952430725,-200.0
-0.23277897387742996,-0.08154911398887635,1.669588104635477,-200.0
-0.1946743905544281,-0.22371777892112732,2.8097494900226594,-200.0
-0.1220446228981018,-0.010781586170196533,2.278318366408348,-200.0
-0.12882769703865052,-0.29517345093190667,1.5561193279922008,-200.0
-0.19198890924453735,-0.08930624127388001,2.7250998616218567,-200.0
-0.22899424731731416,-0.2147665411233902,2.169418287277222,-200.0
-0.015613245964050282,-0.0006630420684814453,2.912826508283615,-200.0
-0.07275100350379943,-0.16019938588142393,2.4149770200252534,-200.0
-0.2814650058746338,-0.07427083253860473,1.8836997881531716,-200.0
-0.16942254602909088,-0.22976987063884735,3.023764038085938,-200.0
-0.11092818975448607,-0.13566911816596985,2.0676375567913055,-200.0
-0.08941653370857239,-0.19447833001613618,3.158881849050522,-200.0
-0.15288898944854737,-0.021243953704834007,1.9897950857877733,-200.0
-0.2657732851803303,-0.27342038601636887,2.4924562811851505,-200.0
-0.05266696214675903,-0.11076609492301939,1.7489450857043267,-200.0
-0.037166744470596313,-0.25152271091938017,2.299918839335442,-200.0
-0.2455695033073425,-0.11420904994010925,2.8313006162643433,-200.0
-0.20764808356761932,-0.18048736453056335,1.6380084298551083,-200.0
-0.1488790512084961,-0.053689706325530995,2.5942362010478974,-200.0
-0.13347601890563965,-0.17764977514743804,1.9408676445484163,-200.0
-0.22483524978160857,-0.03785045742988585,3.1098465442657472,-200.0
-0.2617678955197334,-0.25692341923713685,1.8112450227141381,-200.0
-0.02033548951148989,-0.12763094902038574,2.5546548902988437,-200.0
-0.03997274637222292,-0.26812889501452447,2.8005310833454136,-200.0
-0.27673829868435856,-0.09738017320632933,2.2692489624023438,-200.0
-0.16476953029632568,-0.19735246896743774,2.6647331595420836,-200.0
-0.07807729840278624,-0.03719299435615542,1.7086115546524525,-200.0
-0.09406946897506713,-0.23619577288627625,2.6944310486316683,-200.0
-0.18573996126651765,-0.14806537628173827,1.5253491633571685,-200.0
-0.2985514682717621,-0.156043204665184,2.98343026638031,-200.0
-0.05739374756813048,-0.05974976420402528,2.2399141818284987,-200.0
-0.004393029212951649,-0.218958842754364,1.834665496647358,-200.0
-0.24084732681512833,-0.015293473005294822,2.3660489201545714,-200.0
-0.20299969911575316,-0.2888563401997089,2.1298368245363237,-200.0
-0.11603277325630187,-0.0769455313682556,3.086062961816788,-200.0
-0.11556513905525206,-0.18337478041648864,1.8536243259906768,-200.0
-0.20233093500137328,-0.05118920803070068,2.3852604866027836,-200.0
-0.23918979316949843,-0.24477189034223557,2.097590386867523,-200.0
-0.0024971723556518333,-0.12075628638267516,3.053550487756729,-200.0
-0.057897716760635376,-0.2802949458360672,2.70184662938118,-200.0
-0.29925713930279013,-0.10427851080894471,1.5329137420281769,-200.0
-0.18736115992069244,-0.19165057539939878,2.9362165331840515,-200.0
-0.09592841863632201,-0.023868191242218006,2.192538172006607,-200.0
-0.07879984974861146,-0.22785293608903884,2.8081476986408234,-200.0
-0.1652543306350708,-0.1379681646823883,2.2766128152608873,-200.0
-0.2785780794918537,-0.1673347145318985,2.6173050165176392,-200.0
-0.041610825061798085,-0.06693627834320068,1.661449448019266,-200.0
-0.01964927315711973,-0.20769057869911195,1.9600275844335555,-200.0
-0.26132000237703323,-0.008121049404144265,3.128857481479645,-200.0
-0.22295913398265838,-0.29721383694559333,1.7787843018770217,-200.0
-0.13180103302001953,-0.08706656098365784,2.5223564207553864,-200.0
-0.1483384609222412,-0.28126553669571874,2.3454531133174896,-200.0
-0.20705227553844452,-0.08419082164764405,2.877087652683258,-200.0
-0.2438384413719177,-0.22107490003108976,1.632337462157011,-200.0
-0.03534441590309145,-0.013413280248641968,2.588299196958542,-200.0
-0.05324445962905883,-0.15391355752944946,3.1928210198879245,-200.0
-0.26640543043613435,-0.06153396964073182,2.0238832592964173,-200.0
-0.15458314418792723,-0.24369058459997175,2.4717661380767826,-200.0
-0.09120252728462219,-0.14080649614334106,1.7280926406383514,-200.0
-0.1115777850151062,-0.20400945246219634,2.4491172254085543,-200.0
-0.16998030245304108,-0.03018570542335508,1.9175872057676315,-200.0
-0.28323125950992106,-0.26566491946578025,3.0028594851493837,-200.0
-0.07446261048316954,-0.10008437633514403,2.0469990402460096,-200.0
-0.015000557899475075,-0.25929112583398817,1.6018547378480434,-200.0
-0.22847282588481904,-0.12491286993026732,2.7706862688064575,-200.0
-0.19018574953079223,-0.17097891569137572,2.1635330110788344,-200.0
-0.12707975506782532,-0.04476147294044497,2.907103508710861,-200.0
-0.12390357255935669,-0.24946548342704772,2.6597072958946226,-200.0
-0.1962955892086029,-0.11625452041625975,1.7036894507706166,-200.0
-0.23348464518785478,-0.1784430116415024,2.789072114229202,-200.0
-0.01057986617088319,-0.05574576258659364,2.257478713989258,-200.0
-0.06826751232147216,-0.196532142162323,1.812756024301052,-200.0
-0.2865007136017084,-0.019197338819503806,2.5564771711826326,-200.0
-0.1743489235639572,-0.2754681810736656,1.9492267906665801,-200.0
-0.10662834048271178,-0.10871118307113647,3.118101930618286,-200.0
-0.08448786735534666,-0.1628425508737564,2.1316590547561645,-200.0
-0.15719112753868103,-0.07163942456245423,3.087573963403702,-200.0
-0.27025906294584273,-0.23240016102790834,1.842920882999897,-200.0
-0.047628968954086304,-0.13302712440490722,2.3744080662727356,-200.0
-0.032678639888763406,-0.2925337091088295,2.978508162498474,-200.0
-0.2506005898118019,-0.0919387936592102,2.2348883181810377,-200.0
-0.21256991922855378,-0.21213279962539672,2.6826608002185823,-200.0
-0.1445746600627899,-0.0033038914203643577,1.513890192657709,-200.0
-0.13793208003044127,-0.2163259595632553,3.0187252044677737,-200.0
-0.2197721153497696,-0.017932891845703125,2.0627024829387666,-200.0
-0.25688726305961607,-0.28621573783457277,2.4035050809383396,-200.0
-0.024681079387664784,-0.07957951426506041,1.8719165697693825,-200.0
-0.044869369268417336,-0.2388274937868118,2.1709163188934326,-200.0
-0.27240411937236786,-0.1454225242137909,2.9146358191967012,-200.0
-0.16032494902610778,-0.15868493914604187,1.5644655041396618,-200.0
-0.08315649032592773,-0.057119214534759516,2.7333422780036924,-200.0
-0.09851176142692566,-0.2701758362352848,1.6398177407681942,-200.0
-0.18066305816173553,-0.09532669186592102,2.5957342326641086,-200.0
-0.2936571311205625,-0.19940713942050933,2.3081612557172777,-200.0
-0.06172564029693603,-0.03514494895935061,2.8396467924118043,-200.0
-0.009275954961776745,-0.17560399174690244,2.487521207332611,-200.0
-0.23649944365024567,-0.03990737199783323,1.7439062520861626,-200.0
-0.19854134917259214,-0.25486762225627896,3.147098630666733,-200.0
-0.12109819650650025,-0.12967556118965148,1.978323146700859,-200.0
-0.11861820816993712,-0.2727998949587345,3.1404171705245973,-200.0
-0.20040324032306672,-0.11146851181983947,1.9716975182294845,-200.0
-0.23876414895057677,-0.19269968569278717,2.5341235280036924,-200.0
-0.006466341018676769,-0.02312285900115968,1.7902467161417008,-200.0
-0.0641735851764679,-0.18237081170082092,2.2884837836027145,-200.0
-0.2917631920427084,-0.05190643072128295,2.8195063531398774,-200.0
-0.17843955159187316,-0.2522205278277397,1.6726978451013566,-200.0
-0.10136257410049437,-0.11359310746192933,2.629286229610443,-200.0
-0.08039723038673399,-0.2143061488866806,1.5446874260902406,-200.0
-0.16245690286159514,-0.001223444938659668,2.7133025586605073,-200.0
-0.274352990090847,-0.2935274379327893,2.204104346036911,-200.0
-0.04236649274826049,-0.09103397727012633,2.947879981994629,-200.0
-0.02739914059638976,-0.23149305135011672,2.3965153813362123,-200.0
-0.2547141149640083,-0.13402771353721618,1.8655990540981293,-200.0
-0.21785529255867003,-0.1607644021511078,3.0654279410839083,-200.0
-0.14046700000762938,-0.07380591630935668,2.1089425563812254,-200.0
-0.14201695919036864,-0.15551024973392485,2.755696022510529,-200.0
-0.2145006000995636,-0.06023760437965392,1.586974748969078,-200.0
-0.2527876406908035,-0.23447719663381578,2.8923207819461823,-200.0
-0.029937869310379006,-0.14972054958343506,2.148445490002632,-200.0
-0.05014547109603881,-0.29050688445568085,1.9029082387685776,-200.0
-0.2682871878147125,-0.07523149251937866,2.4339259445667265,-200.0
-0.155036124587059,-0.21945122480392454,2.0316975146532057,-200.0
-0.08726068139076232,-0.01475592255592345,2.9882907629013062,-200.0
-0.10380059480667114,-0.2562301531434059,2.0091070175170898,-200.0
-0.1765588581562042,-0.12826058864593506,3.1777270138263702,-200.0
-0.2883810359984636,-0.1757983535528183,1.713108879327774,-200.0
-0.06584256291389465,-0.039656585454940774,2.4568796515464784,-200.0
-0.013375568389892567,-0.1991632103919983,2.8617926120758055,-200.0
-0.23124266266822813,-0.03533701300621034,2.3308779060840608,-200.0
-0.19445646107196807,-0.26875400841236113,2.5736267149448393,-200.0
-0.12636972069740296,-0.0966915249824524,1.617139708995819,-200.0
-0.1290446162223816,-0.18786763250827787,2.2231020599603655,-200.0
-0.18766680657863616,-0.027561646699905407,2.9670396685600284,-200.0
-0.2256975844502449,-0.2776870094239712,1.5023114650510252,-200.0
-0.017148560285568215,-0.10679183006286622,2.6709847867488863,-200.0
-0.07252979278564453,-0.2472920626401901,3.0763065040111544,-200.0
-0.28578224144876,-0.11814604997634887,2.1196718126535417,-200.0
-0.17271434068679808,-0.1870613694190979,2.362518048286438,-200.0
-0.1093885838985443,-0.047408562898635875,1.831556148827076,-200.0
-0.09344666004180907,-0.2979749836027622,2.5449049174785614,-200.0
-0.15179417431354522,-0.08621063232421874,1.8010735258460044,-200.0
-0.2639460012316704,-0.20962043702602384,3.1063221573829654,-200.0
-0.05508572459220887,-0.0061015784740448,1.9377518117427828,-200.0
-0.03314148187637328,-0.16530836820602415,1.6918059304356574,-200.0
-0.24666861444711685,-0.06886841654777526,2.6483360767364506,-200.0
-0.20947966575622556,-0.22700388729572296,2.246217739582062,-200.0
-0.14646515250205994,-0.13872703313827514,2.7770783364772798,-200.0
-0.13369740843772887,-0.2392547607421875,1.7586950585246086,-200.0
-0.2205182075500488,-0.14530046582221984,2.5026277780532835,-200.0
-0.25847619473934175,-0.15064128935337065,1.9933194726705552,-200.0
-0.021875202655792236,-0.06485924720764161,3.1619976818561555,-200.0
-0.03975564837455747,-0.2243978798389435,2.6110418379306797,-200.0
-0.28106020912528035,-0.01014786958694458,1.6544054999947548,-200.0
-0.1680660992860794,-0.2857618030160665,2.854331839084625,-200.0
-0.07654187679290772,-0.07974813580512999,2.3233715862035753,-200.0
-0.09809483885765075,-0.17136870324611664,2.9296386301517487,-200.0
-0.18464094400405884,-0.04442453384399414,2.1858088850975035,-200.0
-0.2967200780287385,-0.26086106300354,2.7481375694274903,-200.0
-0.059807825088500965,-0.12340094447135924,1.5795655772089958,-200.0
-0.0003627955913543812,-0.264155276119709,2.077394014596939,-200.0
-0.24194204807281494,-0.10164744257926941,3.0339290499687195,-200.0
-0.20482679307460783,-0.20367023348808289,1.887230634689331,-200.0
-0.11361383199691771,-0.03058236837387085,2.418086367845535,-200.0
-0.11300007104873658,-0.20312442183494567,2.961350512504578,-200.0
-0.20430664122104644,-0.031061947345733643,2.2172086775302886,-200.0
-0.24248378723859787,-0.26477447301149365,2.6733921349048613,-200.0
-0.0009575664997100719,-0.10094828009605408,1.5049231060780586,-200.0
-0.06045842170715332,-0.26015961170196533,2.122257447242737,-200.0
-0.2972766414284706,-0.12401785254478453,3.0786879122257234,-200.0
-0.1840622305870056,-0.1718505710363388,1.825636750459671,-200.0
-0.09746380448341369,-0.04388101100921632,2.3568029522895815,-200.0
-0.07711822986602782,-0.28506249748170376,1.8034549087285996,-200.0
-0.16869947612285613,-0.0803671896457672,2.547490602731705,-200.0
-0.28041182532906533,-0.2248773157596588,1.932036665081978,-200.0
-0.039196854829788186,-0.009601914882659934,3.1004027843475344,-200.0
-0.021335685253143333,-0.15009762346744537,2.6424426436424255,-200.0
-0.25787921994924545,-0.06534097194671631,1.6861167870461942,-200.0
-0.22112960815429689,-0.23987152576446533,2.7796898603439333,-200.0
-0.13421993851661682,-0.14459887146949768,2.2486251384019855,-200.0
-0.14577775597572326,-0.22637567818164825,2.496903359889984,-200.0
-0.20903277397155762,-0.13941718339920042,1.7527599036693573,-200.0
-0.24713737070560454,-0.16586347818374633,3.1643632829189303,-200.0
-0.03380903005599978,-0.06839813590049743,1.9958958864212037,-200.0
-0.05580954551696776,-0.20914786756038667,1.6570077903568745,-200.0
-0.264429721981287,-0.006654399633407582,2.61343337893486,-200.0
-0.15128915011882782,-0.2986674226820469,2.317462295293808,-200.0
-0.09274213314056395,-0.0855847120285034,2.848633360862732,-200.0
-0.10989137291908263,-0.18659094572067259,2.1882003754377366,-200.0
-0.17342108488082886,-0.04796352982521057,2.9322409331798553,-200.0
-0.2850607842206955,-0.24798206984996796,1.5738670863211155,-200.0
-0.07204370498657225,-0.1175176978111267,2.742228329181671,-200.0
-0.016682177782058716,-0.27706094607710835,3.0279938697814943,-200.0
-0.2250276803970337,-0.10748412609100341,2.0716696470975875,-200.0
-0.18835200369358063,-0.18842031061649323,2.4206627309322357,-200.0
-0.1294937252998352,-0.02708893418312075,1.8895962864160538,-200.0
-0.12573646903038024,-0.26930897533893583,1.9776294052600862,-200.0
-0.19388019740581514,-0.09622110128402708,3.146144831180573,-200.0
-0.23180160373449327,-0.19853485822677613,1.787673570215702,-200.0
-0.014024162292480491,-0.03602702021598814,2.5317547857761387,-200.0
-0.06643940806388854,-0.1764906495809555,2.8171115696430205,-200.0
-0.28892046734690663,-0.039030522108078,2.285884773731232,-200.0
-0.1760361850261688,-0.25575744062662126,2.634987950325012,-200.0
-0.1031889796257019,-0.1288132667541504,1.6786038808524608,-200.0
-0.08778099417686461,-0.22014137506484985,2.7107034981250764,-200.0
-0.15565008223056792,-0.014127713441848766,1.5422926805913448,-200.0
-0.2676925554871559,-0.290036603808403,2.9537859797477726,-200.0
-0.04960380792617797,-0.07578660249710081,2.209806117415428,-200.0
-0.029381150007247947,-0.23503001779317856,1.8713266894221305,-200.0
-0.25213684290647503,-0.14924798011779786,2.402447319030762,-200.0
-0.2151314914226532,-0.15488432943820954,2.106573662161827,-200.0
-0.14259560108184813,-0.0609300434589386,3.062854820489884,-200.0
-0.1397601842880249,-0.161383455991745,1.5928713865578175,-200.0
-0.21735236048698425,-0.07310661077499389,2.7613819360733034,-200.0
-0.25520000159740447,-0.23094709664583207,2.1458305716514587,-200.0
-0.028120440244674694,-0.13450714945793152,2.8899166762828825,-200.0
-0.04303647279739381,-0.294009162671864,2.431547778844833,-200.0
-0.27481951117515563,-0.09049031138420105,1.9003193363547326,-200.0
-0.1620079904794693,-0.21360455453395844,2.994002616405487,-200.0
-0.07971219420433043,-0.0018402099609374778,2.0376201808452605,-200.0
-0.10180925130844115,-0.2527001067996025,3.175138086080551,-200.0
-0.17912680506706236,-0.11304729580879211,2.0067289024591446,-200.0
-0.2910955600440502,-0.1816716492176056,2.462802267074585,-200.0
-0.06370469927787781,-0.052525627613067616,1.718820758163929,-200.0
-0.0059828281402588,-0.19331659376621246,2.336563768982887,-200.0
-0.23804048895835875,-0.02242140769958495,2.867689287662506,-200.0
-0.201107856631279,-0.27225637212395665,1.6147355653345585,-200.0
-0.11912335753440856,-0.11195037961006163,2.5710118472576142,-200.0
-0.12161926031112671,-0.25534934699535367,1.7011005610227585,-200.0
-0.19915657639503478,-0.12913189530372618,2.6573291301727293,-200.0
-0.23590608090162277,-0.1749023973941803,2.2634013801813126,-200.0
-0.008735042810440075,-0.040524137020111095,2.794783967733383,-200.0
-0.06116759777069092,-0.20002619326114654,2.562163084745407,-200.0
-0.2930056370794773,-0.03444564342498779,1.8186526745557785,-200.0
-0.18129325211048125,-0.26962988153100015,3.115697824954987,-200.0
-0.09908908009529113,-0.09580612778663636,1.9466118723154069,-200.0
-0.08252391815185547,-0.15930184721946716,3.0934706389904023,-200.0
-0.15974999070167542,-0.056417763233184814,2.1373449683189394,-200.0
-0.27296436578035355,-0.238283970952034,2.37179319858551,-200.0
-0.045518642663955666,-0.14590439200401306,1.8405167520046235,-200.0
-0.02527667284011842,-0.28669531680643556,2.2325102031230926,-200.0
-0.25742596238851545,-0.07903370261192322,2.975919234752655,-200.0
-0.21924870908260347,-0.21562679708003996,1.5196020809933544,-200.0
-0.13731921315193177,-0.018552088737487815,2.688583415746689,-200.0
-0.14502294659614562,-0.2128250956535339,2.060103473067284,-200.0
-0.21325815618038177,-0.002677828073501587,3.0163304209709167,-200.0
-0.24993394017219542,-0.2920609965920448,1.8778225928544998,-200.0
-0.032211363315582275,-0.09249147176742553,2.4092068016529087,-200.0
-0.04714441895484922,-0.23295512795448303,2.9203634798526767,-200.0
-0.2695338517427444,-0.13255670070648193,2.176848205924034,-200.0
-0.15789418816566467,-0.16221419870853424,2.7309734344482424,-200.0
-0.08499197959899901,-0.07232943177223206,1.561892345547676,-200.0
-0.10592306256294251,-0.2760210022330284,2.6016661703586577,-200.0
-0.1738470107316971,-0.10823861360549927,1.6455453634262085,-200.0
-0.28698761835694314,-0.19590622186660767,2.8370736718177794,-200.0
-0.06899034976959229,-0.01988977789878843,2.305792361497879,-200.0
-0.01124888062477114,-0.17913316190242767,1.74151149392128,-200.0
-0.23394957482814788,-0.055117553472518926,2.4849221467971803,-200.0
-0.19584508538246154,-0.2489952027797699,1.9840249180793763,-200.0
-0.12321757078170775,-0.11680963039398193,3.1530046284198763,-200.0
-0.12765457034111022,-0.17050634622573851,2.387652027606964,-200.0
-0.1908181071281433,-0.04531429409980775,1.8562265783548355,-200.0
-0.2278234228491783,-0.25998356491327285,3.047852009534836,-200.0
-0.014440226554870594,-0.124286949634552,2.091681095957756,-200.0
-0.07392405867576599,-0.26503671035170556,1.5269785776734353,-200.0
-0.2826358750462532,-0.10077452659606934,2.6961222112178804,-200.0
-0.17059329450130462,-0.2045645624399185,2.1951145350933077,-200.0
-0.1121012806892395,-0.02971542477607725,2.9385821342468263,-200.0
-0.0905871570110321,-0.24306452125310896,2.2708884477615356,-200.0
-0.15406200885772706,-0.14149879217147826,2.802212518453598,-200.0
-0.26694618389010427,-0.1544662356376648,1.6638150617480278,-200.0
-0.05383762121200561,-0.06106125712394714,2.6198813796043394,-200.0
-0.035996049642562866,-0.2206044763326645,3.1314597845077516,-200.0
-0.24439655989408493,-0.013968247175216664,1.9624190747737886,-200.0
-0.20647511780261993,-0.2819555439054966,2.5164471805095676,-200.0
-0.14770846366882323,-0.08356246948242188,1.7730857983231545,-200.0
-0.13230314254760742,-0.29651238564401866,2.8794690608978275,-200.0
-0.22366457283496854,-0.08768346905708313,2.348038747906685,-200.0
-0.2605972409248352,-0.20817244648933408,2.582584100961685,-200.0
-0.019162505865097046,-0.007577526569366444,1.626418076455593,-200.0
-0.04114569425582887,-0.16678890287876127,2.0179898768663405,-200.0
-0.2779089085757732,-0.06741585731506347,3.187131863832474,-200.0
-0.165940260887146,-0.22847213298082353,1.7307042911648751,-200.0
-0.07925021052360534,-0.13726900219917296,2.4741734862327576,-200.0
-0.09524027109146119,-0.1911069095134735,1.9118980750441552,-200.0
-0.18691299855709076,-0.024349915981292714,2.4432237923145292,-200.0
-0.2997246265411377,-0.28091171085834504,2.0494064390659332,-200.0
-0.05856451392173767,-0.10357691645622252,3.005471110343933,-200.0
-0.0032222986221313588,-0.24407258480787275,2.773271954059601,-200.0
-0.2396742135286331,-0.12137534022331237,1.6042361333966255,-200.0
-0.20182660818099973,-0.18385421633720397,2.9011841356754307,-200.0
-0.11486193537712097,-0.050643253326416005,2.1578178644180297,-200.0
-0.11673805117607117,-0.2893290527164936,2.725830841064453,-200.0
-0.20350159406661988,-0.07639285326004028,1.557061031460762,-200.0
-0.2403604298830032,-0.2182665467262268,2.9087877810001377,-200.0
-0.0036701917648315208,-0.015919536352157593,2.16516874730587,-200.0
-0.05672473311424256,-0.15667155683040618,1.8794243842363358,-200.0
-0.29808654701337217,-0.059059756994247425,2.4109122514724732,-200.0
-0.18619044721126554,-0.23564080595970155,2.0685534089803697,-200.0
-0.09475547075271606,-0.14853579998016356,3.0244690775871277,-200.0
-0.07762902975082397,-0.1979783892631531,1.9857304692268372,-200.0
-0.16408131122589112,-0.03650055527687074,3.1546064198017123,-200.0
-0.2774049393832683,-0.26757607385516163,1.7496501505374908,-200.0
-0.04044002294540405,-0.09785274267196656,2.493372082710266,-200.0
-0.020820039510726918,-0.2573936998844147,2.8322423577308653,-200.0
-0.262493097782135,-0.12707583904266356,2.30064976811409,-200.0
-0.22413220703601838,-0.17695962488651273,2.5899867117404938,-200.0
-0.1329719066619873,-0.038478666543960593,1.6339696645736694,-200.0
-0.14951162338256835,-0.1811889588832855,3.1105682015419007,-200.0
-0.20822305977344513,-0.053072941303253185,1.941793528199196,-200.0
-0.2450092479586601,-0.25104098618030546,2.5506003558635713,-200.0
-0.03651747107505798,-0.11475271582603455,1.8069861859083176,-200.0
-0.052071368694305425,-0.2739663407206535,2.2650161415338514,-200.0
-0.26523457691073415,-0.11028665900230408,2.796502488851547,-200.0
-0.15341241359710692,-0.19385927617549897,1.7095634669065476,-200.0
-0.09002940058708189,-0.021943259239196766,2.665480756759644,-200.0
-0.1104071259498596,-0.23031339347362517,1.5213206036947668,-200.0
-0.16880730986595152,-0.13518725037574766,2.6901981770992283,-200.0
-0.2820583786815405,-0.15958247780799864,2.2406618297100067,-200.0
-0.0732919156551361,-0.07497228384017945,2.984382140636444,-200.0
-0.01617128849029542,-0.21546570360660552,2.3669748544692997,-200.0
-0.2296457514166832,-4.384517669675514e-05,1.8353871285915375,-200.0
-0.1913586974143982,-0.2946938719600439,3.0818041503429416,-200.0
-0.12825037837028502,-0.0898520529270172,2.125782239437103,-200.0
-0.12273277044296263,-0.22323591113090513,1.735626395046711,-200.0
-0.19512253403663635,-0.011325109004974354,2.4791993498802185,-200.0
-0.2323114961385727,-0.2845975678414106,2.0297601252794264,-200.0
-0.009409099817276001,-0.08093220591545106,3.198590832948685,-200.0
-0.06943824291229247,-0.2404319331049919,2.580761820077896,-200.0
-0.2876738358289003,-0.1441384971141815,1.6249070748686791,-200.0
-0.1755219966173172,-0.15182534158229827,2.871213674545288,-200.0
-0.1077991783618927,-0.06369495391845703,2.3396796017885206,-200.0
-0.0856607437133789,-0.2629912108182907,2.8996731340885162,-200.0
-0.15836182236671448,-0.10283172726631165,2.155995583534241,-200.0
-0.27142970860004423,-0.20250847935676575,2.764912807941437,-200.0
-0.04880195260047915,-0.03175975084304811,1.5959807470440865,-200.0
-0.03150569200515746,-0.1725530058145523,2.054432302713394,-200.0
-0.24942997097969055,-0.0432605266571045,3.010393214225769,-200.0
-0.2113992065191269,-0.26203851252794264,1.9233570441603662,-200.0
-0.14340174794197083,-0.1222391903400421,2.454994040727615,-200.0
-0.13676145672798157,-0.2461261063814163,2.2000496596097947,-200.0
-0.21859911382198333,-0.11932843923568726,2.94362096786499,-200.0
-0.25571435540914533,-0.18590229749679565,1.5387617960572242,-200.0
-0.023510420322418235,-0.048588627576828025,2.7075941503047947,-200.0
-0.04604006409645078,-0.18904996812343597,3.04604269862175,-200.0
-0.27357705384492875,-0.02639567255973818,2.090183064341545,-200.0
-0.1614979326725006,-0.2788670718669891,2.379409611225128,-200.0
-0.08432707786560059,-0.10563268661499023,1.8478804275393486,-200.0
-0.09968488812446594,-0.1641494393348694,2.5149491488933564,-200.0
-0.18183384239673614,-0.0700486958026886,1.7712764620780945,-200.0
-0.29482796508818865,-0.22583811432123185,3.1231136083602906,-200.0
-0.06289865970611572,-0.139909565448761,1.9541766583919524,-200.0
-0.008102899789810158,-0.29915526565164324,1.6688538953661918,-200.0
-0.23532858341932295,-0.0850517749786377,2.6248164534568788,-200.0
-0.19737058281898498,-0.21080302298068998,2.28236038684845,-200.0
-0.11992510557174682,-0.004935818910598744,2.813995736837387,-200.0
-0.11744751334190368,-0.1527293086051941,2.3159642636775972,-200.0
-0.1992303103208542,-0.06269808411598204,2.846824049949646,-200.0
-0.23759116530418395,-0.24251322448253632,1.6486616142094135,-200.0
-0.005295753479003906,-0.14196828603744507,2.6051909625530243,-200.0
-0.0653442084789276,-0.28242965787649155,3.1694021165370945,-200.0
-0.29293619859963654,-0.0830066442489624,2.000830960273743,-200.0
-0.17961246371269224,-0.22223674356937406,2.5083752989768984,-200.0
-0.10253323316574095,-0.012235933542251609,1.7645431220531465,-200.0
-0.08157028555870055,-0.2581138640642166,2.4255978047847746,-200.0
-0.1636277586221695,-0.12607480287551878,1.8946351200342177,20.05638127654459
-0.27552375197410583,-0.1697948098182678,3.0397770881652835,21.938574508018974
-0.043539583683013916,-0.04592565894126893,2.0831415861845017,11.552407312018069
-0.026226013898849487,-0.20517133176326752,1.5720577754080296,-200.0
-0.25354332625865933,-0.029008430242538463,2.7407302975654604,-85.05745639786481
-0.21668445467948913,-0.2668290987610817,2.1799579590559004,-0.299387838805
-0.1392939805984497,-0.0989001989364624,2.9238947570323948,15.210815037129597
-0.14084622859954835,-0.27911471799015997,1.824125748872757,-200.0
-0.2133274734020233,-0.10543747544288634,2.3549806714057926,-200.0
-0.2516145631670952,-0.1904680788516998,2.1138983011245727,-200.0
-0.02876703143119813,-0.025033986568450906,3.0704325258731844,-200.0
-0.05131627321243287,-0.184533753991127,2.678417998552322,-200.0
-0.2694602385163307,-0.050009036064147944,1.509845208376646,-200.0
-0.15620926916599273,-0.24593775272369384,2.9728094816207884,-200.0
-0.0884314477443695,-0.11957378983497619,2.2289789259433745,-200.0
-0.10497354269027709,-0.2065081536769867,2.7846120655536652,-200.0
-0.17772948145866393,-0.009286987781524647,2.2536510020494465,-200.0
-0.28955175317823884,-0.2960337225347757,2.6542128920555115,-200.0
-0.06701547503471375,-0.08822559714317321,1.697575756162405,-200.0
-0.012202692031860363,-0.22901880741119385,1.9302143841981887,-200.0
-0.23007197231054305,-0.13678573966026306,3.0988917827606204,-200.0
-0.19328581988811494,-0.16849373281002045,1.7951995223760604,-200.0
-0.12519673705101012,-0.06575610637664794,2.539131456613541,-200.0
-0.13021770715713502,-0.23766400068998336,2.995721137523651,-200.0
-0.1888376623392105,-0.14660738110542296,2.0392349421977998,-200.0
-0.22686831951141356,-0.15752375721931458,2.439699405431748,-200.0
-0.018321686983108543,-0.05829716920852662,1.9087822422385217,-200.0
-0.07135663032531739,-0.21751083433628082,2.141012227535248,-200.0
-0.2846114616841078,-0.01676945686340331,2.8847870528697968,-200.0
-0.17154353857040405,-0.2873937595635652,1.5812048979103566,-200.0
-0.10821552872657775,-0.07841833233833312,2.749819207191467,-200.0
-0.09227592945098875,-0.17444259524345399,1.6096059419214725,-200.0
-0.1506212443113327,-0.04108518362045288,2.5661935031414034,-200.0
-0.26277304664254186,-0.2537039592862129,2.3250010401010517,-200.0
-0.053915101289749134,-0.13086020350456237,2.8560227990150455,-200.0
-0.034312140941619884,-0.27135357856750486,2.4644170284271243,-200.0
-0.24784161150455475,-0.09416529536247253,1.720539279282093,-200.0
-0.21065254211425782,-0.20059176385402677,3.18360099196434,-200.0
-0.14763584733009338,-0.03398122787475588,2.0148804783821106,-200.0
-0.1348703920841217,-0.19537264108657837,2.6366935014724735,-200.0
-0.22168879508972167,-0.02037704586982725,1.6802056722342968,-200.0
-0.2596469074487686,-0.27430183812975883,2.8252502262592314,-200.0
-0.023048150539398182,-0.10989314317703247,2.2943347096443176,-200.0
-0.038582736253738426,-0.2506451949477196,1.782842256128788,-200.0
-0.27988954558968543,-0.11509509086608885,2.5266121923923492,-200.0
-0.16689545810222625,-0.17962502539157865,1.965949946641922,-200.0
-0.07536885738372803,-0.054579430818557734,3.134569132328034,-200.0
-0.09692407250404358,-0.29136717449873684,2.101431068778038,-200.0
-0.1834678530693054,-0.09312061071395875,3.0580235064029697,-200.0
-0.2955470091663301,-0.21097315549850465,1.8597509905695915,-200.0
-0.05863695144653319,-0.004483383893966686,2.3907678604125975,-200.0
-0.0015336334705352561,-0.16402431428432465,2.955387771129608,-200.0
-0.24311507195234297,-0.07047287821769715,2.2115116685628893,-200.0
-0.20599993765354158,-0.23357964903116224,2.7191534340381622,-200.0
-0.11478463411331177,-0.1318674087524414,1.550431334041059,-200.0
-0.11461822986602782,-0.29072331078350544,3.0261960089206696,-200.0
-0.20619948506355285,-0.09346548914909361,2.0701854467391967,-200.0
-0.24291182309389114,-0.21174576580524446,2.4126411080360413,-200.0
-0.001696854829788208,-0.003974282741546653,1.8810550034046174,-200.0
-0.05883568525314331,-0.16318790316581724,2.1667676508426665,-200.0
-0.29537921911105514,-0.0709914207458496,2.9104960680007936,-200.0
-0.1836296170949936,-0.23425183743238448,1.5586585037410259,-200.0
-0.09671993851661681,-0.13147761225700377,2.7275409519672396,-200.0
-0.07550007104873657,-0.19453394114971162,1.63567738160491,-200.0
-0.16680663228034973,-0.020893299579620384,2.5915865778923033,-200.0
-0.27998378947377206,-0.27497631311416626,2.302358916401863,-200.0
-0.038457566499710105,-0.10950563549995421,2.8338402986526487,-200.0
-0.022958421707153343,-0.24999904185533522,2.495003563165665,-200.0
-0.25977664589881894,-0.11543768048286437,1.7513780444860458,-200.0
-0.2215622216463089,-0.18039992451667786,3.156236076354981,-200.0
-0.1349638044834137,-0.05407261848449707,1.9874597817659378,-200.0
-0.14739137291908264,-0.17393548786640167,2.6671703994274143,-200.0
-0.21092107594013215,-0.041859787702560436,1.7111549861729145,-200.0
-0.2475607931613922,-0.2540456995368004,2.798190712928772,-200.0
-0.03454370498657228,-0.13021320104599,2.266609472036362,-200.0
-0.05418217778205872,-0.2709652058780193,1.8085964381694795,-200.0
-0.2625276871025562,-0.09483890533447265,2.5523232340812685,-200.0
-0.1508519947528839,-0.20110774040222168,1.9434056043624879,-200.0
-0.09199372529983521,-0.033142250776290905,3.1122896611690525,-200.0
-0.10827775597572326,-0.23727333694696426,2.1275045603513716,-200.0
-0.17153278291225432,-0.14727870225906373,3.0834153652191163,-200.0
-0.2846373628824949,-0.15804202258586883,1.8371076256036758,-200.0
-0.07130903005599976,-0.057460480928421015,2.3685874879360203,-200.0
-0.018309527635574363,-0.21700143814086914,2.9859730899333954,-200.0
-0.22692971527576444,-0.017541772127151467,2.24235243499279,-200.0
-0.18878915905952454,-0.287737787514925,2.691790544986725,-200.0
-0.13024213314056396,-0.0777736186981201,1.5230093961581588,-200.0
-0.1252809941768646,-0.20690570175647735,2.337984335422516,-200.0
-0.19315009117126464,-0.008622497320175171,2.8696277916431425,-200.0
-0.2301925554871559,-0.2955085736699402,1.6232099466025829,-200.0
-0.01210380792617799,-0.08905545473098755,2.5791773557662965,-200.0
-0.06688115000724792,-0.22951677739620208,3.1969717144966125,-200.0
-0.289636841788888,-0.13600194454193115,2.02804611325264,-200.0
-0.1776315003633499,-0.16816112995147706,2.477581650018692,-200.0
-0.10509560108184815,-0.0664122998714447,1.733910609781742,-200.0
-0.08823646903038024,-0.27961497455835344,2.4532790660858153,-200.0
-0.1563801884651184,-0.10465596914291381,1.9217385336756707,-200.0
-0.26930160373449324,-0.19013318717479705,3.008676820993424,-200.0
-0.05152416229248047,-0.025687891244888295,2.0528155654668807,-200.0
-0.02893940806388856,-0.18493359088897704,1.594393863528967,-200.0
-0.2514204695820808,-0.04934683442115784,2.763218098878861,-200.0
-0.2135361760854721,-0.24541031420230863,2.1544105619192124,-200.0
-0.1406889796257019,-0.12040135860443116,2.8979770064353945,-200.0
-0.13930925130844116,-0.2589411377906799,1.8461445793509483,-200.0
-0.21662679612636565,-0.12554706931114196,2.3777864396572115,-200.0
-0.25359556674957273,-0.16913175880908965,2.0884486854076387,-200.0
-0.02620469927787783,-0.046324646472930886,3.0444177031517032,-200.0
-0.04348282814025878,-0.2058243691921234,2.7059896230697635,-200.0
-0.2755404978990555,-0.028672671318054177,1.5370591707527637,-200.0
-0.16360784769058226,-0.26604731753468513,2.942014616727829,-200.0
-0.08162335753440855,-0.0994001805782318,2.198348414897919,-200.0
-0.10226018428802489,-0.15338463485240936,2.8122921109199526,-200.0
-0.17985236942768096,-0.06236461400985718,2.280756416916847,-200.0
-0.2926999943330884,-0.24172915220260618,2.623114651441574,-200.0
-0.06562044024467467,-0.1424659788608551,1.6672485448420047,-200.0
-0.005536472797393777,-0.28325921930372716,1.9525525242090227,-200.0
-0.2373195022344589,-0.08248119950294494,3.121378368139267,-200.0
-0.199507999420166,-0.22157140374183654,1.7696508839726448,-200.0
-0.11721219420433043,-0.012632632255554221,2.513215732574463,-200.0
-0.12002391815185545,-0.16482078731060026,1.7628404587507247,-200.0
-0.1972499817609787,-0.06965800523757934,2.5067707717418672,-200.0
-0.23546436578035354,-0.2250013992190361,1.9991297155618668,-200.0
-0.008018642663955688,-0.1404278576374054,3.167795765399933,-200.0
-0.0627766728401184,-0.2999276085756719,2.6035677909851076,-200.0
-0.2949259640648961,-0.08454235196113585,1.6469258040189743,-200.0
-0.18174870014190675,-0.21015828251838684,2.845199054479599,-200.0
-0.09981921315193176,-0.00527987480163572,2.314229884743691,-200.0
-0.08411926031112671,-0.24690073281526564,2.922159516811371,-200.0
-0.1616565853357315,-0.11882130503654478,2.1783338248729707,-200.0
-0.27340608090162277,-0.1852552682161331,2.7389968812465666,-200.0
-0.04623504281044005,-0.048930394649505604,1.5704322099685668,-200.0
-0.02366759777069094,-0.18972360491752624,2.0815376162528993,-200.0
-0.2555056348443031,-0.02600727081298826,3.0380734622478487,-200.0
-0.21879326105117797,-0.27802806794643403,1.8930297315120699,-200.0
-0.13658908009529114,-0.10614868998527527,2.42389600276947,-200.0
-0.1434230625629425,-0.26350749135017393,2.2272649139165877,-200.0
-0.21134701967239378,-0.10199300050735474,2.9711903631687164,-200.0
-0.24948761165142058,-0.20212094485759735,1.5081293866969645,-200.0
-0.03149034976959231,-0.03243425488471985,2.6768002986907957,-200.0
-0.04874888062477112,-0.17289562225341795,3.068846642971039,-200.0
-0.27144956588745117,-0.04261434674262998,2.1122030347585676,-200.0
-0.15834509432315827,-0.2615316778421402,2.3533962070941925,-200.0
-0.08571757078170775,-0.12301411628723144,1.8224286586046219,-200.0
-0.10752294659614561,-0.22358081638813018,2.5374367475509647,-200.0
-0.17575814723968505,-0.01068121790885923,1.793612676858902,-200.0
-0.28743394799530503,-0.28408843874931333,3.097195655107498,-200.0
-0.06971136331558228,-0.081704843044281,1.9286293625831603,-200.0
-0.009644418954849243,-0.24095050245523453,1.6959572076797484,-200.0
-0.23203386068344117,-0.143302059173584,2.6524979174137115,-200.0
-0.19539417922496793,-0.1514355182647705,2.2520342648029326,-200.0
-0.12249197959899902,-0.0643671691417694,2.7828956723213194,-200.0
-0.1280871570110321,-0.22997995018959044,2.751542085409165,-200.0
-0.19156199991703032,-0.1358425498008728,1.5828151121735572,-200.0
-0.22944618612527845,-0.16008014380931854,2.886508512496948,-200.0
-0.016337621212005604,-0.07418823838233948,2.1426242530345916,-200.0
-0.07349604964256287,-0.2149402856826782,1.9103737741708757,-200.0
-0.281896561011672,-0.0008733808994293435,2.441389048099518,-200.0
-0.1689751088619232,-0.29509054496884346,2.0408282727003098,-200.0
-0.11020846366882323,-0.08918673992156981,2.997409361600876,-200.0
-0.09015457034111021,-0.18066125214099882,2.016571134328842,-200.0
-0.15331811606884002,-0.05390018820762635,3.1851919412612917,-200.0
-0.2653234206140041,-0.2514399468898773,1.7222281113266944,-200.0
-0.0519402265548706,-0.11408969163894653,2.4660093963146212,-200.0
-0.03642405867576598,-0.27363060638308523,2.85763401389122,-200.0
-0.2451358750462532,-0.11093966960906981,2.32672336101532,-200.0
-0.20809330344200133,-0.1943592309951782,2.567806136608124,-200.0
-0.1496012806892395,-0.021161502599716164,1.6113264009356498,-200.0
-0.13274027109146116,-0.19719690978527069,3.1362774193286898,-200.0
-0.22441300749778748,-0.037000787258148204,1.9675488501787186,-200.0
-0.26222461760044097,-0.2682299539446831,2.528322303295136,-200.0
-0.021064513921737693,-0.09751787781715393,1.7844396904110909,-200.0
-0.04072229862213134,-0.2567315250635147,2.2959667474031447,-200.0
-0.27717420682311056,-0.12747564911842346,2.826977157592774,-200.0
-0.16432661712169647,-0.17778716683387757,1.6818363294005394,-200.0
-0.07736193537712097,-0.03795125484466555,2.6384222567081452,-200.0
-0.09480314254760741,-0.28866458795964717,1.5521592691540718,-200.0
-0.18616456389427183,-0.07679037451744078,2.720784914493561,-200.0
-0.2980972490273416,-0.219096377491951,2.2132409811019897,-200.0
-0.05666250586509705,-0.015394413471221946,2.9570174276828767,-200.0
-0.0036456942558288352,-0.15588778853416443,2.3923677265644074,-200.0
-0.24040891528129577,-0.05955770015716552,1.861458669602871,-200.0
-0.20344025194644927,-0.23629697263240812,3.059621548652649,-200.0
-0.11675021052360535,-0.14820322394371033,2.1031402170658113,-200.0
-0.11512901186943053,-0.19176938831806184,2.358421969413757,1.1299746449479855
-0.20158130228519439,-0.023950356245040882,1.8273507624864578,-200.0
-0.23990494608879087,-0.280083867162466,3.08030561208725,15.215470644129297
-0.002940022945404075,-0.10410407781600953,2.1239732831716536,-29.848016386208702
-0.05832003951072692,-0.24485379606485366,1.506618383526802,-200.0
-0.2999931067228317,-0.12087478637695312,2.674978017807007,-2.4582377736567835
-0.18663219809532167,-0.18320059776306152,2.218905767798424,20.73534259812075
-0.0954719066619873,-0.050978440046310414,2.9629349768161775,9.204963147483513
-0.07923805117607116,-0.297295884322375,2.2502119839191437,-200.0
-0.1660016030073166,-0.08718520402908325,2.781384670734406,16.68851062240699
-0.27786042317748066,-0.207516548037529,1.6877018213272095,12.679492018698369
-0.041170191764831554,-0.007910424470901511,2.6441387712955473,1.784665523959454
-0.019224733114242554,-0.16745367050170898,3.1021177589893343,-53.162316167287976
-0.26058653891086575,-0.06701858639717101,1.9336552262306212,-200.0
-0.22369045615196226,-0.22764199823141096,2.5492069959640506,18.80941590001379
-0.13225547075271607,-0.1377938747406006,1.8050716459751128,22.665406600534038
-0.1479071259498596,-0.24359024316072464,2.8502378880977632,-200.0
-0.20630730986595153,-0.14066950678825377,2.3191649585962297,-200.0
-0.24455837756395338,-0.15406925976276398,2.615039730072022,-200.0
-0.03579191565513612,-0.061726319789886464,1.6587090224027634,-200.0
-0.0536712884902954,-0.22093765139579774,1.9976316839456558,-200.0
-0.267145749181509,-0.013312625885009755,3.165986454486847,-200.0
-0.1538587063550949,-0.28145814836025235,1.754494282603264,-200.0
-0.09075037837028502,-0.08434683680534363,2.4985283553600315,-200.0
-0.11201162338256834,-0.17084181904792786,1.8912204205989838,-200.0
-0.1707230508327484,-0.04466096162796018,2.4223979711532593,-200.0
-0.2825092479586601,-0.2594838783144951,2.073295199871063,-200.0
-0.07401747107505799,-0.12506902813911439,3.0297272861003877,-200.0
-0.01457136869430542,-0.2655647188425064,2.743931955099106,-200.0
-0.22773457914590833,-0.09994753003120421,1.575471043586731,-200.0
-0.19091241359710692,-0.20416529774665831,2.93394273519516,-200.0
-0.1275294005870819,-0.030378198623657204,2.1898057639598845,-200.0
-0.1231607437133789,-0.27567869201302525,1.6770050153136253,-200.0
-0.19586181342601777,-0.1088850438594818,2.6332796633243563,-200.0
-0.23392971754074096,-0.19641275703907013,2.2842872887849808,-200.0
-0.011301952600479115,-0.019114601612091053,2.8154014587402347,-200.0
-0.06900569200515747,-0.17861661314964294,2.5300278544425963,-200.0
-0.28692997768521306,-0.055955958366394054,1.7860414817929269,-200.0
-0.17389919757843017,-0.24938300549983977,3.1444160759449007,-200.0
-0.10590174794197083,-0.11613544821739197,1.9759987860918047,-200.0
-0.08523277044296265,-0.21230625808238984,3.061223340034485,-200.0
-0.15762254297733305,-0.003513944149017345,2.104845768213272,-200.0
-0.26981148719787595,-0.29245108701288697,2.4008176624774933,-200.0
-0.04690909981727598,-0.09181957840919494,1.869597326219082,-200.0
-0.03193824291229247,-0.23261052668094634,2.2080983877182008,-200.0
-0.2501738280057907,-0.1332008421421051,2.9521861135959626,-200.0
-0.21302200555801393,-0.16272302269935607,1.540583567135036,-200.0
-0.14529917836189268,-0.07155654430389405,2.709105455875397,-200.0
-0.13718488812446594,-0.1585298091173172,2.036009928584099,-200.0
-0.21933385133743286,-0.0569274365901947,2.99227973818779,-200.0
-0.257327963411808,-0.2389284074306488,1.8987073108553887,-200.0
-0.02539865970611571,-0.14556008577346802,2.429826319217682,-200.0
-0.04560289978981019,-0.2860237017273903,2.888227033615112,-200.0
-0.272828583419323,-0.07942407131195067,2.144239065051079,-200.0
-0.15987059175968169,-0.21646378040313718,2.7596937119960785,-200.0
-0.08242510557174682,-0.01803411841392516,1.5912780180573463,-200.0
-0.09926145672798156,-0.2546754419803619,2.569420897960663,-200.0
-0.1810991048812866,-0.1295199751853943,1.613044922053814,-200.0
-0.2932143576443195,-0.1757416695356369,2.8660969197750092,-200.0
-0.06101042032241821,-0.04000845551490784,2.334874987602234,-200.0
-0.008540064096450806,-0.19925186634063718,1.7170984625816346,-200.0
-0.23607705384492872,-0.034953027963638306,2.4611910521984104,-200.0
-0.1989979237318039,-0.2702766045928001,2.0050084054470063,-200.0
-0.12182707786560057,-0.09546411037445068,3.1735254526138306,-200.0
-0.11907028555870056,-0.2520468011498451,1.945020365715027,-200.0
-0.2011277675628662,-0.11338273286819459,3.1140081822872165,-200.0
-0.23802374303340912,-0.18245370090007781,1.8170593440532685,-200.0
-0.006039583683013938,-0.05202596783638,2.560474860668182,-200.0
-0.06372601389884949,-0.1924896240234375,2.793061089515686,-200.0
-0.29104331955313684,-0.02294939160346987,2.2617911279201506,-200.0
-0.17918446362018586,-0.27291912138462066,2.655607670545578,-200.0
-0.10179398059844971,-0.11155114173889161,1.6994884975254536,-200.0
-0.07994751334190367,-0.16055419743061064,2.686972200870514,-200.0
-0.16173030138015745,-0.07363230586051941,1.5178797743283212,-200.0
-0.27509117424488067,-0.23161213248968124,2.9743066012859343,-200.0
-0.042795753479003884,-0.13411020040512084,2.2307897061109543,-200.0
-0.0278442084789276,-0.2933535665273666,1.8388261467218399,-200.0
-0.2554362058639526,-0.09082345962524413,2.370202249288559,-200.0
-0.21711245477199553,-0.21438889503479003,2.1356561869382857,-200.0
-0.14003323316574096,-0.0013428390026092307,3.0918782711029054,-200.0
-0.1424735426902771,-0.2196431368589401,1.560260295122862,-200.0
-0.2152294725179672,-0.014911186695098888,2.7292465031147004,-200.0
-0.25205175429582594,-0.2903694771230221,2.1752175867557524,-200.0
-0.029515475034713745,-0.07513073086738586,2.9186347246170046,-200.0
-0.04970269203186034,-0.23463277369737623,2.4074985146522523,-200.0
-0.267571972310543,-0.1499127209186554,1.8762236893177033,-200.0
-0.1557858109474182,-0.15540917515754699,3.0146203100681306,-200.0
-0.08769673705101014,-0.060099935531616216,2.058505988121033,-200.0
-0.10334622859954834,-0.2689094401896,3.1514047622680668,-200.0
-0.17582748234272003,-0.09688355326652526,1.9823171883821489,-200.0
-0.289114560931921,-0.19906199276447295,2.483324104547501,-200.0
-0.06626703143119811,-0.035199201107025124,1.7398023456335068,-200.0
-0.013816273212432839,-0.1759901225566864,2.304064467549324,-200.0
-0.2319602385163307,-0.03981170654296873,2.835442191362381,-200.0
-0.19370927810668945,-0.2560926005244255,1.6438160382211209,-200.0
-0.1259314477443695,-0.12815968394279478,2.6000365138053896,-200.0
-0.12977592945098876,-0.18697905242443086,2.940205305814743,-200.0
-0.1881212532520294,-0.04728959798812865,2.1968503832817077,-200.0
-0.22527303993701936,-0.24746636152267454,2.6977472066879273,-200.0
-0.016415101289749157,-0.11835699677467346,1.5287129946053029,-200.0
-0.07181214094161986,-0.27756835967302323,2.0933837592601776,-200.0
-0.28534160256385804,-0.10670977234840393,3.049456536769867,-200.0
-0.17315255105495453,-0.18807826638221742,1.8579277977347375,-200.0
-0.11013584733009338,-0.027735686302185036,2.3892583787441257,-200.0
-0.09271770715713501,-0.2268853783607483,1.774689717590809,-200.0
-0.1513376533985138,-0.13864511847496033,2.518150806427002,-200.0
-0.2643683262169361,-0.16551914513111113,1.9640244126319886,-200.0
-0.05582168698310852,-0.0690425992012024,3.133161586523056,-200.0
-0.03385663032531738,-0.20953826308250428,2.621616619825363,-200.0
-0.2471114695072174,-0.005982756614685059,1.6654392339289188,-200.0
-0.20904352962970735,-0.29814942413941026,2.8039459347724915,-200.0
-0.14571552872657775,-0.08642172217369079,2.2725140005350113,-200.0
-0.13442407250404356,-0.28589864149689675,2.475759369134903,-200.0
-0.2209678441286087,-0.07984832525253296,1.732399608194828,-200.0
-0.2580470100045204,-0.22420539557933805,3.1887163281440736,-200.0
-0.021136951446533214,-0.009992033243179321,2.0196869671344757,-200.0
-0.03903363347053529,-0.1507417917251587,1.6281320504844188,-200.0
-0.28061507418751713,-0.06499634385108949,2.5842032194137574,-200.0
-0.16849992871284483,-0.23909861147403716,2.349754583835602,-200.0
-0.07728463411331177,-0.14510772228240967,2.881086760759354,-200.0
-0.09737039208412171,-0.20377087891101836,2.1594364255666734,-200.0
-0.18418880403041837,-0.030719608068466187,2.9028991103172306,-200.0
-0.2971469029784202,-0.26399926766753196,1.6058528326451778,-200.0
-0.06054815053939819,-0.10145484209060668,2.7749883472919468,-200.0
-0.0010827362537383922,-0.2609980434179306,3.0071658194065094,-200.0
-0.24238954335451124,-0.12350127696990967,2.050993284583092,-200.0
-0.20439546704292297,-0.17117636203765868,2.4449199199676515,-200.0
-0.11286885738372801,-0.044268840551376365,1.9134831473231317,-200.0
-0.1134474992752075,-0.1717313289642334,2.190914848446846,-200.0
-0.20502635836601257,-0.04379841685295105,2.9344804823398594,-200.0
-0.2417387455701828,-0.2603696912527084,1.5312889903783797,-200.0
-0.0005260169506072776,-0.1241912841796875,2.7001124024391174,-200.0
-0.06000648736953734,-0.26469156369566915,3.0518476724624635,-200.0
-0.2965522700920701,-0.10082877874374388,2.0959856063127518,-200.0
-0.18480276167392728,-0.2032981663942337,2.3835594952106476,-200.0
-0.097890704870224,-0.03127228617668154,1.8520181268453597,-200.0
-0.07667301893234252,-0.23978876173496244,2.5207527041435243,-200.0
-0.16797725558280943,-0.14447951316833496,1.7770808279514312,-200.0
-0.2811545066535473,-0.15027151107788086,3.1272519409656527,-200.0
-0.03963047862052915,-0.06555145382881164,1.9583255290985107,-200.0
-0.021785545349121083,-0.22475821673870086,1.659714448451996,-200.0
-0.2586059510707855,-0.009519463777542092,2.6156810343265535,-200.0
-0.22039158046245574,-0.2852727212011814,2.2748792469501495,-200.0
-0.13379082083702087,-0.08054076433181762,2.8065218925476074,-200.0
-0.1462206780910492,-0.29876847798004746,1.7265066057443619,-200.0
-0.20974814593791963,-0.085722416639328,2.4700706183910373,-200.0
-0.24638781398534773,-0.20899230837821958,2.022299048304558,-200.0
-0.033373117446899414,-0.006462192535400368,3.1911240816116333,-200.0
-0.05535280108451843,-0.16600086987018584,2.5865850329399107,-200.0
-0.263700695335865,-0.0684989333152771,1.6307181030511857,-200.0
-0.152024906873703,-0.22618378400802613,2.8753720700740812,-200.0
-0.09316438436508179,-0.13926188349723814,2.343835565447807,-200.0
-0.10945081114768981,-0.1885578453540802,2.905485200881958,-200.0
-0.17270363867282867,-0.027189874649047874,2.161818188428879,-200.0
-0.28580812476575373,-0.2768691971898079,2.7690693795681,-200.0
-0.07248212099075318,-0.10732896924018859,1.6001381039619447,-200.0
-0.017136400938034035,-0.24808326959609983,2.0453045845031737,-200.0
-0.2257589265704155,-0.11765554547309875,3.0012727916240696,-200.0
-0.1876183211803436,-0.186435529589653,1.9158909261226653,-200.0
-0.12906911373138427,-0.04777146577835084,2.4475319504737856,-200.0
-0.12645397782325743,-0.2555467888712883,3.1196936905384067,-200.0
-0.1943206787109375,-0.12863926291465758,1.950916585326195,-200.0
-0.23136326372623445,-0.17660931944847108,2.558070349693298,-200.0
-0.013276755809783936,-0.039112544059753396,1.8144440203905106,-200.0
-0.06570823788642882,-0.19836054146289825,2.259201794862747,-200.0
-0.288466178253293,-0.03581610918045042,2.7906825184822086,-200.0
-0.17646085917949678,-0.26939130797982214,1.7054107204079627,-200.0
-0.10392258167266846,-0.09634003043174744,2.6613191187381746,-200.0
-0.08706570267677308,-0.1547098696231842,1.5155012191273272,-200.0
-0.155207097530365,-0.060718989372253424,2.6843828678131105,-200.0
-0.2681285351514816,-0.2351122096180916,2.2365012049674986,-200.0
-0.050353288650512695,-0.14936676621437073,2.9802288115024567,-200.0
-0.030110245943069436,-0.2898258112370968,2.376098519563675,-200.0
-0.25259349346160886,-0.07561245560646057,1.844511629641056,-200.0
-0.21470932066440582,-0.22025990188121797,3.0892629981040955,-200.0
-0.14185978174209593,-0.014209592342376731,2.1332516252994536,-200.0
-0.14048234224319459,-0.21376068592071534,2.73497456908226,-200.0
-0.21779765188694,-0.002032989263534568,1.566192625463009,-200.0
-0.2547663018107414,-0.2939086765050888,2.916266286373139,-200.0
-0.027377825975418102,-0.0903531789779663,2.1726448208093645,-200.0
-0.04230966567993166,-0.23113956302404404,1.873625059425831,-200.0
-0.2743697181344032,-0.13466302156448365,2.40510413646698,-200.0
-0.16243704557418823,-0.16124663650989532,2.0644124418497087,-200.0
-0.08045030236244202,-0.07300638556480407,3.0203224360942844,-200.0
-0.1010894536972046,-0.27244869768619534,1.9799228608608246,-200.0
-0.17867943942546843,-0.1121061086654663,3.14880610704422,-200.0
-0.2915270414203405,-0.19317963123321533,1.7455044969916345,-200.0
-0.06444981694221497,-0.022321039438247703,2.4892305076122287,-200.0
-0.006707131862640381,-0.18182763755321502,2.841374534368515,-200.0
-0.23849250376224518,-0.05271826386451722,2.309792482852936,-200.0
-0.20068087577819824,-0.2525994792580604,2.5974637985229494,-200.0
-0.11838288903236388,-0.1129100203514099,1.641447587311268,-200.0
-0.12119708061218262,-0.26980403512716294,2.630885285139084,-200.0
-0.1984207659959793,-0.09601693153381347,1.6744063727557659,-200.0
-0.23663517236709594,-0.19994430541992186,2.821103584766388,-200.0
-0.009191697835922219,-0.03432710766792296,2.2901937425136567,-200.0
-0.061603581905364996,-0.17511346042156217,1.7919737994670868,-200.0
-0.2937551122158766,-0.04069860577583312,2.535755920410156,-200.0
-0.1805779695510864,-0.2552305519580841,1.9734260201454163,-200.0
-0.09864610433578491,-0.12904969453811646,3.142047637701035,-200.0
-0.08294860124588013,-0.21583771705627441,2.110573783516884,-200.0
-0.16048358380794525,-0.018726414442062356,3.0671556830406193,-200.0
-0.2722332000732422,-0.28657637983560563,1.8672288626432418,-200.0
-0.045064347982406605,-0.07895135879516602,2.398244947195053,-200.0
-0.02483832836151123,-0.2384579837322235,2.94958735704422,-200.0
-0.25667856037616726,-0.1461150527000427,2.2057040601968767,-200.0
-0.2199662089347839,-0.15921981632709503,2.715011858940125,-200.0
-0.13775970339775084,-0.05629908442497253,1.5462857089936732,-200.0
-0.1445959746837616,-0.16202157139778137,2.9899011671543123,-200.0
-0.21251767873764038,-0.07217345237731934,2.033420646190643,-200.0
-0.2506582483649254,-0.23309239447116853,2.4355377674102785,-200.0
-0.032663369178771995,-0.13265731930732727,1.904629546403885,-200.0
-0.047575896978378274,-0.2919052753597498,2.150135284662247,-200.0
-0.27027897387742994,-0.09229915738105773,2.8939125418663023,-200.0
-0.15717439055442808,-0.21292545497417448,1.5886627323925495,-200.0
-0.0845446228981018,-0.002814781665802013,2.7572892010211945,-200.0
-0.10635210871696471,-0.24883933961391447,1.6187304176390171,-200.0
-0.17458512783050537,-0.11661717295646667,2.575317168235779,-200.0
-0.2862608078867197,-0.17923337817192075,2.332470425963402,-200.0
-0.06854056119918822,-0.05525436401367187,2.8634816467761994,-200.0
-0.010815185308456432,-0.19571345150470731,2.4586017191410066,-200.0
-0.23320695608854292,-0.01973365545272826,1.7147199422121049,-200.0
-0.19656725227832794,-0.2761581279337406,3.179447662830353,-200.0
-0.12366285324096679,-0.10833908915519713,2.0107199043035506,-200.0
-0.1269165337085724,-0.20464702248573302,1.8299368277192116,-21.13844129688564
-0.19038899838924406,-0.029834532737731956,2.360803884267807,-15.009342412589081
-0.22827327847480772,-0.2648631244897842,2.118054264783859,4.077499866397586
-0.015166962146759055,-0.10056429505348205,3.0745909214019775,5.911332172252312
-0.07466674447059632,-0.2601029321551323,2.669289267063141,-200.0
-0.2830694954842329,-0.12436972260475157,1.5007253905758262,-54.805526291941064
-0.17014809250831603,-0.1702958643436432,2.965342730283737,21.012267353166582
-0.11137905120849609,-0.04514039754867555,2.2215178489685057,12.473818618780578
-0.09132769703865051,-0.28207505643367764,2.775491642951965,-200.0
-0.15448890030384063,-0.0836453855037689,2.244523283839226,18.27718981147131
-0.2664942562580109,-0.2203941285610199,2.646750801801682,17.201032896770595
-0.05311324596405029,-0.013794493675231945,1.6901096127927304,4.806342114165385
-0.03525100350379945,-0.15454883873462677,1.9360369890928268,-200.0
-0.2439650148153305,-0.06118050813674927,3.104703849554062,-0.43468463062800566
-0.20692253708839414,-0.2428910806775093,1.7993569299578667,2.904277836195794
-0.14842818975448607,-0.14128870368003846,2.543288028240204,20.587754315040865
-0.13156946897506713,-0.22833429425954818,2.321766805648804,-28.60052428687576
-0.22323995232582092,-0.1371678113937378,2.8526290237903593,20.652423426144747
-0.2610514685511589,-0.16698095798492432,1.6527993388473987,20.39175474423845
-0.019893747568130504,-0.06757126450538636,2.6093408465385437,12.678816474910358
-0.04189302921295168,-0.2080715149641037,3.160261631011963,-200.0
-0.2783473290503025,-0.007440000772476196,1.991696149110794,-200.0
-0.16549969017505645,-0.29666753215715286,2.500893551111221,-200.0
-0.07853277325630187,-0.08787521123886108,1.7570702657103539,19.97000885508297
-0.09597601890563964,-0.1837534189224243,2.41646238565445,-6.610848059724955
-0.18733525872230528,-0.05050587058067321,1.885495622456074,-5.578600729347524
-0.29926789496093986,-0.24422787576913832,3.0323032438755035,16.676832584670656
-0.05783548951148987,-0.1215672254562378,2.0756604462862014,9.41598089612759
-0.0024727463722228893,-0.2807740174233913,1.5778621412813663,-200.0
-0.2392382964491844,-0.10347586870193481,2.7465338528156282,-200.0
-0.2022695392370224,-0.191299107670784,2.1841068297624586,-200.0
-0.11557729840278624,-0.02450546622276306,2.9280330896377564,-200.0
-0.11629984974861143,-0.23581510484218599,1.5837406285107136,-200.0
-0.2027543395757675,-0.14874674677848815,2.7522633373737335,-200.0
-0.2410780772566795,-0.15658923983573914,2.138365036249161,-200.0
-0.004110825061798107,-0.05894079208374023,2.8824535727500917,-200.0
-0.05714927315711976,-0.2184771806001663,2.4373600482940674,-200.0
-0.29882000209763643,-0.016093575954437278,1.9061405479907991,-200.0
-0.18545914292335508,-0.2892103996127844,2.9981565535068513,-200.0
-0.09430103302001952,-0.07631079554557799,2.0417797923088075,-200.0
-0.07806513905525206,-0.1771704018115997,3.180958664417267,-200.0
-0.16483092606067656,-0.038652849197387706,2.01254218518734,-200.0
-0.2766897954046726,-0.25727519094944,2.466960865259171,-200.0
-0.03999717235565187,-0.12699392437934875,1.7229753285646439,-200.0
-0.020397716760635398,-0.2677505180239677,2.327444562315941,-200.0
-0.2617571398615837,-0.0980638325214386,2.8585595428943638,-200.0
-0.2248611509799957,-0.19789621531963347,1.6072714485228061,-200.0
-0.13342841863632202,-0.036381733417511,2.5635469198226932,-200.0
-0.14907778501510618,-0.19366679191589353,1.9684909462928772,-200.0
-0.20748029351234437,-0.021787422895431507,3.1370088040828707,-200.0
-0.2457312673330307,-0.27410317584872246,1.7801905810832976,-200.0
-0.03696261048316957,-0.11038684844970703,2.5242839813232423,-200.0
-0.05250055789947511,-0.25088483691215513,2.8229128956794742,-200.0
-0.26597283259034155,-0.11455997228622436,2.291691774129868,-200.0
-0.15268574059009551,-0.18128946125507356,2.63912770152092,-200.0
-0.08957975506782531,-0.05321003794670104,1.682752548903227,-200.0
-0.1108384609222412,-0.2945378668606281,2.7165098905563356,-200.0
-0.16955228447914122,-0.08965945243835449,1.5480950199067594,-200.0
-0.281338432431221,-0.21556634902954103,2.957933634519577,-200.0
-0.07284441590309143,-0.00018108487129209205,2.2139464765787125,-200.0
-0.01574445962905885,-0.1593901365995407,1.862190029025078,-200.0
-0.22890542149543763,-0.07481659054756165,2.393309873342514,-200.0
-0.19208315312862395,-0.23045037388801576,2.0991018444299696,-200.0
-0.1287025272846222,-0.1352875828742981,3.05537246465683,-200.0
-0.12198786735534667,-0.15190823078155516,2.5060361444950106,-200.0
-0.19469113647937775,-0.06381449103355408,1.761901579797268,-200.0
-0.23275906294584275,-0.2402582064270973,3.171837329864502,-200.0
-0.010128968954086326,-0.14392812252044676,2.003375607728958,-200.0
-0.07017863988876344,-0.2847167909145355,1.651197547465563,-200.0
-0.2881005875766277,-0.08101483583450317,2.607635295391083,-200.0
-0.1750699281692505,-0.22302584946155546,2.3133168697357176,-200.0
-0.1070746600627899,-0.011151641607284546,2.8444903671741484,-200.0
-0.08640357255935668,-0.2621575981378555,2.1824012786149978,-200.0
-0.1587955802679062,-0.12232167720794676,2.9264312982559204,-200.0
-0.27098464518785476,-0.17234280109405517,1.5697234846651553,-200.0
-0.04807986617088317,-0.04308691620826721,2.738083916902542,-200.0
-0.03076751232147218,-0.20259122550487518,3.0371345579624176,-200.0
-0.2490007147192955,-0.03187914490699767,2.0808029890060427,-200.0
-0.2118489146232605,-0.26281734108924865,2.4281418442726137,-200.0
-0.14412834048271178,-0.10262120962142943,1.897071321308613,-200.0
-0.13601176142692564,-0.2787296622991562,2.970472353696823,-200.0
-0.2181630492210388,-0.10553192496299743,2.226336193084717,-200.0
-0.25615713894367215,-0.18924188017845153,2.680851995944977,-200.0
-0.024225640296936024,-0.026550936698913563,1.5123918808065355,-200.0
-0.04677595496177672,-0.18580122292041779,2.1164395034313204,-200.0
-0.2739994525909424,-0.048450958728790294,3.0728724002838135,-200.0
-0.16104134023189545,-0.24628167897462844,1.8214739218354226,-200.0
-0.08359819650650024,-0.1195206105709076,2.352652257680893,-200.0
-0.10043208003044127,-0.21070180535316468,1.7976384088397026,-200.0
-0.1822721242904663,-0.004798007011413585,2.541673266887665,-200.0
-0.2943872563540935,-0.2993107005022466,1.9278853625059127,-200.0
-0.06218107938766479,-0.08524380326271055,3.096240943670273,-200.0
-0.007369369268417358,-0.22570056170225145,2.6515691459178923,-200.0
-0.23490411043167114,-0.13980866074562073,1.6952392362058162,-200.0
-0.1978249579668045,-0.16434120833873747,2.7871581315994263,-200.0
-0.12065649032592773,-0.07020381689071656,2.256086012721062,-200.0
-0.117897230386734,-0.2221173584461212,2.873653548955917,-200.0
-0.19995689392089844,-0.012153196334838856,2.3422208040952683,-200.0
-0.236852990090847,-0.28264016546308995,2.578433406352997,-200.0
-0.004866492748260509,-0.08318050503730773,1.6222551971673966,-200.0
-0.06489914059638976,-0.24243074655532837,2.027117392420769,-200.0
-0.2922141171991825,-0.14184921383857726,3.1962537050247195,-200.0
-0.18035528361797332,-0.15290291011333465,1.7381730943918228,-200.0
-0.1029670000076294,-0.06290827989578246,2.481633245944977,-200.0
-0.08111820816993712,-0.26674648001790047,1.9210205495357515,-200.0
-0.16290324926376343,-0.09878098368644714,2.4523502945899964,-200.0
-0.2762641444802284,-0.20534479022026061,2.05686731338501,-200.0
-0.04396634101867675,-0.029218482971191395,3.0129392802715302,-200.0
-0.026673585176467896,-0.1696752816438675,2.7674546182155613,-200.0
-0.2542631909251213,-0.04584277868270875,1.5984195828437806,-200.0
-0.21593956053256988,-0.2583242297172546,2.8970222949981688,-200.0
-0.13886257410049438,-0.12624852061271666,2.153666561841965,-200.0
-0.14130059480667115,-0.2460386663675308,2.3818539440631867,-200.0
-0.21405886709690092,-0.1197113513946533,1.850416335463524,-200.0
-0.250881028175354,-0.18437862396240234,3.0437090158462525,-200.0
-0.028342562913894642,-0.04981725811958315,2.087535670399666,-200.0
-0.05087556838989257,-0.1906058996915817,1.5361203012987972,-200.0
-0.2687426537275314,-0.025135213136672996,2.705254995822907,-200.0
-0.1569564700126648,-0.2789226785302162,2.2025943070650102,-200.0
-0.08886972069740295,-0.1052820324897766,2.9460561811923984,-200.0
-0.10451695919036866,-0.1686314105987549,2.280021840333939,-200.0
-0.17700059115886688,-0.06585718989372252,2.8113532066345215,-200.0
-0.29028764739632607,-0.2288266271352768,1.671290147304535,-200.0
-0.06743788719177246,-0.13663015365600586,2.6273604929447174,-200.0
-0.012645471096038807,-0.29613449396565555,3.1256501495838167,-200.0
-0.23078719675540924,-0.08836301565170288,1.9566199779510498,-200.0
-0.1925361156463623,-0.20635288059711454,2.5123027682304384,-200.0
-0.12476068139076232,-0.0090950667858124,1.7689421713352202,-200.0
-0.13094666004180908,-0.28718267753720284,2.0659104734659195,-200.0
-0.1892941653728485,-0.07824389934539794,3.02213174700737,-200.0
-0.22644600123167036,-0.21762964725494383,1.8819712355732918,-200.0
-0.017585724592208862,-0.016851621866226185,2.4133465528488163,-200.0
-0.07064148187637329,-0.15734958350658415,2.911227452754974,-200.0
-0.28416861444711683,-0.05808640122413636,2.167709746956825,-200.0
-0.17197965681552888,-0.23774590641260146,2.7235026299953464,-200.0
-0.10896515250205993,-0.14672588109970092,1.5544094070792198,-200.0
-0.09154461622238158,-0.20041773319244383,2.5925287246704105,-200.0
-0.1501668155193329,-0.03377060294151307,1.6364087536931038,-200.0
-0.2631975822150707,-0.2714356295764446,2.829591315984726,-200.0
-0.05464856028556825,-0.09428393840789795,2.298320543766022,-200.0
-0.03502979278564455,-0.25349302142858504,1.7473138079047204,-200.0
-0.24828224033117294,-0.13068591356277465,2.4907285392284395,-200.0
-0.2102143496274948,-0.17456155121326447,1.9881652772426606,-200.0
-0.1468885838985443,-0.04116749167442324,3.157152283191681,-200.0
-0.13559483885765075,-0.17978072762489317,1.706921721994877,-200.0
-0.22214095294475555,-0.0547717809677124,2.6631413996219635,-200.0
-0.2592200696468353,-0.25054485350847244,2.267560991644859,-200.0
-0.022307825088500988,-0.11495810151100158,2.798937904834747,-200.0
-0.03786279559135436,-0.27449444532394407,2.5530444860458372,-200.0
-0.2794420413672924,-0.11004915833473206,1.8095219418406487,-200.0
-0.16732680201530456,-0.1952353924512863,3.1082347214221957,-200.0
-0.07611383199691771,-0.02027639150619509,1.939146336913109,-200.0
-0.09619740843772887,-0.23377240151166917,3.08434089422226,-200.0
-0.1830181986093521,-0.13202356696128845,2.1282257616519926,-200.0
-0.2959762034006417,-0.16388720870018006,2.364328271150589,-200.0
-0.05937520265579224,-0.0703723669052124,1.833052635192871,-200.0
-0.002255648374557495,-0.2111290007829666,2.238323485851288,-200.0
-0.2435602158308029,-0.00467587709426881,2.981739813089371,-200.0
-0.2055660903453827,-0.29126697666943074,1.523756603896618,-200.0
-0.1140418767929077,-0.0929837644100189,2.6927420139312748,-200.0
-0.11392310857772828,-0.21204981207847595,1.6258141241967679,-200.0
-0.2051360785961151,-0.003691256046295166,2.5823450684547424,-200.0
-0.24338714629411695,-0.2910236410796642,2.3387725144624714,-200.0
-0.0018078982830047607,-0.09318103194236754,2.8696306288242344,-200.0
-0.059530019760131836,-0.23396966904401778,2.478084641695023,-200.0
-0.29644226739183066,-0.1317802369594574,1.7342508181929588,-200.0
-0.18315522372722626,-0.1629025787115097,3.1997053384780885,-200.0
-0.09660910964012145,-0.07129318714141847,2.0311357527971268,-200.0
-0.075683856010437,-0.2752765126526356,3.0094846069812777,-200.0
-0.16720806956291198,-0.10922103524208068,2.052850675582886,-200.0
-0.2789942666888237,-0.19483786225318908,2.4559028506278993,-200.0
-0.037689703702926625,-0.020610129833221413,1.9249385192990305,-200.0
-0.022773849964141835,-0.18011447489261628,2.1571119129657745,-200.0
-0.2593748465180397,-0.05437424182891845,2.9010470390319822,-200.0
-0.22255267202854156,-0.24971673041582107,1.5948645759373903,-200.0
-0.13573188185691834,-0.11574016213417052,2.7635387003421785,-200.0
-0.14677042365074158,-0.2537626728415489,2.090261694788933,-200.0
-0.2097849279642105,-0.1305172562599182,3.0467942476272585,-200.0
-0.24810857176780698,-0.17365103960037231,1.8478017464280128,-200.0
-0.0345814347267151,-0.04216012358665466,2.378658264875412,-200.0
-0.05480391383171082,-0.201410374045372,2.9433347165584562,-200.0
-0.26366419494152066,-0.032860082387924205,2.1995057314634323,-200.0
-0.1503032863140106,-0.27126697897911073,2.707880198955536,-200.0
-0.09195578098297119,-0.09455358982086182,1.539305768534541,-200.0
-0.10853571295738221,-0.15775741338729857,2.624739545583725,-200.0
-0.1718614786863327,-0.05776067376136779,1.6681007631123066,-200.0
-0.2837202977389097,-0.23699016720056532,2.814072847366333,-200.0
-0.07046785354614257,-0.14758261442184448,2.283113354444504,-200.0
-0.01805235743522643,-0.2880394052714109,1.7715610668063164,-200.0
-0.22660137712955475,-0.07748816013336182,2.5154945969581606,-200.0
-0.18970529437065126,-0.21730391085147857,1.9538922309875488,-200.0
-0.13108309507369995,-0.01725946068763734,3.1225679576396943,-200.0
-0.12429347634315491,-0.29579188842326404,2.410212683677673,-200.0
-0.19238022565841673,-0.08875168561935423,1.8792938739061356,-200.0
-0.2303743377327919,-0.20718988180160522,3.0251685440540315,-200.0
-0.012507247924804676,-0.008321875333786033,2.06868391931057,-200.0
-0.06786902546882628,-0.16785822808742523,1.5575530670583249,-200.0
-0.29040749520063397,-0.06669418215751649,2.7261689722537996,-200.0
-0.17744950354099273,-0.2292153060436249,2.16467669904232,-200.0
-0.10469123125076293,-0.13628754615783692,2.9084498524665836,-200.0
-0.08871379494667053,-0.19041749238967895,2.3013510584831236,-200.0
-0.1564892292022705,-0.025387412309646584,2.8323711454868317,-200.0
-0.2686044819653034,-0.2798984281718731,1.6332685641944409,-200.0
-0.05046275854110718,-0.10435234308242797,2.5898577213287357,-200.0
-0.02846243977546692,-0.24510896801948545,3.1541128516197205,-200.0
-0.2513122156262398,-0.12068710327148438,1.9853939592838288,-200.0
-0.21423308551311493,-0.18463081419467925,2.49386585354805,-200.0
-0.14174945354461668,-0.04962885975837705,1.749986457824707,-200.0
-0.13839476108551024,-0.16882798075675964,2.7949711203575136,-200.0
-0.2157830446958542,-0.046607959270477284,2.2640571743249893,-200.0
-0.2538509488105774,-0.258640506863594,2.667011922597885,-200.0
-0.026535969972610485,-0.12583124041557311,1.71052243411541,-200.0
-0.04439696073532107,-0.2663291975855827,1.9431172758340836,-200.0
-0.2763834625482559,-0.09909726977348327,3.1117347896099092,-200.0
-0.1633526802062988,-0.20610996186733244,1.8056624382734299,-200.0
-0.0812930166721344,-0.02837119102478025,2.5494339704513553,-200.0
-0.102810537815094,-0.2414286822080612,1.8369168758392334,-200.0
-0.17988752424716947,-0.14275029301643372,2.3679353415966036,-200.0
-0.2920764695852995,-0.15308101773262023,2.1242526948451994,-200.0
-0.06448686718940735,-0.06264806985855104,3.080843460559845,-200.0
-0.004985761642456066,-0.2218571573495865,2.688876152038574,-200.0
-0.23728356063365935,-0.012331295013427723,1.5201524038799108,-200.0
-0.20013173818588256,-0.28354124575853346,2.98570436835289,-200.0
-0.11834669709205628,-0.08217843174934386,2.2418298363685607,-200.0
-0.12020870447158813,-0.22530273646116256,2.885953438282013,-200.0
-0.19765184819698334,-0.14014211297035217,2.1423360764980317,-200.0
-0.23447412997484207,-0.16512356400489805,2.748652619123459,-200.0
-0.00725063681602478,-0.0693759799003601,1.5798812199383974,-200.0
-0.06259281635284425,-0.20987397730350493,2.0382758736610413,-200.0
-0.2945243116468191,-0.00558035373687743,2.99418997168541,-200.0
-0.18273814916610717,-0.2996441602706909,1.9097411587834359,-200.0
-0.10058686137199402,-0.08484597802162169,2.4412307739257812,-200.0
-0.08342514038085938,-0.18555817008018494,1.719371221959591,-200.0
-0.16059360802173614,-0.048648512363433816,2.463094800710678,-200.0
-0.2738806888461113,-0.24720221310853957,2.016048637032509,-200.0
-0.04634594321250918,-0.11853570342063904,3.1849230170249943,-200.0
-0.02436264753341677,-0.2777447462081909,2.5671541929245,-200.0
-0.2565688267350197,-0.10645245909690856,1.6111355498433113,-200.0
-0.21831786632537842,-0.18943942487239837,2.855062311887741,-200.0
-0.1364778220653534,-0.026307892799377453,2.3234713941812517,-200.0
-0.1436800181865692,-0.2018351912498474,2.5269501209259033,-200.0
-0.21167528629302979,-0.03273559212684629,1.783334355056286,-200.0
-0.2485712617635727,-0.2632254593074322,3.134231001138687,-200.0
-0.03064931631088258,-0.1022957682609558,1.9654579997062682,-200.0
-0.048490995168685935,-0.26183215230703355,1.6800750985741615,-200.0
-0.27112108692526815,-0.12272980213165283,2.6359940350055693,-200.0
-0.1592622309923172,-0.17319923937320708,2.294465118646622,-200.0
-0.08655896186828613,-0.04233089089393616,2.8259498953819273,-200.0
-0.10690099596977234,-0.2838065642863512,2.211175259947777,-200.0
-0.17462157011032103,-0.08200775384902953,2.9548940002918247,-200.0
-0.2879824429750442,-0.22329522371292115,1.5507677774876356,-200.0
-0.06974923610687256,-0.010982698202133157,2.719647002220154,-200.0
-0.010265439748764038,-0.1517392963171005,3.058152496814728,-200.0
-0.233170223236084,-0.06408385634422303,2.102132257819176,-200.0
-0.19484647214412687,-0.24125112444162367,2.3906390726566316,-200.0
-0.12245446443557739,-0.14301788806915283,1.8590497508645059,-200.0
-0.1285643398761749,-0.1603655934333801,2.000286930799484,-200.0
-0.19167032539844514,-0.0738866150379181,3.169116067886353,-200.0
-0.2287494957447052,-0.2302622526884079,1.7650869488716125,-200.0
-0.015277218818664562,-0.13554006814956665,2.508661550283432,-200.0
-0.07301865220069886,-0.29479034934192894,2.847575396299362,-200.0
-0.2817873056977987,-0.08947134017944336,2.316042995452881,-200.0
-0.1696721613407135,-0.21463636457920074,2.604439413547516,-200.0
-0.11126965284347534,-0.0011565506458282582,1.648583072423935,-200.0
-0.08916690945625305,-0.25172212421894075,2.7412759482860567,-200.0
-0.1525475353002548,-0.1137870669364929,1.5723422851413489,-200.0
-0.2655056342482567,-0.18094657659530639,2.92334930896759,-200.0
-0.05234466791152953,-0.053598421812057484,2.179673430323601,-200.0
-0.037411504983902,-0.19405518472194672,1.8938820511102676,-200.0
-0.2459055259823799,-0.02144452929496765,2.425520694255829,-200.0
-0.20791144967079161,-0.27333027273416516,2.083894655108452,-200.0
-0.1491976261138916,-0.11122412681579588,3.039853996038437,-200.0
-0.13329076766967773,-0.2679283328354359,1.5084694953635336,-200.0
-0.2244488775730133,-0.09780333638191221,2.6773034930229187,-200.0
-0.2616006642580032,-0.19689443707466125,2.2303544521331786,-200.0
-0.019929939508438133,-0.03728309869766233,2.9739241898059845,-200.0
-0.040172016620635964,-0.1780717760324478,2.3565637171268463,-200.0
-0.27713926434516906,-0.03765106201171875,1.825032937526703,-200.0
-0.16495021283626557,-0.25701470375061036,3.068849277496338,-200.0
-0.07849572300910948,-0.12717173695564268,2.1129913151264192,-200.0
-0.09388879537582398,-0.21879374384880065,3.1002658903598785,-200.0
-0.18532152771949767,-0.015676581859588645,1.9313306123018266,-200.0
-0.2983522013761103,-0.28836281821131704,2.5377575516700746,-200.0
-0.05699277520179749,-0.07707569003105164,1.7940832942724227,-200.0
-0.004560256004333518,-0.23657999038696287,2.2520694762468336,-200.0
-0.24125288128852843,-0.1478991687297821,2.783703255653381,-200.0
-0.20318494141101837,-0.1561722368001938,1.6991572946310043,-200.0
-0.11641915440559386,-0.059257364273071295,2.6551214993000034,-200.0
-0.11575039029121398,-0.28038564026355745,2.286222702264786,-200.0
-0.20271730720996856,-0.10381876230239867,2.8176037192344667,-200.0
-0.23935702443122864,-0.19207202196121215,1.6782657876610756,-200.0
-0.002902722358703591,-0.023668187856674183,2.6344960033893585,-200.0
-0.05769844651222228,-0.18291614949703217,3.1460142195224763,-200.0
-0.2988561702892184,-0.05127877593040467,1.9769299387931825,-200.0
-0.18718047738075255,-0.2445707693696022,2.531885194778442,-200.0
-0.09550999402999877,-0.12117884159088135,1.7883731886744498,-200.0
-0.0789805233478546,-0.2078190207481384,2.4021110117435454,-200.0
-0.16567276418209076,-0.007628113031387329,1.8708329692482948,-200.0
-0.2787773430347443,-0.2975975017994642,3.063191330432892,-200.0
-0.042011797428131104,-0.08689974546432494,2.107067331671715,-200.0
-0.019482046365737915,-0.22735882848501204,1.5424216013401746,-200.0
-0.2609144479036331,-0.13809778690338134,2.7114045858383182,-200.0
-0.2227738916873932,-0.16716906130313872,2.2096772283315658,-200.0
-0.13141465187072754,-0.06731879711151123,2.9530846893787386,-200.0
-0.14860181808471679,-0.1537839353084564,1.9014857724308967,-200.0
-0.20737085938453675,-0.06202808618545533,2.432871627807617,-200.0
-0.24408319741487502,-0.24330807477235794,2.036453592777252,-200.0
-0.03568044304847717,-0.1409721314907074,2.9926789700984955,-200.0
-0.05297681093215942,-0.28175847753882405,2.760422867536545,-200.0
-0.2660831317305565,-0.08406237959861754,1.591340182721615,-200.0
-0.1543335288763046,-0.22124169766902924,2.8908755421638492,-200.0
-0.09086106419563292,-0.013029599189758323,2.1473619401454926,-200.0
-0.11182740926742554,-0.2592015668749809,2.866521281003952,-200.0
-0.1703217566013336,-0.12537150979042053,2.3352416425943376,-200.0
-0.28349891379475595,-0.17055636048316955,2.572180056571961,-200.0
-0.07478490471839905,-0.04496258497238159,1.6160576537251472,-200.0
-0.014755797386169445,-0.2044692188501358,2.007689490914345,-200.0
-0.22813680320978164,-0.03009502887725829,3.176667630672455,-200.0
-0.1899223834276199,-0.2658649183809757,1.717860220372677,-200.0
-0.1267611801624298,-0.09966292977333069,2.461272519826889,-200.0
-0.12407566308975218,-0.19669834971427919,3.077312183380127,-200.0
-0.19670542180538175,-0.018813121318817128,2.121142941713333,-200.0
-0.23367419242858886,-0.2759605720639229,2.3581784784793856,-200.0
-0.010971111059188854,-0.10858215093612669,1.826751458644867,-200.0
-0.06809170246124269,-0.2490823745727539,2.2187917232513428,-200.0
-0.28608658611774446,-0.11641961932182313,2.9622577011585234,-200.0
-0.17415393590927122,-0.17831283509731294,1.503339873533696,-200.0
-0.10623223185539246,-0.056239271163940424,2.672485148906708,-200.0
-0.08468284606933593,-0.2927331140264869,1.6874908059835434,-200.0
-0.15758724510669708,-0.09151681065559386,2.643558770418167,-200.0
-0.27043487057089804,-0.21259201169013975,2.247251132130623,-200.0
-0.04804310202598572,-0.003212606906890847,2.7785736322402954,-200.0
-0.03248909711837766,-0.16241940557956694,2.5459091782569887,-200.0
-0.25020934045314785,-0.0718400001525879,1.8025462001562118,-200.0
-0.21239783763885497,-0.23231005668640137,3.1019844114780426,20.545507954202915
-0.14416481852531432,-0.1334851562976837,1.9329453736543656,21.286131153607585
-0.13817197680473328,-0.2386269360780716,2.612889349460602,-21.175557402692345
-0.22010385990142822,-0.14584568738937378,1.656721729040146,22.617228837557878
-0.2571463242173195,-0.15822690725326538,2.849177187681198,22.003674191881764
-0.02499479055404663,-0.057209318876266485,2.317748546600342,13.338700348275264
-0.04461488127708435,-0.21674796044826505,1.7535112500190735,-200.0
-0.2720583580434322,-0.017733496427536022,2.4969820916652683,-200.0
-0.16005301773548125,-0.28630701564252375,1.9951443374156952,-200.0
-0.08282933235168458,-0.07912030220031738,3.1642847537994387,13.204709941796812
-0.0987837016582489,-0.17543889284133912,2.072215196490288,-4.6211463175200755
-0.18099020719528197,-0.04029048085212705,3.028278297185898,9.782732456612164
-0.2939116224646568,-0.2543740957975387,1.8890507370233536,1.7441613354453258
-0.06207139492034913,-0.12980571985244752,2.42037810087204,10.704136028522768
-0.009016889333724964,-0.270560060441494,2.931487965583801,-200.0
-0.2361857369542122,-0.09516048431396484,2.188123366236687,-200.0
-0.19830144345760345,-0.1995361804962158,2.7429814994335175,-200.0
-0.12076646089553833,-0.034652549028396595,1.5739440765231847,-200.0
-0.11881290078163145,-0.18275731801986694,2.696200740337372,-200.0
-0.20079964399337769,-0.051742511987686146,1.5277300665155054,-200.0
-0.23894023597240446,-0.25234728008508683,2.938503402471542,-200.0
-0.006880187988281272,-0.11309841871261597,2.1943631380796433,-200.0
-0.06398375630378722,-0.27263708934187886,1.8559404030442237,-200.0
-0.2913722276687622,-0.11185390949249266,2.3871082007884983,-200.0
-0.1782677561044693,-0.19220387041568754,2.091967245936394,-200.0
-0.10095244646072388,-0.023250728845596313,3.0483960390090945,-200.0
-0.0805690348148346,-0.2319127544760704,1.9623421669006347,-200.0
-0.16286702156066893,-0.13382602930068968,3.1307066142559052,-200.0
-0.2745428211987018,-0.16085797548294067,1.7731628581881522,-200.0
-0.04275745153427124,-0.07334899306297302,2.5172001481056214,-200.0
-0.02722304463386538,-0.21410330235958097,2.802497148513794,-200.0
-0.2543002724647522,-0.0016443192958831565,2.27143389582634,-200.0
-0.217660591006279,-0.2930716920644045,2.6195969521999363,-200.0
-0.14007060527801513,-0.09112637042999266,1.6632694490253925,-200.0
-0.1422891855239868,-0.2900860279798508,3.188038849830628,-200.0
-0.21482746303081512,-0.0754343569278717,2.019573023915291,-200.0
-0.25304184705018995,-0.21935883164405823,2.473266297578812,-200.0
-0.030283910036087047,-0.015211665630340598,1.7291211947798728,-200.0
-0.04988669157028197,-0.15571195185184478,2.346924141049385,-200.0
-0.26797319725155827,-0.05981791019439697,2.8780935347080234,-200.0
-0.15479593276977538,-0.23493411540985107,1.6275326326489448,-200.0
-0.08692923188209534,-0.14962697625160218,2.5839598298072817,-200.0
-0.10404077768325806,-0.19877781271934508,1.6033274818211793,-200.0
-0.17689031660556792,-0.03549982309341432,2.7716903269290922,-200.0
-0.2886398121714592,-0.2686261206865311,2.1587266743183138,-200.0
-0.0661565601825714,-0.09718732237815855,2.9027655601501463,-200.0
-0.013121366500854492,-0.25639408081769943,2.4443401217460634,-200.0
-0.23089661747217177,-0.12787408232688904,1.9132720306515694,-200.0
-0.19418424367904663,-0.17629302442073821,3.0043549835681915,-200.0
-0.12604284882545472,-0.039529824256896995,2.0480323314666746,-200.0
-0.12922500371932982,-0.2477495402097702,1.817121407389641,-200.0
-0.18808552622795105,-0.1180530846118927,2.5612042188644413,-200.0
-0.22589713633060454,-0.1872636616230011,1.9481431394815445,-200.0
-0.017549246549606323,-0.04698940515518191,3.1166568934917454,-200.0
-0.07236227989196778,-0.18777579367160796,2.6586527764797214,-200.0
-0.28537697419524194,-0.02801799774169922,1.702267060428858,-200.0
-0.17252938449382782,-0.277266738563776,2.793460118770599,-200.0
-0.10900191664695738,-0.10699523091316224,2.2622348934412004,-200.0
-0.09363162517547607,-0.1658035933971405,2.977448982000351,-200.0
-0.1521808326244354,-0.06874226331710814,2.233470690250397,-200.0
-0.2641135185956955,-0.22716839611530304,2.6870538711547853,-200.0
-0.05549098849296569,-0.1383410632610321,1.5186414007097482,-200.0
-0.03294192552566527,-0.2978476552292704,2.1360229432582853,-200.0
-0.2462679326534271,-0.08670703768730162,3.092302429676056,12.743624799570334
-0.20929926931858062,-0.20923562943935392,1.8418389797210692,15.739308217738266
-0.14604644179344176,-0.006264925003051758,2.3729612052440645,-4.90534909883396
-0.13394731879234315,-0.2239014744758606,2.1761486381292343,-25.82285259912533
-0.22085938453674314,-0.010275202989578236,2.9202330708503723,-44.46201065611394
-0.2587435618042946,-0.28559844531118866,1.5625919070094825,-21.125934151809396
-0.02219778299331665,-0.08013292551040649,2.7311040461063385,12.161778055045412
-0.03951117396354675,-0.2393809139728546,3.0168223679065704,-200.0
-0.2807238981127739,-0.1448052406311035,2.0604415029287337,12.408860752218018
-0.16780244708061218,-0.15102724134922027,2.4087146520614624,20.55017028863186
-0.07622358798980713,-0.06469472050666808,1.8774845629930497,14.844519180260741
-0.09835848212242126,-0.2636989340186119,2.4856234371662143,-200.0
-0.18495924174785613,-0.10173929929733275,1.741640281677246,22.883878275129724
-0.2969645468518138,-0.20346683263778687,3.152303540706635,20.579486121636233
-0.06014413833618165,-0.031002634763717674,1.9838959276676178,7.684057508830977
-9.543299674985573e-05,-0.17146168649196625,1.6450517825782298,-200.0
-0.24161946326494216,-0.04396707415580747,2.6013296604156495,-41.77046853376362
-0.20457689166069032,-0.26128022074699403,2.306286132335663,1.1839607380824546
-0.11327265501022338,-0.12319865226745605,2.837409979104996,19.4331561217146
-0.1127501606941223,-0.2606543004512787,2.556970942020416,-200.0
-0.2039654552936554,-0.12389109134674073,1.8130923822522163,23.40969914794046
-0.2422164291143417,-0.17201450765132903,3.117608362436295,19.490809593528905
-0.0006349861621856578,-0.0434945046901703,1.948890280723572,9.967429875394954
-0.06070289611816407,-0.20299655199050903,1.702988325059414,-200.0
-0.2976129580289125,-0.0315577447414398,2.6595783054828646,-200.0
-0.18432586491107938,-0.26438908427953717,2.258180004358292,-20.452572365791923
-0.09778209328651427,-0.10111109018325806,2.7892009019851685,17.298416579638605
-0.07685458660125732,-0.1505545288324356,2.234396269917488,4.0204541412593215
-0.16838119626045225,-0.06524739861488343,2.97817023396492,14.985624892544879
-0.28016734421253203,-0.2400732100009918,1.5143822060897947,-2.4229291749361916
-0.038860541582107555,-0.1441791772842407,2.6829989314079286,-14.195863404601152
-0.021603047847747803,-0.2849700931459665,3.088273429870606,-200.0
-0.2582017958164215,-0.08082293272018432,2.131789615750313,-39.603641207631306
-0.22137952744960784,-0.2244564414024353,2.3737083971500397,18.111861149827625
-0.13456111550331115,-0.009804779291152976,1.842790423333645,-7.501367490092733
-0.14559736847877502,-0.2086921066045761,2.915958046913147,15.229495719939056
-0.20861407220363615,-0.006746792793273948,2.1720843255519866,-200.0
-0.24693780988454817,-0.2984645633026957,2.7320202529430393,4.807741402474996
-0.03340834379196167,-0.08600558638572692,1.563297326490283,10.502604912369826
-0.05597704052925109,-0.2264692336320877,2.061172938346863,-200.0
-0.26483498364686964,-0.13896026015281676,3.017764514684677,21.60540591174378
-0.15147412419319153,-0.16628317236900328,1.8734462663531304,21.88546992517536
-0.09312880039215088,-0.06819645166397095,2.4044655680656435,13.196983848487239
-0.10970640778541565,-0.2765651442110538,1.742582453787327,-200.0
-0.17303440868854522,-0.10761199593544005,2.4863548219203953,18.90711767540432
-0.2848932780325413,-0.18825751841068267,1.9796468943357468,19.98660928454305
-0.07163844108581544,-0.027474331855773915,3.1482652187347413,5.058038646687858
-0.016881734132766724,-0.18671770691871642,2.59726539850235,-200.0
-0.2254283711314201,-0.04746884107589722,1.6407767459750175,-200.0
-0.18853238224983215,-0.2483685940504074,2.8381154239177704,-200.0
-0.12991243600845337,-0.11735377907752989,2.3072022885084156,-200.0
-0.12546424269676207,-0.17690978944301605,1.5317975994199515,-200.0
-0.19355331659317015,-0.03882822990417478,2.700472521781921,-200.0
-0.2315474063158035,-0.25585041493177413,2.193654501438141,-200.0
-0.01367812156677245,-0.12835580706596375,2.9375904381275175,-200.0
-0.06669818758964538,-0.2691055566072464,2.386169296503067,-200.0
-0.28923447020351883,-0.0966413676738739,1.8552057504653932,-200.0
-0.176276358962059,-0.1980785071849823,3.0526418805122377,-200.0
-0.1035204291343689,-0.036118876934051525,2.096008759737015,-200.0
-0.08754082918167114,-0.23541598320007323,3.1299719870090486,-200.0
-0.15531864166259765,-0.14908345341682433,1.9614032119512559,-200.0
-0.2674337737262249,-0.15501050055027008,2.5212417125701903,-200.0
-0.04928981065750121,-0.060434818267822266,1.7774086743593216,-200.0
-0.029635351896286022,-0.2199780285358429,2.275705727934837,-200.0
-0.2524828791618347,-0.014512503147125266,2.8065646529197696,-200.0
-0.21540372669696806,-0.28954021632671356,1.6623565226793289,-200.0
-0.14292247295379637,-0.0759139358997345,2.6188882648944856,-200.0
-0.13956549167633056,-0.29362437017261983,2.0235988318920137,-200.0
-0.2169559746980667,-0.09065365791320801,3.1922753691673282,-200.0
-0.2550239011645317,-0.2134772390127182,1.7283772706985474,-200.0
-0.02770659327507019,-0.002336615324020408,2.4723115861415863,-200.0
-0.04322630167007446,-0.1615479826927185,2.877164763212204,-200.0
-0.27521046325564386,-0.07272064089775085,2.346206080913544,-200.0
-0.1621798038482666,-0.2314423307776451,2.5882222890853885,-200.0
-0.08012232184410095,-0.1343809962272644,1.6315843045711518,-200.0
-0.10163744688034057,-0.19289630949497222,2.770972317457199,-200.0
-0.17871667742729186,-0.02262480854988097,1.6023986849933862,-200.0
-0.2909057345241308,-0.2721645198762417,2.9068172574043274,-200.0
-0.06331374049186705,-0.11240673065185547,2.162989082932472,-200.0
-0.006158924102783181,-0.25290239006280896,1.9175085753202439,-200.0
-0.2384543403983116,-0.11262813806533814,2.448365879058838,-200.0
-0.20130254030227662,-0.18212910890579223,2.0470776706933975,-200.0
-0.11951975226402281,-0.052432662248611456,3.003611034154892,-200.0
-0.1213793635368347,-0.20022618770599365,2.1204248815774918,-200.0
-0.1988248497247696,-0.03402419686317443,3.076383411884308,-200.0
-0.23564701080322265,-0.2700896367430687,1.8308031305670738,-200.0
-0.008421331644058228,-0.09571545124053954,2.3624409377574924,-200.0
-0.06142208576202393,-0.2549267739057541,2.966494220495224,-200.0
-0.2933513861149549,-0.12933300733566283,2.2228175312280656,-200.0
-0.1815652012825012,-0.17481282949447632,2.6715304374694826,-200.0
-0.09941623806953429,-0.040982776880264304,1.5025959526188672,-200.0
-0.08225197792053221,-0.28686212562024593,2.6475845277309418,-200.0
-0.15942282378673553,-0.07865002155303955,1.691727350652218,-200.0
-0.2727098800241947,-0.21611975133419037,2.777829682826996,-200.0
-0.04517288804054259,-0.018423646688461304,2.2462964713573457,-200.0
-0.025535738468170144,-0.15891934633255003,1.8016174033284187,-200.0
-0.25773967802524567,-0.05658339858055114,2.545191168785095,-200.0
-0.2194885969161987,-0.2381543666124344,1.937207782268524,-200.0
-0.13765094876289366,-0.14639850854873657,3.1060361087322237,-200.0
-0.14485085606575013,-0.23278949260711668,1.6559870637953282,-200.0
-0.21284830570220947,-0.13293920159339903,2.6119504451751707,-200.0
-0.2497444063425064,-0.16172010004520415,2.321790060400963,-200.0
-0.03182011842727661,-0.07245905399322511,2.8534230291843414,-200.0
-0.047320228815078746,-0.2132087767124176,2.5012538731098175,-200.0
-0.2699479915201664,-0.00251101255416869,1.7575787797570228,-200.0
-0.1580891579389572,-0.2921894481405616,3.163371789455414,-200.0
-0.08538808822631835,-0.09199853539466857,1.9944357007741929,-200.0
-0.10572808384895324,-0.17893203198909757,3.032345801591873,-200.0
-0.17345091104507446,-0.05554010868072509,2.0764870285987853,-200.0
-0.2868118051439524,-0.24853656291961668,2.4196694135665897,-200.0
-0.06857621669769287,-0.11689919829368592,1.888137798011303,-200.0
-0.011438423395156883,-0.276442439854145,2.1871844112873076,-200.0
-0.23434081524610517,-0.10803862810134887,2.9307533383369444,-200.0
-0.19601718485355377,-0.19599689841270446,1.5781898863613606,-200.0
-0.12362741231918334,-0.01943002939224242,2.7470230638980864,-200.0
-0.12739121317863464,-0.26516575589776037,2.818545866012573,-200.0
-0.19049954116344453,-0.10028212666511535,2.2869541376829146,-200.0
-0.22757865786552428,-0.2049487978219986,2.6302469193935396,-200.0
-0.014104199409484874,-0.02954921722412107,1.6742274783551694,-200.0
-0.0741917073726654,-0.17001283764839173,1.9728656262159348,-200.0
-0.2829581670463085,-0.04544445276260378,3.141739195585251,-200.0
-0.17084292769432066,-0.2598184749484062,1.7890786081552505,-200.0
-0.11244274377822874,-0.12467005848884583,2.532801401615143,-200.0
-0.09033753275871276,-0.22069574296474456,1.8665579199790954,-200.0
-0.15372053682804107,-0.013509035110473633,2.398046749830246,-200.0
-0.2666785418987274,-0.28237753137946126,2.107983487844467,-200.0
-0.053515326976776134,-0.08336307406425475,3.0638967752456665,-200.0
-0.03624081015586855,-0.24260648041963576,2.712135970592499,-200.0
-0.24473259150981902,-0.14158889651298523,1.5433637734502554,-200.0
-0.2067384660243988,-0.15426566004753112,2.9490463674068454,-200.0
-0.14802703857421876,-0.061484420299530024,2.205428194999695,-200.0
-0.1321178913116455,-0.16669878065586088,2.4337971568107606,-200.0
-0.22327818274497985,-0.06787390708923341,1.90220704972744,-200.0
-0.2604300186038017,-0.22804897874593733,2.9884197533130648,-200.0
-0.018756955862045288,-0.13746957778930663,2.0323987036943434,-200.0
-0.041344964504241966,-0.29697158150374886,1.587311163917184,-200.0
-0.2783098831772804,-0.08759218454360962,2.7561895906925202,-200.0
-0.16612092554569244,-0.20837184190750122,2.1481090813875197,-200.0
-0.07966863512992858,-0.0071555435657501,2.891827011108399,-200.0
-0.09505959749221801,-0.24394241720438004,2.3310083150863647,-200.0
-0.18649458289146423,-0.12186884880065918,2.8624922811985014,-200.0
-0.29952535070478914,-0.18347111642360686,1.6170091100037098,-200.0
-0.05816354155540465,-0.05080835223197938,2.572927248477936,-200.0
-0.0033895254135131725,-0.1915993094444275,3.177388882637024,-200.0
-0.2400797590613365,-0.024220865964889537,2.008615070581436,-200.0
-0.2020118683576584,-0.28107793629169464,2.4572175800800324,-200.0
-0.11524831652641296,-0.10319269895553587,1.71360102891922,-200.0
-0.11692330241203308,-0.15687154233455658,3.171717965602875,-200.0
-0.20388798415660858,-0.05863831043243409,2.002678117156029,-200.0
-0.2405276522040367,-0.23610055446624756,2.5027519047260283,-200.0
-0.004075741767883279,-0.14844512343406677,1.7593880906701087,-200.0
-0.05652546286582946,-0.28890648409724234,2.310318121314049,-200.0
-0.2976855690591037,-0.07659396529197693,2.8416398108005527,-200.0
-0.1860097825527191,-0.21817697882652282,1.650948230177164,-200.0
-0.09433704614639282,-0.016378176212310802,2.607015371322632,-200.0
-0.0778096854686737,-0.2575605154037475,1.566406674310565,-200.0
-0.16449972689151762,-0.1266921579837799,2.7355511248111726,-200.0
-0.27760421186685563,-0.17745257914066315,2.1822493374347687,-200.0
-0.04084099531173707,-0.03835022449493408,2.9257145047187807,-200.0
-0.020652812719345104,-0.19759588837623596,2.4279118299484255,-200.0
-0.2620875522494316,-0.03666619062423704,1.8964839741587638,-200.0
-0.22394694685935973,-0.2674464650452137,3.0341551125049593,-200.0
-0.1325855255126953,-0.09834685921669006,2.0779850602149965,-200.0
-0.14977498054504393,-0.2738006964325905,2.679889583587647,-200.0
-0.20854162573814392,-0.11066915988922119,1.5108513373881578,-200.0
-0.24525401294231414,-0.19336517751216886,2.9680052220821382,-200.0
-0.0368534982204437,-0.02207288146018982,2.2246398121118545,-200.0
-0.05180371999740602,-0.18157263994216918,1.819344161450863,-200.0
-0.26491228938102723,-0.05290612578392029,2.3506706893444065,-200.0
-0.15316278040409087,-0.2511694461107254,2.115399017930031,-200.0
-0.08968793749809265,-0.11425977945327759,3.071461308002472,-200.0
-0.11065675020217894,-0.21526457369327545,1.9254375338554381,-200.0
-0.1691487729549408,-0.0004664003849029763,3.0945771396160127,-200.0
-0.28232602402567863,-0.29423523936420676,1.7966952994465828,-200.0
-0.0736142098903656,-0.08994162082672119,2.5401653051376343,-200.0
-0.015926527976989735,-0.23073482215404512,2.786085069179535,-200.0
-0.2293097198009491,-0.13498724699020384,2.2546556174755095,-200.0
-0.19109534919261933,-0.15967315435409546,2.6494068086147307,-200.0
-0.12793180346488953,-0.07451253533363342,1.693238364905119,-200.0
-0.12290486097335815,-0.24056097418069838,2.139957454800606,-200.0
-0.19553238451480864,-0.14364609718322754,2.8833641052246097,-200.0
-0.2325010344386101,-0.15220957696437834,1.58559264279902,-200.0
-0.009800344705581665,-0.06352874636650085,2.7545748293399814,-200.0
-0.06926243305206298,-0.22274240255355834,3.000086241960526,-200.0
-0.2872596994042396,-0.011455267667770386,2.0439614325761797,-200.0
-0.17532702684402465,-0.28443248458206655,2.4386155009269714,-200.0
-0.10740306973457336,-0.08131531476974488,1.907336673140526,-200.0
-0.08585572242736816,-0.17264427244663239,2.4687803089618683,-200.0
-0.15875792205333708,-0.04280131459236147,1.725267517566681,-200.0
-0.2716055251657963,-0.2624605044722557,3.18251850605011,-200.0
-0.04921608567237856,-0.122039794921875,2.013433414697647,-200.0
-0.03131614923477172,-0.26253316327929493,1.6085461914539336,-200.0
-0.24903873056173323,-0.10292183160781859,2.564775621891022,-200.0
-0.21122710704803466,-0.20230790376663207,2.3293935537338255,-200.0
-0.14299190640449524,-0.03218291401863099,2.8607737600803373,-200.0
-0.13700135350227355,-0.18895984590053558,1.7809399515390396,-200.0
-0.21893084049224854,-0.02685370445251467,2.5243514657020567,-200.0
-0.2559734255075455,-0.27844390869140623,1.971160075068474,-200.0
-0.023824131488800027,-0.1058332622051239,3.140137404203415,-200.0
-0.04578559398651122,-0.24658530503511428,2.6419263780117035,-200.0
-0.27323130145668983,-0.11923715472221375,1.6858031772077084,-200.0
-0.16122598350048065,-0.18610169291496276,2.823377180099487,-200.0
-0.08399991989135741,-0.04816664457321168,2.292096731066704,-200.0
-0.09995682835578917,-0.2990251064300537,2.9606220662593845,-200.0
-0.182161009311676,-0.08554528355598448,2.217107653617859,-200.0
-0.2950824474915862,-0.2104199320077896,2.717278563976288,-200.0
-0.06324441432952882,-0.0051009178161621205,1.5481950843706727,-200.0
-0.007843834161758434,-0.16464183926582335,2.099533551931381,-200.0
-0.23501486778259278,-0.0699196457862854,3.0557581186294556,-200.0
-0.1971306949853897,-0.2260043308138847,1.8649561285972596,-200.0
-0.1195933699607849,-0.13952534794807434,2.3963411986827854,-200.0
-0.117642205953598,-0.28292433768510816,1.8850219652056694,-200.0
-0.19962669610977174,-0.08287988305091856,2.4161450266838074,-200.0
-0.23776726573705673,-0.22240068018436432,2.066315531730652,-200.0
-0.0057096004486084095,-0.011849427223205589,3.0225958287715913,-200.0
-0.06515437960624695,-0.15260143876075744,2.723570317029953,-200.0
-0.2925452431663871,-0.06319388151168823,1.555158669874072,-200.0
-0.17944065034389495,-0.24212784469127654,2.9143562555313114,-200.0
-0.10212310552597045,-0.14213109612464905,2.1703787744045258,-200.0
-0.08174208998680113,-0.20562823712825773,2.8299767673015594,-200.0
-0.1640378952026367,-0.028914856910705555,2.2987523525953293,-200.0
-0.27571357414126396,-0.26703079193830487,2.595559847354889,-200.0
-0.04393054246902467,-0.09848050475120543,1.6391749545931815,-200.0
-0.02604991793632505,-0.2580214530229568,1.991326352953911,-200.0
-0.2531294748187065,-0.1265305459499359,3.1598409175872804,-200.0
-0.2164897710084915,-0.16937393546104432,1.747413767874241,-200.0
-0.13889758586883544,-0.046128523349761974,2.4914974153041842,-200.0
-0.1411184549331665,-0.18407799303531647,2.2697427332401277,-200.0
-0.21365435421466827,-0.05010142922401428,2.8008673906326296,-200.0
-0.2518687605857849,-0.2457348883152008,1.7081179484724998,-200.0
-0.029113072156906117,-0.1199946641921997,2.6643966495990754,-200.0
-0.05105749368667603,-0.27920827791094777,3.109145456552506,-200.0
-0.26914623901247975,-0.10498055219650268,1.9407386541366578,-200.0
-0.15596909523010252,-0.19088777303695678,2.5553561806678773,-200.0
-0.0880999982357025,-0.02483230233192446,1.8113738611340522,-200.0
-0.10521372556686401,-0.22852301001548767,2.365556770563126,-200.0
-0.1780609220266342,-0.1369136095046997,1.834327517449856,-200.0
-0.28981053829193115,-0.1683309406042099,3.0865549087524418,-200.0
-0.06732947230339051,-0.06614150404930114,2.1301748543977737,-200.0
-0.011948490142822288,-0.2066349148750305,1.526048696320504,-200.0
-0.2297259360551834,-0.008792299032211293,2.6945616602897644,-200.0
-0.19301358461380003,-0.2964202405884862,2.239214614033699,-200.0
-0.12486986517906187,-0.0880616784095764,2.983299857378006,-200.0
-0.13039809465408325,-0.21792997419834137,2.5764520406723026,-200.0
-0.18925636410713195,-0.016567164659500144,1.6201253354549408,-200.0
-0.22706788033246994,-0.2874867271631956,2.872242659330368,-200.0
-0.018722373247146595,-0.07796087265014648,2.341180217266083,-200.0
-0.07118911743164064,-0.23746059089899063,1.7366326570510864,-200.0
-0.2842062033712864,-0.14702764749526978,2.4806707322597505,-200.0
-0.17135856449604034,-0.15706740617752074,2.0254211127758026,-200.0
-0.10782886147499085,-0.058389025926589955,3.193786370754242,-200.0
-0.09246089458465576,-0.2717395484447479,2.0554368168115618,-200.0
-0.15100792050361633,-0.094000768661499,3.011866420507431,-200.0
-0.26294055730104443,-0.20071793496608734,1.919019576907158,-200.0
-0.05432036519050598,-0.03348600268363955,2.450188159942627,-200.0
-0.034112584590911876,-0.17427924871444703,2.895358288288117,-200.0
-0.2474409207701683,-0.04146997332572938,2.151218834519386,-200.0
-0.2104721635580063,-0.25320756286382673,2.7659464538097382,-200.0
-0.1472171366214752,-0.13098753690719603,1.5974765747785569,-200.0
-0.13512030243873596,-0.25026039630174635,3.0408586621284486,-200.0
-0.22202998101711274,-0.11525843739509581,2.0845368206501007,-200.0
-0.2599142611026764,-0.17949770987033842,2.3812342226505283,-200.0
-0.023370730876922596,-0.055075836181640636,1.850166916847229,-200.0
-0.03833826184272765,-0.19553716778755187,2.201896917819977,-200.0
-0.2795532256364822,-0.019991075992584206,2.945936614274979,-200.0
-0.16663182377815247,-0.2747970767319202,1.5336069103330374,-200.0
-0.07505056858062745,-0.10976698994636536,2.7019705533981324,-200.0
-0.09718771576881408,-0.1636040300130844,1.67070269882679,-200.0
-0.18378613293170928,-0.07067627906799318,2.6271306812763218,-200.0
-0.2957914869301021,-0.23348780125379562,2.2772037595510484,-200.0
-0.05897326469421388,-0.13232375979423522,2.8083739638328553,-200.0
-0.0012662708759307861,-0.29156945273280144,2.5097697734832765,-200.0
-0.24279249608516693,-0.09270145297050475,1.7656254559755324,-200.0
-0.2057500183582306,-0.21143061518669126,3.1249331533908844,-200.0
-0.11444345712661744,-0.004390418529510498,1.9564681380987168,-200.0
-0.11453803181648253,-0.2500697135925293,1.8413814589381219,-200.0
-0.20569835901260375,-0.11565029025077819,2.3726009845733644,-200.0
-0.2428501859307289,-0.1801825135946274,2.1363957285881043,-200.0
-0.0011770963668823464,-0.05400624275207519,3.092772489786148,-200.0
-0.05892024636268617,-0.19475600123405457,2.687530213594437,-200.0
-0.2958851376548409,-0.020973479747772195,1.519007509481162,-200.0
-0.18369618952274322,-0.27490056306123734,2.977095448970795,-200.0
-0.09724391698837279,-0.10927881002426146,2.2330069124698637,-200.0
-0.07514060139656067,-0.16341017782688141,2.7938264191150664,-200.0
-0.16657555103302002,-0.07107181549072267,2.262711438536644,-200.0
-0.27960633113980293,-0.23417630195617675,2.658188796043396,-200.0
-0.038244545459747314,-0.1312509834766388,1.7019133247435092,-200.0
-0.023313099145889304,-0.2907941987738013,1.9477831214666366,-200.0
-0.26000335961580273,-0.09367831349372863,3.116199600696564,-200.0
-0.2219354599714279,-0.21152856945991516,1.8175912395119667,-200.0
-0.13517189025878906,-0.0039081215858459695,2.5615768015384672,-200.0
-0.1473159313201904,-0.21693020761013032,2.306646150350571,-200.0
-0.21042427718639373,-0.01732866168022157,2.837867271900177,-200.0
-0.24750341176986693,-0.28795525096356867,1.64458192512393,-200.0
-0.03402891755104065,-0.07783999443054199,2.600957077741623,-200.0
-0.05427156686782836,-0.23705137073993682,3.1519372403621677,-200.0
-0.2630380064249039,-0.14719866514205932,1.9834193825721742,-200.0
-0.15092275142669678,-0.1581173300743103,2.486087417602539,-200.0
-0.09252260327339171,-0.05768682360649108,1.7419940426945686,-200.0
-0.10791395902633666,-0.2707434520125389,2.4082383096218107,-200.0
-0.17129694521427155,-0.09475908279418946,1.8771184906363487,-200.0
-0.28425493352115155,-0.20118327140808107,3.017175900936127,-200.0
-0.07109175324440004,-0.033368808031082164,2.0609052807092665,-200.0
-0.018659806251525857,-0.17386447191238402,1.5630493897944688,-200.0
-0.2271516054868698,-0.04164689183235171,2.7314642667770386,-200.0
-0.18915749788284303,-0.254263374209404,2.1757758527994158,-200.0
-0.1304460346698761,-0.13027979135513304,2.9197630107402803,-200.0
-0.12493067979812622,-0.18515089452266692,2.6192434191703797,-200.0
-0.19292816519737244,-0.049413102865219105,1.6628056585788726,-200.0
-0.2298242524266243,-0.24533952623605726,2.8029734909534456,-200.0
-0.011899942159652732,-0.12018864154815673,2.271799993515015,-200.0
-0.06724498271942139,-0.2796906977891922,1.773535668849945,-200.0
-0.28987271524965763,-0.10488277673721313,2.517670208215714,-200.0
-0.17801389396190642,-0.18991109132766723,1.9618846714496612,-200.0
-0.105312842130661,-0.025607675313949585,3.130346393585205,-200.0
-0.08814711570739744,-0.22959242910146713,2.0924371033906937,-200.0
-0.15586990714073182,-0.13622868061065674,3.048768621683121,-200.0
-0.2692308112978935,-0.1679389625787735,1.85558041036129,-200.0
-0.050995248556137074,-0.06633203029632567,2.3866509079933165,-200.0
-0.029014813899993885,-0.20712293386459352,2.9380394220352173,-200.0
-0.2519172325730324,-0.008688694238662698,2.1940094023942946,-200.0
-0.21359359323978422,-0.29543771557509896,2.696567040681839,-200.0
-0.14120380282402037,-0.08884266614913941,1.5282066021114589,-200.0
-0.13895460963249207,-0.28304164633154866,3.004818964004517,-200.0
-0.21640011370182038,-0.08241471648216248,2.0483860671520233,-200.0
-0.25322229266166685,-0.22164252698421477,2.4439738214015962,-200.0
-0.025996577739715587,-0.012845635414123535,1.9127954602241517,-200.0
-0.043842262029647805,-0.15330929160118104,2.1582568168640135,-200.0
-0.2757715433835983,-0.06213823556900025,2.9023929774761204,-200.0
-0.16398534178733826,-0.24195109158754347,1.6036875061690807,-200.0
-0.08183641433715819,-0.14254598021507262,2.772147619724274,-200.0
-0.10217558741569518,-0.20574895441532134,1.6271598599851131,-200.0
-0.17934641540050505,-0.028446221351623557,2.5834897696971897,-200.0
-0.2926334571093321,-0.26626918092370033,2.3473816365003586,-200.0
-0.06509649753570557,-0.0994801104068756,2.8784537553787235,-200.0
-0.005616706609725963,-0.2587234899401665,2.473619830608368,-200.0
-0.23782066404819488,-0.12548051476478575,1.7295849472284317,-200.0
-0.19956960082054137,-0.16920281052589417,3.187562507390976,-200.0
-0.11773191690444945,-0.046537578105926514,2.019206926226616,-200.0
-0.11964188218116759,-0.1896437555551529,3.101611828804016,-200.0
-0.19703238308429716,-0.025785541534423806,1.9324755162000655,-200.0
-0.23510032296180725,-0.27825464978814124,2.5463664710521696,-200.0
-0.0077829837799072155,-0.10622418522834778,1.8029061928391457,-200.0
-0.06314533352851867,-0.24668781459331512,2.2476048678159715,-200.0
-0.29512947164475917,-0.11875031590461729,2.7790376126766203,-200.0
-0.18209879994392394,-0.18532188534736632,1.6870142862200737,-200.0
-0.10004135370254516,-0.049148046970367454,2.6431924700737,-200.0
-0.08406220078468321,-0.29971447270363566,1.5038036655634641,-200.0
-0.16114140450954437,-0.08447114825248717,2.6728386819362644,-200.0
-0.2733304604887962,-0.21022468507289888,2.2184256255626678,-200.0
-0.045738494396209695,-0.005497312545776345,2.961781358718872,-200.0
-0.02373874783515928,-0.16474072337150572,2.3577084183692936,-200.0
-0.25603419095277785,-0.06943606138229369,1.8263786479830741,-200.0
-0.21888239979743956,-0.22522776424884794,3.077672404050827,-200.0
-0.1370995759963989,-0.1405031383037567,2.1216004371643065,-200.0
-0.14304521083831787,-0.24103086590766906,2.74345155954361,-200.0
-0.2111343204975128,-0.14352436065673826,1.5743168491870165,-200.0
-0.24912839233875272,-0.15120891630649566,2.931127744913101,-200.0
-0.03125908970832825,-0.06429160237312317,2.1876658707857133,-200.0
-0.04912179708480835,-0.22379361391067504,1.8885869845747947,-200.0
-0.27165804505348207,-0.010752135515213035,2.420024567842484,-200.0
-0.15869995057582856,-0.2840223077684641,2.0725812941789625,-200.0
-0.08594403862953184,-0.08148761987686157,3.0287546396255496,-200.0
-0.1074609875679016,-0.17310820519924164,1.9947906017303467,-200.0
-0.1752387821674347,-0.04268504977226256,3.1638207733631134,-200.0
-0.28735392875969407,-0.26146532893180846,1.7539878204464912,-200.0
-0.06920998692512512,-0.12279667854309081,2.4973483920097355,-200.0
-0.009710597991943348,-0.26358764022588727,2.8495497703552246,-200.0
-0.23255816102027893,-0.10221508741378785,2.318218404054642,-200.0
-0.19547899067401886,-0.2018941283226013,2.612432056665421,-200.0
-0.12299771904945372,-0.032358473539352395,1.656361685693264,-200.0
-0.12802094221115112,-0.27340412959456445,2.209200683236122,-200.0
-0.1910376638174057,-0.11086428165435791,2.9527183890342714,-200.0
-0.22936141043901442,-0.19443918764591217,1.5427753211930395,-200.0
-0.01583191752433777,-0.021383339166641258,2.711868566274643,-200.0
-0.07355804443359376,-0.18059467077255248,3.0636486232280733,-200.0
-0.28241596184670925,-0.0536825716495514,2.1074273496866227,-200.0
-0.1690550923347473,-0.2516529098153114,2.4017384290695194,-200.0
-0.11070980429649352,-0.11416071653366089,1.870363137125969,-200.0
-0.08978168964385985,-0.2148737758398056,2.5322454154491423,-200.0
-0.153109672665596,-0.0006558358669280784,1.7888307094573974,-200.0
-0.2649685308337211,-0.29530357606709,3.1455441594123843,-200.0
-0.05171372294425963,-0.08925783634185791,1.9765571534633637,-200.0
-0.03680187463760376,-0.229753540456295,1.6778996646404267,-200.0
-0.2453485384583473,-0.1357672333717346,2.634019660949707,-200.0
-0.20845255851745603,-0.1601601719856262,2.2866864800453186,-200.0
-0.1498325765132904,-0.07441014647483826,2.817957252264023,-200.0
-0.13266915678977967,-0.15611449778079986,1.7182262927293777,-200.0
-0.2238844871520996,-0.05963337421417236,2.461748862266541,-200.0
-0.26213544309139253,-0.23621671199798583,2.007225713133812,-200.0
-0.020553982257842995,-0.1479810297489166,3.1763140976428987,-200.0
-0.040779322385787964,-0.2887307614088058,2.5718198359012607,-200.0
-0.27768935188651084,-0.07700763344764708,1.6156001836061478,-200.0
-0.16440227329730986,-0.218883615732193,2.866991341114044,-200.0
-0.07785851955413817,-0.01532353162765504,2.335614427924156,-200.0
-0.0944344460964203,-0.2567977711558342,2.8904182493686674,-200.0
-0.18596101999282838,-0.12769297957420347,2.1470019221305847,-200.0
-0.29774718526750804,-0.17757447659969328,2.7607954502105714,-200.0
-0.0564404010772705,-0.037880444526672385,1.5918100591748954,-200.0
-0.0040277659893036,-0.19742369055747985,2.036930137872696,-200.0
-0.24062654972076414,-0.03707653284072876,2.9930452704429626,-25.301399765435768
-0.20380426347255706,-0.26814976036548616,1.9011320114135741,-22.587820023358685
-0.11698583364486695,-0.09729575514793395,2.432407647371292,16.91019367079011
-0.11520012617111205,-0.16738243997097016,2.0843515425920485,14.826997068651782
-0.20210982263088226,-0.06680547595024108,3.0402136087417606,14.485240917171904
-0.23999412059783934,-0.2278594672679901,1.8935090884566308,11.398275548329844
-0.003450554609298717,-0.13786025047302244,2.425050431489945,-83.64974964409693
-0.058263015747070324,-0.29707391280680895,2.9228723585605625,-200.0
-0.2994779613800347,-0.08710516691207884,2.179306724667549,-200.0
-0.18655654191970825,-0.20759185552597045,2.7416292786598206,21.196678294272488
-0.09497532248497009,-0.008136767148971547,1.5728058412671089,6.044338980574915
-0.0796067476272583,-0.2446320354938507,2.6040729105472566,-200.0
-0.16620514690876007,-0.1207949638366699,1.648106299340725,20.80536281695152
-0.27821048721671104,-0.18327611982822417,2.8480387687683106,21.645967617914792
-0.04139229655265808,-0.05120499730110167,2.3163961231708527,12.22913166563616
-0.018842661380767844,-0.1916983723640442,1.7654467895627022,-200.0
-0.2603689044713974,-0.023737460374832153,2.5091186404228214,-200.0
-0.2233264446258545,-0.280301546305418,1.9998164653778077,-15.926663331347257
-0.13201984763145447,-0.10417066812515258,3.1687428772449495,15.078418251011449
-0.14797334074974058,-0.26563539952039716,1.6987975046038628,-200.0
-0.20683164596557618,-0.10016013979911803,2.654664409160614,20.222293015911113
-0.24464315325021743,-0.20394788682460785,2.252539941668511,16.98975903200847
-0.036297619342803955,-0.03031182289123535,2.784076446294785,6.5358521230786
-0.05360929369926454,-0.1710638701915741,2.538124054670334,-38.15437917716939
-0.26662634834647175,-0.04474114179611205,1.7945600166916846,-200.0
-0.15377872288227082,-0.25940811932086943,3.0998025178909305,-11.442076958555948
-0.09024903774261475,-0.12484218478202819,1.9309774845838548,20.851986800445676
-0.11238450407981873,-0.22115992605686186,3.069326227903366,-10.493600260676885
-0.17093149423599244,-0.01339302062988279,2.1133580207824707,-29.127316350557166
-0.28286413997411725,-0.2813826039433479,2.3562103867530824,7.247258930527061
-0.07424397468566896,-0.08412020802497863,1.8245693370699883,19.2802119955945
-0.01419355273246764,-0.2436611384153366,2.229897564649582,-200.0
-0.22752191573381425,-0.14088233113288878,2.9735645771026613,20.37140748603092
-0.19055314958095548,-0.15385206341743468,1.5088425007648767,18.948583053539604
-0.127298104763031,-0.06166015863418578,2.6777737557888033,12.967645248021755
-0.12353859543800352,-0.23239295929670334,2.855415642261505,-19.254221029818574
-0.19607451260089875,-0.13313435912132263,2.3239349693059923,20.556392602722443
-0.2342889368534088,-0.1627941459417343,2.5666772425174713,20.80846876772934
-0.011533212661743175,-0.07176954746246339,1.6107688695192337,3.995281404578666
-0.06863277554512023,-0.2122309148311615,2.015675649046898,-200.0
-0.2867214985191822,-0.0032875657081604115,3.1844527542591097,-200.0
-0.17354434132575988,-0.29267302080988883,1.7198280841112137,-200.0
-0.10567528009414673,-0.09189957976341248,2.4634544134140017,16.48472298016561
-0.08529472947120667,-0.17854119837284088,1.909270668029785,-35.748674450825604
-0.15814190804958342,-0.05572950839996338,2.4408575832843784,15.359973162786913
-0.2698915064334869,-0.2496048644185066,2.0386356890201567,7.696111471789762
-0.04741047620773314,-0.11621537804603577,2.9946470618247987,12.900822002009871
-0.031872063875198364,-0.2754610486328602,2.749115991592407,-200.0
-0.24964952766895293,-0.1088184893131256,1.5802343603223563,-200.0
-0.212937194108963,-0.19648380875587462,2.8855869352817534,-200.0
-0.14479343891143798,-0.01932753324508668,2.1418593287467957,-200.0
-0.1375669240951538,-0.19946916997432707,2.390175700187683,-200.0
-0.21955145001411436,-0.035019296407699574,1.858696648478508,-200.0
-0.25769201070070263,-0.2702058255672455,3.0585189998149875,-200.0
-0.025634318590164185,-0.09525139331817625,2.102609005570412,-200.0
-0.04523423910140989,-0.254751156270504,1.5512382302433252,-200.0
-0.2726250752806663,-0.1297467827796936,2.720020192861557,-200.0
-0.1595204919576645,-0.17551957368850707,2.210815444588661,-200.0
-0.08220296502113342,-0.03992823958396913,2.9544369101524355,-200.0
-0.09931851625442503,-0.2860993456095457,2.2948381066322328,-200.0
-0.18161428570747373,-0.07965080738067626,2.826420158147812,-200.0
-0.2932899780571461,-0.21624161303043365,1.6796181857585908,-200.0
-0.06150696873664857,-0.01795383095741271,2.635634422302246,-200.0
-0.00846891403198241,-0.15874704122543334,3.133877670764923,-200.0
-0.235548497736454,-0.05699363350868225,1.9649944245815276,-200.0
-0.1989087849855423,-0.2388575568795204,2.527427071332932,-200.0
-0.1213165819644928,-0.14534729719161987,1.7837010860443114,-200.0
-0.11942492723464965,-0.29343393836170434,2.4942390441894533,-200.0
-0.20135444998741148,-0.09104576110839843,1.7504569485783577,-200.0
-0.238397017121315,-0.2141622930765152,3.1536557614803318,-200.0
-0.006247705221176125,-0.0012672722339630016,1.9850341439247132,-200.0
-0.06336658000946044,-0.16076699495315552,1.632915423810482,-200.0
-0.29081227406859395,-0.07370322346687316,2.589394348859787,-200.0
-0.17880696952342987,-0.23154599368572235,2.3018278062343596,-200.0
-0.10158092379570008,-0.1338929772377014,2.8327376484870914,-200.0
-0.0800321102142334,-0.19270220696926116,2.1642131239175795,-200.0
-0.16223625540733336,-0.023020094633102395,2.908096522092819,-200.0
-0.2751577109098434,-0.2728527680039406,1.5579197663813829,-200.0
-0.043319696187973045,-0.11133370399475098,2.7266459226608277,-200.0
-0.02776397466659547,-0.2521269589662552,3.025638806819916,-200.0
-0.25493504405021666,-0.11360481977462769,2.0690569072961806,-200.0
-0.21705085337162017,-0.18222688436508178,2.40985307097435,-200.0
-0.13951351046562194,-0.05195018649101257,1.8788370117545128,-200.0
-0.1428238570690155,-0.17591027319431304,2.985234105587006,-200.0
-0.21545140743255614,-0.039589977264404275,2.24145684838295,-200.0
-0.2524200573563576,-0.25631918907165524,2.6892357647418974,-200.0
-0.029719340801239003,-0.1282351791858673,1.5206092992797493,-200.0
-0.0493388593196869,-0.2686965174973011,2.12471626996994,-200.0
-0.2673360988497734,-0.09681256413459777,3.081196790933609,-200.0
-0.15540341734886168,-0.1991286098957062,1.8365501448512078,-200.0
-0.08747949600219726,-0.035416853427886974,2.367458391189575,-200.0
-0.10343558192253113,-0.2344196319580078,1.8060155406594276,-200.0
-0.17633776366710663,-0.1498415172100067,2.5498973429203033,-200.0
-0.28918535336852075,-0.15547557771205903,1.9426405280828476,-200.0
-0.0667959451675415,-0.06031737327575684,3.11136828660965,-200.0
-0.013740867376327515,-0.21956307291984556,2.666638731956482,-200.0
-0.23146347552537916,-0.01468924283981321,1.7100519813597201,-200.0
-0.1936518609523773,-0.2905958466231823,2.795428210496903,-200.0
-0.12541662454605101,-0.07520601153373718,2.264416989684105,-200.0
-0.12985137104988098,-0.2097649723291397,1.5953413363546134,-200.0
-0.1886180520057678,-0.006058430671691872,2.763905203342438,-200.0
-0.2253304213285446,-0.298069167137146,2.1567587852478027,-200.0
-0.016929888725280784,-0.0861995279788971,2.9005836665630342,-200.0
-0.07172275185585023,-0.22695154398679734,2.4554457604885105,-200.0
-0.28483128547668457,-0.13886237740516663,1.9245786786079409,-200.0
-0.17308179438114166,-0.16530638337135314,3.009857797622681,-200.0
-0.10960696935653685,-0.06897171735763549,2.053321141004562,-200.0
-0.0930815041065216,-0.277634596824646,3.1993457257747653,-200.0
-0.15157349109649657,-0.10692710280418397,2.03067886531353,-200.0
-0.2647507555782795,-0.18786557614803312,2.478554904460907,-200.0
-0.05603896379470824,-0.027664875984191872,1.7346237808465959,-200.0
-0.033506351709365834,-0.18720583319664003,2.339139220118523,-200.0
-0.24688957929611205,-0.047365343570709206,2.870107579231262,-200.0
-0.20867519080638885,-0.24738617688417433,1.6253505490720273,-200.0
-0.14551162719726562,-0.11813487410545348,2.5819917380809785,-200.0
-0.13450427055358885,-0.2607715710997581,1.9535255253314974,-200.0
-0.2214689701795578,-0.12342588901519774,3.122091007232666,-200.0
-0.2581086471676826,-0.17125631868839264,1.772024667263031,-200.0
-0.021656709909439076,-0.0444906771183014,2.5158479273319245,-200.0
-0.03894907236099243,-0.20370429754257202,2.814432460069656,-200.0
-0.28010915592312813,-0.030501991510391235,2.2835702419281008,-200.0
-0.1684333562850952,-0.2642122261226177,2.6242692828178407,-200.0
-0.07676065564155579,-0.10152586698532104,1.6677277751266957,-200.0
-0.09772986173629761,-0.15067528188228607,2.708337289094925,-200.0
-0.1844198852777481,-0.06477879881858825,1.5396655712276697,-200.0
-0.29752436103299257,-0.2393116369843483,2.9429615259170534,-200.0
-0.06076117157936095,-0.14517881870269775,2.1990352660417556,-200.0
-0.0007280588150024303,-0.28567223735153674,1.8473250240087509,-200.0
-0.2421628251671791,-0.07977300882339478,2.3782917618751527,-200.0
-0.20402222871780396,-0.22428542375564575,2.090614822506905,-200.0
-0.11266077160835267,-0.0102139413356781,3.047257620096207,-200.0
-0.11336719393730163,-0.22497543096542358,2.76629958152771,-200.0
-0.20452526807785032,-0.009585589170455933,1.5979399662464857,-200.0
-0.2416770726442337,-0.2852018136531114,2.894881540536881,-200.0
-6.3657760620006165e-06,-0.08032797574996947,2.150852331519127,-200.0
-0.06009101271629333,-0.23986431509256362,1.9186463609337807,-200.0
-0.29705829536542294,-0.1447061061859131,2.4497176945209507,-200.0
-0.18486922681331636,-0.15004921853542327,2.0558939069509505,-200.0
-0.09841471910476685,-0.06547109484672547,3.012226235866547,-200.0
-0.0763135313987732,-0.26476733610033987,2.024950850009918,-200.0
-0.16774628162384034,-0.10105558633804321,3.193413382768631,-200.0
-0.2807769410312176,-0.2030760884284973,1.7369922444224357,-200.0
-0.03941749334335326,-0.031192141771316517,2.481127619743347,-200.0
-0.02214011549949646,-0.1719487577676773,2.8727062344551086,-200.0
-0.25883270502090455,-0.04386475682258606,2.341533547639847,-200.0
-0.22076478302478791,-0.26029900163412095,2.5760853350162507,-200.0
-0.13399901390075683,-0.12397871017456055,1.6196484103798867,-200.0
-0.14614534378051758,-0.24786561280488967,3.124469578266144,-200.0
-0.20925131142139436,-0.1175889194011688,1.9561148077249526,-200.0
-0.24633046835660932,-0.1865065276622772,2.5101364791393284,-200.0
-0.0328582227230072,-0.04798439741134641,1.7661024317145348,-200.0
-0.05544222593307496,-0.18848234117031099,2.2776740223169325,-200.0
-0.2642109028995037,-0.026963281631469715,2.808746951818466,-200.0
-0.15209577083587647,-0.27709093093872067,1.6703430607914924,-200.0
-0.09369322657585144,-0.10740882754325867,2.6266737937927247,-200.0
-0.10908704996109009,-0.1659255802631378,1.5339800851419567,-200.0
-0.172467702627182,-0.06827255487442016,2.702441018819809,-200.0
-0.28542580269277096,-0.22640573233366013,2.2014398276805878,-200.0
-0.07226480841636657,-0.13934195637702942,2.945576798915863,-200.0
-0.01748678684234617,-0.2985510349273682,2.3808810949325565,-200.0
-0.22598078101873398,-0.08565600514411925,1.8497035697102546,-200.0
-0.18798669576644897,-0.20906352102756498,3.0413354098796845,-200.0
-0.12927290797233582,-0.006675338745117165,2.08490332365036,-200.0
-0.12610362768173217,-0.28989668413996694,1.747870883345604,-200.0
-0.19409886002540588,-0.07582520842552185,2.4918572306632996,-200.0
-0.2309948533773422,-0.22004265189170835,1.9909531623125076,-200.0
-0.013072925806045521,-0.014143431186676048,3.1593704521656036,-200.0
-0.0660719633102417,-0.15493205487728118,2.595083099603653,-200.0
-0.28870208747684956,-0.060799241065979004,1.6388084262609481,-200.0
-0.1768432170152664,-0.2350365400314331,2.8303298950195312,-200.0
-0.10413993000984192,-0.149140065908432,2.2992157250642777,-200.0
-0.08697624206542967,-0.1985826551914215,2.9139895498752595,-200.0
-0.15469685196876526,-0.035896289348602284,2.1699018239974976,-200.0
-0.268057706952095,-0.2693155713379383,2.7240338921546936,-200.0
-0.049824482202529885,-0.09611325860023498,1.555511987581849,-200.0
-0.030185616016387917,-0.2556175947189331,2.066675144433975,-200.0
-0.25309036374092103,-0.12885194420814514,3.0230527162551883,-200.0
-0.21476663053035736,-0.17639199793338775,1.884551727771759,-200.0
-0.1423746407032013,-0.039046311378479026,2.4157720386981962,-200.0
-0.14012773633003234,-0.18175660371780394,2.238855001330376,-200.0
-0.2175708621740341,-0.05250529646873475,2.982842969894409,-200.0
-0.25439313501119615,-0.2528171092271805,1.5265189733356237,-200.0
-0.027169668674469016,-0.11297661066055298,2.6949346482753755,-200.0
-0.042669206857681274,-0.27222684770822525,3.086921614408493,-200.0
-0.2746007278561592,-0.11202614307403563,2.1306518048048018,-200.0
-0.16281457543373107,-0.19325502812862394,2.3650931954383854,-200.0
-0.08066325187683104,-0.02254752516746522,1.8339741617441176,-200.0
-0.10100496411323548,-0.23091764152050018,2.5558329284191132,-200.0
-0.1781734496355057,-0.13458298444747924,1.8117403388023376,-200.0
-0.2914605410769582,-0.16132196187973022,3.108792328834534,-200.0
-0.06392576694488525,-0.07323279976844788,1.9402752816677094,-200.0
-0.0067874014377594105,-0.21368958055973053,1.7076608836650848,-200.0
-0.23899355381727216,-0.0018199503421783558,2.66403683423996,-200.0
-0.20074258446693422,-0.29412623438984153,2.270115923881531,-200.0
-0.11890257596969603,-0.09041969776153563,2.801337856054306,-200.0
-0.12081493735313414,-0.23823163658380508,2.329870504140854,-200.0
-0.19820320308208467,-0.14603973627090452,2.8611404657363892,-200.0
-0.2362710893154144,-0.15929986238479613,1.6081928737461566,-200.0
-0.008956146240234386,-0.05652106404304505,2.564312046766281,-200.0
-0.0619722068309784,-0.21577133238315582,3.182061618566513,-200.0
-0.29395872820168734,-0.018508940935134888,2.0130738019943237,-200.0
-0.18092796206474304,-0.286789495870471,2.4691532969474794,-200.0
-0.09886826276779173,-0.07902259826660155,1.7257377550005912,-200.0
-0.08289150595664976,-0.1750468611717224,2.4382556855678557,-200.0
-0.1599685102701187,-0.040480917692184426,1.9068795576691628,-200.0
-0.27215747237205506,-0.2554434522986412,3.000556707382202,-200.0
-0.044567835330963146,-0.1291207194328308,2.0443346232175825,-200.0
-0.02490937113761904,-0.2695774734020233,1.5859591521322727,-200.0
-0.2572071522474289,-0.09594140052795411,2.7550515770912174,-200.0
-0.22005531191825867,-0.2000241369009018,2.1394940823316575,-200.0
-0.13827030658721923,-0.034548872709274314,2.883010977506638,-200.0
-0.14421823024749755,-0.1959402859210968,1.864589650928974,-200.0
-0.21230494379997253,-0.019809401035308816,2.3958644509315494,-200.0
-0.2502990648150444,-0.2760779567062855,2.0999969244003296,-200.0
-0.03243200182914735,-0.1081170380115509,3.0561112463474274,-200.0
-0.047948849201202404,-0.24890570193529127,2.7176383793354035,-200.0
-0.27048734575510025,-0.11683457493782043,1.5486521650105716,-200.0
-0.15752934515476227,-0.17902077734470367,2.9601516008377073,-200.0
-0.08477105498313903,-0.05518369674682616,2.2167344629764556,-200.0
-0.10629018545150756,-0.29197142645716667,2.823834067583084,-200.0
-0.17406565546989441,-0.09251634478569029,2.292456343770027,-200.0
-0.2861808959394693,-0.2127126395702362,2.6415533900260924,-200.0
-0.06803914904594421,-0.0027438998222351074,1.685332901775837,-200.0
-0.010881471633911122,-0.16224819123744963,1.9706831246614458,-200.0
-0.23373122066259383,-0.0722489833831787,3.1397706985473635,-200.0
-0.1966520994901657,-0.23301201313734055,1.7812933072447776,-200.0
-0.12416848540306091,-0.13243505358695984,2.5248150408267973,-200.0
-0.12685028314590455,-0.15446882843971252,3.0345281004905704,-200.0
-0.18986476957798004,-0.06095856428146362,2.0784553229808806,-200.0
-0.2281883955001831,-0.2431174725294113,2.427454942464829,-200.0
-0.014661294221878063,-0.1413640558719635,1.8961243867874145,-200.0
-0.0747286319732666,-0.2818620398640633,2.1818960070610047,-200.0
-0.283588932082057,-0.08357425332069396,2.92525092959404,-200.0
-0.17022804021835328,-0.2204606205224991,1.566883612051606,-200.0
-0.11188049912452697,-0.014012074470519997,2.7359178304672245,-200.0
-0.09095470905303954,-0.2598899871110916,1.6504848577082156,-200.0
-0.15428049266338348,-0.12429866194725037,2.60666224360466,-200.0
-0.26613932624459263,-0.1703624188899994,2.310684624314308,-200.0
-0.05288684964179993,-0.04535804986953734,2.8421165585517887,-200.0
-0.03562878370285033,-0.2045670837163925,2.5032223701477054,-200.0
-0.2441777855157852,-0.02961266040802002,1.759761306643486,-200.0
-0.20728168487548826,-0.26508958786725995,3.1713581502437593,-200.0
-0.14865952134132385,-0.10063971877098082,2.0022210270166396,-200.0
-0.13149839043617248,-0.28085422441363334,2.6489363431930544,-200.0
-0.22271132469177246,-0.10369795560836792,1.6928651742637157,-200.0
-0.26096240580081936,-0.1910723090171814,2.7864448845386507,-200.0
-0.019383180141448964,-0.02442975640296935,2.2551127076148987,-200.0
-0.041950160264968894,-0.18396612703800203,1.7971586465835572,-200.0
-0.2788624383509159,-0.050576645135879505,2.540518432855606,-200.0
-0.1655753821134567,-0.2441616117954254,1.9250710308551788,-200.0
-0.07902925014495848,-0.12134993076324463,3.0941003918647767,-200.0
-0.09560742974281311,-0.2082842946052551,2.1157523483037948,-200.0
-0.18713167905807493,-0.007510846853256203,3.071924883127213,-200.0
-0.2989178664050996,-0.2966013433411717,1.8188671857118606,-200.0
-0.05761327743530273,-0.08765798807144165,2.3503039836883546,-200.0
-0.002854853868484497,-0.2284145772457123,2.967632234096527,-200.0
-0.2394558236002922,-0.1373899698257446,2.2241695493459703,-200.0
-0.20263365805149078,-0.16675423085689545,2.6803464710712435,-200.0
-0.11581288576126098,-0.06749562621116639,1.51121096117422,-200.0
-0.11637092828750609,-0.26753285229206086,2.9486926317214968,-200.0
-0.20328296720981598,-0.09799720644950866,2.2049642145633697,-200.0
-0.2411671444773674,-0.1979672133922577,2.7126125156879426,-200.0
-0.004621392488479592,-0.03659466505050657,1.5437300611287355,-200.0
-0.05709214210510255,-0.17709489762783048,2.108356070518494,-200.0
-0.29830489307641983,-0.03842625617980955,3.064366632699967,-200.0
-0.18538345098495485,-0.2574969336390495,1.8661006525158883,-200.0
-0.0938045561313629,-0.1270737826824188,2.3976867318153383,-200.0
-0.07843372821807862,-0.2184018909931183,1.7895486935973168,-200.0
-0.1650345057249069,-0.015867197513580344,2.5331741869449615,-200.0
-0.27703982368111607,-0.289432355761528,1.9725054055452347,-200.0
-0.04021938443183898,-0.07639086842536927,3.1412817001342774,-200.0
-0.02001560926437379,-0.23559765815734862,2.6297831416130064,-200.0
-0.26153961271047593,-0.14868033528327942,1.673873945325613,-200.0
-0.22449703216552735,-0.15666045248508453,2.8189119637012485,-200.0
-0.13319283127784728,-0.059153938293457026,2.2874304801225662,-200.0
-0.14914403557777403,-0.15960735082626343,2.457681357860565,-200.0
-0.2080045223236084,-0.07488271594047546,1.7139545366168023,-200.0
-0.24581615030765533,-0.23037946075201032,3.177022784948349,-200.0
-0.03746827840805056,-0.13507479429244995,2.008138728141785,-200.0
-0.05243868827819825,-0.29461342580616473,1.6165390498936176,-200.0
-0.26545339599251744,-0.08988604545593262,2.5725544631481174,-200.0
-0.1526057928800583,-0.21534405648708344,2.331368535757065,-200.0
-0.08907830715179443,-0.00010072588920595482,2.862949776649475,-200.0
-0.11121144890785217,-0.2509606137871742,2.1477364987134933,-200.0
-0.16976069211959838,-0.11478677988052369,2.8913571536540985,-200.0
-0.281693360209465,-0.18106738328933714,1.5877684693783523,-200.0
-0.07307081222534179,-0.05312989354133607,2.756549608707428,-200.0
-0.015366679430007912,-0.19388422071933747,2.9887734889984134,-200.0
-0.2286926507949829,-0.021853762865066517,2.0328626841306687,-200.0
-0.19172400534152984,-0.2740324817597866,2.4333206117153168,-200.0
-0.12847119569778442,-0.11017427444458008,1.9018407240509987,-200.0
-0.1223656117916107,-0.2025201916694641,1.936750489473343,-200.0
-0.19490387141704557,-0.0316661775112152,3.1056760907173158,-200.0
-0.2331182464957237,-0.26303496211767197,1.8019899606704712,-200.0
-0.010360336303710915,-0.1026877999305725,2.5456610262393955,-200.0
-0.06980568766593934,-0.2619357526302338,2.7783062279224398,-200.0
-0.28789221569895745,-0.12224171161651612,2.246662771701813,-200.0
-0.1747149646282196,-0.1724181979894638,2.647230792045593,-200.0
-0.10684822797775267,-0.04331340193748473,1.6912633828818797,-200.0
-0.08646549582481383,-0.2844948772341013,2.671896535158157,-200.0
-0.15931505262851714,-0.08093479871749878,1.5030723029747606,-200.0
-0.27106455713510513,-0.22310117483139036,2.9660304427146915,-200.0
-0.048581278324127175,-0.011378055810928323,2.222463998198509,-200.0
-0.030701225996017434,-0.15183712542057037,1.8304428845643996,-200.0
-0.24847645014524458,-0.06360145211219786,2.361983442306519,-200.0
-0.21176406741142273,-0.24047575592994688,2.1208949416875837,-200.0
-0.14362270832061766,-0.1439946413040161,3.076756197214127,-200.0
-0.13639390468597412,-0.22577143013477324,1.5785501006990672,-200.0
-0.21838061213493348,-0.140021413564682,2.74748055934906,-200.0
-0.2565212219953537,-0.1641239583492279,2.1867143511772156,-200.0
-0.024461191892623912,-0.07013765573501587,2.930380553007126,-200.0
-0.04640733003616332,-0.21092399060726164,2.4193033158779143,-200.0
-0.27379583716392514,-0.004878258705139138,1.8876614809036254,-200.0
-0.16069134771823881,-0.29923503678292035,3.0328095793724064,-200.0
-0.08337602019309998,-0.08501710295677184,2.076840561628342,-200.0
-0.10048917531967164,-0.18602333664894105,3.1628952443599703,-200.0
-0.18278719782829284,-0.04853113889694216,1.9940694004297257,-200.0
-0.29446298405528065,-0.24620594680309293,2.501607608795166,-200.0
-0.06267759203910828,-0.11929383873939514,1.758042785525322,-200.0
-0.007298326492309548,-0.27880046144127846,2.3222473531961443,-200.0
-0.23437551856040956,-0.10574460625648499,2.8537830471992494,-200.0
-0.19773585498332977,-0.1890245586633682,1.6556144684553147,-200.0
-0.12014588713645935,-0.026484704017639138,2.6114805877208713,-200.0
-0.11825183629989625,-0.16990211606025696,1.6618801549077034,-200.0
-0.20018368363380432,-0.04591852426528931,2.6185221672058105,-200.0
-0.23722615689039228,-0.2582440540194511,2.2760592609643937,-200.0
-0.005074650049209595,-0.12602646946907042,2.807028430700302,-200.0
-0.06453959941864013,-0.26681284680962564,2.5216992080211638,-200.0
-0.2919831074774265,-0.09899838566780089,1.7777689203619957,-200.0
-0.17997775375843048,-0.2051321893930435,3.12959920167923,-200.0
-0.10275405049324035,-0.029147815704345714,1.9609331518411637,-200.0
-0.08120269775390623,-0.24249690324068068,3.0530018985271457,-200.0
-0.1634092390537262,-0.14206640124320982,2.096466052532196,-200.0
-0.2763306453824043,-0.15269009470939635,2.385699439048767,-200.0
-0.04449039101600649,-0.06283739805221558,1.8548331931233406,-200.0
-0.026593315601348866,-0.2223439782857895,2.1932882010936736,-200.0
-0.25376213639974593,-0.012228727340698242,2.937113893032074,-200.0
-0.2158778518438339,-0.2825597785413265,1.5322615671902895,-200.0
-0.13834288716316223,-0.0829582393169403,2.70082625746727,-200.0
-0.1416509449481964,-0.2959081392735243,2.0474439710378647,-200.0
-0.21428068578243253,-0.08828769922256469,3.004087579250336,-200.0
-0.2512494385242462,-0.20643292665481566,1.917044569551945,-200.0
-0.028546392917633057,-0.009317046403884865,2.4480121433734894,-200.0
-0.05051184296607972,-0.1685650259256363,2.90645723938942,-200.0
-0.2685067445039749,-0.06563973426818848,2.162531790137291,-200.0
-0.15657411217689512,-0.2290397509932518,2.771442174911499,-200.0
-0.08865237236022949,-0.1367013931274414,1.6027712803333998,-200.0
-0.10460641980171204,-0.19053930044174194,2.587764793634415,-200.0
-0.1775108367204666,-0.024917525053024303,1.6312241092324258,-200.0
-0.29035847559571265,-0.27913558781147,2.8775375485420227,-200.0
-0.06796667575836182,-0.10535305738449097,2.346676141023636,-200.0
-0.012570101022720326,-0.2458120957016945,1.7288535878062248,-200.0
-0.2302903264760971,-0.11963582038879395,2.4726776838302613,-200.0
-0.19247880578041077,-0.18445845544338224,2.023245298862457,-200.0
-0.12424582242965698,-0.05003902316093445,3.191811591386795,-200.0
-0.1310219943523407,-0.2535732239484787,2.373335611820221,-200.0
-0.18979099988937376,-0.13090800046920775,1.8423203378915787,-200.0
-0.2265033468604088,-0.17433475255966185,3.0887309253215793,-200.0
-0.018100619316101074,-0.04109178185462953,2.132149836421013,-200.0
-0.07055205702781678,-0.20063045024871826,1.514735756535083,-200.0
-0.283658404648304,-0.03384137749671934,2.6834627091884613,-200.0
-0.1719087928533554,-0.27136937230825425,2.2339199274778365,-200.0
-0.10843631029129028,-0.09406664371490478,2.9778041362762453,-200.0
-0.0919083774089813,-0.15756236314773558,2.2586439847946167,-200.0
-0.15040276050567628,-0.05815724730491639,2.789554637670517,-200.0
-0.2635799042880535,-0.23767972290515899,1.7026220500469207,-200.0
-0.05486587285995484,-0.1465086579322815,2.6591017603874207,-200.0
-0.03467940688133242,-0.28726295493543147,3.1171385049819946,-200.0
-0.24806038588285445,-0.07846605777740479,1.9485176980495453,-200.0
-0.20984597504138947,-0.21740292012691498,2.5573309600353245,-200.0
-0.14668478965759277,-0.016775983572006214,1.8135496497154235,-200.0
-0.13567514419555662,-0.21104899048805237,2.8385852813720707,-200.0
-0.22264204323291778,-0.004453933238983132,2.3075748711824415,-200.0
-0.2592817425727844,-0.29149336125701664,2.596905380487442,-200.0
-0.022827476263046265,-0.09305911660194396,1.6403194278478623,-200.0
-0.0377782702445984,-0.23355939388275146,1.9791829138994217,-200.0
-0.27893601581454275,-0.1319524347782135,3.147911483049393,-200.0
-0.16726033687591552,-0.16395370066165924,1.742948779463768,-200.0
-0.07558981776237486,-0.07058994770050048,2.4868313670158386,-200.0
-0.09655691385269163,-0.27428150922060013,1.8730927586555481,-200.0
-0.18324917256832124,-0.10997811555862427,2.4040017902851103,-200.0
-0.2963537693023682,-0.1953019559383392,2.061649280786514,-200.0
-0.059588187932968134,-0.020494043827056885,3.0181306123733522,-200.0
-0.0019010782241821178,-0.17970078885555268,2.732393038272858,-200.0
-0.2433334618806839,-0.054549908638000494,1.5637673676013946,-200.0
-0.20519288778305053,-0.25077130794525143,2.9155005514621735,-200.0
-0.11383368372917174,-0.11503352522850036,2.1717241048812865,-200.0
-0.11398960947990416,-0.17989692091941833,2.8034691870212556,-200.0
-0.20566012859344482,-0.054307723045349116,2.272147497534752,-200.0
-0.24347163587808607,-0.24978784024715422,2.621969747543335,-200.0
-0.002313888072967507,-0.11595320105552673,1.6659026063978672,-200.0
-0.059468311071395885,-0.2752011872828007,1.9644815534353257,-200.0
-0.29592258073389527,-0.10899462103843688,3.133521401882172,-200.0
-0.18307495415210723,-0.19505977928638457,1.7743165522813797,-200.0
-0.0961080551147461,-0.020690166950225852,2.5176803410053257,-200.0
-0.0760570228099823,-0.2338942676782608,1.8582874357700347,-200.0
-0.16741622686386107,-0.13155375123023985,2.3897152662277223,-200.0
-0.27934887260198593,-0.16312442421913145,2.092913496494293,-200.0
-0.03791649341583253,-0.07137315273284911,3.0490835487842562,-200.0
-0.02239632010459902,-0.21183218657970426,2.6973805010318754,-200.0
-0.25916189700365067,-0.0036246657371520885,1.528236041031778,-200.0
-0.22219313085079193,-0.29109467603266237,2.9406688809394836,3.6442783634404616
-0.13550087213516235,-0.09339399933815001,2.1972037136554716,17.267883114659426
-0.14684125185012817,-0.2882567301392555,2.4452866256237034,-200.0
-0.2103137344121933,-0.07755439281463622,1.9139600723981858,4.536752627389252
-0.2481980323791504,-0.21723310947418212,3.006702244281769,18.746179011642862
-0.03509168028831483,-0.01704677939414978,2.050639954209328,4.35335447333164
-0.05474660396575928,-0.15783315002918244,1.6054932199418546,-88.1491105188144
-0.26314933598041534,-0.057987445592880243,2.7745314598083497,-35.66521637468094
-0.15022791624069212,-0.23676804900169374,2.1599066883325575,-25.34329345502829
-0.09145891070365905,-0.1475024342536926,2.9032720983028413,17.69351936349376
-0.10890412330627441,-0.20148603916168212,2.3492974936962128,-16.590240034393904
-0.1720653086900711,-0.03308678269386289,2.880726945400238,8.093749203999504
-0.2840706489980221,-0.27104478925466535,1.628505241125822,-9.855047406319759
-0.07068967223167419,-0.09447333812713624,2.584673684835434,17.930345563078948
-0.01766999959945681,-0.25397992730140684,3.1891930758953095,-200.0
-0.2263840287923813,-0.13058341741561888,2.020053470134735,23.339471522572893
-0.18934156894683837,-0.17358016669750212,2.4754062414169313,20.451136694410756
-0.13084718585014343,-0.04194737076759336,1.7319362103939056,14.529324474818788
-0.12467579841613768,-0.24503775984048842,2.1352829456329347,-200.0
-0.19259753823280334,-0.12047395706176758,3.0914078056812286,17.75832397970564
-0.23073809891939162,-0.1848482608795166,1.839283211529255,16.939276962700507
-0.01274319291114806,-0.049695271253585804,2.3705620646476744,11.665655245813262
-0.06750065088272095,-0.1901955395936966,2.974659729003906,-25.444297040097798
-0.2902036998420954,-0.025307339429855358,2.2312530785799027,-200.0
-0.1770991176366806,-0.2799737177789211,2.686495453119278,-29.46823683953268
-0.10446937680244445,-0.1045787215232849,1.51751327291131,21.772122763038297
-0.08877114057540894,-0.16763648986816407,2.6560712456703186,6.71092514372145
-0.15700412392616273,-0.0666143238544464,1.6998418278992176,18.951911921559855
-0.26867981627583504,-0.22929080575704575,2.7926943838596348,17.17403954683112
-0.05095959305763245,-0.13651413917541502,2.261314177513123,-5.666138501697919
-0.028391575813293435,-0.2957208911888301,1.81658905595541,-200.0
-0.25078337788581845,-0.08853875398635863,2.5601018726825715,2.6446597799434812
-0.21414366066455842,-0.20740754306316375,1.9453799784183503,16.496704944242445
-0.14123924374580382,-0.008388501405715953,3.114465069770813,5.419883726428292
-0.13877232670783995,-0.22192785143852234,1.6442863009870052,-47.25935521785118
-0.21599602997303008,-0.012543869018554699,2.6004095017910007,-61.33868169685152
-0.25421045422554017,-0.28332382142543794,2.303704854846001,4.929976467502863
-0.02676694393157958,-0.08211209177970885,2.834985303878784,13.013526771373591
-0.04402375817298887,-0.24165075570344924,2.4828605294227604,-200.0
-0.27617526724934577,-0.1428304374217987,1.7394490405917167,5.001566454247801
-0.16299811005592346,-0.1530052453279495,3.151771467924118,19.431884608736755
-0.08106626272201536,-0.06242126226425171,1.982794138789177,13.807620474666164
-0.10287221074104308,-0.26655148565769193,3.014267182350159,-200.0
-0.18040717542171478,-0.09917762875556946,2.0580426156520844,21.625329100894053
-0.29215677492320535,-0.20603440403938295,2.4079752624034882,19.53718403171736
-0.06498795747756958,-0.02814459800720215,1.8765902176499367,7.677555421197114
-0.004919296503066994,-0.1688988983631134,2.1755907773971557,-200.0
-0.2367595463991165,-0.04682074785232543,2.919105190038681,-200.0
-0.20004721283912658,-0.2584232971072197,1.559803204983473,-200.0
-0.11784067153930664,-0.1257651150226593,2.728886687755585,-200.0
-0.12055873274803161,-0.2779714778065681,1.5402302145957947,-200.0
-0.19787406027317045,-0.10652809739112853,2.7086418807506565,-200.0
-0.2348427191376686,-0.18935914635658263,2.208575338125229,-200.0
-0.007454216480255127,-0.026085734367370605,2.9525528192520145,-200.0
-0.06222869753837584,-0.18562435805797578,2.4011906504631044,-200.0
-0.29428872428834435,-0.04886573553085327,1.8700676143169404,-200.0
-0.1823560416698456,-0.2469894289970398,3.0607664525508884,-200.0
-0.10036933422088623,-0.11846485733985901,2.1044861555099486,-200.0
-0.08351420760154724,-0.20994023680686952,3.1448865413665774,-200.0
-0.16110417544841765,-0.005797648429870628,1.9763719767332077,-200.0
-0.27395176514983177,-0.29943144852295517,2.529667937755585,-200.0
-0.046874570846557606,-0.0847752034664154,1.7855844169855117,-200.0
-0.02428695559501648,-0.22552953958511351,2.2838239163160328,-200.0
-0.25607234984636307,-0.14021782279014586,2.815048331022263,-200.0
-0.2182607352733612,-0.16504335701465606,1.6773714929819108,-200.0
-0.13596271276473998,-0.06915389299392699,2.633756411075592,-200.0
-0.14403494596481323,-0.15151283740997315,2.0054717779159548,-200.0
-0.21190168261528014,-0.06400843262672423,3.1738785803318024,-200.0
-0.24894424974918364,-0.24133106768131254,1.716731959581375,-200.0
-0.030857723951339733,-0.14323976039886474,2.4607143044471744,-200.0
-0.04813184738159182,-0.2837399996817112,2.8656264543533325,-200.0
-0.2708897553384304,-0.08179010152816771,2.334501796960831,-200.0
-0.1588844507932663,-0.22350816428661346,2.5697807133197785,-200.0
-0.0863461911678314,-0.011053758859634388,1.613502037525177,-200.0
-0.10698587894439696,-0.261765655875206,2.7593207240104674,-200.0
-0.17512723803520203,-0.12251222133636475,1.590807780623436,-200.0
-0.288048692420125,-0.17341225147247313,2.888683921098709,-200.0
-0.0702734649181366,-0.04240202307701113,2.144598677754402,-200.0
-0.010185492038726818,-0.20160880386829377,1.8990606158971786,-200.0
-0.2326687753200531,-0.03266023993492129,2.4302898943424225,-200.0
-0.1947845846414566,-0.2633054696023464,2.035532978177071,-200.0
-0.12193502783775328,-0.10251771211624144,2.9919130325317385,-200.0
-0.1286442518234253,-0.19413557052612304,2.5487501084804536,-200.0
-0.19217173755168915,-0.021666795015335083,1.8047120079398156,-200.0
-0.228811414539814,-0.27310365736484526,3.1024907469749454,-200.0
-0.015796691179275513,-0.11114859580993652,1.9341254889965058,-200.0
-0.0729338049888611,-0.2519349351525307,1.6881787970662117,-200.0
-0.2812816746532917,-0.11385794878005981,2.644505476951599,-200.0
-0.16960587501525878,-0.18088042438030244,2.2498586535453797,-200.0
-0.11074538826942443,-0.05338123440742493,2.7809210956096653,-200.0
-0.08952609300613404,-0.2950029462575912,2.219272270798683,-200.0
-0.15277890264987945,-0.08954200744628907,2.9634117245674134,-200.0
-0.2658833786845207,-0.2145699977874756,1.5061550348065793,-200.0
-0.05255740284919738,-0.0009391486644744762,2.674624890089035,-200.0
-0.03705654144287107,-0.16044576466083527,3.0799457967281345,-200.0
-0.24567909389734266,-0.07410866618156434,2.123516193032265,-200.0
-0.20753849744796754,-0.23003542274236677,2.35889253616333,-200.0
-0.1489892542362213,-0.13546432256698607,1.827723927795887,-200.0
-0.13336649537086487,-0.23650016337633134,2.9343025505542757,-200.0
-0.22494539022445678,-0.14767740368843077,2.1902628540992737,-200.0
-0.2616577595472336,-0.15639880299568176,2.743461489677429,-200.0
-0.02044501304626467,-0.05933289527893065,1.5750978276133538,-200.0
-0.040082913637161266,-0.2185808390378952,2.072928696870804,-200.0
-0.2766286611557007,-0.015605556964874256,3.0292505383491517,-200.0
-0.16487917006015776,-0.28842941746115686,1.8916837930679322,-200.0
-0.0779671311378479,-0.0772933781147003,2.422751098871231,-200.0
-0.09425287842750549,-0.17785865664482114,1.7540173575282096,-200.0
-0.18555707931518556,-0.03757982254028319,2.4981616497039796,-200.0
-0.2987343449145555,-0.2570810839533806,1.99798501431942,-200.0
-0.05721033811569215,-0.12738921046257018,3.1664500296115876,-200.0
-0.00421026349067688,-0.26784828677773476,2.6154966175556185,-200.0
-0.24103070497512816,-0.09758135676383972,1.6590686097741127,-200.0
-0.20281631648540496,-0.19712078869342803,2.849864900112152,-200.0
-0.11621553897857664,-0.03735841512680055,2.318694695830345,-200.0
-0.11567466259002684,-0.227576145529747,2.5682826817035673,-200.0
-0.2022207945585251,-0.13816401958465577,1.611692726612091,-200.0
-0.23929992914199827,-0.1670982599258423,2.857280278205872,-200.0
-0.002387648820877053,-0.06710609793663025,2.326259380578995,-200.0
-0.05778754949569703,-0.20789475739002228,1.7217707931995392,-200.0
-0.29936677319929,-0.007854884862899758,2.4656493782997133,-200.0
-0.18725152015686036,-0.29737539114430545,2.0169437170028686,-200.0
-0.09603858590126038,-0.0868195652961731,3.1856617987155915,-200.0
-0.0786164402961731,-0.1829918146133423,2.0404680520296097,-200.0
-0.1654372125864029,-0.051505476236343384,2.9969518661499026,-200.0
-0.27839519977569577,-0.24434858858585357,1.9108438342809677,-200.0
-0.04179423451423647,-0.12109858989715575,2.4417618334293367,-200.0
-0.019832038879394553,-0.28060288578271864,2.8868746101856235,-200.0
-0.2611366242170334,-0.10388492345809935,2.1431006461381914,-200.0
-0.2231425166130066,-0.19200114905834198,2.7510783076286316,-200.0
-0.13161826729774476,-0.023455435037612937,1.582461604475975,-200.0
-0.14852190613746644,-0.20425166487693786,3.059255450963974,-200.0
-0.20686944723129272,-0.030028510093688954,2.1026638746261597,-200.0
-0.24402127414941788,-0.2659360237419605,2.39283150434494,-200.0
-0.03516097068786622,-0.09987596869468687,1.8618122279644012,-200.0
-0.05306165814399719,-0.2591262459754944,2.21360120177269,-200.0
-0.26658876389265057,-0.12514509558677672,2.95747492313385,-200.0
-0.15439981520175933,-0.17077827751636504,1.5516891837120057,-200.0
-0.09138532876968383,-0.045042622089385975,2.7204121291637424,-200.0
-0.11146822571754456,-0.28168308176100254,1.6822935968637467,-200.0
-0.17009038925170897,-0.08383589386940002,2.638782274723053,-200.0
-0.2831211693584919,-0.221463543176651,2.2955941647291187,-200.0
-0.0745721697807312,-0.013109564781188965,2.8265073001384735,-200.0
-0.015110760927200317,-0.15356630980968475,2.5278457581996916,-200.0
-0.2283632352948189,-0.06196149587631225,1.7840734153985978,-200.0
-0.19029533565044404,-0.24337910413742064,3.1366311550140384,-200.0
-0.1269695520401001,-0.14118509888648986,1.9680128306150437,-200.0
-0.12372073531150818,-0.1624900996685028,1.8934023395180701,-200.0
-0.1964790254831314,-0.07205257415771485,2.4243658602237703,-200.0
-0.23330120444297792,-0.2320926234126091,2.081080323457718,-200.0
-0.0107627034187317,-0.1334188163280487,3.0377134442329408,-200.0
-0.0684508502483368,-0.292955194786191,2.7386431455612184,-200.0
-0.2863179177045822,-0.09159695506095886,1.5699682042002678,-200.0
-0.17453171610832213,-0.21251623928546903,2.9226360619068146,-200.0
-0.10644500255584716,-0.002985799312591575,2.178700125217438,-200.0
-0.08459796309471129,-0.24930467158555983,2.8447352766990663,-200.0
-0.1570815771818161,-0.11649997830390929,2.313876301050186,-200.0
-0.2703686200082302,-0.1782372772693634,2.603933888673782,-200.0
-0.0475188732147217,-0.056012678146362294,1.6474021211266519,-200.0
-0.03256904482841494,-0.1967692583799362,1.999599775671959,-200.0
-0.25071078836917876,-0.019025909900665272,3.1681685507297517,-200.0
-0.21245972514152528,-0.2757433533668518,1.7624802380800246,-200.0
-0.14468425512313843,-0.10851600766181946,2.5063132762908937,-200.0
-0.1378219485282898,-0.2704888455569744,2.2515642046928406,-200.0
-0.21988164782524108,-0.09494733810424805,2.782522886991501,-200.0
-0.2567777350544929,-0.19975361824035642,1.6963174536824226,-200.0
-0.024791210889816284,-0.03471896052360535,2.652955412864685,-200.0
-0.04497900009155276,-0.17521694004535676,3.0976594328880314,-200.0
-0.27229394540190693,-0.04021040797233583,1.9289828956127169,-200.0
-0.16043512523174286,-0.25444938987493515,2.5370706498622893,-200.0
-0.08304685950279236,-0.13003209829330445,1.7931363090872765,-200.0
-0.09869463443756102,-0.21652622222900392,2.353749942779541,-200.0
-0.18047963976860046,-0.017653638124465965,1.822892613708973,-200.0
-0.2938405444845557,-0.28638252094388006,3.0683700978755954,-200.0
-0.06154276728630065,-0.07934689521789551,2.1118367344141005,-200.0
-0.009092581272125255,-0.23855593353509902,1.507756824605167,-200.0
-0.2366822138428688,-0.14563275575637816,2.6763304412364963,-200.0
-0.19835858345031737,-0.1584445685148239,2.227722206711769,-200.0
-0.12128157019615174,-0.057275944948196406,2.9715503811836244,-200.0
-0.11843533515930174,-0.2138768434524536,2.1547640949487685,-200.0
-0.2005866587162018,-0.0015688955783844105,2.8984406828880314,-200.0
-0.2385807305574417,-0.2931516297161579,1.5939175210893155,-200.0
-0.006649214029312123,-0.09134824275970457,2.7628520011901854,-200.0
-0.06435695886611939,-0.23184619545936586,3.008304035663605,-200.0
-0.2915804212912917,-0.1336083769798279,2.0523455053567887,-200.0
-0.17862232625484464,-0.16107091605663298,2.4537365615367888,-200.0
-0.10117920041084288,-0.07342005372047425,1.9220987290143967,-200.0
-0.08050736188888549,-0.2725705973803997,2.477111792564392,-200.0
-0.16234737038612365,-0.11163632869720458,1.7335380017757416,-200.0
-0.27446251586079595,-0.1924168825149536,3.1973317325115205,-200.0
-0.04225636124610899,-0.023321861028671287,2.028503406047821,-200.0
-0.027289509773254395,-0.18253093063831327,1.623673927038908,-200.0
-0.254824286699295,-0.051667159795761114,2.5795310914516447,-200.0
-0.21774511635303495,-0.2524272859096527,2.337618035078049,-200.0
-0.14057663083076477,-0.1133203625679016,2.869151246547699,-200.0
-0.14190686345100403,-0.2566208034753799,1.7691869288682938,-200.0
-0.2146101504564285,-0.12794972062110901,2.5128619968891144,-200.0
-0.25267808586359025,-0.17621274590492247,1.9529188245534899,-200.0
-0.030047965049743663,-0.03930766582489015,3.121854913234711,-200.0
-0.050255066156387335,-0.19884400069713593,2.623584508895874,-200.0
-0.26817699149250984,-0.03571704626083372,1.6676211275160313,-200.0
-0.1551463186740875,-0.268413345515728,2.8119320929050446,-200.0
-0.08715108633041382,-0.09711647629737855,2.280299124121666,-200.0
-0.10398343205451965,-0.15577821135520933,2.9423874020576477,-200.0
-0.1763754218816757,-0.06003520488739014,2.198818475008011,-200.0
-0.2885644778609276,-0.23472140729427338,2.70553212761879,-200.0
-0.06565972566604614,-0.14955620169639586,1.5366989500820636,-200.0
-0.013192230463027976,-0.2903128232806921,2.088095152378082,-200.0
-0.23142545968294143,-0.07551006674766539,3.04395392537117,-200.0
-0.19427366852760314,-0.2192786246538162,1.8466209471225739,-200.0
-0.12655305862426758,-0.014989578723907493,2.378152537345886,-200.0
-0.12915417551994324,-0.29776782235130667,3.1566935718059543,-200.0
-0.18755671977996824,-0.08648527264595032,1.987820002436638,-200.0
-0.22580767571926116,-0.20946219563484192,2.4946307778358463,-200.0
-0.017039000988006592,-0.006340456008911144,1.7509080097079277,-200.0
-0.07241958975791932,-0.16559068858623505,2.301882573962212,-200.0
-0.28589183315634725,-0.06867123842239381,2.8334743022918705,-200.0
-0.1726047545671463,-0.22723499983549117,1.6360309146344663,-200.0
-0.10949878692626952,-0.1385587513446808,2.5920503556728365,-200.0
-0.09326321482658387,-0.18756267428398132,1.5582922033965587,-200.0
-0.15197700262069702,-0.02794675827026366,2.7270644068717957,-200.0
-0.2637631684541702,-0.2773331254720688,2.167231631278992,-200.0
-0.05526916980743407,-0.1072127044200897,2.9108498036861423,-200.0
-0.03332428336143495,-0.24766948968172073,2.413001126050949,-200.0
-0.24648528099060057,-0.11783110499382018,1.8815123215317726,-200.0
-0.20966299474239347,-0.1874900132417679,3.02572615146637,-200.0
-0.1462823510169983,-0.04706472158432007,2.0698128640651703,-200.0
-0.13388081789016723,-0.17154207229614257,2.691430526971817,-200.0
-0.2203353255987167,-0.044189339876174905,1.5225521081127227,-200.0
-0.25865907222032547,-0.2610536009073257,2.9864429473876957,-200.0
-0.021691793203353904,-0.12312312126159666,2.2427250176668165,-200.0
-0.039572882652282704,-0.26391175389289856,1.8374739006161689,-200.0
-0.28124358505010605,-0.10181018114089965,2.3690640330314636,-200.0
-0.1678827166557312,-0.2034006804227829,2.1270405799150467,-200.0
-0.07672464251518249,-0.03078544735908506,3.083061629533768,-200.0
-0.09798531532287597,-0.23959351927042005,1.9438819468021393,-200.0
-0.18475108444690702,-0.1448759078979492,3.112655758857727,-200.0
-0.2966099406592548,-0.1509608745574951,1.808242879807949,-200.0
-0.059917348623275746,-0.06447731852531433,2.5518594563007353,-200.0
-0.0004729628562927246,-0.22398164570331575,2.7977332174777985,-200.0
-0.2418324127793312,-0.010497254133224498,2.266249251365662,-200.0
-0.20493643283843993,-0.28537160754203794,2.667543184757233,-200.0
-0.11350366473197937,-0.08005717992782593,1.7116250462830067,-200.0
-0.11281669735908509,-0.28489903807640077,1.9885380625724793,-200.0
-0.2044893980026245,-0.08061000108718872,3.157622343301773,-200.0
-0.24230102598667144,-0.2246740847826004,1.746856337785721,-200.0
-0.0011409401893615612,-0.009871333837509155,2.4903683185577394,-200.0
-0.0606412947177887,-0.15033266544342042,2.82923778295517,-200.0
-0.2970932350493967,-0.06516746878623964,2.2978567659854887,-200.0
-0.18424563109874725,-0.24014862924814223,2.5930050671100617,-200.0
-0.0972809314727783,-0.14440562725067138,1.6367748260498047,-200.0
-0.07722786068916321,-0.2027746170759201,2.723038649559021,-200.0
-0.1685893177986145,-0.03147774338722231,1.5540556460618973,-200.0
-0.28052198588848115,-0.26446443200111386,2.9115937530994414,-200.0
-0.03908722400665282,-0.101337468624115,2.168186292052269,-200.0
-0.021225553750991832,-0.26058317720890045,1.8824411183595657,-200.0
-0.25798873901367186,-0.12367808818817139,2.4137190341949464,-200.0
-0.2210200935602188,-0.1722320795059204,2.0655504554510116,-200.0
-0.13433007001876832,-0.04356098771095274,3.0216744542121887,-200.0
-0.14566816091537474,-0.18678856194019317,1.5232867701910435,-200.0
-0.20914298593997954,-0.04768162965774536,2.692369431257248,-200.0
-0.24702716320753096,-0.2481513574719429,2.238683503866196,-200.0
-0.033918625116348244,-0.11728758215904236,2.982197105884552,-200.0
-0.05591962337493897,-0.27678731381893157,2.3647922515869144,-200.0
-0.26432016044855117,-0.1076922833919525,1.8334063708782196,-200.0
-0.15139871835708618,-0.18818187117576599,3.0839745938777927,-200.0
-0.09263203740119932,-0.02724759578704833,2.1277492165565492,-200.0
-0.11007471084594725,-0.22669133394956587,3.108588254451752,-200.0
-0.17323827445507048,-0.1390404760837555,1.9396101146936418,-200.0
-0.2852435912936926,-0.16620745360851288,2.552568143606186,-200.0
-0.07186036705970764,-0.06796964406967163,1.8091558188199997,-200.0
-0.016499340534210205,-0.2087628901004791,2.2671882063150406,-200.0
-0.2252111345529556,-0.006959509849548351,2.798467844724655,-200.0
-0.18816854953765869,-0.298247258272022,1.7073792427778245,-200.0
-0.1296765625476837,-0.08593931794166565,2.6635016202926636,-200.0
-0.12584667205810546,-0.2197603493928909,2.8974986374378204,-200.0
-0.19377059340476988,-0.014445912837982189,2.15403265953064,-200.0
-0.2319112032651901,-0.2896112289279699,2.7671010851860047,-200.0
-0.013913959264755249,-0.07612683176994323,1.5979558303952217,-200.0
-0.06632984876632692,-0.23534046113491058,2.0564098179340364,-200.0
-0.2890305697917938,-0.14885689616203307,3.01257905960083,-200.0
-0.17592608034610746,-0.1552322566509247,1.9213933095335962,-200.0
-0.10329853892326354,-0.06051464080810548,2.452820354700089,-200.0
-0.08759819269180297,-0.2690302535891533,1.737813051044941,-200.0
-0.15583342909812928,-0.09641502499580382,2.4811760544776917,-200.0
-0.2675092153251171,-0.1983004778623581,2.0275872498750687,-200.0
-0.049786609411239635,-0.03619891405105591,3.196626287698746,-200.0
-0.029564595222473122,-0.17669232487678527,2.578799706697464,-200.0
-0.2519540011882782,-0.03876185417175293,1.6227317675948143,-200.0
-0.21531433761119842,-0.2559216409921646,2.8731895685195923,-200.0
-0.14241215586662292,-0.12856891751289368,2.34186706840992,-200.0
-0.1399429500102997,-0.2531195819377899,2.5119364678859712,-200.0
-0.21716899573802947,-0.11269429922103882,1.7684656262397767,-200.0
-0.2553833708167076,-0.18205821812152861,3.1261141300201416,-200.0
-0.027937674522399925,-0.05221983790397644,1.9569737136363985,-200.0
-0.04285306334495542,-0.19297184944152831,1.6716501399874688,-200.0
-0.27500237971544267,-0.02285143733024597,2.6278177857398988,-200.0
-0.16182512640953065,-0.2719422452151775,2.2795519828796387,-200.0
-0.07989560365676879,-0.1123263359069824,2.810980623960495,-200.0
-0.10169908404350281,-0.1616237372159958,2.2030518025159838,-200.0
-0.17923642694950104,-0.07294748425483705,2.9464164018630985,-200.0
-0.2909859325736761,-0.2312202751636505,1.5357474938035012,-200.0
-0.06381486654281615,-0.13430081605911254,2.7047849357128144,-200.0
-0.0060923516750335804,-0.2938417799770832,3.0432326734066013,-200.0
-0.23793036192655562,-0.09072003364562989,2.087169572710991,-200.0
-0.20121797919273376,-0.21340656280517578,2.3822074770927433,-200.0
-0.11901383399963378,-0.0021240055561065896,1.8508801385760307,-200.0
-0.12172942757606506,-0.1589995354413986,2.4285991370677946,-200.0
-0.19904695451259613,-0.05680552124977112,1.8974313646554948,-200.0
-0.2360157072544098,-0.23792758136987685,3.036761975288391,-200.0
-0.008624875545501731,-0.146322762966156,2.0803331822156905,-200.0
-0.06105807423591614,-0.28707481697201725,1.5692469395697117,-200.0
-0.29311576299369335,-0.07872083187103271,2.7377176165580748,-200.0
-0.1811831295490265,-0.21605350971221923,2.1827550143003465,-200.0
-0.09919860363006591,-0.018206316232681263,2.9268952786922453,-200.0
-0.08234115242958068,-0.25513954013586043,2.312950772047043,-200.0
-0.15993335545063017,-0.12940388917922974,2.844014024734497,-200.0
-0.2727809965610504,-0.1747466593980789,1.6516613252460957,-200.0
-0.04570140838623049,-0.040765517950058006,2.6079888284206394,-200.0
-0.02546008229255675,-0.20030643939971923,3.172197550535202,-200.0
-0.25724309384822847,-0.03424639105796812,2.0038331031799315,-200.0
-0.2194315731525421,-0.26986292526125905,2.5055660843849186,-200.0
-0.1371358036994934,-0.0956397771835327,1.7615288197994232,-200.0
-0.14520574808120726,-0.276362407207489,2.786797910928726,-200.0
-0.2130748093128204,-0.10781670212745667,2.2556285172700883,-200.0
-0.2501172825694084,-0.19622330367565155,2.6520392060279847,-200.0
-0.03202856183052061,-0.019505345821380637,1.695612021535635,-200.0
-0.046960973739624046,-0.1787190020084381,1.9282514601945877,-200.0
-0.2697166956961155,-0.05546901226043702,3.0967172861099246,-200.0
-0.15771134197711945,-0.24860307723283767,1.7971746057271958,-200.0
-0.08517542481422424,-0.11711674332618713,2.5413197338581086,-200.0
-0.10581285953521727,-0.21299581825733183,1.8219504415988923,-200.0
-0.1739566147327423,-0.002439987659454357,2.35301855802536,-200.0
-0.2868780210614204,-0.29225603230297564,2.1160857677459717,-200.0
-0.0691005527973175,-0.09221615195274352,3.0724084198474886,-200.0
-0.011358439922332764,-0.2327095314860344,2.680394703149796,-200.0
-0.2338394746184349,-0.132717365026474,1.512031864374876,-200.0
-0.19595519006252288,-0.16194657683372496,2.97084493637085,-200.0
-0.1231080114841461,-0.07253444194793701,2.226806050539017,-200.0
-0.1274712324142456,-0.24283329248428343,1.6076251842081546,-200.0
-0.19100091755390167,-0.14166467785835266,2.564010900259018,-200.0
-0.2276406168937683,-0.1541855067014694,2.326968017220497,-200.0
-0.01462356448173524,-0.06126233339309692,2.8581932425498966,-200.0
-0.0741068959236145,-0.22076209187507628,2.4665882825851444,-200.0
-0.2824524264782667,-0.013726472854614258,1.72250544577837,-200.0
-0.17077674865722656,-0.2821649495512247,3.1814159572124483,-200.0
-0.11191846132278441,-0.0832923710346222,2.0129021525382997,-200.0
-0.09069675207138062,-0.17007897198200225,2.9976864933967593,-200.0
-0.1539517968893051,-0.04566167593002318,2.0414070069789885,-200.0
-0.26705639362335204,-0.2596056818962097,2.4377202689647675,-200.0
-0.053728026151657116,-0.12459914088249205,1.9065980181097983,-200.0
-0.035885953903198264,-0.2653923578560352,2.1388288140296936,-200.0
-0.24450612366199492,-0.10035769343376158,2.882807105779648,-200.0
-0.20636554956436157,-0.2048684298992157,1.5833745308220386,-200.0
-0.14781855940818786,-0.029326915740966797,2.751786994934082,-200.0
-0.13219351172447205,-0.19137293994426727,2.098638066649437,-200.0
-0.2237747311592102,-0.02414558529853822,3.0550189316272736,-200.0
-0.2604870781302452,-0.2811579957604408,1.8625561520457268,-200.0
-0.01927213668823241,-0.10341464281082152,2.393786215782166,-200.0
-0.04125582575798037,-0.24387601912021636,2.958403694629669,-200.0
-0.27779938727617265,-0.12165141105651855,2.214319261908531,-200.0
-0.16604978442192078,-0.18368425369262695,2.7161496698856356,-200.0
-0.07914007902145384,-0.05087955594062804,1.547637521289289,-200.0
-0.09542364478111268,-0.2969049674458802,2.6395002841949466,-200.0
-0.18673024177551267,-0.0873745322227478,1.6832224063575267,-200.0
-0.2999073863960802,-0.2085847645998001,2.8224556028842924,-200.0
-0.05838114023208618,-0.00722653269767759,2.2913317561149595,-200.0
-0.0030394256114959495,-0.1664721965789795,1.7798368707299232,-200.0
-0.2398576185107231,-0.06779839396476744,2.523820000886917,-200.0
-0.2016432076692581,-0.22812882363796233,1.9689674913883208,-200.0
-0.11504480838775635,-0.13769130706787108,3.137375104427338,-200.0
-0.11684768199920653,-0.1976667433977127,1.7989839166402817,-200.0
-0.20339143574237822,-0.03687897920608518,2.54281776547432,-200.0
-0.24047059267759321,-0.26722923293709755,1.9364938765764237,-200.0
-0.003560560941696156,-0.09828066229820251,3.1050634622573856,-200.0
-0.05661460161209106,-0.25778267830610274,2.6471041321754454,-200.0
-0.2981960652396083,-0.12677244544029234,1.690573187917471,-200.0
-0.1860809326171875,-0.17737693190574644,2.775014591217041,-200.0
-0.09486560225486754,-0.038123488426208496,2.2441565781831745,-200.0
-0.07744563817977904,-0.2891285799443722,2.9658061027526856,-200.0
-0.16426406800746918,-0.07667418122291564,2.2218709766864775,-200.0
-0.27722217589616777,-0.21810126006603242,2.6689227640628816,-200.0
-0.04062339663505554,-0.016151368618011475,1.5002486475743353,-200.0
-0.021002912521362327,-0.15694232583045958,2.1175837993621824,-200.0
-0.262309692800045,-0.05885102748870849,3.0742177307605747,-200.0
-0.22431560754776,-0.23588325530290605,1.830296617746353,-200.0
-0.13278903365135192,-0.1483788549900055,2.3612609744071964,-200.0
-0.14969496130943297,-0.23066377490758894,2.1845772951841353,-200.0
-0.20804024934768678,-0.13477431535720824,2.9284062802791597,-200.0
-0.24519205391407012,-0.15989079773426054,1.5775023259222507,-200.0
-0.03633413314819334,-0.07457908987998962,2.746076762676239,-200.0
-0.051888531446456915,-0.21504271030426025,3.0318398714065555,-200.0
-0.2654180288314819,-0.0003864705562591775,2.0753073185682296,-200.0
-0.153228959441185,-0.294310650229454,2.4168288886547087,-200.0
-0.0902122378349304,-0.09016807079315184,1.8859723955392838,-200.0
-0.11029753088951111,-0.18135070502758027,2.5005402207374576,-200.0
-0.16891751289367676,-0.05282612442970275,1.7566067159175873,-200.0
-0.281948172301054,-0.25124478489160534,3.1607385814189914,-200.0
-0.07340151071548462,-0.11448615789413452,1.9920628547668457,-200.0
-0.016281384229660023,-0.2737295776605606,1.6531723268330096,-200.0
-0.2295361876487732,-0.11045615673065184,2.6098111093044283,20.741821434835913
-0.19146826565265657,-0.19358274936676023,2.3213099181652073,20.71092652742679
-0.1281402826309204,-0.022139364480972312,2.852269411087036,8.817153412553541
-0.12254996895790099,-0.26275035962462423,2.7145349085330963,-95.37521550283653
-0.1953058809041977,-0.10298799276351928,1.5459190033376218,22.35428973204669
-0.2321281537413597,-0.20223701298236846,2.94994078874588,19.2337633379788
-0.009591901302337669,-0.03197008967399595,2.2061676353216173,9.182366941219875
-0.0696216881275177,-0.17271981239318848,1.8676857754588128,-60.782828923785985
-0.2874909952282905,-0.04302794337272642,2.3986045598983763,-200.0
-0.1757048428058624,-0.2622382253408432,2.1102007955312727,-36.228004601766656
-0.10761573314666747,-0.12195940017700194,3.0666854202747347,18.734422731424207
-0.08577094674110411,-0.2228181570768356,1.973785835504532,-200.0
-0.15825221836566924,-0.011682111024856556,3.1425047278404237,4.268213984950124
-0.2715393103659153,-0.28421042338013647,1.7915033593773841,-8.510982500241287
-0.048691749572753906,-0.08123513460159301,2.5353827297687532,16.25039162432933
-0.031396132707595836,-0.24077838957309722,2.8207370817661284,-200.0
-0.24954007118940352,-0.1437124729156494,2.2897169947624207,23.070377480470768
-0.21128910183906555,-0.15213890075683592,2.631348657608032,19.83286489021958
-0.14351130723953245,-0.06331613659858704,1.6747595004737377,19.043029759365087
-0.1366512894630432,-0.1644241601228714,3.1798141658306123,20.965840998399617
-0.218708735704422,-0.06985305547714232,2.0111966520547866,-8.758523639780378
-0.25560472905635834,-0.22607535123825073,2.458138346672058,16.16353517353055
-0.02362058758735658,-0.13973824381828306,1.714366789162159,-200.0
-0.046149587631225564,-0.298949580732733,2.3321106106042864,-200.0
-0.2734669245779514,-0.08531872630119322,2.8630245566368107,-7.5734782823384705
-0.16160805523395538,-0.2106416881084442,1.6192008830606937,0.9329544149390543
-0.08421755433082581,-0.005180740356445335,2.575690358877182,4.599095149964427
-0.0998676538467407,-0.24650999307632446,1.5882058449089527,-200.0
-0.18165047764778136,-0.11901081204414368,2.7569295883178713,18.376491030546088
-0.2950113326311111,-0.18632366359233854,2.1505082726478575,20.682941129045172
-0.06271589398384095,-0.048246681690216064,2.894382804632187,9.023480110658436
-0.007919490337371826,-0.18874238133430482,2.4360147178173066,-200.0
-0.23551145195960999,-0.026787328720092762,1.9049962267279625,-200.0
-0.19718771874904634,-0.2785151436924934,2.9895478367805484,0.30320373203700157
-0.12010851502418518,-0.10604637265205383,2.0329570710659026,19.392068831514145
-0.1172647476196289,-0.25794142931699754,3.0888059079647068,-53.83985255137658
-0.19941367506980895,-0.12630863785743712,2.1328918099403382,21.93542712510674
-0.23740779608488083,-0.1696003496646881,2.3764717102050783,20.67062547818568
-0.005478519201278675,-0.046203839778900135,1.8449820697307586,10.985365541769678
-0.06552761793136597,-0.20541520714759826,2.2369779527187346,-200.0
-0.2927533283829689,-0.02884376049041748,2.9805953145027164,-200.0
-0.1797953277826309,-0.26709729731082915,1.5151481119915844,-96.73847639150165
-0.10234982371330262,-0.09869804978370667,2.683919495344162,17.033170259373993
-0.08168045282363892,-0.15238848030567168,1.7057774513959885,-5.939104016339822
-0.16351813673973084,-0.06312285661697387,2.6617960691452027,15.772276995327058
-0.2756333760917187,-0.24219442158937454,2.2587382704019547,11.656497635376045
-0.04342941641807557,-0.142348712682724,2.790329188108444,-5.186464585345966
-0.026116490364074707,-0.2828443855047226,2.557710736989975,-200.0
-0.25365345329046246,-0.08265804648399352,1.8139871329069137,-61.111121019599835
-0.21657433211803434,-0.22262715697288513,3.120163953304291,20.6492024123414
-0.13940350413322447,-0.011924815177917492,1.9512895733118056,-5.920481869469089
-0.1407360255718231,-0.2067151039838791,2.5978234112262726,10.912556837547086
-0.21343707740306855,-0.009014421701431297,1.6419044494628907,-200.0
-0.2515049636363983,-0.29619346065446733,2.8409042716026307,9.09669070067009
-0.028877234458923318,-0.08798593282699585,2.309419494867325,11.624489665564024
-0.051425832509994496,-0.22873569577932357,1.7451378166675569,-200.0
-0.2693501405417919,-0.13698441982269285,2.4887535572052,19.75765580298349
-0.15631937384605407,-0.16826469898223875,1.9803864359855652,21.9680628783957
-0.08832188844680786,-0.06592417359352112,3.149159437417984,10.831517486852803
-0.10515634417533873,-0.2794210396707058,2.0639356940984728,-200.0
-0.17754613459110258,-0.10505143404006959,3.0199559330940247,16.8077030069139
-0.28973509669303893,-0.1908216029405594,1.8739782124757767,18.622587123492227
-0.06683267354965211,-0.024615043401718162,2.4055675089359285,5.8829087131641415
-0.012019246816635132,-0.18415825366973876,2.9167233765125276,-200.0
-0.23025481402873993,-0.05032362341880797,2.17300463616848,-200.0
-0.1931029736995697,-0.2455081835389137,2.734601378440857,-200.0
-0.12538018226623535,-0.11991899013519286,1.5657221347093582,-200.0
-0.1303273022174835,-0.1740528792142868,2.2745261192321777,-200.0
-0.18872745037078859,-0.04139469265937806,2.8060585200786594,-200.0
-0.22697852700948715,-0.25328763127326964,1.6601911708712578,-200.0
-0.01821209192276002,-0.13120948076248168,2.616047537326813,-200.0
-0.07124653458595276,-0.2716731414198875,3.127625131607056,-200.0
-0.28472102656960485,-0.09378333091735838,1.9587959945201874,-200.0
-0.1714339703321457,-0.20093107223510742,2.5202956140041355,-200.0
-0.10832562446594238,-0.03355720639228821,1.7767210379242897,-200.0
-0.09209259152412413,-0.23739396929740905,2.384029757976532,-200.0
-0.15080405473709105,-0.14680999517440796,1.8523911148309709,-200.0
-0.26259024292230604,-0.15728032886981963,3.0514880597591403,-200.0
-0.05409843921661378,-0.058460015058517445,2.095528718829155,-200.0
-0.034494978189468395,-0.21770339012145995,1.5308253899216653,-200.0
-0.24765816181898115,-0.0164916694164276,2.6997590720653535,-200.0
-0.21083599627017974,-0.28756657987833023,2.1912815034389497,-200.0
-0.14745301008224487,-0.07818260192871093,2.934957432746887,-200.0
-0.13505376577377318,-0.2917962703853845,1.916354475915432,-200.0
-0.2215060383081436,-0.09277723431587218,2.4478852808475495,-200.0
-0.25982966423034665,-0.21135046184062956,2.044937878847122,-200.0
-0.022864776849746693,-0.004168331623077393,3.000795841217041,-200.0
-0.038399863243103016,-0.16367037892341613,2.768599116802216,-200.0
-0.28007294833660124,-0.0708937168121338,1.5997651413083076,-200.0
-0.1667120575904846,-0.2332752138376236,2.9058448135852815,-200.0
-0.07555173039436339,-0.13225305676460267,2.1622750759124756,-200.0
-0.09681444168090819,-0.1956033021211624,2.8749988794326784,-200.0
-0.18357801139354707,-0.020208299160003662,2.343365100026131,-200.0
-0.29543684553354976,-0.2745842792093754,2.5870421230793,-200.0
-0.058746600151062006,-0.10969607234001158,1.6310779437422753,-200.0
-0.0016437649726867565,-0.25048700273036956,2.02265217602253,-200.0
-0.24300555288791656,-0.11533400416374207,3.1915874540805818,-200.0
-0.20610945224761962,-0.17941734194755554,1.7260298326611518,-200.0
-0.11467450261116027,-0.054853534698486334,2.469704115390778,-200.0
-0.11472786068916321,-0.1949588656425476,2.2457539618015288,-200.0
-0.20608930885791776,-0.020552605390548706,2.776724803447723,-200.0
-0.24302199482917786,-0.27535631507635117,1.6921720027923584,-200.0
-0.0015872240066528431,-0.1091863989830017,2.6488124191761018,-200.0
-0.05872555375099181,-0.24965001940727233,3.1067922174930573,-200.0
-0.29548874627798793,-0.11585197448730469,1.9381245970726013,-200.0
-0.18352008461952207,-0.1800889581441879,2.5445446968078613,-200.0
-0.09683007001876831,-0.05446316599845885,1.800616055727005,-200.0
-0.07531669735908508,-0.29095699936151503,2.362890529632568,-200.0
-0.16698940694332123,-0.09329291582107543,1.8320260316133499,-200.0
-0.2798010170459747,-0.21202436685562132,3.075849211215973,-200.0
-0.038640940189361594,-0.0037802517414092796,2.1193117946386337,-200.0
-0.023141294717788696,-0.16302365362644194,1.501957705616951,-200.0
-0.25959322750568387,-0.07123573422431945,2.6705208063125614,-200.0
-0.22174564003944397,-0.23404954075813295,2.223578605055809,-200.0
-0.1347809314727783,-0.13174567222595215,2.9674059689044956,-200.0
-0.14757471084594725,-0.2368874341249466,1.8875843703746797,-200.0
-0.21073828339576722,-0.14758517146110534,2.4185503482818604,-200.0
-0.24774359017610548,-0.15762264132499695,2.0769174695014954,-200.0
-0.03436036705970763,-0.05781358480453491,3.0335627496242523,-200.0
-0.05399934053421021,-0.21731558740139006,2.747764986753464,-200.0
-0.26271113008260727,-0.01716585159301759,1.5790957450866698,-200.0
-0.1506685584783554,-0.2880831275135279,2.93009592294693,-200.0
-0.09217656254768372,-0.0773441970348358,2.1861689031124114,-200.0
-0.10816816091537476,-0.17366278767585755,2.853861778974533,-200.0
-0.17164297699928283,-0.042066586017608654,2.3229988008737568,-200.0
-0.2845271654427051,-0.25380646884441377,2.6114020586013797,-200.0
-0.07141862511634828,-0.13037336468696595,1.6548630207777024,-200.0
-0.018419623374938965,-0.2711643196642399,1.993783250451088,-200.0
-0.2268201604485512,-0.09455621838569642,3.162351214885712,-200.0
-0.18889870941638948,-0.20127567350864412,1.7583289355039597,-200.0
-0.13013203740119933,-0.03291306495666502,2.5021514356136323,-200.0
-0.12509819269180297,-0.27981801331043243,3.065067720413208,-200.0
-0.19333342015743255,-0.10438637137413023,2.108485060930252,-200.0
-0.23000922203063964,-0.1902958810329437,2.3969854414463043,-200.0
-0.012286609411239602,-0.025444328784942627,1.865971814095974,-200.0
-0.06706459522247316,-0.18465566039085388,2.2044704437255858,-200.0
-0.2894540101289749,-0.04953925609588622,2.9483563244342808,-200.0
-0.1778143286705017,-0.24517500847578047,1.5442236704751848,-200.0
-0.10491215586662292,-0.12057461142539977,2.7129490256309508,-200.0
-0.08834667205810545,-0.20721479058265685,1.6731744155287742,-200.0
-0.1562706023454666,-0.008232343196868885,2.6296525299549103,-200.0
-0.26941119655966755,-0.29585799816995856,2.288130047917366,-200.0
-0.051413959264755255,-0.08863926529884339,2.819042372703552,-200.0
-0.028829848766326882,-0.22913496047258375,2.533666336536408,-200.0
-0.2515305608510971,-0.1363216459751129,1.7898866727948188,-200.0
-0.21342608928680418,-0.16773668825626373,3.1407897531986237,-200.0
-0.14079853892326355,-0.06675117015838622,1.9721673756837845,-200.0
-0.1391990840435028,-0.15321632623672485,2.574084007740021,-200.0
-0.21673643589019775,-0.06259569525718689,1.617499701678753,-200.0
-0.253485931456089,-0.2415319427847862,2.8614200294017795,-200.0
-0.026314866542816173,-0.14274827241897584,2.330408048629761,-200.0
-0.04359235167503356,-0.28349799290299416,1.7126323342323304,-200.0
-0.27543035969138147,-0.08232285976409912,2.456513351202011,-200.0
-0.16371798813343047,-0.2218459457159042,2.0094607532024384,-200.0
-0.08151383399963377,-0.012425369024276711,3.1781909942626956,-200.0
-0.10244295001029968,-0.2585973277688026,2.031331416964531,-200.0
-0.17966898679733276,-0.12597573995590208,2.987814420461655,-200.0
-0.2928833708167076,-0.16881684064865113,1.9033720418810844,-200.0
-0.0654376745223999,-0.04670210480690001,2.434279477596283,-200.0
-0.005353063344955444,-0.2062453418970108,2.8926810026168823,-200.0
-0.23750237971544264,-0.028318887948989846,2.1489029854536055,-200.0
-0.1993251174688339,-0.26643253192305566,2.7552259624004365,-200.0
-0.1173956036567688,-0.09909532070159913,1.5866019383072854,-200.0
-0.11984115242958068,-0.24718191325664518,2.682294499874115,-200.0
-0.19743336439132692,-0.11862069368362427,1.513413645979017,-200.0
-0.2352809876203537,-0.18548752069473268,2.9789721429347993,-200.0
-0.008201408386230458,-0.048765546083450295,2.2352420538663864,-200.0
-0.06296008229255676,-0.18951529562473296,1.8432809263467789,-200.0
-0.2947430849075317,-0.026278477907180797,2.374865359067917,-200.0
-0.18193158209323884,-0.2778709731996059,2.1311892479658128,-200.0
-0.0996358036994934,-0.10639100074768065,3.0872013807296756,-200.0
-0.08422942757606505,-0.16519936323165893,1.9496842861175536,-200.0
-0.16154694557189941,-0.06934649348258973,3.1184621512889863,-200.0
-0.2735157139599323,-0.22542889416217804,1.8123832643032074,-200.0
-0.04612487554550171,-0.14008058309555052,2.5560071110725406,-200.0
-0.02355807423591616,-0.299623791128397,2.788595771789551,-200.0
-0.255615770816803,-0.0849308967590332,2.2571126163005832,-200.0
-0.21868312060832978,-0.20980325639247893,2.660060828924179,-200.0
-0.13669860363006592,-0.005697315931320168,1.7041532285511494,-200.0
-0.14331285953521727,-0.22333386540412903,3.1475749731063845,-200.0
-0.2114566057920456,-0.010842812061309826,1.978689244389534,-200.0
-0.24937802106142043,-0.28382231555879117,2.487167674303055,-200.0
-0.031600552797317494,-0.08190906643867493,1.7434424489736557,-200.0
-0.04885843992233274,-0.24112043380737302,2.307703760266304,-200.0
-0.2713394768536091,-0.14306572079658508,2.839286571741104,-200.0
-0.15845518112182616,-0.15163148939609528,1.640190526098013,-200.0
-0.08560801148414612,-0.06409049034118652,2.5962042927742006,-200.0
-0.10770574808120728,-0.2630946949124336,1.5641054861247539,-200.0
-0.17557481825351715,-0.10234352946281433,2.7328849852085115,-200.0
-0.2876172825694084,-0.20172731280326844,2.1713861763477325,-200.0
-0.06952856183052064,-0.032742154598236095,2.9150084018707276,-200.0
-0.009460973739624012,-0.17323780953884124,2.4038713812828068,-200.0
-0.23221669346094131,-0.042190933227539085,1.8723930895328522,-200.0
-0.19521135091781616,-0.26184782981872556,3.0182612240314484,-200.0
-0.12267542481422425,-0.12263104319572449,2.062348747253418,-200.0
-0.12819675207138062,-0.18101783394813536,1.7783144190907478,-200.0
-0.19145180583000182,-0.053481996059417725,2.52198383808136,-200.0
-0.22955638468265532,-0.2517430230975151,1.9603875517845153,-200.0
-0.016228026151657082,-0.1137026846408844,3.1293147742748264,-200.0
-0.07338595390319824,-0.273204729706049,2.6177689969539646,-200.0
-0.2820061169564724,-0.11128626465797423,1.6618031837046146,-200.0
-0.16886555850505827,-0.19397999346256256,2.807781398296356,-200.0
-0.11031855940818786,-0.02147462368011477,2.2761362701654435,-200.0
-0.0899712324142456,-0.23013664036989212,2.9365700662136076,-200.0
-0.15350090861320495,-0.13560213446617125,2.19300194978714,-200.0
-0.265140625834465,-0.16029033064842224,2.701370286941528,-200.0
-0.05212356448173522,-0.07391663789749145,1.5325476475059987,-200.0
-0.03660689592361449,-0.214707550406456,2.0972176015377046,-200.0
-0.24495243430137634,-0.0010400533676147572,3.0530804276466372,-200.0
-0.20827673971652982,-0.2948111789301038,1.8540817961096763,-200.0
-0.149418443441391,-0.08938688635826111,2.3856207072734836,-200.0
-0.13292364478111265,-0.2883465260267258,2.1639057964086534,-200.0
-0.2242302417755127,-0.07717384099960325,2.907573568820953,-200.0
-0.2624073877930641,-0.21875456571578977,1.60139724239707,-200.0
-0.020881140232086204,-0.015815931558608998,2.7703260481357574,-200.0
-0.04053942561149598,-0.1562795788049698,3.0025059521198276,-200.0
-0.2773576185107231,-0.05925026535987854,2.046535262465477,-200.0
-0.1641431987285614,-0.236710225045681,2.449593567848206,-200.0
-0.07754480838775635,-0.1478508710861206,1.9179533287882804,-200.0
-0.09469351172447205,-0.19700170755386354,2.4713021576404572,-200.0
-0.1862747400999069,-0.03727592825889586,1.727738930284977,-200.0
-0.2979870764538646,-0.26805849373340607,3.1931873202323917,-200.0
-0.056772136688232416,-0.09775496721267699,2.024359804391861,-200.0
-0.0037558257579803356,-0.25699833780527115,1.6328073196113109,-200.0
-0.24029938727617262,-0.1272698163986206,2.5886717796325684,-200.0
-0.2035497844219208,-0.17803252637386321,2.345093095302582,-200.0
-0.11664007902145385,-0.037790340185165416,2.876630359888077,-200.0
-0.11494563817977904,-0.297568017616868,1.638472004979849,-200.0
-0.2017640769481659,-0.08697554469108582,2.5945895314216614,-200.0
-0.23972217589616773,-0.20775749087333678,2.29955213367939,-200.0
-0.003123396635055564,-0.007754266262054443,2.8308235645294193,-200.0
-0.058502912521362305,-0.16725398004055023,2.491986018419266,-200.0
-0.29980969140306113,-0.06729841232299805,1.7485720723867417,-200.0
-0.18681561648845674,-0.22747578620910644,3.1592414617538456,-200.0
-0.09528903365135191,-0.13802706599235534,1.99025197327137,-200.0
-0.07934768199920653,-0.1921570122241974,3.0233908474445346,-200.0
-0.1658914268016815,-0.023647892475128163,2.0671670913696287,-200.0
-0.2779705926775932,-0.2805026717483997,2.415434110164642,-200.0
-0.04106056094169619,-0.10374811291694641,1.884059578180313,-200.0
-0.019114601612091053,-0.2445413589477539,2.1697714149951937,-200.0
-0.2606960669159889,-0.12125471234321594,2.9132898807525636,-200.0
-0.2235809236764908,-0.18285469114780425,1.5556425802409648,-200.0
-0.13236560225486754,-0.0514050006866455,2.7247333586215974,-200.0
-0.14779753088951111,-0.17060412168502806,2.129483696818352,-200.0
-0.20641750395298003,-0.04483181834220884,3.0855995893478396,-200.0
-0.24444817900657653,-0.25920813381671903,1.835142269730568,-200.0
-0.03590151071548464,-0.12526363134384155,2.366415423154831,-200.0
-0.05378138422966003,-0.2657249584794044,2.9838034570217133,-200.0
-0.2670361965894699,-0.09970149993896485,2.2403846472501754,-200.0
-0.15396825671195982,-0.20437045991420744,2.693973958492279,-200.0
-0.09064028263092042,-0.030110710859298728,1.5249893432483077,-200.0
-0.11219496130943299,-0.2431681841611862,2.665203422307968,-200.0
-0.17054025828838348,-0.14101077318191527,1.7089845426380634,-200.0
-0.2826920460909605,-0.1536852478981018,2.80017147064209,-200.0
-0.07383413314819337,-0.06204383969306945,2.268792074918747,-200.0
-0.01438853144645691,-0.2212895303964615,1.8107814729213714,-200.0
-0.2279180198907852,-0.012898904085159313,2.5543015599250793,-200.0
-0.1907289683818817,-0.28176511377096175,1.9412343502044678,-200.0
-0.1277122378349304,-0.0839545726776123,3.1103234946727754,-200.0
-0.12327094674110411,-0.21265407800674438,2.4510915994644167,-200.0
-0.19575222730636596,-0.003086990118026711,1.9197626397013665,-200.0
-0.2340393081307411,-0.2927631391212344,3.010852128267288,-200.0
-0.011191749572753928,-0.09144154787063599,2.054777678847313,-200.0
-0.06889613270759581,-0.2321935549378395,1.5963584087789058,-200.0
-0.2870400711894035,-0.13355634212493897,2.7653909742832186,-200.0
-0.17378911077976225,-0.1623349517583847,2.152433857321739,-200.0
-0.10601130723953248,-0.0718608319759369,2.8957903504371645,-200.0
-0.08504996895790098,-0.2758441440761089,2.340158021450043,-200.0
-0.15780587196350096,-0.10865339040756225,2.8715915262699125,-200.0
-0.2696281559765339,-0.19661396741867065,1.621024101227522,-200.0
-0.047091901302337646,-0.018834024667739868,2.5771998405456547,-200.0
-0.0321216881275177,-0.17837497293949128,3.1949966311454774,-200.0
-0.24999099522829055,-0.05611372590065003,2.025857836008072,-200.0
-0.2132048338651657,-0.24911247342824935,2.4795445740222934,-200.0
-0.14511573314666748,-0.11634442806243897,1.7360851064324379,-200.0
-0.1373676538467407,-0.2543669298291206,2.8092923998832706,-200.0
-0.21915046870708466,-0.12991299033164977,2.277958551049233,-200.0
-0.25751134157180783,-0.1753905236721039,2.6261281430721284,-200.0
-0.025215893983840942,-0.040420639514923085,1.6700585700571537,-200.0
-0.045419490337371804,-0.19963425099849702,1.9553617388010025,-200.0
-0.2730114609003067,-0.03463618755340575,3.1243926703929903,-200.0
-0.1596877098083496,-0.2706993341445923,1.7668554499745368,-200.0
-0.08260851502418518,-0.09512123465538025,2.510213589668274,-200.0
-0.09915128946304322,-0.158325058221817,1.8491596922278404,-200.0
-0.1812087446451187,-0.057193028926849354,2.3805948436260227,-200.0
-0.2931047212332487,-0.2387662813067436,2.0854473531246187,-200.0
-0.061120587587356556,-0.1458065092563629,3.041621458530426,-200.0
-0.008649587631225586,-0.2862999189645052,2.7031925678253175,-200.0
-0.2359669178724289,-0.07922764420509337,1.5340586490929127,-200.0
-0.1991080641746521,-0.21669966280460357,2.944825452566147,-200.0
-0.12171755433082579,-0.01786372661590574,2.201361095905304,-200.0
-0.1191804528236389,-0.16096985936164857,2.925173819065094,-200.0
-0.2010181277990341,-0.07328234910964965,2.1811430394649505,-200.0
-0.23813337832689285,-0.2320017546415329,2.735994738340378,-200.0
-0.005929416418075539,-0.13380058407783507,1.567636775970459,-200.0
-0.06361649036407471,-0.2930142369121313,2.0787397503852842,-200.0
-0.2911534544080496,-0.09124744534492493,3.0350737512111667,-200.0
-0.17907432317733762,-0.21406873762607576,1.8958397567272187,-200.0
-0.10190350413322449,-0.0017241954803466908,2.4269094944000242,-200.0
-0.0797647476196289,-0.2522897511720657,1.7598399370908737,-200.0
-0.16191368401050568,-0.11321942210197447,2.5039737164974216,-200.0
-0.2749077960848808,-0.18272268176078796,2.002142396569252,-200.0
-0.04297851920127871,-0.05182231664657594,3.170606601238251,-200.0
-0.02802761793136599,-0.19231568276882172,2.606376194953919,-200.0
-0.2552533283829689,-0.02318401336669923,1.6499409168958663,-200.0
-0.21729533672332763,-0.27272601574659344,2.8424028098583225,-200.0
-0.1398498237133026,-0.11182839274406434,2.311228552460671,-200.0
-0.14265634417533873,-0.2685325853526592,2.5396096229553224,-200.0
-0.2150461435317993,-0.09719907045364379,1.7955772221088409,-200.0
-0.2522350877523422,-0.19863392114639283,3.095008999109268,-200.0
-0.029332673549652077,-0.03554361462593081,1.9266526579856873,-200.0
-0.04951924681663511,-0.17629565298557281,1.6939813137054442,-200.0
-0.2677548073232174,-0.039427167177200295,2.650310450792313,-200.0
-0.15560298264026642,-0.25644705891609193,2.253996378183365,-200.0
-0.08788018226623534,-0.12773938179016112,2.7850709795951847,-200.0
-0.10323602557182313,-0.2193613886833191,2.22507663667202,-200.0
-0.17593706846237184,-0.015108937025070213,2.9692152798175813,-200.0
-0.289004972577095,-0.2901389367878437,1.5103038833476603,-200.0
-0.06637723445892335,-0.07529958486557006,2.678763222694397,-200.0
-0.013925832509994518,-0.23484050631523132,3.070810377597809,-200.0
-0.23185014724731445,-0.14963865280151367,2.114376720786095,-200.0
-0.19381936490535734,-0.1555679887533188,2.3514186918735502,-200.0
-0.12582188844680786,-0.05986163020133972,1.820242813229561,-200.0
-0.12959259152412414,-0.22707886844873426,2.0146033465862274,-200.0
-0.18830404579639434,-0.13836597204208373,3.1830223083496096,-200.0
-0.22509024739265443,-0.16569117307662964,1.7242080584168433,-200.0
-0.016598439216613747,-0.06880837082862853,2.4681928098201755,-200.0
-0.07199497818946837,-0.20926972925662995,2.859818238019943,-200.0
-0.28515816293656826,-0.006184583902358987,2.3287024974822996,-200.0
-0.17333598732948302,-0.297904640994966,2.565634071826935,-200.0
-0.10995301008224487,-0.08658549785614014,1.609361045062542,-200.0
-0.0928273022174835,-0.18729768991470336,2.7535204112529756,-200.0
-0.1512274593114853,-0.046908992528915394,1.5850001469254493,-200.0
-0.26447852700948715,-0.2478064566850662,2.8845423460006714,-200.0
-0.05571209192276,-0.11793147325515746,2.1404529988765715,-200.0
-0.03374653458595278,-0.27717713713645936,1.9082033306360247,-200.0
-0.2472210243344307,-0.10702006816864013,2.439422070980072,-200.0
-0.2089339792728424,-0.18766330182552338,2.043010875582695,-200.0
-0.14582562446594238,-0.028084033727645896,2.999390119314194,-200.0
-0.1343144416809082,-0.20361133217811583,1.5493532970547677,-200.0
-0.22107802033424379,-0.030959451198577903,2.717767369747162,-200.0
-0.2579368382692337,-0.263793084025383,2.216033172607422,-200.0
-0.02124658226966858,-0.10172815918922423,2.9600228130817414,-200.0
-0.03914376497268679,-0.26122791320085526,2.395370680093765,-200.0
-0.2805055439472198,-0.12333403229713438,1.86425329297781,-200.0
-0.16860946118831635,-0.17145973742008208,3.056604814529419,-200.0
-0.07717450261116027,-0.04407041072845458,2.100333434343338,-200.0
-0.0975537657737732,-0.28554606847465036,3.1390712320804597,-200.0
-0.1840060293674469,-0.08026823401451111,1.9705526143312455,-200.0
-0.2973296717740595,-0.2238994538784027,2.5255147099494932,-200.0
-0.0603647768497467,-0.0103784680366516,1.7814237669110298,-200.0
-0.0008998632431030384,-0.15117166936397552,2.292948392033577,-200.0
-0.24257295727729797,-0.0646514654159546,2.8241719961166383,-200.0
-0.2042120486497879,-0.23947499245405196,1.684840904176235,-200.0
-0.11305173039436339,-0.14479402899742125,2.6412152588367466,-200.0
-0.11355702280998228,-0.23995671719312667,3.183960807323456,-200.0
-0.2049162358045578,-0.14425036311149597,2.0153376191854475,-200.0
-0.24184887260198593,-0.15047007501125334,2.4639465630054476,-200.0
-0.0004164934158324973,-0.06526823043823243,1.7201661139726638,-200.0
-0.059896320104599,-0.22451850771903992,2.324634537100792,-200.0
-0.29666189504787327,-0.00967916250228884,2.8555460512638096,-200.0
-0.18469313979148866,-0.2850001137703657,1.610069314390421,-200.0
-0.09800087213516234,-0.08074766993522645,2.566546630859375,-200.0
-0.07648960947990416,-0.17207664549350737,1.5807279475033282,-200.0
-0.1681601196527481,-0.043368959426879905,2.7494525015354156,-200.0
-0.2809716358780861,-0.26068439036607743,2.141365557909012,-200.0
-0.03981388807296754,-0.12381590008735657,2.8852506279945374,-200.0
-0.021968311071395852,-0.2642726629972458,2.4401562929153444,-200.0
-0.25842258185148237,-0.10118234753608704,1.9091418802738191,-200.0
-0.22057494521141052,-0.2029121696949005,2.9953481495380405,-200.0
-0.13360805511474608,-0.03157864809036254,2.038764679431915,-200.0
-0.14640412330627442,-0.18835559785366057,2.7186965465545656,-200.0
-0.20956529974937438,-0.02745797038078307,1.5500717245042324,-200.0
-0.2465706557035446,-0.27670442461967465,2.9557607591152193,-200.0
-0.03318967223167418,-0.10757274627685545,2.2119819313287734,-200.0
-0.05516999959945679,-0.24836142361164093,1.8602279156446457,-200.0
-0.263884037733078,-0.11746104955673217,2.3911345660686494,-200.0
-0.15184156000614166,-0.1866693377494812,2.101077738404274,-200.0
-0.09334718585014343,-0.04759899973869325,3.057559931278229,-200.0
-0.10934125185012816,-0.29845746215432883,1.9663164496421814,-200.0
-0.17281374335289001,-0.08611292839050291,3.1350458800792698,-200.0
-0.28569802567362784,-0.2086438089609146,1.7823788583278657,-200.0
-0.07259168028831481,-0.006877022981643666,2.5262590646743774,-200.0
-0.017246603965759277,-0.16638132333755493,2.824890410900116,-200.0
-0.22564932703971863,-0.06818016171455382,2.2938776195049284,-200.0
-0.18772792518138887,-0.22660858780145643,2.63716396689415,-200.0
-0.12895891070365906,-0.1389210820198059,1.6805788628757,-200.0
-0.12627114057540892,-0.15509541928768159,2.180421331524849,-200.0
-0.1945041328668594,-0.060414451360702504,2.9242478847503666,-200.0
-0.23117981404066085,-0.23553294539451597,1.57169127240777,-200.0
-0.013459593057632446,-0.14901273250579833,2.7402535498142244,-200.0
-0.06589157581329347,-0.289510727673769,3.0393066227436067,-200.0
-0.2882833734154701,-0.07598973512649534,2.0827683448791503,-200.0
-0.17664366960525513,-0.21991649866104124,2.4259576201438904,-200.0
-0.10373924374580382,-0.01463865637779238,1.8950921848416329,-200.0
-0.08717579841613768,-0.2558209955692291,2.5080023109912872,-200.0
-0.15509752929210663,-0.12843167781829834,1.764072833955288,-200.0
-0.2682381011545658,-0.17684833109378814,3.169859004020691,-200.0
-0.050243192911148066,-0.03895445466041564,2.001190572977066,-200.0
-0.03000065088272097,-0.19816349744796752,1.6490149445831777,-200.0
-0.2527037009596825,-0.036098581552505504,2.605654537677765,-200.0
-0.21459910869598386,-0.269222592562437,2.3154873132705687,-200.0
-0.14196937680244445,-0.09657071828842162,2.8464573442935945,-200.0
-0.14037221074104309,-0.27202456444501877,1.7948462173342705,-200.0
-0.21790716648101804,-0.11244530081748963,2.5386678814888004,-200.0
-0.254656782746315,-0.19279755055904388,1.930691334605217,-200.0
-0.027487957477569602,-0.02264049053192141,3.099258488416672,-200.0
-0.04241931438446045,-0.18217687010765077,2.6545858800411226,-200.0
-0.27425955310463906,-0.05230189561843873,1.6980460189282893,-200.0
-0.16254720389842986,-0.2529089480638504,2.784155178070068,-200.0
-0.08034067153930663,-0.11252025961875914,2.253291389346123,-200.0
-0.10127232670783995,-0.21352507174015045,2.9732799470424656,-200.0
-0.17849603891372678,-0.002205920219421398,2.229352116584778,-200.0
-0.291710445843637,-0.2936310019344091,2.678058183193207,-200.0
-0.06426694393157958,-0.09054585099220275,1.5093881166540086,-200.0
-0.006523758172988892,-0.2313024491071701,2.113434928655624,-200.0
-0.23867526054382324,-0.13441963791847228,3.0700793981552126,20.88261997383048
-0.20049811899662018,-0.16144929528236387,1.8244922772049903,19.22350185991302
-0.11856626272201537,-0.072736394405365,2.3554574191570286,14.402584373851568
-0.12101420760154724,-0.21615385115146635,1.9238273322582247,-48.872015582493816
-0.19860416650772095,-0.018343305587768532,2.4553670287132263,-35.420937650565804
-0.23645176738500595,-0.2869191158562899,2.054072690010071,-11.621916176129593
-0.009374570846557628,-0.07852848172187804,3.0099363267421726,9.609433681843552
-0.061786955595016485,-0.2380648300051689,2.7644492328166965,-200.0
-0.2935723504051566,-0.1464234173297882,1.5956273913383483,-19.330367548124972
-0.1807607263326645,-0.1588069260120392,2.9000398397445677,19.6373673825749
-0.09846271276473997,-0.05664950609207153,2.156472533941269,12.574205034689323
-0.0830587327480316,-0.2700000286102295,2.8708605468273163,-200.0
-0.16037406921386718,-0.09574028849601746,2.3392162293195726,18.537277997092
-0.2723427169024944,-0.20011368691921233,2.581238567829132,19.433124266128388
-0.044954216480255105,-0.034090232849121105,1.6252735525369644,9.421094139419486
-0.024728697538375866,-0.1748468577861786,2.0301333159208297,-200.0
-0.2567887231707573,-0.04090236425399779,3.1990612983703617,-25.935784003582416
-0.2198560506105423,-0.25498369485139843,1.7351693302392959,-2.9000528777015004
-0.13786933422088624,-0.1292113959789276,2.478839433193207,20.05384888847169
-0.14448587894439696,-0.24848426431417464,2.2819871962070466,-48.09966681095975
-0.21262724697589874,-0.11703457832336425,2.8135252714157106,20.439162889949703
-0.25054868459701535,-0.17893008291721343,1.6693110108375548,18.619167744680198
-0.0327734649181366,-0.0556434452533722,2.625176268815994,12.434347412386868
-0.047685492038726796,-0.19614139795303343,3.1234667360782624,-55.199768945714695
-0.27016876861453054,-0.01938684582710265,1.9546400308609009,-200.0
-0.15728459358215333,-0.2765365831553936,2.5144724011421205,-67.83192936052308
-0.08443502783775328,-0.10802747011184691,1.770909959077835,21.718945017127748
-0.10653494596481322,-0.1618645280599594,2.3798731863498688,16.177361127384398
-0.17440167367458342,-0.0724157989025116,1.8482337325811387,18.077865660890538
-0.2864442586898804,-0.23288356214761735,3.0456759929656982,17.52269311281156
-0.06835772395133971,-0.1329279899597168,2.089706113934517,9.012771977324931
-0.010631847381591786,-0.2921370757743716,1.538291555456817,-200.0
-0.23338976204395295,-0.09213384389877319,2.7072211623191835,15.396933354974461
-0.1963844418525696,-0.2132067561149597,2.200409272313118,18.679790189742157
-0.12384619116783141,-0.0026142776012420543,2.944077855348587,4.7917527707777285
-0.12702609300613402,-0.28232008069753645,2.5903534173965452,-200.0
-0.19027889370918272,-0.08348414897918702,1.6344466403126716,16.62684241542817
-0.22838337868452072,-0.22066117823123932,2.8317787826061247,19.614343161439308
-0.015057402849197377,-0.013588911294937112,2.300296437740326,3.347710808239293
-0.0745565414428711,-0.154377543926239,1.7492905125021934,-17.121774527025146
-0.28317909613251685,-0.061417776346206654,2.4929151952266695,-200.0
-0.1700384885072708,-0.24269547164440153,1.9862007319927217,-18.353354635312833
-0.1114892542362213,-0.14156345129013062,3.154979407787323,19.93917804128259
-0.09114425182342528,-0.20506061017513275,2.0680963188409804,-81.47296964371408
-0.15467174649238585,-0.029482501745223988,3.0241092622280124,9.631577995594284
-0.266311414539814,-0.2652546778321266,1.8797975495457648,1.4163865277792442
-0.05329669117927552,-0.100256609916687,2.4113828182220463,16.6821999346184
-0.03543380498886106,-0.2597609549760818,2.9092645287513736,-200.0
-0.24378167241811752,-0.12479106187820435,2.1655352503061294,-200.0
-0.2071058839559555,-0.16997820138931274,2.725477713346481,-200.0
-0.14824538826942443,-0.04552425742149352,1.5565976843237876,-200.0
-0.1317528784275055,-0.18347374498844146,3.0813274025917057,-200.0
-0.22305708825588227,-0.05070569515228271,2.125415736436844,-200.0
-0.2612343370914459,-0.24399540424346922,2.3673279821872715,-200.0
-0.019710338115692116,-0.12173414826393128,1.8358505010604858,-200.0
-0.04171026349067686,-0.2809843964874744,2.241118919849396,-200.0
-0.2785306960344314,-0.10320444703102111,2.9847419559955597,-200.0
-0.16531632542610167,-0.19145541787147521,1.520947389304638,-200.0
-0.07871553897857667,-0.024264657497406028,2.689727711677551,-200.0
-0.09586649537086486,-0.22795536518096923,1.709923054277897,-200.0
-0.18744538128376007,-0.13748125433921812,2.6659376442432405,-200.0
-0.29915776653215287,-0.1665548175573349,2.2645458787679673,-200.0
-0.05794501304626465,-0.06791760921478271,2.7961295008659364,-200.0
-0.0025829136371612327,-0.20837439894676207,2.5502336502075194,-200.0
-0.23912867009639738,-0.007052814960479714,1.8065092608332634,-200.0
-0.20237916111946105,-0.2970244947820902,3.1110317766666413,-200.0
-0.1154671311378479,-0.08745741248130798,1.94214685857296,-200.0
-0.1161164402961731,-0.17747741639614106,2.5160871624946592,-200.0
-0.20293720364570617,-0.03826062083244325,1.772628480195999,-200.0
-0.2408952087163925,-0.25762654691934583,3.1319296419620515,-200.0
-0.004294234514236439,-0.1265796661376953,1.962791657447815,-200.0
-0.05733203887939453,-0.2673660546541214,1.664181387424469,-200.0
-0.298636632040143,-0.09838088750839233,2.6203579246997837,-200.0
-0.1856425076723099,-0.1974742770195007,2.2704244673252107,-200.0
-0.09411826729774475,-0.03672310709953308,2.8018587827682495,-200.0
-0.07817466259002684,-0.23602021783590316,2.195590928196907,-200.0
-0.1647208034992218,-0.14847922325134277,2.938948231935501,-200.0
-0.27679992020130156,-0.15675000250339508,1.526625069975853,-200.0
-0.039887648820877086,-0.058695298433303844,2.6956584334373472,-200.0
-0.020287549495697,-0.21820188760757447,3.0473945140838623,-200.0
-0.2618667662143707,-0.016288644075393655,2.091320875287056,-200.0
-0.22475152909755708,-0.28897258937358855,2.388024812936783,-200.0
-0.13353858590126036,-0.07648154497146606,1.8566966384649277,-200.0
-0.14896822571754456,-0.2941919820383191,2.901641631126404,-200.0
-0.2075903981924057,-0.09008604884147645,2.1581780850887298,-200.0
-0.24562116712331772,-0.2152533620595932,2.772899168729782,-200.0
-0.03707216978073119,-0.0005604743957519642,1.6037660479545592,-200.0
-0.05261076092720032,-0.15980846285820008,2.0489300966262816,-200.0
-0.26586323529481887,-0.0744601607322693,3.0051050126552585,-200.0
-0.15279534459114075,-0.23083809167146682,1.9122516334056856,-200.0
-0.0894695520401001,-0.13498522639274596,2.4436875700950624,-200.0
-0.11102190613746643,-0.19350055754184722,1.7303380161523818,-200.0
-0.169369438290596,-0.022020578384399414,2.473696941137314,-200.0
-0.28152127638459207,-0.27390403524041174,2.018453857302666,-200.0
-0.0726609706878662,-0.11066721081733702,3.1874855995178226,-200.0
-0.015561658143997181,-0.25112625807523725,2.5829441189765934,-200.0
-0.2290887638926506,-0.11440427899360656,1.6268753439188004,-200.0
-0.19189980626106262,-0.18156149983406067,2.878999203443527,-200.0
-0.12888532876968384,-0.05300027132034302,2.3476661652326585,-200.0
-0.1220979630947113,-0.26239378452301027,1.5191380799748004,-200.0
-0.19458156824111938,-0.12215160727500915,2.6882296800613403,-200.0
-0.23286862671375275,-0.17261875569820403,2.2328765034675597,-200.0
-0.010018873214721669,-0.042890238761901844,2.976395779848099,-200.0
-0.07006904482841492,-0.2024289071559906,2.3722630560398104,-200.0
-0.2882107961922884,-0.03212538957595823,1.840889360010624,-200.0
-0.17495971620082854,-0.2626129701733589,3.0931106209754944,-200.0
-0.10718425512313842,-0.10288719534873961,2.136887675523758,-200.0
-0.0862207531929016,-0.1523306518793106,3.1160706102848055,-200.0
-0.15897903442382813,-0.06347129344940186,1.9470819324254989,-200.0
-0.27080119773745537,-0.24064085483551023,2.5617055892944336,-200.0
-0.04826270341873168,-0.14361153244972227,1.8182924538850784,-200.0
-0.03095085024833677,-0.284365838393569,2.2630477964878084,-200.0
-0.2488179087638855,-0.08142719864845274,2.7943201899528507,-200.0
-0.21203172504901885,-0.22271695733070374,1.701576878130436,-200.0
-0.14394500255584716,-0.0115442633628845,2.6576952278614048,-200.0
-0.13619463443756102,-0.2104316085577011,1.9843784511089326,-200.0
-0.21797964870929717,-0.0050073087215423695,3.153468406200409,-200.0
-0.25634054392576217,-0.2990688242018223,1.7410351261496544,-200.0
-0.02404276728630067,-0.08540132045745849,2.4845560491085052,-200.0
-0.04659258127212523,-0.2259016066789627,2.836700886487961,-200.0
-0.2741822116076946,-0.1395279049873352,2.305322301387787,-200.0
-0.16085858345031737,-0.16450706720352173,2.602123665809631,-200.0
-0.08378157019615173,-0.06997255682945253,1.6459056094288826,-200.0
-0.1003219485282898,-0.27834125384688374,2.730503576993942,-200.0
-0.18238164782524108,-0.1058358907699585,1.5615197882056235,-200.0
-0.29427773617208003,-0.18882514536380768,2.9207234978675842,-200.0
-0.06229121088981629,-0.026906687021255482,2.1773054987192153,-200.0
-0.007479000091552723,-0.186113440990448,1.8782865479588509,-200.0
-0.23479394763708114,-0.04807310700416567,2.409560537338257,-200.0
-0.19793511629104615,-0.2466290920972824,2.0597371727228166,-200.0
-0.12054685950279234,-0.11909326314926147,3.0158538758754734,-200.0
-0.1180073618888855,-0.2669052444398403,2.1061036020517347,-200.0
-0.19984737932682037,-0.09854264259338377,3.062482035160065,-200.0
-0.23696250915527345,-0.20555304586887357,1.8716868847608565,-200.0
-0.004756361246109009,-0.028944951295852672,2.4029048144817353,-200.0
-0.0647895097732544,-0.1694451928138733,2.954249656200409,-200.0
-0.2923242788761854,-0.046012097597122215,2.2101596504449845,-200.0
-0.18024512529373168,-0.2580423608422279,2.7103374004364014,-200.0
-0.10307663083076476,-0.1264461636543274,1.5418163381516934,-200.0
-0.08093533515930176,-0.22247186601161956,2.635341686010361,-200.0
-0.16308664977550505,-0.011732929944992088,1.679067861288786,-200.0
-0.2760807372629642,-0.2829451717436314,2.816635024547577,-200.0
-0.044149214029312156,-0.08279542922973632,2.2855184733867646,-200.0
-0.026856958866119385,-0.24200222343206404,1.7873009622097016,-200.0
-0.2540804296731949,-0.14219316244125366,2.5312849283218384,-200.0
-0.21612231731414794,-0.15252617597579957,1.9780866980552674,-200.0
-0.1386792004108429,-0.0632239043712616,3.1465048491954803,-200.0
-0.14148343205451966,-0.16843828260898588,1.615108148008585,-200.0
-0.213875412940979,-0.06613440513610841,2.571481704711914,-200.0
-0.25106448233127593,-0.22865323573350904,2.336106476187706,-200.0
-0.02815972566604613,-0.1368653118610382,2.8673292696475983,-200.0
-0.050692230463027954,-0.29640395287424326,2.462448531389237,-200.0
-0.2689254619181156,-0.08815982937812805,1.718356803059578,-200.0
-0.15677365958690642,-0.20659573674201964,3.175614631175995,-200.0
-0.08905305862426757,-0.0089316487312317,2.0070952028036118,-200.0
-0.10440686345100403,-0.24571853131055832,2.9935388386249544,-200.0
-0.17711015939712524,-0.1200927436351776,2.0372666478157044,-200.0
-0.29017808474600315,-0.18403875231742858,2.4319138765335087,-200.0
-0.06754796504974364,-0.05024070739746095,1.9007957041263581,-200.0
-0.012755066156387329,-0.19099504351615904,2.1463006317615507,-200.0
-0.23067698925733565,-0.024825131893157937,2.8902894616127015,-200.0
-0.19264632761478423,-0.27933843433856964,1.5925111658871174,-200.0
-0.1246510863304138,-0.10493218302726745,2.76092444062233,-200.0
-0.13076321482658385,-0.20079380571842192,2.779323863983154,-200.0
-0.18947701156139374,-0.03345658779144289,2.248148795962334,-200.0
-0.2262631595134735,-0.2718657709658146,2.6429064214229587,-200.0
-0.017769169807434093,-0.09393931031227112,1.6864703200757503,-200.0
-0.07082428336143493,-0.2531872719526291,1.932396885752678,-200.0
-0.283985274285078,-0.13107252717018128,3.100860279798508,-200.0
-0.1721630036830902,-0.17420859932899474,1.8029848739504815,-200.0
-0.10878235101699829,-0.04158700704574586,2.547117817401886,-200.0
-0.09165417551994323,-0.28746636249125,1.8260940685868263,-200.0
-0.15005671083927155,-0.07804579138755799,2.357162970304489,-200.0
-0.26330768465995785,-0.21785925328731537,2.1218848645687105,-200.0
-0.0545390009880066,-0.016684126853942882,3.0782180547714235,-200.0
-0.03491958975791931,-0.15714320540428162,2.672915589809418,-200.0
-0.2483918398618698,-0.058359539508819586,1.5045568009838461,-200.0
-0.2101047456264496,-0.23758673965930938,2.9617042481899265,-200.0
-0.14699878692626953,-0.14696611762046813,2.217672657966614,-200.0
-0.13548531532287597,-0.23335710167884827,2.4211392760276795,-200.0
-0.22225107550621032,-0.13237159252166747,1.889962561428547,-200.0
-0.2591099426150322,-0.16349622309207915,3.0276401340961456,-200.0
-0.022417348623275768,-0.07068291306495667,2.0712056666612626,-200.0
-0.0379729628562927,-0.21146925687789916,1.5734097935259341,-200.0
-0.2793324127793312,-0.004250532388687112,2.7418683111667637,-200.0
-0.16743642389774321,-0.2915852084755897,2.188572958111763,-200.0
-0.07600366473197936,-0.09260276556015015,2.9327107906341556,-200.0
-0.09638081789016723,-0.1795362800359726,2.317102074623108,-200.0
-0.18283533453941345,-0.054935878515243536,2.8481758654117586,-200.0
-0.29615907110273837,-0.2502760827541351,1.6574778504669667,-200.0
-0.05919179320335388,-0.11515967845916747,2.613806164264679,-200.0
-0.002072882652282726,-0.2746663078665733,3.1647293806076053,-200.0
-0.24374358505010604,-0.10981475114822387,1.9963722288608552,-200.0
-0.2053827255964279,-0.1954292893409729,2.4964395821094514,-200.0
-0.1142246425151825,-0.01999763846397401,1.752406345307827,-200.0
-0.11381351351737976,-0.2750744327902794,2.399304229021072,-200.0
-0.2052462726831436,-0.10948930978775023,1.867816235125065,-200.0
-0.2432769477367401,-0.19467326402664184,3.065985953807831,-200.0
-0.0019174933433532826,-0.020854085683822632,2.110070285201073,-200.0
-0.059640115499496466,-0.1803927183151245,1.5454269867390393,-200.0
-0.29633271396160127,-0.05417985320091248,2.71419677734375,-200.0
-0.1832647740840912,-0.24995063245296478,2.206659683585167,-200.0
-0.09649901390075682,-0.11556780338287354,2.950278717279434,-200.0
-0.07586719393730162,-0.21173863112926483,2.289015704393387,-200.0
-0.16702527701854705,-0.004081588983535778,2.8206082940101624,-200.0
-0.27917706593871117,-0.2906749751418829,1.6754606261849403,-200.0
-0.037506365776062034,-0.09359568357467651,2.631477648019791,-200.0
-0.022591012716293324,-0.23435002863407134,3.1429982960224154,-200.0
-0.2595582872629166,-0.13146135807037354,1.9741223454475403,-200.0
-0.22236923575401307,-0.1633272886276245,2.5348889589309693,-200.0
-0.13591471910476685,-0.07095227837562562,1.79116700142622,-200.0
-0.1465870499610901,-0.1579255610704422,2.864555925130844,-200.0
-0.209967702627182,-0.057531702518463124,2.3330695778131485,-200.0
-0.24792580157518385,-0.23718892335891723,2.5741591930389403,-200.0
-0.03476480841636659,-0.14729956984519957,1.6182418778538703,-200.0
-0.0549867868423462,-0.28779981583356856,2.009872904419899,-200.0
-0.2634807787835598,-0.0776479661464691,3.1786475777626038,-200.0
-0.15048670470714567,-0.21703142523765562,1.7156905874609947,-200.0
-0.09177290797233581,-0.017466473579406727,2.4593047320842745,-200.0
-0.10864534378051757,-0.2541077971458435,1.9034665301442146,-200.0
-0.17175130248069762,-0.13008762001991273,2.4350542306900023,-200.0
-0.28383046835660936,-0.1739655464887619,2.0344866156578063,-200.0
-0.07035822272300721,-0.04178456068038938,2.9905085265636444,-200.0
-0.01794222593307493,-0.20099135041236876,2.758251613378525,-200.0
-0.2267109051346779,-0.03321354389190673,1.589374016225338,-200.0
-0.18959577083587648,-0.27088086158037183,2.893060576915741,-200.0
-0.13119322657585145,-0.09485986232757568,2.1493402659893035,-200.0
-0.12447624206542968,-0.18999326527118682,1.6896661132574082,-200.0
-0.19219684302806855,-0.025726497173309326,2.645520883798599,-200.0
-0.23055771589279173,-0.2795162536203861,2.2450636655092238,-200.0
-0.012324482202529907,-0.10467168688774109,2.776597738265991,-200.0
-0.06768561601638795,-0.24545803517103193,2.5439324736595155,-200.0
-0.29059037044644354,-0.12027055621147156,1.8003595441579818,-200.0
-0.17726662158966064,-0.18494011759757994,3.1039489567279817,-200.0
-0.1048746407032013,-0.04923892021179199,1.9351182490587235,-200.0
-0.08860362768173216,-0.2955563683994114,3.075126338005066,-200.0
-0.1565988689661026,-0.08892472386360167,2.119165426492691,-200.0
-0.2684948444366455,-0.20691229999065397,2.3603521645069123,-200.0
-0.05057292580604553,-0.008514654636383068,1.828715193271637,-200.0
-0.0285719633102417,-0.16802127957344054,2.2207546472549438,-200.0
-0.2512020796537399,-0.06645097732543945,2.964432197809219,-200.0
-0.2143432259559631,-0.2294181302189827,1.5013647901825606,-200.0
-0.1416399300098419,-0.13601773381233215,2.6702968716621402,-200.0
-0.13850496411323546,-0.2418141111731529,2.075228688120842,-200.0
-0.2156734585762024,-0.1424456477165222,3.0310883224010468,-200.0
-0.25396053940057756,-0.15350163280963897,1.8860510259866716,-200.0
-0.026425766944885243,-0.062293946743011475,2.417580235004425,-200.0
-0.04428740143775939,-0.2215418815612793,2.9286925315856935,-200.0
-0.2764935538172722,-0.012708395719528198,2.1851212233304977,-200.0
-0.16324259340763092,-0.2831976514309645,2.745790714025498,-200.0
-0.08140257596969605,-0.08260731697082518,1.576958378776908,-200.0
-0.10262773633003233,-0.16910230815410612,2.609888017177582,-200.0
-0.18007085323333738,-0.04640048146247866,1.653925484418869,-200.0
-0.2918931372463703,-0.2588796392083168,2.85219230055809,-200.0
-0.064669668674469,-0.12567325830459594,2.320556950569153,-200.0
-0.005169206857681297,-0.2661323457956314,1.7563220858573914,-200.0
-0.2371007278561592,-0.09937992095947265,2.4999947726726535,-200.0
-0.20031456649303436,-0.20594143867492676,1.9923472821712496,-200.0
-0.11816325187683105,-0.028602057695388816,3.1612842321395878,-200.0
-0.12039150595664977,-0.18520292937755584,1.9593400239944458,-200.0
-0.19746851921081543,-0.049065738916397095,3.1279111802577972,-200.0
-0.23465746343135835,-0.24689875245094298,1.7761771604418755,-200.0
-0.0070678353309631126,-0.11892460584640502,2.5200093626976017,-200.0
-0.06240937113761902,-0.2781725987792015,2.8053071737289432,-200.0
-0.29470714554190636,-0.10610554218292237,2.274447387456894,-200.0
-0.18255532085895537,-0.18981778621673584,2.616799086332321,-200.0
-0.10077030658721922,-0.025996166467666615,1.6602697379887104,-200.0
-0.08331493735313414,-0.22514585852622987,2.699213421344757,-200.0
-0.16070319414138792,-0.14038463830947875,1.5305409023538232,-200.0
-0.2737710982561111,-0.16491489708423615,2.9355028808116916,-200.0
-0.046456146240234364,-0.06964682936668395,2.1915660828351973,-200.0
-0.024472206830978394,-0.21010587215423582,1.8531441584229469,-200.0
-0.2564587354660034,-0.005415147542953469,2.3841068685054783,-200.0
-0.21842795312404634,-0.2999255544506013,2.0947756499052046,-200.0
-0.13636826276779174,-0.08464558124542235,3.0514111518859863,-200.0
-0.14379018545150757,-0.2841225050389767,1.6011408258229494,-200.0
-0.21156564652919768,-0.08162446618080138,2.7697136223316194,-200.0
-0.24868089705705643,-0.22363776862621307,2.1608995497226715,-200.0
-0.030539149045944236,-0.010559642314910911,2.904730105400086,-200.0
-0.048381471633911155,-0.15134602189064025,2.4463022351264954,-200.0
-0.2712312206625938,-0.0643921136856079,1.9154473379254342,-200.0
-0.159152090549469,-0.24083811342716216,3.0023790895938873,-200.0
-0.08666848540306091,-0.14336820244789122,2.045844864845276,-200.0
-0.10671823024749755,-0.20203137695789336,3.1902133464813236,-200.0
-0.17480495274066923,-0.03245912790298461,2.021535947918892,-200.0
-0.2877990625798702,-0.26339503303170203,2.471078020334244,-200.0
-0.06993200182914733,-0.10205907225608826,1.7271461114287376,-200.0
-0.01044884920120237,-0.2615656703710556,2.344946625828743,-200.0
-0.23298734575510024,-0.12293366789817808,2.875907689332962,-200.0
-0.19502935409545896,-0.17295250296592712,1.6294963672757148,-200.0
-0.12227105498313903,-0.04249269962310792,2.5861335158348084,-200.0
-0.12845470905303955,-0.2514425441622734,2.9794289290905,-200.0
-0.1917805016040802,-0.11398699879646301,2.2356541037559508,-200.0
-0.22863931953907013,-0.18071419894695281,2.6850860834121706,-200.0
-0.015386849641799927,-0.05376545190811158,1.5164717677980661,-200.0
-0.07312878370285034,-0.19426572918891905,2.1338508784770966,-200.0
-0.28167777657508847,-0.02117328643798827,3.090337073802948,-200.0
-0.169781693816185,-0.27348674833774567,1.8440232038497926,-200.0
-0.11115952134132384,-0.11098349690437317,2.3749403417110444,-200.0
-0.08935028314590454,-0.15998657047748566,1.815155240893364,-200.0
-0.15236476063728333,-0.07419995069503785,2.5590329647064207,-200.0
-0.2656884022057056,-0.2298360228538513,1.9501214653253556,-200.0
-0.05216129422187804,-0.1358863055706024,3.1188419282436373,-200.0
-0.03722863197326659,-0.2950930684804916,2.6608353793621067,-200.0
-0.24608893990516661,-0.08908397555351258,1.7042478181421756,-200.0
-0.20772803127765654,-0.21499316096305848,2.791289675235748,-200.0
-0.14938049912452697,-0.0007385730743408314,2.2602679163217543,-200.0
-0.13310742974281312,-0.21903888881206512,2.488415628671646,-200.0
-0.22463167011737822,-0.015515452623367287,1.7446456670761108,-200.0
-0.2614178672432899,-0.2886299896985292,3.1494975686073303,-200.0
-0.020113277435302723,-0.07687021493911741,1.9808783829212189,-200.0
-0.040354853868484475,-0.2364088878035545,1.642035048455,-200.0
-0.27695582583546635,-0.14813661575317383,2.5985228776931764,-200.0
-0.16513364911079406,-0.15597681999206542,2.3092890858650206,-200.0
-0.07831288576126097,-0.059532290697097784,2.840204602479935,-200.0
-0.09399839043617247,-0.2683417998254299,2.173341044783592,-200.0
-0.18521133363246917,-0.09745119810104369,2.9172171473503115,-200.0
-0.298462401330471,-0.19728586971759796,1.5653857197612524,-200.0
-0.05688318014144897,-0.036975306272506725,2.734107810258865,-200.0
-0.004450160264968861,-0.17772960662841797,3.0198269426822666,-200.0
-0.2413624361157417,-0.038072222471237205,2.063234505057335,-200.0
-0.20307539105415345,-0.2566968575119972,2.405696296691895,-200.0
-0.11652925014495849,-0.12755541801452636,1.8746794015169144,-200.0
-0.1159337282180786,-0.20747332870960233,3.0139547884464264,-200.0
-0.20253451466560363,-0.008054888248443581,2.05752432346344,-200.0
-0.2395398214459419,-0.2972847062163055,2.451444828510285,-200.0
-0.0027193844318390004,-0.08727931380271911,1.9202786520123483,-200.0
-0.05751560926437377,-0.22777727544307708,2.1524496138095857,-200.0
-0.2990396118722856,-0.13774146437644957,2.896591448783875,-200.0
-0.18699704110622406,-0.16755689978599547,1.5995390344411136,-200.0
-0.09569283127784728,-0.06701653003692626,2.768008071184158,-200.0
-0.07887092828750611,-0.2802192136645317,1.621357723325491,-200.0
-0.16578295826911926,-0.10405173897743225,2.5776835799217226,-200.0
-0.27866714671254156,-0.19187268912792205,2.3432410746812824,-200.0
-0.042121392488479625,-0.023948371410369873,2.8743058979511265,-200.0
-0.019592142105102517,-0.1831574499607086,2.482757478952408,-200.0
-0.26080489754676817,-0.05112297534942628,1.7387218102812767,-200.0
-0.2228834420442581,-0.24484268724918365,3.1950446605682377,-200.0
-0.1313045561313629,-0.12096896767616272,2.026678541302681,-200.0
-0.14871144890785218,-0.2595087468624115,2.6283618152141575,-200.0
-0.20726068317890167,-0.1249794602394104,1.6719362266361713,-200.0
-0.24419336915016174,-0.17090788185596464,2.810436797142029,-200.0
-0.03557081222534181,-0.0445485055446625,2.279265731573105,-200.0
-0.052866679430007946,-0.20408484935760496,1.7677142545580864,-200.0
-0.2661926575005054,-0.030412191152572654,2.511857736110687,-200.0
-0.15422399640083312,-0.26544307395815847,1.9577252626419068,-200.0
-0.09097119569778442,-0.10000441074371338,3.126192659139633,-200.0
-0.11164403557777405,-0.15398888289928436,2.086624023318291,-200.0
-0.17050453126430512,-0.0617603838443756,3.0429482460021973,-200.0
-0.2833161424845457,-0.24346867203712463,1.8514256373047828,-200.0
-0.07496827840805054,-0.14072645902633665,2.382492107152939,-200.0
-0.014938670396804798,-0.2814830906689167,2.9471693694591523,-200.0
-0.22795338928699493,-0.08425734043121338,2.2031288117170336,-200.0
-0.19010580182075498,-0.22100379467010497,2.704031765460968,-200.0
-0.12657830715179444,-0.013200241327285755,1.5356705289334058,-200.0
-0.12396549582481384,-0.2924627970904112,2.2975188374519346,-200.0
-0.19681506156921386,-0.09172600507736206,2.8287456333637238,-200.0
-0.23356455713510513,-0.21235001385211943,1.637112944573164,-200.0
-0.011081278324127197,-0.0033700168132781982,2.5934970140457154,-200.0
-0.06820122599601747,-0.1626202583312988,3.1577529549598697,-200.0
-0.2859764490276575,-0.07155906558036804,1.9892375290393831,-200.0
-0.17426407635211943,-0.2324757233262062,2.4902379095554354,-200.0
-0.10612270832061768,-0.13325371742248535,1.746156668663025,-200.0
-0.0848656117916107,-0.1963100641965866,2.4140554428100587,-200.0
-0.15740386247634888,-0.019117194414138783,1.8829347878694533,-200.0
-0.2706182464957237,-0.2755439579486847,3.0213379442691806,-200.0
-0.04786033630371095,-0.10893799066543577,2.065056785941124,-200.0
-0.03230568766593933,-0.2493947848677635,1.553926744312048,-200.0
-0.25039221793413163,-0.1160419464111328,2.7223375618457792,-200.0
-0.21221495568752288,-0.17866044044494628,2.168315181136131,-200.0
-0.14434822797775268,-0.05581210255622865,2.9122950434684753,-200.0
-0.13798917531967161,-0.17567498981952667,1.8322399854660034,-200.0
-0.22028718888759613,-0.04012030363082886,2.3634684026241306,-200.0
-0.2569629907608032,-0.2546499565243721,2.1289158046245573,-200.0
-0.0251775920391083,-0.12960893511772156,3.085298240184784,-200.0
-0.04479832649230958,-0.270397574454546,2.6933284997940063,-200.0
-0.2718755275011063,-0.09540655016899108,1.5248179455287754,-200.0
-0.16023584604263305,-0.1993316352367401,2.981238240003586,-200.0
-0.08264588713645935,-0.03491835594177245,2.237152135372162,-200.0
-0.09889390468597412,-0.23904945105314254,2.7996358513832096,-200.0
-0.1808806210756302,-0.14550259709358215,2.2685103327035905,-200.0
-0.2940212147310376,-0.15860964953899384,2.6623334109783174,-200.0
-0.06196119189262389,-0.05689283609390258,1.7060571163892746,-200.0
-0.008907330036163341,-0.21639717221260069,1.9386495262384416,-200.0
-0.23629582822322845,-0.018146038055419922,3.107058709859848,-200.0
-0.19819135665893556,-0.28599829003214833,1.8101164072751998,-200.0
-0.12087602019309998,-0.07951310276985168,2.554097890853882,-200.0
-0.11870269775390624,-0.23171943426132202,1.7240367636084557,-200.0
-0.20090923011302947,-0.13410306572914124,2.4675471484661102,-200.0
-0.2388306453824043,-0.16068439185619354,2.01137093603611,-200.0
-0.006990391016006459,-0.07358397245407106,3.18045688867569,-200.0
-0.06409331560134887,-0.21437264084815977,2.5626872539520265,-200.0
-0.29126213807612655,-0.0014410257339477761,1.6064586594700814,-200.0
-0.17837784290313718,-0.2933144263923168,2.8595170915126804,-200.0
-0.10084288716316223,-0.09096284508705138,2.3281345039606096,-200.0
-0.08075183629989624,-0.18243737518787384,2.881277358531952,-200.0
-0.16268369257450102,-0.052124083042144775,2.1378683269023897,-200.0
-0.2747261568903923,-0.25200759172439574,2.7533165395259855,-200.0
-0.04257465004920957,-0.1135220468044281,1.5843351889401673,-200.0
-0.027039599418640148,-0.2730263538658619,2.0427290320396425,-200.0
-0.2544831052422523,-0.11154393553733824,2.9988547027111054,18.450269040962063
-0.2174777626991272,-0.19261974692344663,1.9052758410573007,16.79299162911278
-0.14025405049324036,-0.022900986671447743,2.4365522623062135,7.910683872476845
-0.14210641980171204,-0.19893641173839569,2.215018829703331,10.849014412766692
-0.21501084566116332,-0.035261303186416626,2.9585341036319734,-7.386748396784608
-0.2528584688901901,-0.2688342109322548,1.5469379883259535,-10.363125143045982
-0.030466675758361816,-0.0969136118888855,2.7160190582275394,11.264704298112067
-0.05007010102272033,-0.2561638981103897,3.05452698469162,-200.0
-0.2677903175354004,-0.1280432939529419,2.098300036787987,10.134356045123841
-0.15497881472110747,-0.17601106166839597,2.3942783653736113,22.06099327397758
-0.08674582242965698,-0.039727360010147095,1.862894131243229,11.050839342513987
-0.1041509449481964,-0.2904407009482384,2.5231187105178834,-200.0
-0.17678067684173582,-0.07501426935195923,1.779708032310009,18.26726905002497
-0.28874944634735583,-0.219664004445076,3.1380761921405793,18.670990282891704
-0.06604639291763306,-0.014826768636703513,1.9690964818000793,5.582881906617816
-0.013011842966079712,-0.15528352260589598,1.6837160125374795,-200.0
-0.23100675344467164,-0.06016196608543395,2.639836794137955,-6.1623858797173625
-0.19407410323619842,-0.23455747067928312,2.290837985277176,13.126870038726459
-0.1261523723602295,-0.14994270801544188,2.8221192955970764,21.31540265241939
-0.1294083774089813,-0.16538841426372528,2.737639087438583,21.338073634163397
-0.18790275156497954,-0.06909039616584778,1.5684954728931189,5.6549781438881475
-0.22607990652322768,-0.22677753120660782,2.9269740104675295,19.967480603290873
-0.017365872859954834,-0.13865171670913695,2.1835064619779585,-72.76417752799907
-0.0721794068813324,-0.2981881038285792,1.8977175146341323,-200.0
-0.28556038700044156,-0.0862818717956543,2.429142963886261,-50.58563103081647
-0.17234596610069275,-0.20955405235290525,2.080047032237053,15.473206475530045
-0.10918478965759276,-0.005884104967117332,3.036217945814133,5.426556586454615
-0.09352199435234068,-0.24750497192144394,2.0039100110530854,-200.0
-0.1522910088300705,-0.11821707487106323,3.1729507207870484,16.184017994966855
-0.2640033446252346,-0.1869947701692581,1.7614517092704773,18.234274697422567
-0.05560061931610108,-0.04719087481498718,2.5048131167888643,10.01123590544747
-0.03305205702781677,-0.18794746398925782,2.843729394674301,-200.0
-0.24615840464830396,-0.027783411741256703,2.312405323982239,-200.0
-0.20940880179405214,-0.2774604432284832,2.6082732558250425,-1.042039483678014
-0.14593631029129028,-0.10671629905700683,1.652206963300705,20.139248079247714
-0.13405691385269164,-0.2640751004219055,3.0958103001117707,-38.1729242262945
-0.22074918150901796,-0.10142539143562315,1.9266683131456377,16.33289319154484
-0.25885376036167146,-0.20389706790447235,2.5422269225120546,18.257195889342302
-0.02208818793296813,-0.030658113956451405,1.798757752776146,9.4537974035537
-0.03940107822418215,-0.17115610241889953,2.256743124127388,-200.0
-0.28083345517516134,-0.04435386657714846,2.7881734371185303,-200.0
-0.16769289672374724,-0.26092743426561354,1.6944974273443223,-89.09607211151285
-0.07633368372917174,-0.123618346452713,2.6506634771823885,18.28854083455949
-0.09817514419555665,-0.2241850644350052,1.5129404874518513,-200.0
-0.18514203429222106,-0.010076987743377674,2.681976330280304,-19.663266982749853
-0.29678175067529083,-0.28582795858383175,2.2258972406387327,2.549744054374959
-0.06032747626304627,-0.07996532320976257,2.9692635118961332,14.841589735170457
-0.00027827024459836647,-0.2391743704676628,2.3519022285938265,-200.0
-0.2414360225200653,-0.1450782001018524,1.820576536655426,-200.0
-0.2047603279352188,-0.15086790919303894,3.07352454662323,-200.0
-0.11308981776237487,-0.06493477821350097,2.1174598753452303,-200.0
-0.11264060139656065,-0.1501687467098236,1.5710843753069639,-200.0
-0.20407555997371674,-0.06555397510528566,2.7400172531604765,-200.0
-0.24210632890462874,-0.2396539494395256,2.177583795785904,-200.0
-0.0007445454597473367,-0.14453238844871522,2.9212621569633486,-200.0
-0.06081309914588928,-0.28528443574905393,2.4234570503234867,-200.0
-0.297503359336406,-0.08044719099998474,1.8918208643794059,-200.0
-0.18443546891212464,-0.22480197250843048,3.0386220514774323,-200.0
-0.09767189025878906,-0.009375536441803,2.0826619505882262,-200.0
-0.07703803181648253,-0.2603814795613289,3.167054045200348,-200.0
-0.16819835007190703,-0.12409778237342833,1.9982241481542589,-200.0
-0.28035018816590307,-0.17177515625953674,2.50742798447609,-200.0
-0.038677096366882324,-0.043654561042785645,1.763855840265751,-200.0
-0.021420246362686135,-0.20319547355175016,2.314783439040184,-200.0
-0.25838513821363446,-0.03127487897872927,2.84631832242012,-200.0
-0.2211961805820465,-0.2645568251609802,1.646495071798563,-200.0
-0.1347439169883728,-0.10088172554969788,2.602350640296936,-200.0
-0.14541395902633666,-0.27699016258120535,1.9292673230171205,-200.0
-0.20879693627357482,-0.10727140903472901,3.0982050836086277,-200.0
-0.24675494134426115,-0.1886376142501831,1.7928517296910287,-200.0
-0.0335917532444,-0.027155202627182018,2.5365252017974855,-200.0
-0.05615980625152589,-0.1863688498735428,2.7824457764625548,-200.0
-0.26465161219239236,-0.04788331389427186,2.2508112370967863,-200.0
-0.15165748894214628,-0.24805779308080672,2.6530323207378386,-200.0
-0.09294603466987608,-0.11774450540542603,1.697070585936308,-200.0
-0.10981593132019044,-0.20892570018768308,2.676044392585754,-200.0
-0.17292428612709046,-0.0065741121768951305,1.507212855294347,-200.0
-0.2850034028291702,-0.2987430707551539,2.971836632490158,-200.0
-0.07152891755104065,-0.08581144809722899,2.2282661348581314,-200.0
-0.01677156686782838,-0.22630481868982316,1.8229712948203087,-200.0
-0.22553799748420716,-0.13920439481735228,2.3545012891292574,-200.0
-0.18842276036739347,-0.16608071029186247,2.111758103966713,-200.0
-0.1300226032733917,-0.06846433281898498,3.0676185488700867,-200.0
-0.12564711570739745,-0.23524747788906097,2.4651556074619294,-200.0
-0.1933699160814285,-0.1493143558502197,1.721434485912323,-200.0
-0.23173081129789352,-0.1548130989074707,3.1861553668975833,-200.0
-0.013495248556137096,-0.06071693301200867,2.017280226945877,-200.0
-0.06651481389999389,-0.2202166825532913,1.6123938143253327,-200.0
-0.2894172303378582,-0.014354056119918801,2.5684116721153263,-200.0
-0.17609360218048095,-0.28981463760137555,2.3255580902099613,-200.0
-0.10370380282402039,-0.07570656538009643,2.8571514904499056,-200.0
-0.08743067979812622,-0.17656617164611815,2.143592694401741,-200.0
-0.15542815625667572,-0.03925707936286926,2.8872125387191776,-200.0
-0.2673242524266243,-0.255535688996315,1.5819695625454187,-200.0
-0.04939994215965271,-0.12873344421386718,2.7507401764392854,-200.0
-0.029744982719421387,-0.26952665001153947,2.996252399682999,-200.0
-0.25237271636724473,-0.09628769159317016,2.0403375416994094,-200.0
-0.21551388502120972,-0.19846384227275848,2.4424615025520326,-200.0
-0.142812842130661,-0.03581412434577941,1.910974344611168,-200.0
-0.1396755874156952,-0.193099182844162,2.956152695417404,-200.0
-0.21684640645980835,-0.022355031967163097,2.212433195114136,-200.0
-0.2551334649324417,-0.27232704833149907,2.7217341542243956,-200.0
-0.02759649753570559,-0.11216298937797545,1.5528573835268618,-200.0
-0.04311670660972594,-0.25262435674667355,2.1041934192180634,-200.0
-0.27532067298889157,-0.11282045245170594,3.0602161407470705,-200.0
-0.16206959187984465,-0.18189370930194854,1.8602824807167053,-200.0
-0.08023191690444945,-0.05260580778121948,2.3918710172176363,-200.0
-0.10145460963249206,-0.2939336232841015,1.7853971630334855,-200.0
-0.1789001226425171,-0.09026368260383605,2.529012143611908,-200.0
-0.2907222859561443,-0.21382682919502258,1.966689082980156,-200.0
-0.06349657773971557,-0.001920604705810569,3.13546456694603,-200.0
-0.006342262029647827,-0.1611662596464157,2.6372511088848114,-200.0
-0.2382715344429016,-0.07304044961929321,1.6813346169888974,-200.0
-0.20148535072803497,-0.2310179829597473,2.8280386686325074,-200.0
-0.11933641433715819,-0.13471997380256653,2.296553131937981,-200.0
-0.12156220078468322,-0.2866150550544262,2.8344347894191744,-200.0
-0.19864139556884763,-0.0788115084171295,2.3034122198820115,-200.0
-0.23583046048879625,-0.2158535063266754,2.59108966588974,-200.0
-0.008238494396209717,-0.01862776279449463,1.6345013067126275,-200.0
-0.06123874783515931,-0.15908908545970915,1.9866518944501879,-200.0
-0.29353419318795204,-0.05634688138961791,3.1553715467453003,-200.0
-0.18138239085674285,-0.23835014551877975,1.7520760670304298,-200.0
-0.09959957599639893,-0.14612165093421936,2.495953005552292,-200.0
-0.08214188218116761,-0.19981350302696227,1.8805534049868584,-200.0
-0.1595323920249939,-0.03437483310699463,2.4114697575569153,-200.0
-0.2726003184914589,-0.26969612315297126,2.0707719326019287,-200.0
-0.04528298377990725,-0.09602345824241637,3.0272573173046116,-200.0
-0.025645333528518666,-0.25526915341615675,2.7282309949398043,-200.0
-0.25762947052717206,-0.12890977263450623,1.559615881368518,-200.0
-0.21959880888462066,-0.17512917816638945,2.909683418273926,-200.0
-0.13754135370254517,-0.04059988260269165,2.165907782316208,-200.0
-0.1449609875679016,-0.17921311855316163,2.36919282078743,-200.0
-0.2127387911081314,-0.055339390039443964,1.8381751403212547,-200.0
-0.24985392093658446,-0.2487687215209007,3.0829326391220095,-200.0
-0.03170998692512511,-0.11673424243927003,2.126339390873909,-200.0
-0.04721059799194338,-0.2762339651584625,1.522215664666146,-200.0
-0.2700581520795822,-0.1083096385002136,2.6909369587898255,-200.0
-0.15797899961471557,-0.19583964049816133,2.243061426281929,-200.0
-0.08549771904945372,-0.01967216134071348,2.986936718225479,-200.0
-0.10554521083831786,-0.23316816240549088,2.2661188423633574,-200.0
-0.1736343115568161,-0.13262779712677,2.7970335483551025,-200.0
-0.2866283990442753,-0.1621476888656616,1.7117556199431418,-200.0
-0.06875910758972167,-0.07211188673973085,2.668242651224136,-200.0
-0.011621797084808372,-0.2129051238298416,3.1129938900470737,-200.0
-0.23415805399417877,-0.002899736166000366,1.944373893737793,-200.0
-0.19619994163513182,-0.2918345879763365,2.551521527767181,-200.0
-0.12344403862953185,-0.09241615533828734,1.8077507808804512,-200.0
-0.12728168964385986,-0.22037787437438966,2.0515924364328386,-200.0
-0.1906096637248993,-0.013892680406570435,3.0082271277904513,-200.0
-0.22746853083372115,-0.2820359118282795,1.922851797938347,-200.0
-0.014213722944259655,-0.08378477096557616,2.453813672065735,-200.0
-0.07430187463760377,-0.2429983913898468,2.8989862322807314,-200.0
-0.2828485384583473,-0.14128156900405883,2.1550486236810684,-200.0
-0.17095254957675934,-0.15467903316020964,2.762306350469589,-200.0
-0.1123325765132904,-0.061132174730300914,1.5936330050230025,-200.0
-0.09052094221115112,-0.2649703614413738,2.5802826404571535,-200.0
-0.1535376727581024,-0.10055708885192871,1.6237524688243865,-200.0
-0.26686140820384024,-0.20477714538574218,2.868399900197983,-200.0
-0.053331917524337774,-0.029786127805709828,2.3375393033027647,-200.0
-0.03605804443359373,-0.17027952969074248,1.7329941749572755,-200.0
-0.24491596072912214,-0.045238512754440297,2.4768255412578584,-200.0
-0.20655510127544402,-0.2600637137889862,2.0290474355220796,-200.0
-0.14820980429649352,-0.12450903654098511,3.197617781162262,-200.0
-0.13193444609642027,-0.2442991644144058,1.666039589047432,-200.0
-0.2234610289335251,-0.12145083546638488,2.6226759016513825,-200.0
-0.26024717688560484,-0.1837743580341339,2.281880649924278,-200.0
-0.01894040107727052,-0.05042152404785155,2.8128409028053287,-200.0
-0.04152776598930358,-0.19117352664470671,2.5142359018325804,-200.0
-0.2781265430152416,-0.024567568302154563,1.7703031569719314,-200.0
-0.16630427241325377,-0.28069879263639447,3.1204808056354523,-200.0
-0.07948583364486694,-0.10350592732429503,1.951802596449852,-200.0
-0.09516915678977966,-0.16685530543327332,3.0455371737480164,-200.0
-0.1863844782114029,-0.0676332950592041,2.089002138376236,-200.0
-0.29963545175269246,-0.22825900018215178,2.3765694916248323,-200.0
-0.05805398225784303,-0.1371977984905243,1.8457137584686278,-200.0
-0.003279322385787986,-0.29673875151202084,2.197442948818207,-200.0
-0.2401893585920334,-0.08775874972343445,2.9412726938724516,-200.0
-0.20190226435661315,-0.20809238255023954,1.5380746599286794,-200.0
-0.11535851955413817,-0.007355582714080822,2.7066466331481935,-200.0
-0.11710674762725828,-0.25732292085886,2.231381967663765,-200.0
-0.20370513796806333,-0.12686312198638916,2.97536101937294,-200.0
-0.24071049392223356,-0.17717692852020261,1.5173843489959835,-200.0
-0.0038922965526581033,-0.03854493498802186,2.6857943654060366,-200.0
-0.05634266138076782,-0.19775629341602324,3.0910712957382205,-200.0
-0.2978689128533006,-0.03642033934593203,2.134789326786995,-200.0
-0.18582643568515778,-0.2676517926156521,2.370898371934891,-200.0
-0.09451984763145446,-0.09807955026626586,1.8397769317030908,-200.0
-0.07770012617111205,-0.15644938945770262,2.5599714636802675,-200.0
-0.16460983157157896,-0.058979469537734974,1.815889437496662,-200.0
-0.2774941138923168,-0.23571644872426986,3.1145956814289093,-200.0
-0.040950554609298695,-0.14876253604888914,1.946079444885254,-200.0
-0.02076301574707029,-0.28925819881260395,1.7001799210906028,-200.0
-0.26197795271873475,-0.07618006467819213,2.6565631926059723,-200.0
-0.22405655086040496,-0.21848377883434295,2.260976248979569,-200.0
-0.1324753224849701,-0.01598573327064512,2.7922022342681885,-200.0
-0.1498845040798187,-0.21553682684898376,1.740409578382969,-200.0
-0.20843150317668913,-0.0002568483352661244,2.484390276670456,-200.0
-0.24536413997411727,-0.2944763034582138,1.9818335503339768,-200.0
-0.03674397468566892,-0.08978556990623474,3.1502419233322145,-200.0
-0.051693552732467646,-0.2305353283882141,2.599241292476654,-200.0
-0.26502191573381423,-0.1352672517299652,1.6429642125964166,-200.0
-0.15305315852165222,-0.15950713455677032,2.8361533105373384,-200.0
-0.08979810476303099,-0.07474590539932252,2.3050269812345503,-200.0
-0.1104733407497406,-0.27418819963932034,2.918146324157715,-200.0
-0.16933163702487944,-0.11036658883094788,2.1740594089031218,-200.0
-0.2821431543678045,-0.1937838613986969,2.7298457562923435,-200.0
-0.07379761934280396,-0.02171680927276609,1.561334402486682,-200.0
-0.016109293699264504,-0.18126001060009,2.059209203720093,-200.0
-0.22912635058164596,-0.053285872936248785,3.0155908286571504,-200.0
-0.19127871394157409,-0.2508233472704887,1.8754237815737724,-200.0
-0.12774903774261473,-0.11468616127967834,2.4066514134407044,-200.0
-0.12279472947120665,-0.17233559489250183,3.1319397747516633,-200.0
-0.1956418991088867,-0.043194150924682595,1.963572844862938,-200.0
-0.23239151537418365,-0.2621091932058334,2.5192617654800413,-200.0
-0.009910476207733165,-0.12245180010795592,1.7752252608537673,-200.0
-0.06937206387519837,-0.26291545405983924,2.2735215038061143,-200.0
-0.28714953549206257,-0.10260488390922545,2.8045855164527893,-200.0
-0.17543718516826629,-0.2027305394411087,1.6645285874605178,-200.0
-0.10729343891143797,-0.03183993101119997,2.620853620767593,-200.0
-0.08603859543800355,-0.24035638868808745,1.5298192735761404,-200.0
-0.15857452154159546,-0.14391186833381653,2.6982874870300293,-200.0
-0.2717889279127121,-0.1520476162433624,2.195620667934418,-200.0
-0.04903321266174315,-0.06377534866333007,2.939761692285538,-200.0
-0.031132775545120228,-0.22301871478557586,2.3883397400379183,-200.0
-0.24922149181365966,-0.01125894784927367,1.8571727275848389,-200.0
-0.2110443502664566,-0.2846684597432613,3.0504592776298525,-200.0
-0.14317528009414673,-0.08114503026008604,2.094028002023697,-200.0
-0.13681851625442504,-0.29937273329123854,2.7737782895565033,-200.0
-0.21911429464817045,-0.08511815071105958,1.6054162297397851,-200.0
-0.2557899758219719,-0.21073179244995116,2.904025065898895,-200.0
-0.024006968736648537,-0.0047227084636688454,2.1599836975336073,-200.0
-0.045968914031982444,-0.16422474682331084,1.914505621790886,-200.0
-0.273048497736454,-0.07027503848075867,2.445571255683899,-200.0
-0.161408793926239,-0.2256161391735077,2.0500944048166274,-200.0
-0.08381658196449279,-0.13982952833175658,3.006417816877365,-200.0
-0.1000669240951538,-0.18912549018859864,2.0208050191402434,-200.0
-0.18205144107341764,-0.02662222981452944,3.189271605014801,-200.0
-0.29519201181828975,-0.2786453112959862,1.7311848640441894,-200.0
-0.06313431859016419,-0.10555286407470701,2.4753275096416476,-200.0
-0.007734239101409912,-0.24634378552436828,2.8801831185817717,-200.0
-0.2351250797510147,-0.1193950295448303,2.349011242389679,-200.0
-0.19702048301696778,-0.185831281542778,2.5852177143096924,-200.0
-0.11970296502113342,-0.04837573170661924,1.6287913024425507,-200.0
-0.1175321102142334,-0.20525128841400148,2.644789904356003,-200.0
-0.1997362643480301,-0.0292302668094635,1.68872439712286,-200.0
-0.2376577019691467,-0.2666026264429092,2.780636465549469,-200.0
-0.005819696187973011,-0.09882481098175047,2.2493132054805756,-200.0
-0.06526397466659545,-0.258326818048954,1.8046349480748176,-200.0
-0.29243503622710704,-0.12614582777023314,2.5479971408843998,-200.0
-0.17955086231231687,-0.16972822844982147,1.9342023968696593,-200.0
-0.10201352834701538,-0.04570804238319398,3.1032439172267914,-200.0
-0.08192492723464964,-0.28264268450438973,2.123230043053627,-200.0
-0.1638544410467148,-0.08307774066925047,3.079401767253876,-200.0
-0.2758970260620117,-0.22217023372650146,1.8280101284384727,-200.0
-0.04374770522117616,-0.012018388509750344,2.3594363629817963,-200.0
-0.02586658000946046,-0.15280933678150177,2.963490456342697,-200.0
-0.2533122807741165,-0.06292001008987427,2.2200237184762956,-200.0
-0.21630696058273313,-0.2422868236899376,2.6745463609695435,-200.0
-0.13908092379570006,-0.14189296960830688,1.5054035459645092,-200.0
-0.1409355819225311,-0.2289385512471199,3.0303666651248933,-200.0
-0.21383775472640992,-0.13656354546546937,2.0743028044700624,-200.0
-0.2516853556036949,-0.16872044205665587,2.4216347694396974,-200.0
-0.029295945167541526,-0.06583178043365479,1.890309862792492,-200.0
-0.05124086737632752,-0.20629539191722868,2.18935404419899,-200.0
-0.2689634755253792,-0.009216105937957741,2.932721126079559,-200.0
-0.15615186095237732,-0.2960998912341893,1.5760064728558063,-200.0
-0.08791662454605101,-0.08844285607337951,2.7450431168079374,-200.0
-0.10532385706901551,-0.18432106375694274,1.657954040914774,-200.0
-0.17795140743255616,-0.04993822574615481,2.614120888710022,-200.0
-0.2899200562387705,-0.2460039898753166,2.319809302687645,-200.0
-0.06721934080123901,-0.11979112029075623,2.851240426301956,-200.0
-0.011838859319686867,-0.2790345288813114,2.4990688383579256,-200.0
-0.2298360988497734,-0.10521535277366637,1.7556004539132117,-200.0
-0.19290342628955842,-0.19069485962390897,3.165543043613434,-200.0
-0.12497949600219727,-0.025109732151031516,1.9964018672704698,-200.0
-0.1305815041065216,-0.27158016711473465,1.8687453866004944,-200.0
-0.1890735000371933,-0.09424080848693847,2.40002264380455,-200.0
-0.22725074887275695,-0.20051191449165345,2.1058081805706026,-200.0
-0.018538963794708263,-0.03375949859619143,3.0619346618652346,-200.0
-0.07100635170936584,-0.1745092123746872,2.71017142534256,-200.0
-0.2843895714730024,-0.041302835941314675,1.5411908980458975,-200.0
-0.17117519974708556,-0.25349103212356566,2.9510230720043182,-200.0
-0.10801162719726562,-0.13078921437263488,2.207614850997925,-200.0
-0.09235137104988098,-0.21757723689079284,2.8163721799850467,-200.0
-0.1511180430650711,-0.016986894607543934,2.2849904030561445,-200.0
-0.2628304302692413,-0.28718061894178387,2.6324327647686006,-200.0
-0.05442988872528076,-0.07834712862968443,1.6762049935758114,-200.0
-0.03422275185585022,-0.23789037466049193,1.97484070956707,-200.0
-0.24733129441738128,-0.14668266177177428,3.143927472829819,-200.0
-0.21058178544044492,-0.15744369328022004,1.7871156841516496,-200.0
-0.14710696935653686,-0.05807522535324097,2.530626904964447,-200.0
-0.1352298617362976,-0.1637977123260498,2.3340080261230467,-200.0
-0.2219198763370514,-0.0703973114490509,2.8652901470661165,-200.0
-0.2600243613123894,-0.2336600214242935,1.6139956183731556,-200.0
-0.023261171579360973,-0.1320897102355957,2.5701172232627867,-200.0
-0.038228058815002464,-0.29130103848874567,3.174579668045044,-200.0
-0.27966282740235326,-0.09290338754653929,2.005600768327713,-200.0
-0.16652221977710724,-0.21118595302104948,2.4600130140781404,-200.0
-0.07516077160835266,-0.004554301500320435,1.716603171825409,-200.0
-0.09700427055358887,-0.25057884156703947,2.4307820439338688,-200.0
-0.1839689791202545,-0.11487765312194823,1.899398645758629,-200.0
-0.2956086466088891,-0.17983760833740234,2.9914210855960848,-200.0
-0.05915670990943908,-0.05465013384819031,2.0351949483156204,-200.0
-0.0014490723609924538,-0.19514583349227904,1.5901082191616296,-200.0
-0.24260915368795394,-0.02030126452445985,2.759190112352371,-200.0
-0.20593336522579192,-0.2743819937109947,2.145298245549202,-200.0
-0.11426065564155577,-0.11011523008346558,2.888814330101013,-200.0
-0.11428116559982299,-0.20617685616016387,1.5891181632876397,-200.0
-0.2059538930654526,-0.028292745351791382,2.7576901555061344,-200.0
-0.24259307384490966,-0.26640896424651145,2.1497071743011475,-200.0
-0.0014329612255096214,-0.09902940988540648,2.893536919355393,-200.0
-0.059177398681640625,-0.25857032686471937,2.435083717107773,-200.0
-0.2956293127499521,-0.12590868473052977,1.9042280092835426,-200.0
-0.18395301103591918,-0.16875178813934325,2.990330696105957,-200.0
-0.0969883382320404,-0.04667710661888125,2.0337956607341767,-200.0
-0.07517673969268798,-0.28347435481846334,3.178995031118393,-200.0
-0.16653816998004914,-0.08225687742233276,2.0103168219327925,-200.0
-0.2796421431005001,-0.22177738845348358,2.4590294241905215,-200.0
-0.03820740580558779,-0.012399154901504505,1.715096679329872,-200.0
-0.023277246952056907,-0.15315120220184325,2.3329241216182712,-200.0
-0.2600404590368271,-0.06257062554359435,2.863884425163269,-200.0
-0.22189936637878416,-0.24150487035512924,1.6183037891983987,-200.0
-0.13520931601524352,-0.14268114566802978,2.5749401271343233,-200.0
-0.14713220000267027,-0.2291460156440735,1.9746836006641388,-200.0
-0.21060705184936523,-0.13636359572410583,3.1432539463043216,-200.0
-0.24731992632150648,-0.16778121292591094,1.7906908616423607,-200.0
-0.034211361408233665,-0.06676479578018188,2.5345222532749174,-200.0
-0.05445501208305359,-0.20725817084312437,2.8198466122150423,-200.0
-0.26285552009940144,-0.008242535591125477,2.288986015319824,-200.0
-0.1511065274477005,-0.2958701935596764,2.6321688055992127,-200.0
-0.09233987331390381,-0.08868464827537537,1.67563865929842,-200.0
-0.10802316069602966,-0.18470010459423064,2.7137530624866484,-200.0
-0.17118669748306273,-0.049552810192108165,1.5450797392055393,-200.0
-0.28436446152627465,-0.2451859876513481,2.9508723974227906,-200.0
-0.07098126411437988,-0.12061648964881896,2.2069347888231277,-200.0
-0.018550318479537975,-0.2798301368951797,1.8684879377484322,-200.0
-0.22726213485002517,-0.1044316828250885,2.3994498372077944,-200.0
-0.18904825150966642,-0.19033918976783754,2.1092891484498977,-200.0
-0.1305562376976013,-0.025454449653625477,3.0659238398075104,-200.0
-0.12496796250343323,-0.27118953242897986,2.4996353626251224,-200.0
-0.1928919106721878,-0.09462377429008484,1.7558645904064178,-200.0
-0.22986121773719786,-0.20134122669696808,3.1615471780300144,-200.0
-0.011863946914672852,-0.032936275005340576,1.9929271817207337,-200.0
-0.0672079861164093,-0.1737294852733612,1.6540589332580566,-200.0
-0.289908679202199,-0.04209322929382325,2.610545939207077,-200.0
-0.17797663807868958,-0.25383053719997406,2.3204826772212983,-200.0
-0.10534912347793579,-0.1304374873638153,2.851397383213043,-200.0
-0.0878913938999176,-0.21738135516643525,2.18536471426487,-200.0
-0.15612660348415375,-0.017189276218414318,2.9292400062084196,-200.0
-0.2689748346805572,-0.28810855373740196,1.5765795201063155,-200.0
-0.0512522578239441,-0.07741196751594542,2.7453007936477665,-200.0
-0.0292708218097687,-0.23691171705722808,3.0310464739799503,-200.0
-0.2516602545976639,-0.1476495087146759,2.0744532257318498,-200.0
-0.21384928822517396,-0.15768955349922179,2.4177461087703707,-200.0
-0.1409470796585083,-0.05784044265747071,1.8867284029722216,-200.0
-0.13906495571136473,-0.16298191845417023,2.9648898959159853,-200.0
-0.21629102826118468,-0.07122489809989929,2.2211142599582674,-200.0
-0.25333295613527296,-0.2340367019176483,2.6697167694568638,-200.0
-0.025887233018875133,-0.13170193433761596,1.5011016368865966,-200.0
-0.043731629848480225,-0.2909475926309824,2.118507707118988,-200.0
-0.27588091939687726,-0.09325032234191893,3.074993091821671,-200.0
-0.16387496888637543,-0.21197919845581054,1.8295099079608916,-200.0
-0.08194547295570373,-0.003768271207809426,2.3604262351989744,-200.0
-0.10199300050735474,-0.2496373951435089,1.7998118668794632,-200.0
-0.1795303165912628,-0.11580845117568969,2.5436887800693513,-200.0
-0.2924511255696416,-0.1800474375486374,1.935608372092247,-200.0
-0.06528008580207825,-0.05445254445075989,3.10432802438736,-200.0
-0.0057990074157714955,-0.194913911819458,2.6462961435317993,-200.0
-0.2376370444893837,-0.020540839433670022,1.6897077590227128,-200.0
-0.19975221455097197,-0.2753471240401268,2.775920563936234,-200.0
-0.11754804253578185,-0.1091440200805664,2.2448979943990706,-200.0
-0.1196778416633606,-0.25693750530481335,2.8757744431495667,-200.0
-0.1969953954219818,-0.12724217176437377,2.34428890645504,-200.0
-0.23513659536838533,-0.1780023068189621,2.5862075865268705,-200.0
-0.007745736837387107,-0.03772693276405337,1.6302910946309566,-200.0
-0.06310908794403075,-0.19697263240814208,2.021895560622215,-200.0
-0.29516675043851137,-0.037215954065322854,3.1906710445880893,-200.0
-0.1820628136396408,-0.2679965168237686,1.7268829628825189,-200.0
-0.10007831454277039,-0.0977238893508911,2.4704979181289675,-200.0
-0.08380522727966308,-0.15624943077564238,1.9154889836907387,-200.0
-0.16139740347862244,-0.059186947345733654,2.4470774948596956,-200.0
-0.2730737417936325,-0.23664946407079696,2.045679193735123,-200.0
-0.0459941804409027,-0.1478232979774475,3.00170191526413,-200.0
-0.0239954352378845,-0.2882846217602491,2.7694699287414553,-200.0
-0.2557784736156464,-0.07714283466339111,1.6005931548774242,-200.0
-0.21913940012454985,-0.2187255620956421,2.9051091730594636,-200.0
-0.136843603849411,-0.01575602889060973,2.161389672756195,-200.0
-0.1431545913219452,-0.21471595466136933,2.384764790534973,-200.0
-0.21102367937564848,-0.0010885119438171498,1.8532776072621346,-200.0
-0.24923745542764664,-0.29485706314444543,3.0506162345409393,-200.0
-0.03114870786666868,-0.08939271569252014,2.0947013765573503,-200.0
-0.04901270270347596,-0.23018595725297927,1.5300834037363529,-200.0
-0.2717683956027031,-0.13560910820960997,2.698854011297226,-200.0
-0.15859059691429137,-0.1602953016757965,2.1921459823846816,-200.0
-0.08605470657348632,-0.07396395206451417,2.9357658267021183,-200.0
-0.10727736353874207,-0.2732506848871708,2.2736719250679016,-200.0
-0.17542109191417693,-0.11129216551780699,2.805265325307846,-200.0
-0.2871700499206781,-0.19398846924304963,1.6609471149742603,-200.0
-0.06939260959625243,-0.021523153781890847,2.616964960098267,-200.0
-0.009894508123397816,-0.18102287650108337,3.1284586548805238,-200.0
-0.23237556964159012,-0.05352938175201416,1.9595835149288177,-73.24061197450014
-0.19566258788108826,-0.251792411506176,2.5195194423198704,8.196818609284017
-0.12281538248062132,-0.11370972990989683,1.7757982954382896,20.964405398661196
-0.12776511311531066,-0.17326638400554656,2.0632048159837724,16.905678811299897
-0.19129482507705686,-0.0422526955604553,3.019065260887146,8.371865174075124
-0.2291058272123337,-0.26191159486770627,1.874857434630394,-0.36534370481294864
-0.01608874797821047,-0.12266162037849426,2.4063874542713166,-25.377892110368602
-0.07381358742713928,-0.26315502673387525,2.9174726963043214,-200.0
-0.28215909115970134,-0.10237298011779786,2.173902300000191,-35.49323913337692
-0.16931096613407134,-0.20175932049751283,2.7337411046028137,20.909009013797938
-0.11045268774032593,-0.03280506134033201,1.5649095736443996,13.375117726034302
-0.08981879353523253,-0.24118398427963256,2.598668485879898,-200.0
-0.1530738115310669,-0.14309608340263366,1.6427067510783673,21.246280084232396
-0.2650059588253498,-0.1516598492860794,2.8401424884796143,22.480673363554306
-0.051677620410919195,-0.0641520380973816,2.308507949113846,14.607320437108681
-0.03676450252532959,-0.22336565852165222,1.744298416376114,-200.0
-0.245384681224823,-0.01090550422668457,2.487971913814545,-200.0
-0.20841540992259977,-0.28388243168592453,1.9811534881591797,-37.926302790248315
-0.14986839294433593,-0.08193828463554381,3.150091248750687,13.736731892903682
-0.1324866771697998,-0.2995751171372831,1.7050092972815036,-200.0
-0.22406792342662812,-0.08492227792739868,2.660864865779877,14.754142620198646
-0.2619527220726013,-0.20979664027690886,2.2595769613981247,16.412643886001202
-0.020737749338150036,-0.005650645494461037,2.7911118447780607,0.7497234316897117
-0.04096208810806273,-0.16519160270690916,2.5584715068340302,-48.24371840505451
-0.27750562503933907,-0.06929638981819153,1.8148993879556656,-200.0
-0.16458470821380614,-0.22538136541843412,3.119318270683289,16.378349323395874
-0.0776750385761261,-0.14007539749145506,1.9504883736371994,8.452196115792745
-0.09454497098922729,-0.1895084738731384,3.089665573835373,2.5074109908782916
-0.18585154116153718,-0.02623159289360044,2.133705472946167,-26.629814860381945
-0.29785738354548813,-0.27782208770513533,2.375721275806427,6.890966241211813
-0.056331163644790655,-0.10638216733932496,1.8440851151943207,14.89284625723996
-0.003917527198791515,-0.2471341699361801,2.2360980212688446,-200.0
-0.2407357469201088,-0.11861529350280761,2.979776382446289,20.703262902334952
-0.20369378328323362,-0.1854795455932617,1.5158778897486627,15.287250679435518
-0.11709535717964173,-0.048715227842330955,2.684810775518417,11.269243652788855
-0.11538375020027161,-0.2862388730049133,2.203825441002846,-200.0
-0.20192753076553344,-0.07919978499412536,2.9473415255546573,16.964157993731636
-0.2401779904961586,-0.2166698008775711,1.534914717823267,7.38927747234961
-0.0032679319381713756,-0.017800676822662342,2.703996604681015,4.510367645334643
-0.058079105615615856,-0.15829634070396423,3.0424775779247284,-1.142769074364839
-0.29966054409742354,-0.057133412361145025,2.0862513899803163,-200.0
-0.1863729625940323,-0.23870408982038496,2.3830592393875123,9.710694568962525
-0.0951576590538025,-0.14577521681785582,1.8516758158802986,14.67373051346393
-0.07949736714363098,-0.1996043175458908,2.511069506406784,-49.068921651439254
-0.16631577014923096,-0.03457306623458861,1.7676596388220787,-8.995481088308289
-0.27810143306851387,-0.2706382155418396,3.1268568634986877,16.826011585728303
-0.04150267839431765,-0.0950933039188385,1.9578779637813568,13.072752411707889
-0.01895175576210023,-0.2543046668171883,1.6725228138267993,-200.0
-0.2602585628628731,-0.12988162636756898,2.628644418716431,20.53963081005337
-0.2234357804059982,-0.17536173462867738,2.278814518451691,19.363063431342482
-0.1319091796875,-0.04036095142364504,2.81009663939476,11.379417053870784
-0.14823031425476074,-0.1783831626176834,1.7385494515299798,18.446282407234932
-0.2065756291151047,-0.056161969900131226,2.4820606470108033,2.8193648297903913
-0.24489988088607786,-0.2491587147116661,2.0267139047384264,9.717012945143567
-0.03604193329811095,-0.11635061502456664,3.195800668001175,9.832569049648537
-0.05335260629653932,-0.27589381858706474,2.578055959939957,-200.0
-0.26688207462429997,-0.10866072177886962,1.6218281887471675,-42.984089382145385
-0.15352170467376708,-0.19661872386932372,2.8740559220314026,20.276350708238976
-0.09050500988960267,-0.018881124258041393,2.3426741451025013,7.479641656515042
-0.11234854459762572,-0.23223972469568252,2.8966462671756745,-30.28903131372555
-0.17096849977970122,-0.1335624575614929,2.153238046169281,19.917824061612414
-0.28282785415649414,-0.1623430699110031,2.767855167388916,22.663973809338028
-0.07428122162818909,-0.07190900444984435,1.59887463375926,17.587677601487677
-0.014229798316955589,-0.21265876293182373,2.0572419226169587,-200.0
-0.22748462855815887,-0.0031340181827544944,3.0133684039115907,-200.0
-0.19058915376663207,-0.29281274266541,1.9206186071038247,-200.0
-0.12726114392280577,-0.09144880771636962,2.4518958389759065,-200.0
-0.12342807054519653,-0.2213176041841507,3.107859301567078,-200.0
-0.19618400931358337,-0.012960165739059448,1.9387181252241135,-200.0
-0.23417872935533524,-0.2818289503455162,2.5534456431865693,-200.0
-0.011642450094223045,-0.0839852213859558,1.8099772840738297,-200.0
-0.06874301433563232,-0.2432285875082016,2.267936107516289,-200.0
-0.2866122923791408,-0.14104027748107908,2.7993672311306,-200.0
-0.17365483939647675,-0.15371675491333006,1.7065202988684178,-200.0
-0.10556575655937195,-0.062106245756149286,2.662687146663666,-200.0
-0.08547720909118653,-0.2657890096306801,1.5241332745179534,-200.0
-0.1579584538936615,-0.09973236322402954,2.6931699216365814,-200.0
-0.2700742408633232,-0.20439874827861787,2.2379203021526335,-200.0
-0.04722670912742616,-0.030172187089920033,2.9812873840332035,-200.0
-0.031689298152923595,-0.17063584327697753,2.363951027393341,-200.0
-0.24983326345682144,-0.0448944389820099,1.8326261460781097,-200.0
-0.2127547413110733,-0.2592687517404556,3.084743469953537,-200.0
-0.14497691988945008,-0.12529335021972657,2.128679609298706,-200.0
-0.13752982020378113,-0.2444921851158142,2.7222691655158995,-200.0
-0.21958729326725007,-0.12124559283256531,1.5531263552606105,-200.0
-0.25765458941459657,-0.1828481465578079,2.9124339640140535,-200.0
-0.02567042112350465,-0.05135840177536011,2.1689672261476516,-200.0
-0.04527162909507754,-0.19214932322502137,1.883203610777855,-200.0
-0.2725889414548874,-0.023597860336303733,2.414629870653153,-200.0
-0.1595576226711273,-0.2804546423256397,2.064702847599983,-200.0
-0.08216714859008789,-0.10374242663383484,3.020874571800232,-200.0
-0.09957434535026549,-0.16724765002727507,1.9893959045410157,-200.0
-0.18135714232921601,-0.06725202798843383,3.158437424898148,-200.0
-0.2935455523431301,-0.22742682695388794,1.7461077272891998,-200.0
-0.06125013828277587,-0.1380181610584259,2.4894699454307556,-200.0
-0.00821337103843689,-0.2975202019326389,2.8283592700958256,-200.0
-0.2358053594827652,-0.08697007298469542,2.2970360100269316,-200.0
-0.19865292906761167,-0.20775001645088195,2.593733412027359,-200.0
-0.12157369852066038,-0.007704448699951183,1.6376679174602031,-200.0
-0.11931572556495665,-0.1511033982038498,2.640411221981049,-200.0
-0.20146467983722688,-0.0646255373954773,1.6839848354458808,-200.0
-0.23828749805688856,-0.23945106714963912,2.8216559231281284,-200.0
-0.006358194351196278,-0.14472776055335998,2.2904840469360352,-200.0
-0.06347606778144838,-0.28551871106028553,1.7789076432585715,-200.0
-0.2907017536461353,-0.08020082116127014,2.5230503141880036,-200.0
-0.17891619801521302,-0.22383461594581605,1.9697485268115997,-200.0
-0.10147072076797484,-0.010353684425354004,3.1382151126861575,-200.0
-0.08021584153175354,-0.26120405942201613,2.097817209362984,-200.0
-0.1620534986257553,-0.12326783537864686,3.0541406214237217,-200.0
-0.2753411874175072,-0.1713915377855301,1.863449104130268,-200.0
-0.04313725233078003,-0.044044554233551025,2.3945147633552555,-200.0
-0.02758052945137024,-0.20354656577110292,2.9592185735702516,-200.0
-0.25511751919984815,-0.030934739112853993,2.215177205204964,-200.0
-0.21686709523200987,-0.2637657947838306,2.7152510941028596,-200.0
-0.13969624042510986,-0.101660817861557,1.5468890532851218,-200.0
-0.14278771877288818,-0.2771884024143219,2.9985860824584964,-200.0
-0.21548879742622373,-0.10706223249435423,2.0421548068523405,-200.0
-0.25238423645496366,-0.18770746886730194,2.4369059979915617,-200.0
-0.029756480455398582,-0.028097301721572876,1.9057389855384828,-200.0
-0.0493747115135193,-0.18734071254730222,2.1379369258880616,-200.0
-0.26729899048805233,-0.046918827295303334,2.8820779502391813,-200.0
-0.15543952882289885,-0.24781886190176008,1.5841960594058038,-200.0
-0.0874420702457428,-0.11797707080841063,2.7526642918586735,-200.0
-0.10369244813919068,-0.20931396782398223,1.6068448200821877,-200.0
-0.17608221173286437,-0.006197923421859763,2.5631698787212374,-200.0
-0.2894424743950367,-0.29791597807779907,2.327898308634758,-200.0
-0.06654008030891417,-0.08662773370742796,2.8589623212814335,-200.0
-0.013483715057373058,-0.22709134966135025,2.4673885703086853,-200.0
-0.231719309091568,-0.13841164112091064,1.7233520910143851,-200.0
-0.1933950215578079,-0.16573426723480225,3.180506032705307,-200.0
-0.1256722033023834,-0.06881827712059022,2.012139102816582,-200.0
-0.13003395795822142,-0.23486621975898742,1.8210470020771026,-200.0
-0.18843414187431334,-0.1497067093849182,2.3522746086120607,-200.0
-0.22551276236772538,-0.15563347041606904,2.116892945766449,-200.0
-0.01674630045890807,-0.05988476872444154,3.0732745707035067,-200.0
-0.07154045104980469,-0.21942801475524903,2.681279498338699,-200.0
-0.28501491397619244,-0.01513550877571107,1.512768127117306,-200.0
-0.17289916276931763,-0.2901635058224201,2.970019519329071,-200.0
-0.10979084372520445,-0.07536420822143555,2.2259326040744782,-200.0
-0.09297115802764891,-0.17636092007160187,2.7875870525836945,-200.0
-0.1516825944185257,-0.039450091123580944,2.256460723280907,-200.0
-0.26464008316397664,-0.25647255778312683,2.6511144876480106,-200.0
-0.056148308515548695,-0.12780722379684448,1.6948373824357987,-200.0
-0.03361698389053347,-0.26855693981051443,1.9274567455053329,-200.0
-0.24678019434213638,-0.09726347923278808,3.095865118503571,-200.0
-0.2087855815887451,-0.19870033264160156,1.798093345761299,-200.0
-0.14540256857872008,-0.03556997179985044,2.542073917388916,-200.0
-0.13476001024246215,-0.1922744482755661,2.3120327413082125,-200.0
-0.2212122917175293,-0.023173677921295155,2.843258726596832,-200.0
-0.2583646148443222,-0.2727131053805351,1.6524571418762206,-200.0
-0.021399700641632102,-0.11178458333015442,2.6088403880596163,-200.0
-0.038693064451217674,-0.2522802740335464,3.1731228768825535,-200.0
-0.2803661249577999,-0.11317675709724426,2.004606640338898,-200.0
-0.16817767918109894,-0.1826780140399933,2.504777956008911,-200.0
-0.07701737880706785,-0.05181083679199219,1.760695904493332,-200.0
-0.0976925790309906,-0.29300111085176467,2.4294255673885345,-200.0
-0.18445612192153932,-0.09120342135429382,1.8983041018247606,-200.0
-0.2974874049425125,-0.21402728855609893,3.0358777880668644,-200.0
-0.06079716682434083,-0.0017136454582214466,2.0795958191156387,-200.0
-0.0007650554180145264,-0.1609249770641327,1.5684408634901046,-200.0
-0.24212687015533446,-0.07327065467834473,2.73685085773468,-200.0
-0.20405946671962738,-0.23199206292629243,2.183659163117409,-200.0
-0.11262449026107788,-0.13375770449638366,2.927638214826584,-200.0
-0.11311050653457641,-0.2313638538122177,2.3546531796455383,-200.0
-0.2047809988260269,-0.13444785475730894,1.823636309802532,-200.0
-0.24142005890607832,-0.16148008704185485,3.06756312251091,-200.0
-0.00026233792304991566,-0.0728003740310669,2.1109706848859786,-200.0
-0.06034798622131349,-0.21355471909046173,1.5068718916736543,-200.0
-0.2968022832646966,-0.0022664666175842285,2.675593990087509,-200.0
-0.18512595891952516,-0.29369354993104935,2.228547927737236,-200.0
-0.09815903306007384,-0.09057750105857848,2.972424030303955,-200.0
-0.07634975910186767,-0.18220759034156797,2.2507752656936644,-200.0
-0.1677089899778366,-0.05236580371856689,2.7816907823085786,-200.0
-0.2808129407465458,-0.25297028124332427,1.6972419314086438,-200.0
-0.03938053250312806,-0.11254840493202209,2.6537297606468204,-200.0
-0.022104156017303478,-0.27208704203367234,3.098454451560974,-200.0
-0.25886970609426496,-0.11247687935829162,1.9298352658748628,-200.0
-0.22072849273681638,-0.1928271263837814,2.53615180850029,-200.0
-0.13403626084327697,-0.022700965404510498,1.7923818722367286,-200.0
-0.1459614336490631,-0.19815452098846437,2.8456531047821043,-200.0
-0.20943388938903806,-0.036049550771713235,2.3146313458681105,-200.0
-0.246146884560585,-0.2691761367022991,2.603138262033463,-200.0
-0.03304055929183958,-0.09656431674957275,1.6465507008135318,-200.0
-0.05562584996223449,-0.2557711064815521,1.9986743479967117,-200.0
-0.2640286087989807,-0.12842413187026977,3.1673948109149936,-200.0
-0.15227963626384736,-0.17684278786182403,1.7632686451077462,-200.0
-0.09351060390472413,-0.03890656828880312,2.507146394252777,-200.0
-0.10919614434242247,-0.2894642002880573,1.8925760611891747,-200.0
-0.17235735654830933,-0.07598326206207276,2.4234932243824003,-200.0
-0.28553514294326304,-0.21990745067596434,2.0819643080234527,-200.0
-0.07215414047241211,-0.01458955407142637,3.0384505033493046,-200.0
-0.017377406358718872,-0.15508980453014373,2.739449512958527,-200.0
-0.22609140872955322,-0.060366493463516246,1.5708352036774158,-200.0
-0.18787764608860014,-0.23548298478126525,2.9217318117618563,-200.0
-0.12938328981399536,-0.14900511503219604,2.177956986427307,-200.0
-0.12614101767539979,-0.16635332107543946,1.6813829503953457,-200.0
-0.19406273066997526,-0.06811897158622743,2.638020086288452,-200.0
-0.23103198856115342,-0.22654539495706558,2.296393743157387,-200.0
-0.013037109375000022,-0.13889107704162598,2.82735470533371,-200.0
-0.06603485941886902,-0.2983977028168738,2.5287751376628878,-200.0
-0.2887379352003336,-0.08608406782150269,1.7848432034254074,-200.0
-0.17680580019950864,-0.20861237347126005,3.1358499169349674,-200.0
-0.10417603254318236,-0.006814688444137573,1.9671725183725357,-200.0
-0.08672069907188415,-0.24829844087362288,3.060076206922531,-200.0
-0.1549537181854248,-0.11743125915527344,2.10354198217392,-200.0
-0.26780184656381606,-0.1866415500640869,2.391938805580139,-200.0
-0.0500815987586975,-0.047538024187088024,1.861083883047104,-200.0
-0.030441445112228405,-0.18832437694072723,2.2127861201763155,-200.0
-0.2528332158923149,-0.027395850419998147,2.9566166758537293,-200.0
-0.21502220034599304,-0.27664487957954403,1.5525879494845867,-200.0
-0.1421178102493286,-0.10754410028457642,2.721160739660263,-200.0
-0.14023797512054442,-0.26432076171040536,2.039568766951561,-200.0
-0.2174616515636444,-0.10119039416313172,2.9962042689323427,-200.0
-0.2545036286115646,-0.20291821360588075,1.9116580039262772,-200.0
-0.027060145139694236,-0.03162474632263185,2.4426206886768345,-200.0
-0.04255868196487428,-0.1720838338136673,2.8877667009830477,-200.0
-0.2747102200984955,-0.043418490886688255,2.1438299030065537,-200.0
-0.16270436346530914,-0.2607313469052315,2.7502565383911133,-200.0
-0.08077248930931091,-0.12382051348686218,1.5815840162336827,-200.0
-0.10082219839096068,-0.22452476620674133,2.569062906503677,-200.0
-0.1783571898937225,-0.009725475311279319,1.6125335581600666,-200.0
-0.2912780921906233,-0.2850484304130077,2.856350290775299,-200.0
-0.06410924792289735,-0.08075593113899229,2.32549050450325,-200.0
-0.006969881057739269,-0.2400038883090019,1.7209703028202057,-200.0
-0.2388101041316986,-0.14425519108772278,2.4648024797439576,-200.0
-0.20092532336711882,-0.15047747790813445,2.017853844165802,-200.0
-0.11871880888938904,-0.06531797647476195,3.1864250004291534,-200.0
-0.12085078954696654,-0.20844231247901918,1.9446111023426056,-200.0
-0.19816609025001525,-0.007078385353088357,3.113548052310944,-200.0
-0.2363072007894516,-0.2970474894158542,1.8073652282357215,-200.0
-0.008918720483779896,-0.08752275109291077,2.5510378897190096,-200.0
-0.06193606853485106,-0.22798179388046264,2.7969854176044464,-200.0
-0.29399612210690973,-0.13754773736000062,2.2653500676155094,-200.0
-0.1808921366930008,-0.1666192978620529,2.668401837348938,-200.0
-0.09890540242195128,-0.06794203519821168,1.7124392792582512,-200.0
-0.08263435363769531,-0.2810074634850025,2.6905838310718537,-200.0
-0.16022434830665588,-0.10326985716819762,1.5217514768242837,-200.0
-0.271900637447834,-0.19152340292930603,2.9872063517570497,-200.0
-0.04482341408729551,-0.024290299415588357,2.243634992837906,-200.0
-0.025166237354278587,-0.1835382968187332,1.8383148461580276,-200.0
-0.256951604783535,-0.050730192661285395,2.3698440551757813,-200.0
-0.22031243741512296,-0.24402190446853636,2.1262718051671983,-200.0
-0.13801444172859192,-0.12180070281028746,3.0821314394474033,-200.0
-0.14432771801948546,-0.2597504764795303,1.5590619280934335,-200.0
-0.21219442784786224,-0.12474968433380126,2.727993988990784,-200.0
-0.2504082977771759,-0.16993424892425538,2.1663912177085876,-200.0
-0.03232179880142211,-0.04551120400428771,2.910068768262863,-200.0
-0.04783964753150938,-0.20501780211925508,2.412238734960556,-200.0
-0.27059758007526397,-0.029472881555557273,1.880601738393307,-200.0
-0.1574198305606842,-0.2652430549263954,3.02657345533371,-200.0
-0.08488154411315918,-0.10021179914474487,2.0706125438213348,-200.0
-0.10610674023628233,-0.15433366298675535,3.1558355271816256,-200.0
-0.17424812614917753,-0.061404794454574585,1.9870048195123673,-200.0
-0.28599713332951066,-0.24268506467342377,2.4953795909881595,-200.0
-0.06822187900543214,-0.14152214527130128,1.7518066361546516,-200.0
-0.011065202951431263,-0.282308529317379,2.3027607828378676,-200.0
-0.23354845941066743,-0.0834394097328186,2.834294855594635,-200.0
-0.19683557152748107,-0.22061844170093536,1.6353027090430259,-200.0
-0.12398604154586793,-0.013579362630844138,2.591157454252243,-200.0
-0.12659427523612976,-0.29211129136383535,2.9416134595870975,-200.0
-0.19012173414230346,-0.09206571578979492,2.19789314866066,-200.0
-0.22793271392583847,-0.2131406307220459,2.7063650429248813,-200.0
-0.014918017387390126,-0.0025904953479766735,1.5374874679371715,-200.0
-0.07498435378074647,-0.1617972582578659,2.0888500452041625,-200.0
-0.28333224914968014,-0.07238858342170715,3.0448719561100006,-200.0
-0.17048400342464445,-0.23285892158746718,1.8457693874835968,-200.0
-0.11162348985671997,-0.13286329507827757,2.3773571133613585,-200.0
-0.09099170565605164,-0.19607505798339842,1.7700539916753768,-200.0
-0.1542445421218872,-0.0193628489971161,2.5136681616306307,-200.0
-0.26617657095193864,-0.27651058360934255,1.9521757870912553,-200.0
-0.05285056829452514,-0.10795912742614747,3.12095046043396,-200.0
-0.035591500997543324,-0.2484594091773033,2.6227120757102966,-200.0
-0.24421402662992475,-0.11696966886520385,1.6667947858572005,-200.0
-0.20724473297595977,-0.17886259853839875,2.8126693546772,-200.0
-0.1486955165863037,-0.05561601519584655,2.2811830073595045,-200.0
-0.13131608963012695,-0.17488916516304015,2.476375138759613,-200.0
-0.2228949576616287,-0.040913772583007824,1.7326532065868379,-200.0
-0.26077977418899534,-0.2549971058964729,3.198205178976059,-200.0
-0.019567054510116588,-0.12925570607185363,2.029329228401184,-200.0
-0.04213274717330934,-0.2700100064277649,1.62441748380661,-200.0
-0.27867852374911306,-0.09578345417976378,2.5804345309734344,-200.0
-0.16575772762298582,-0.200159427523613,2.3367518842220307,-200.0
-0.0788456618785858,-0.03410278558731078,2.868344473838806,-200.0
-0.09571806192398072,-0.23807802647352216,2.1556165665388107,-200.0
-0.1870222896337509,-0.14646751284599305,2.8992356002330784,-200.0
-0.2990282529965043,-0.15884901881217955,1.5931631475687027,-200.0
-0.05750421881675721,-0.05666069984436034,2.7619329571723936,-200.0
-0.0027445077896118275,-0.2161993771791458,3.0074721336364747,-200.0
-0.23956492245197294,-0.01835564374923704,2.0515564650297167,-200.0
-0.2025229811668396,-0.28692888021469115,2.4545111119747163,-200.0
-0.11592223048210143,-0.07857143282890319,1.9230231434106826,-200.0
-0.11655437350273132,-0.1861811399459839,3.0149977564811707,-200.0
-0.20310047864913938,-0.04809846282005309,2.058933085203171,-200.0
-0.24135091602802275,-0.24665244519710539,2.4070961415767673,-200.0
-0.004438662528991721,-0.11915895938873292,1.8757704243063928,-200.0
-0.05690841078758241,-0.27836804240942,2.1748411536216734,-200.0
-0.2984876629896462,-0.10590273141860962,2.918207424879074,-200.0
-0.18519996106624603,-0.1888894200325012,1.5606637194752693,-200.0
-0.09398699998855589,-0.026930898427963257,2.7296995401382445,-200.0
-0.07832424044609068,-0.22592488825321197,1.6434413656592368,-200.0
-0.16514503955841064,-0.1395935297012329,2.599607390165329,-200.0
-0.2769305817782879,-0.16457469463348387,2.304466333985329,-200.0
-0.04032958745956422,-0.06999784111976623,2.835896646976471,-200.0
-0.02012481093406676,-0.2104958027601242,2.483700132369995,-200.0
-0.2614293694496155,-0.005031448602676403,1.7402309373021125,-200.0
-0.22460656464099882,-0.2990955381654203,3.1510042130947116,-200.0
-0.13308234214782713,-0.0854680895805359,1.9818622261285783,-200.0
-0.14940118789672852,-0.2843551442027092,2.656839108467102,-200.0
-0.20774870216846464,-0.08138560652732849,1.7007727906107903,-200.0
-0.24607297629117963,-0.222673362493515,2.7918557941913607,-200.0
-0.03721269965171814,-0.011531567573547341,2.260531723499298,-200.0
-0.05218180418014526,-0.15228820145130156,1.8158281087875365,-200.0
-0.26570893451571465,-0.06346203088760377,2.5591895163059233,-200.0
-0.1523486852645874,-0.24062901735305786,1.9462258636951448,-200.0
-0.08933417201042174,-0.14356650710105895,3.115266573429108,-200.0
-0.11117559671401978,-0.20238524079322814,2.1344234317541124,-200.0
-0.16979778707027435,-0.032112622261047385,3.0905943453311924,-200.0
-0.2816572621464729,-0.26260220557451247,1.8400333926081658,-200.0
-0.07310823798179628,-0.10284554958343506,2.37145881652832,-200.0
-0.015402817726135276,-0.2623818755149841,2.9755398631095886,-200.0
-0.22865526527166366,-0.12210651040077208,2.232072314620018,-200.0
-0.19175981283187865,-0.17257623374462128,2.685765486955643,-200.0
-0.12843405604362487,-0.04288090467453004,1.5166218549944461,-200.0
-0.1222549796104431,-0.2510999724268913,2.3485221326351167,-200.0
-0.19501324295997619,-0.11433565020561218,2.8798034429550174,-200.0
-0.23300786912441251,-0.18149544596672057,1.629339587688446,-200.0
-0.010469394922256459,-0.05297656059265138,2.5854603946208954,-200.0
-0.069916033744812,-0.19343335926532745,3.18994979262352,-200.0
-0.2877831257879734,-0.02199343442916868,2.02097008228302,-200.0
-0.17482562363147736,-0.2738788940012455,2.4745528578758242,-200.0
-0.10673888325691222,-0.11060201525688171,1.7311422049999237,-200.0
-0.08664779663085936,-0.15974262356758118,2.446151864528656,-200.0
-0.15913143754005432,-0.07443666458129883,1.9147677570581436,-200.0
-0.2712471753358841,-0.23081202059984207,3.0059611320495607,-200.0
-0.048397403955459606,-0.13491681218147278,2.0497341841459273,-200.0
-0.03051863908767699,-0.2941670559346676,1.6046221166849137,-200.0
-0.2486603558063507,-0.0900210678577423,2.7737032055854796,-200.0
-0.21158173978328704,-0.2151863783597946,2.1606424301862717,-200.0
-0.14380629658699035,-0.0005335450172424538,2.904157704114914,-200.0
-0.13635690808296203,-0.2182436943054199,1.857552605867386,-200.0
-0.21841658055782318,-0.01629955172538755,2.3888290524482727,-200.0
-0.2564839705824852,-0.28898607306182383,2.093785119056702,-200.0
-0.024497473239898704,-0.07652592658996582,3.0499107897281648,-200.0
-0.046444612741470326,-0.2360302671790123,2.698122626543045,-200.0
-0.2737595871090889,-0.14852246046066284,1.5291412949562073,-200.0
-0.16072831749916075,-0.1567952424287796,2.9398041486740114,-200.0
-0.08334002494812012,-0.05870736837387086,2.1963951170444487,-200.0
-0.1007451832294464,-0.26737975180149076,2.8043231785297396,-200.0
-0.18253021538257597,-0.09842548370361329,2.2729405909776688,-200.0
-0.294718674570322,-0.19751629829406736,2.621214044094086,-200.0
-0.062420868873596186,-0.03673422932624815,1.6649854749441146,-200.0
-0.007042604684829701,-0.17752287089824675,1.9636477261781693,-200.0
-0.23463221043348312,-0.03827288746833801,3.132733678817749,-200.0
-0.19747987389564514,-0.25763681083917617,1.775092825293541,-200.0
-0.12040289640426635,-0.12662311792373657,2.5186032354831696,-200.0
-0.11814274191856383,-0.2747279271483421,1.7549224689602851,-200.0
-0.2002940386533737,-0.10984318256378173,2.4989039778709414,-200.0
-0.23711680769920349,-0.19545972347259521,1.9971762657165528,-200.0
-0.005185317993164074,-0.02006126046180723,3.1655855000019075,-200.0
-0.06464897990226745,-0.1795655697584152,2.6146102011203767,-200.0
-0.29187247082591056,-0.054996067285537714,1.658333919197321,-200.0
-0.18008682131767273,-0.2503388464450836,2.850691938400269,-200.0
-0.10264366865158081,-0.1151915431022644,2.31956641972065,-200.0
-0.0813866078853607,-0.21149976253509523,2.933515030145645,-200.0
-0.16322664320468902,-0.004314225912094127,2.189428925514221,-200.0
-0.27651423811912534,-0.29164689816534517,2.7443845868110657,-200.0
-0.04430805444717406,-0.09263126850128173,1.57587403729558,-200.0
-0.02640969157218931,-0.2334199368953705,2.073721891641617,-200.0
-0.25394444167613983,-0.13240352869033814,3.0301043272018435,-200.0
-0.2156939685344696,-0.1635255843400955,1.8907667502760888,-200.0
-0.13852550983428955,-0.07074317336082458,2.4219951927661896,-200.0
-0.1416146993637085,-0.15713444352149963,2.220188781619072,-200.0
-0.21431795954704286,-0.05831072330474854,2.964168643951416,-200.0
-0.2512134477496147,-0.2375399261713028,1.505360888503492,-200.0
-0.028583353757858254,-0.1469593584537506,2.67377170920372,-200.0
-0.0505478024482727,-0.2874161146581173,3.079022091627121,-200.0
-0.26846975237131115,-0.07803788781166077,2.1227409332990645,-200.0
-0.1566103845834732,-0.21785392463207243,2.3596790432929993,-200.0
-0.08861512541770936,-0.016636455059051536,1.8285584136843682,-200.0
-0.10486310720443726,-0.2531405299901962,2.547922056913376,-200.0
-0.17725512385368347,-0.13106583952903747,1.8038408413529397,-200.0
-0.2906154803931713,-0.1741999089717865,3.1033765554428103,-200.0
-0.0677107036113739,-0.04153826236724856,1.9348611295223237,-200.0
-0.012313127517700195,-0.20078854858875272,1.6889865450561046,-200.0
-0.23054632991552354,-0.03340898752212523,2.645370614528656,-200.0
-0.1922220915555954,-0.27181559577584263,2.2489529848098755,-200.0
-0.12450150847434996,-0.09393147826194762,2.7801797807216646,-200.0
-0.13120476007461548,-0.1909675419330597,2.7584081649780274,-200.0
-0.18960727751255035,-0.02476444244384768,1.5900469221174718,-200.0
-0.2266857862472534,-0.279275169968605,2.8894852221012117,-200.0
-0.017917138338089,-0.10490210652351378,2.1454446643590925,-200.0
-0.07036957740783692,-0.24565870016813277,1.8999915152788163,-200.0
-0.28384184539318086,-0.12006381154060364,2.431057959794998,-200.0
-0.1717260718345642,-0.18400780856609344,2.03475042283535,-200.0
-0.10862007737159729,-0.050178873538970936,2.991074645519257,-200.0
-0.09179813861846922,-0.29634047420695425,2.006291115283966,-200.0
-0.15051195323467254,-0.08812953829765319,3.1747585117816928,-200.0
-0.2634694196283817,-0.20656802058219909,1.7158406794071197,-200.0
-0.05497539639472962,-0.008870744705200218,2.4599841356277468,-200.0
-0.034789931774139415,-0.1684071332216263,2.864813196659088,-200.0
-0.24795090258121488,-0.06607235670089723,2.3336421310901643,-200.0
-0.20995616912841797,-0.2285931944847107,2.5706776678562164,-200.0
-0.1465755522251129,-0.13683616518974304,1.6142520792782307,-200.0
-0.13593068718910217,-0.2420508250594139,3.1439885735511783,-200.0
-0.22238516807556152,-0.14220170974731444,1.9756224542856216,-200.0
-0.2595376119017601,-0.15253214836120604,2.5304806888103486,-200.0
-0.02257035970687865,-0.06326993107795714,1.7864449948072434,-200.0
-0.03752244114875791,-0.22247898280620576,2.2847142845392225,-200.0
-0.2791931726038456,-0.011782389879226696,2.8157791078090666,-200.0
-0.1670047491788864,-0.28299263007938863,1.6765516363084316,-200.0
-0.07584664821624756,-0.08280054330825806,2.6328774929046634,-200.0
-0.09651952385902404,-0.16945095062255858,1.5410122506320476,-200.0
-0.18328531980514526,-0.04605790972709656,2.709481281042099,-200.0
-0.2963166248984635,-0.2580907478928566,2.207643526792526,-200.0
-0.05962400436401366,-0.126454496383667,2.9517853617668153,-200.0
-0.0019381821155547985,-0.26695248708128927,2.4003887414932255,-200.0
-0.24329760521650312,-0.09854754209518432,1.8692225396633149,-5.440781360714421
-0.20523032248020173,-0.20555994808673858,3.061677998304367,20.820648604374018
-0.1137975811958313,-0.02899419665336611,2.1052475333213807,11.30652447672144
-0.11424529552459717,-0.26612322628498075,3.1620882689952854,-71.4670920592765
-0.20540339648723602,-0.09933074712753295,1.9932033509016038,20.673458251465476
-0.24372764825820922,-0.20589483976364137,2.5025108456611633,17.973162307354578
-0.002056932449340798,-0.028595513105392434,1.7587864309549333,8.715952082799124
-0.05921233892440797,-0.16905227601528167,2.323073074221611,-38.227705418387515
-0.2961795941926539,-0.046392792463302635,2.85465669631958,-200.0
-0.18281922340393064,-0.2588739529252052,1.6547295719385147,-50.01418460112566
-0.09636474251747132,-0.12562522888183594,2.610744136571884,20.452869540688987
-0.07601977586746214,-0.22149549722671508,1.5794746037572622,-200.0
-0.16745251715183257,-0.01270206570625304,2.7482549071311952,-3.099199140414024
-0.27931187152862547,-0.28318874537944794,2.1859254121780394,3.514015229638815
-0.03795245289802551,-0.08255835771560668,2.9295484483242036,14.527421069597546
-0.02243328094482422,-0.24180863946676254,2.418384474515915,-200.0
-0.2591258972883224,-0.14239783287048338,1.8869069933891298,18.84359867031546
-0.22223042249679564,-0.1534518152475357,3.033604598045349,19.397271605569298
-0.13546462655067443,-0.0622864544391632,2.0776929318904878,16.625311751273706
-0.14702387452125548,-0.1680825412273407,2.671100908517838,22.146887232293963
-0.21012986898422242,-0.06647905111312866,1.502220858912915,-31.01273860361047
-0.24838032871484755,-0.22944877892732618,2.9669482707977295,18.70442136970396
-0.03490805625915527,-0.1360815703868866,2.2232189923524857,-26.443089156252693
-0.05456426739692688,-0.2955858724191785,1.8312313169240952,-200.0
-0.26333291977643963,-0.08898512721061705,2.362816560268402,-16.82811898854468
-0.1500453382730484,-0.2069747060537338,2.119969514012337,7.996681863297162
-0.09164282083511352,-0.008546161651611317,3.0759824573993684,4.47022904084772
-0.10879374146461487,-0.24548889845609664,1.9376344740390778,-200.0
-0.17217435836791992,-0.12033460736274718,3.1064131498336796,16.65658758938658
-0.28396002016961575,-0.1850015938282013,1.8011637330055237,18.77420844088211
-0.07079905271530151,-0.04926720857620237,2.5447883903980255,9.830348579074416
-0.017780667543411233,-0.19005588591098785,2.7774019777774814,-200.0
-0.22627469301223754,-0.0257582187652588,2.245919632911682,-200.0
-0.18945190608501433,-0.2795459724962711,2.648037159442902,-17.36088110917574
-0.13073809146881102,-0.10473230481147766,1.6921303570270538,19.716253254849278
-0.12463969588279725,-0.20103959441185,2.148536077141762,-5.964523795869162
-0.1926349550485611,-0.03322173357009889,2.8922046601772307,1.7728436804795766
-0.2307022511959076,-0.2708870485424995,1.5868577912449837,-18.337554691876328
-0.01278029680252074,-0.094906085729599,2.755787420272827,4.253234756179959
-0.06753646731376647,-0.25411512851715085,2.9879922509193424,-200.0
-0.29016656577587124,-0.13013729453086853,2.0320223718881607,-12.038859635608638
-0.1771352469921112,-0.17401264607906342,2.434249991178513,21.3075559445307
-0.10443198680877686,-0.0417893171310425,1.9026105627417564,12.971334057337053
-0.08902797102928162,-0.28780593238770963,2.456788659095764,-200.0
-0.15674855411052704,-0.07769413590431212,1.713226242363453,20.865552054072364
-0.2689369641244411,-0.2170795977115631,3.177843540906906,18.46737649193142
-0.05070376396179199,-0.017474591732025146,2.0090168356895446,4.659752762866565
-0.028134459257125877,-0.15797258913516998,1.6174377903342247,-200.0
-0.2510392338037491,-0.057536387443542475,2.573303073644638,-200.0
-0.21388680338859556,-0.23719618320465086,2.3305534541606905,-200.0
-0.14149478673934937,-0.14734917283058166,2.862091529369354,-200.0
-0.1386630892753601,-0.23432216942310333,1.7903628125786781,-200.0
-0.216106241941452,-0.13140031099319457,2.5340330421924593,-200.0
-0.25410096198320387,-0.1632642388343811,1.971606120467186,-200.0
-0.026877468824386574,-0.07092241644859315,3.1405341029167175,-200.0
-0.04413328170776365,-0.21167901456356047,2.628961372375488,-200.0
-0.27606477588415146,-0.004052871465683006,1.6729963824152947,-200.0
-0.16310732066631317,-0.2906436838209629,2.8198040544986727,-200.0
-0.08095602393150328,-0.09353349208831788,2.288159736990929,-200.0
-0.10305597782135009,-0.18032959699630735,2.947762644290924,-200.0
-0.18022443652153014,-0.05414991974830627,2.204195338487625,-200.0
-0.29234022460877895,-0.24992270171642303,2.7133927404880525,-200.0
-0.06480547785758972,-0.11550668478012086,1.544570918008685,-200.0
-0.0047358155250549205,-0.2750430665910244,2.109266197681427,-200.0
-0.23694199472665786,-0.10942704677581785,3.0651298344135287,-200.0
-0.19986347258090972,-0.19461356699466703,1.8653001114726067,-200.0
-0.1180234372615814,-0.020825296640396118,2.3968398332595826,-200.0
-0.12052159309387206,-0.1777192711830139,1.8722150564193725,-200.0
-0.19790988564491271,-0.038030987977981545,2.4031802237033846,-200.0
-0.23480532467365264,-0.2566530480980873,2.0623784363269806,-200.0
-0.007490354776382435,-0.127542507648468,3.019022905826569,-200.0
-0.06226612329483033,-0.26829913482069967,2.733251690864563,-200.0
-0.29425261728465557,-0.0974417209625244,1.5645816322416066,-200.0
-0.18239315450191496,-0.1972743898630142,2.9147527515888214,-200.0
-0.10033348202705383,-0.036930638551712025,2.170824921131134,-200.0
-0.08377007246017457,-0.23636486381292343,2.8393486857414247,-200.0
-0.16084704995155333,-0.14812349081039428,2.308484897017479,-200.0
-0.2742073148488998,-0.15596626996994017,2.5960586845874785,-200.0
-0.04661770462989806,-0.05949084162712098,1.6395188234746456,-200.0
-0.02403137683868406,-0.21902719438076018,1.9784141391515733,-200.0
-0.2563291847705841,-0.015470570325851418,3.1469812929630283,-200.0
-0.21800489723682404,-0.28858710899949075,1.7437896996736526,-200.0
-0.13621986508369446,-0.07686052322387696,2.4876113891601563,-200.0
-0.14392445683479307,-0.2951611245051026,2.257803571224213,-200.0
-0.2120111972093582,-0.08910968899726868,2.7887736022472382,-200.0
-0.24883401542901992,-0.21501629948616027,1.7033917494118214,-200.0
-0.030966925621032704,-0.0008040547370910534,2.660031342506409,-200.0
-0.048242050409317005,-0.16001314222812651,3.117985808849335,-200.0
-0.2707805223762989,-0.07426657676696777,1.94931737780571,-200.0
-0.15899496674537658,-0.22990064173936842,2.556568568944931,-200.0
-0.0862367033958435,-0.13591087460517884,1.8126391172409058,-200.0
-0.10716832280158997,-0.1942886531352997,2.3740844249725344,-200.0
-0.17494376599788666,-0.021238553524017323,1.8432190150022507,-200.0
-0.2882314547896385,-0.273554590344429,3.0878728806972506,-200.0
-0.07008973360061646,-0.11100899577140808,2.1313346534967423,-200.0
-0.010002762079238892,-0.25150695294141767,1.5140075240284205,-200.0
-0.23285253793001176,-0.11401135325431824,2.682569807767868,-200.0
-0.19460211396217347,-0.1807405650615692,2.2347981363534926,-200.0
-0.12211847305297852,-0.0538318634033203,2.97862468957901,-200.0
-0.1289012610912323,-0.2616078346967697,2.5885977089405063,-200.0
-0.19191577434539794,-0.12294493317604063,1.632012592256069,-200.0
-0.22906809747219087,-0.17296577095985413,2.8767636060714725,-200.0
-0.015540969371795665,-0.042536866664886486,2.345750814676285,-200.0
-0.072677081823349,-0.2020412117242813,1.7280020788311958,-200.0
-0.28153735511004924,-0.032502150535583474,2.4718822598457337,-200.0
-0.16934891045093536,-0.2634406305849552,2.0240001916885375,-200.0
-0.11100139617919921,-0.10207148194313048,3.1927296221256256,-200.0
-0.08949009776115416,-0.15135936141014097,2.04670093357563,-200.0
-0.15281585454940796,-0.06443635225296021,3.003183126449585,-200.0
-0.26584713757038114,-0.24088034927845,1.917911683022976,-200.0
-0.05259468555450439,-0.14337953925132751,2.4488183081150057,-200.0
-0.03709282279014586,-0.2841681752353907,2.9071945011615754,-200.0
-0.2456418514251709,-0.08163694739341734,2.1634156733751295,-200.0
-0.20757444798946378,-0.22364767491817472,2.7705697417259216,-200.0
-0.1489522576332092,-0.010602736473083518,1.6019449133425951,-200.0
-0.13355008363723755,-0.21007994413375852,3.0538753449916842,-200.0
-0.22476304471492767,-0.00534687638282777,2.097291874885559,-200.0
-0.2618416741490364,-0.29985928684473034,2.384962785243988,-200.0
-0.020262426137924172,-0.08462165594100951,1.8539483472704887,-200.0
-0.03989903926849364,-0.2250784456729889,2.1924220502376555,-200.0
-0.27681128829717633,-0.14035727977752685,2.936307120323181,-200.0
-0.16469553709030152,-0.16489011347293853,1.5330051461234688,-200.0
-0.07814943194389343,-0.0695819914340973,2.7017296969890596,-200.0
-0.09414353370666503,-0.27810640186071395,1.6611258067190646,-200.0
-0.18566775619983672,-0.10608168840408325,2.617603123188019,-200.0
-0.298625245783478,-0.1897919297218323,2.276911732554436,-200.0
-0.05732068419456482,-0.025927966833114602,2.807823246717453,-200.0
-0.004319322109222423,-0.18517821729183198,2.5224737584590913,-200.0
-0.24092031866312025,-0.04900097250938418,1.7786932840943337,-200.0
-0.202925705909729,-0.24683141112327575,3.1287672996521,-200.0
-0.11610490679740906,-0.11889731884002686,1.9601441115140914,-200.0
-0.11549221873283386,-0.21638633608818053,2.5549538075923923,-200.0
-0.20240428447723388,-0.018104302883148182,1.8109205961227417,-200.0
-0.23911715894937513,-0.2859545510262251,3.109522902965546,-200.0
-0.0025713801383971946,-0.07950026392936707,1.9411657512187959,-200.0
-0.05797027945518493,-0.23900685757398604,1.7085213601589202,-200.0
-0.29918300192803143,-0.14549319148063658,2.6648496866226195,-200.0
-0.1874340087175369,-0.158597669005394,2.2693663001060487,-200.0
-0.09585514068603515,-0.0568476676940918,2.800440090894699,-200.0
-0.07872692942619322,-0.27035405337810514,2.239616480469704,-200.0
-0.16532768011093138,-0.09539392590522766,2.983754312992096,-200.0
-0.2785054430365562,-0.19932101368904115,1.5256740142591299,-200.0
-0.041685032844543446,-0.034876835346221935,2.694132536649704,-200.0
-0.01972183585166931,-0.175663223862648,3.0861543595790866,-200.0
-0.2612458661198616,-0.04007534980773925,2.129719892144203,-200.0
-0.22303199172019958,-0.2546075776219368,2.36593279838562,-200.0
-0.13172775506973267,-0.1295997440814972,1.8347561091184617,-200.0
-0.1482660412788391,-0.2494623452425003,2.913150960206986,-200.0
-0.20712655484676362,-0.11606715917587279,2.1691193699836733,-200.0
-0.2437657356262207,-0.17868365049362184,2.724801754951477,-200.0
-0.03541783690452577,-0.05587765574455261,1.5564429692924022,-200.0
-0.05331723690032958,-0.1963367074728012,2.0675210297107696,-200.0
-0.2663319379091263,-0.019183892011642445,3.023854219913483,-200.0
-0.15465563535690308,-0.27560808062553405,1.8837907552719115,-200.0
-0.09112817645072938,-0.1089620590209961,2.4148596823215485,-200.0
-0.11150536537170411,-0.16264368295669554,1.7486210137605667,-200.0
-0.17005458176136015,-0.0716248333454132,2.4927539825439453,-200.0
-0.28315855488181113,-0.23254349380731582,1.9900935977697374,-200.0
-0.07453603148460389,-0.13327914476394653,3.1585569918155674,-200.0
-0.015073335170745827,-0.2925271337851882,2.594353133440018,-200.0
-0.22839933335781099,-0.09175028800964355,1.6379170320928096,-200.0
-0.19025824069976804,-0.21237687170505523,2.831210029125214,-200.0
-0.12700542211532592,-0.0034369289875030296,2.300034961104393,-200.0
-0.12383008003234863,-0.2815250404179096,1.5348144602030516,-200.0
-0.19636836647987366,-0.08426839113235474,2.7032277286052704,-200.0
-0.23341029435396193,-0.22101742029190063,2.2006644666194917,-200.0
-0.010652357339859031,-0.013244765996932972,2.9446532964706424,-200.0
-0.06834179162979126,-0.15399907529354095,2.380027711391449,-200.0
-0.2864282950758934,-0.061803764104843145,1.8489095136523246,-200.0
-0.17442234456539155,-0.2435140550136566,3.042092126607895,-200.0
-0.10655563473701476,-0.1407386541366577,2.085819935798645,-200.0
-0.0844143748283386,-0.2040984034538269,3.1237284660339357,-200.0
-0.15726390480995178,-0.03045664429664613,1.9552090376615525,-200.0
-0.2701847143471241,-0.2654849521815777,2.5110018193721775,-200.0
-0.047701460123062145,-0.100015389919281,1.7669100657105445,-200.0
-0.03275291919708251,-0.25955405831336975,2.2784097641706467,-200.0
-0.2505281701683998,-0.1249915838241577,2.8096325576305388,-200.0
-0.2126433402299881,-0.17091800272464752,1.6694719828665257,-200.0
-0.1445019543170929,-0.044591814279556274,2.6258455395698546,-200.0
-0.13785794377326965,-0.18313130736351013,2.025822472572327,-200.0
-0.21984467804431915,-0.05105448961257936,3.19424062371254,-200.0
-0.25681398510932923,-0.244776776432991,1.7362574651837348,-200.0
-0.024753928184509277,-0.12094539999961854,2.480241405963898,-200.0
-0.044942718744277965,-0.28015215843915936,2.8718415021896364,-200.0
-0.27233119681477547,-0.104024738073349,2.340724951028824,-200.0
-0.16039915680885314,-0.19184769093990325,2.5768274605274204,-200.0
-0.08308385610580443,-0.02388331890106199,1.6205536358058452,-200.0
-0.09843762516975402,-0.22771129310131072,2.7655438780784607,-200.0
-0.18073562085628508,-0.13771782517433165,1.5970228094607593,-200.0
-0.2935838520526886,-0.16753068566322327,2.8957355320453644,-200.0
-0.06179848909378052,-0.06694797277450562,2.1516454249620436,-200.0
-0.009349304437637318,-0.20744825899600983,1.91942268460989,-200.0
-0.23642652332782743,-0.007989764213562012,2.4506405889987946,-200.0
-0.1986155569553375,-0.2972175803035498,2.0550600796937943,-200.0
-0.12102556228637695,-0.08725224137306212,3.0114385128021244,-200.0
-0.11854571700096131,-0.23916575163602827,2.114943650364876,-200.0
-0.2004775911569595,-0.14502952694892882,3.0710603535175327,-200.0
-0.23869136720895767,-0.1508212387561798,1.8197723478078842,-200.0
-0.0065398335456848256,-0.0649281620979309,2.351046311855316,-200.0
-0.06424629092216491,-0.224134960770607,2.968459272384644,-200.0
-0.29168976992368695,-0.010069227218627907,2.2250412732362745,-200.0
-0.17851197123527526,-0.2858227718621492,2.6794600546360017,-200.0
-0.1012882947921753,-0.07991779446601868,1.5104762436822057,-200.0
-0.08032473921775818,-0.1711092174053192,2.649859440326691,-200.0
-0.16253125369548796,-0.04434703588485717,1.6936413586139678,-200.0
-0.27428021058440205,-0.2609186008572578,2.78565736413002,-200.0
-0.042439985275268544,-0.12356945872306824,2.254278779029846,-200.0
-0.02747184634208677,-0.26406970024108883,1.7962416291236878,-200.0
-0.254640693962574,-0.10137764811515806,2.5397625267505646,-200.0
-0.21792771220207213,-0.20384674966335298,1.925864225625992,-200.0
-0.1403927206993103,-0.03065013885498047,3.0949541807174685,-200.0
-0.14194411039352417,-0.18800922632217407,1.6496907383203507,-200.0
-0.21457387804985045,-0.027811986207962047,2.605809062719345,-200.0
-0.252715077996254,-0.27749102041125295,2.311601135134697,-200.0
-0.03001200556755068,-0.10678006410598753,2.8428734779357914,-200.0
-0.05021810531616211,-0.24753440469503402,2.504008877277374,-200.0
-0.26821298226714135,-0.11827740669250489,1.7605957418680191,-200.0
-0.15510904490947722,-0.18705767691135405,3.170434445142746,-200.0
-0.08718733191490172,-0.04722288250923157,2.00144576728344,-200.0
-0.10372774600982665,-0.298218466155231,3.0354139089584353,-200.0
-0.1766321361064911,-0.08634542226791381,2.0791909635066985,-200.0
-0.28830847442150115,-0.20961560010910035,2.426626890897751,-200.0
-0.0659166991710663,-0.0059124648571014515,1.8952531695365906,-200.0
-0.013448202610015891,-0.16545110642910002,2.1809903383255005,-200.0
-0.23116845488548277,-0.06912218928337097,2.9245096147060394,-200.0
-0.1945293813943863,-0.22680674940347673,1.567691385373473,-200.0
-0.12629637122154236,-0.13871183395385742,2.736782968044281,-200.0
-0.12897040843963622,-0.15533198118209837,2.8246353685855867,-200.0
-0.18773944079875945,-0.06017037034034728,2.2933023303747175,-200.0
-0.2256242349743843,-0.23456330001354217,2.6406408309936524,-200.0
-0.01722148060798645,-0.14998859167099,1.6845720812678338,-200.0
-0.07260307073593139,-0.2904476746916771,1.9699005693197251,-200.0
-0.2857093937695026,-0.07506358623504639,3.138932311534882,-200.0
-0.17278847694396973,-0.2197113186120987,1.7822241559624672,-200.0
-0.10931602120399475,-0.014831739664077748,2.525583106279373,-200.0
-0.09337245225906371,-0.25616979897022246,1.8636983200907706,-200.0
-0.15186680853366852,-0.12808924913406372,2.3951342821121218,-200.0
-0.26387265175580976,-0.1760595917701721,2.1008162617683412,-200.0
-0.055158644914627075,-0.039735835790634166,3.0569911777973178,-200.0
-0.03321475982666017,-0.19898379743099212,2.7185353338718414,-200.0
-0.24659576565027236,-0.0352663457393646,1.5494022320955991,-200.0
-0.2095538020133972,-0.26884125620126725,2.9593383431434632,-200.0
-0.14639258980751038,-0.09696300029754637,2.2158747971057893,-200.0
-0.13362398743629456,-0.27299870923161507,2.4390683352947233,-200.0
-0.22059091329574584,-0.1114831030368805,1.9077401861548424,-200.0
-0.25840191543102264,-0.19255633950233458,2.999658739566803,-200.0
-0.021947622299194336,-0.02287076711654662,2.0435851007699966,-200.0
-0.03982999920845032,-0.18237740099430083,1.5851392764598131,-200.0
-0.28098771572113035,-0.05209500789642335,2.754172658920288,-200.0
-0.16813959181308746,-0.25197651386260983,2.1403844505548477,-200.0
-0.07646909952163697,-0.11346006989479065,2.8837417542934416,-200.0
-0.09802141785621643,-0.21430930495262146,2.3289386928081512,-200.0
-0.18471364974975585,-0.0014108777046203391,2.86037300825119,-200.0
-0.29664579760283233,-0.2932868544012308,1.6089748844504357,-200.0
-0.059880244731903065,-0.09090208411216735,2.5651514470577244,-200.0
-0.0004371464252471702,-0.23168842792510985,3.1829731643199923,-200.0
-0.2418695569038391,-0.13404116034507751,2.0138351798057554,-200.0
-0.20490028560161588,-0.16062448918819427,2.4683513879776005,-200.0
-0.11354105472564696,-0.07355496883392335,1.724892731010914,-200.0
-0.11307227611541748,-0.1611771672964096,2.294037008285523,-200.0
-0.20423257648944854,-0.07308225631713866,2.825574272871018,-200.0
-0.24255685061216353,-0.23106236457824708,1.6805305294692516,-200.0
-0.0008837878704071045,-0.1347334563732147,2.636394989490509,-200.0
-0.06038542985916137,-0.2939768616110086,3.1346605300903323,-200.0
-0.29735034741461275,-0.09027373194694518,1.9658330142498017,-200.0
-0.18399009704589842,-0.21383888125419614,2.5264960706233976,-200.0
-0.09753779768943785,-0.0019658446311950906,1.7829328179359436,-200.0
-0.07719043493270875,-0.2526689529418945,2.391066777706146,-200.0
-0.16862541139125822,-0.11283414959907531,1.8594265133142471,-200.0
-0.2804848864674568,-0.18190483152866363,3.057699865102768,-200.0
-0.03912307620048522,-0.05264782905578613,2.1017291754484178,-200.0
-0.021262693405151356,-0.19311144948005676,1.5503411585465074,-200.0
-0.2579529270529747,-0.022400486469268788,2.719269961118698,-200.0
-0.2210574746131897,-0.2723705001175403,2.2116290062665938,-200.0
-0.13429393172264098,-0.11217325329780578,2.9552967786788944,-200.0
-0.14585089087486267,-0.26945802122354506,1.9084582209587098,-200.0
-0.20895920991897582,-0.09626140594482421,2.4399971067905426,-200.0
-0.2472096472978592,-0.19844013154506684,2.0395334541797636,-200.0
-0.03373517990112307,-0.03574807047843931,2.9953962802886966,-200.0
-0.05573717951774598,-0.17653902769088745,2.7499361395835877,-200.0
-0.2645036458969116,-0.039189881086349465,1.5811134938150644,-200.0
-0.15121594369411467,-0.25547049343585965,2.8846964657306673,-200.0
-0.09281576871871947,-0.12870830297470093,2.141128349304199,-200.0
-0.10996450781822203,-0.22019318640232086,2.8563472509384153,-200.0
-0.17334752082824706,-0.014288216829299927,2.324702122807503,-200.0
-0.2851330630481243,-0.28974622339010236,2.5658953964710234,-200.0
-0.07196985483169555,-0.07568049430847168,1.6099295705556869,-200.0
-0.016609829664230358,-0.23518249690532683,2.014764001965523,-200.0
-0.22510160207748414,-0.14928942918777466,3.1836911737918854,-200.0
-0.18827879726886748,-0.15478616952896118,1.720630297064781,-200.0
-0.12956736087799073,-0.06064994931221007,2.4642996907234194,-200.0
-0.1258103907108307,-0.22626322656869888,3.070134824514389,-200.0
-0.19380784928798675,-0.13919370174407958,2.1142223477363586,-200.0
-0.23187523931264875,-0.1660680145025253,2.355305528640747,-200.0
-0.013950955867767345,-0.06842073798179626,1.823827262222767,-200.0
-0.06636584401130677,-0.20891643762588502,2.229070323705673,-200.0
-0.28899360336363317,-0.006531661748886086,2.972692549228668,-200.0
-0.1759623348712921,-0.2986980451270938,1.5097290802747012,-200.0
-0.10326125621795654,-0.08579961061477662,2.678508585691452,-200.0
-0.08785491585731506,-0.1863560825586319,1.6978746734559536,-200.0
-0.15557773411273956,-0.04783964753150938,2.653888440132141,-200.0
-0.2677661933004856,-0.24801612943410872,2.253327360749245,-200.0
-0.04953060150146482,-0.11773374080657958,2.784910172224045,-200.0
-0.02930758595466615,-0.2769450657069683,2.539041274785996,-200.0
-0.2522099822759628,-0.10725950002670287,1.7953160747885704,-200.0
-0.2150576412677765,-0.18862828016281127,3.0990091204643253,-200.0
-0.14266787767410277,-0.027112680673599232,1.9301233917474747,-200.0
-0.13983389139175414,-0.20322082936763763,2.6048669159412388,-200.0
-0.2172793686389923,-0.03134257793426515,1.6489593155682087,-200.0
-0.25527399480342866,-0.26462252140045167,2.8471225619316103,-200.0
-0.028048306703567505,-0.10090507864952086,2.315639406442642,-200.0
-0.042962408065795876,-0.26044832020998,1.7646600291132928,-200.0
-0.27489171400666235,-0.12412456870079039,2.5082839012145994,-200.0
-0.16193421185016632,-0.1717993676662445,2.000740373134613,-200.0
-0.07978525757789612,-0.04371882677078248,3.1695182383060456,-200.0
-0.1018829584121704,-0.28535005934536456,2.083466038107872,-200.0
-0.17905381321907043,-0.08047047257423401,3.039478170871735,-200.0
-0.2911695521324873,-0.2248272567987442,1.8943369880318643,-200.0
-0.06363256573677062,-0.009443163871765137,2.4259214460849763,-200.0
-0.0059087634086608665,-0.15019288659095764,2.923778229951859,-200.0
-0.23811269402503965,-0.06561816930770875,2.1800481408834456,-200.0
-0.201034078001976,-0.239720718562603,2.740821290016174,-200.0
-0.11919642090797425,-0.14455910325050353,1.5719404440373181,-200.0
-0.12169246673583983,-0.29674729965627195,2.7075027525424957,-200.0
-0.19908294081687927,-0.0878073513507843,1.5388787474483252,-200.0
-0.23597842901945115,-0.2081384092569351,2.9437370896339417,-200.0
-0.008661121129989624,-0.007361555099487327,2.199959072470665,-200.0
-0.061095321178436274,-0.16690476536750792,1.8481781035661697,-200.0
-0.29307948611676693,-0.06764041185379027,2.3790855646133426,-200.0
-0.18122012615203859,-0.2282641142606735,2.08985820710659,-200.0
-0.09916264414787293,-0.13724525570869445,3.046341210603714,-200.0
-0.08259712457656859,-0.19121933877468109,1.9542668402194976,-200.0
-0.15967635512351988,-0.024573326110839844,3.1229970812797547,-200.0
-0.27303671166300775,-0.2807071253657341,1.7711591243743896,-200.0
-0.04544472098350527,-0.10355431437492371,2.5150401413440706,-200.0
-0.025204396247863747,-0.24430406391620635,2.8136968195438383,-200.0
-0.25749981254339216,-0.12149807810783386,2.28268483877182,-200.0
-0.21917557418346406,-0.18382360339164733,2.6251400947570804,-200.0
-0.13739277720451354,-0.05042842626571656,1.6685558140277863,-200.0
-0.1450950801372528,-0.1702188402414322,3.1984739005565643,-200.0
-0.2131841629743576,-0.045211011171340965,2.0298515230417253,-200.0
-0.25000693202018737,-0.26003363728523254,2.4792899370193484,-200.0
-0.03213765621185305,-0.12444577217102051,1.7355102986097335,-200.0
-0.04707135558128356,-0.2649414293467998,2.340003648400307,-200.0
-0.2696076326072216,-0.10049725770950316,2.8709159731864933,-200.0
-0.15782198309898376,-0.2047153115272522,1.624608537554741,-200.0
-0.08506604433059692,-0.0297551929950714,2.581086677312851,-200.0
-0.10599519610404967,-0.24296810030937194,1.5960972487926484,-200.0
-0.1737730175256729,-0.14121809005737304,2.764822626113892,-200.0
-0.28706061132252214,-0.15461812913417816,2.1559045910835266,-200.0
-0.06891664266586303,-0.06110445857048036,2.899790471792221,-200.0
-0.011175817251205422,-0.22031582593917848,2.4546695888042454,-200.0
-0.23402335345745084,-0.013861531019210838,1.9236559867858887,-200.0
-0.19577288031578063,-0.2820067651569843,3.0106913208961488,-200.0
-0.12329163551330566,-0.08372472524642943,2.054108661413193,-200.0
-0.1277283489704132,-0.21285630762577057,1.806894813477993,-200.0
-0.19074504375457763,-0.002890974283218384,2.550717288255692,-200.0
-0.22789748758077621,-0.29182782825082537,1.9419096499681472,-200.0
-0.01436802148818972,-0.09236934185028076,3.1104776144027713,-200.0
-0.07385006546974182,-0.23316025882959365,2.6657784581184387,-200.0
-0.28270801082253455,-0.13257755041122435,1.7092393949627875,-200.0
-0.17051958739757536,-0.16210001707077026,2.7961776316165925,-200.0
-0.11217427253723145,-0.0721065580844879,2.2653146535158157,-200.0
-0.09066093564033509,-0.27622727751731874,2.984472322463989,-200.0
-0.15398894548416137,-0.10826289653778076,2.240545302629471,-200.0
-0.26702025085687636,-0.195790895819664,2.690080839395523,-200.0
-0.05376541614532471,-0.019663470983505238,1.5214115771465004,-200.0
-0.035922056436538674,-0.17916551828384397,2.1254833221435545,-200.0
-0.2444686934351921,-0.05533413290977479,3.082128602266312,-200.0
-0.20640141069889067,-0.2487608939409256,1.8357107952237128,-200.0
-0.14778145551681518,-0.11668406724929808,2.3666767477989197,-200.0
-0.13237699270248413,-0.2552975848317146,2.16505181491375,-200.0
-0.22359229624271393,-0.12897139191627502,2.9088791787624357,-200.0
-0.26067080497741696,-0.17519280016422273,1.557151637598872,-200.0
-0.01908937096595764,-0.04063031673431394,2.725714719295502,-200.0
-0.04107205867767333,-0.19987369179725645,3.0247931241989137,-200.0
-0.2779821127653122,-0.03440412282943728,2.0682557076215744,-200.0
-0.16586633920669555,-0.26972799003124237,2.4106138408184052,-200.0
-0.0793225586414337,-0.09608622193336486,1.8797492161393166,-200.0
-0.0953141212463379,-0.15915277898311614,2.493488609790802,-200.0
-0.18684072196483612,-0.05637738704681397,1.7495599433779716,-200.0
-0.2997981894761324,-0.23837864845991133,3.154515427350998,-200.0
-0.05849137902259827,-0.1461833417415619,1.985847806930542,-200.0
-0.003148663043975819,-0.28664699010550976,1.633645237982273,-200.0
-0.23974741995334625,-0.07887434363365173,2.5902856290340424,-200.0
-0.2017526865005493,-0.21591376662254333,2.3009478747844696,-200.0
-0.11493428349494933,-0.018657124042510964,2.831918716430664,-200.0
-0.11666534543037413,-0.24635183215141296,1.626327058672905,-200.0
-0.2035750150680542,-0.11944313049316405,2.5827014386653904,-200.0
-0.2402880102396011,-0.1858773797750473,2.3481552749872208,-200.0
-0.0037444710731506237,-0.04838177561759949,2.8793788790702823,-200.0
-0.05679722428321837,-0.189175021648407,2.4744715929031376,-200.0
-0.29801219506189225,-0.02662941813468933,1.7303806751966477,-200.0
-0.1862632244825363,-0.27864992469549177,3.1868074119091037,-200.0
-0.09468197822570801,-0.10559982061386108,2.018288794159889,-200.0
-0.07755630612373351,-0.16427105963230132,3.005561697483063,-200.0
-0.16415473222732543,-0.07028129696846008,2.0492903172969816,-200.0
-0.27733251750469207,-0.22562440037727355,2.443106859922409,-200.0
-0.040514302253723156,-0.1398778438568115,1.9119894981384278,-200.0
-0.02089253067970276,-0.29937756210565564,2.157519352436066,-200.0
-0.2624187469482422,-0.08516532182693481,2.901508992910385,1.5644976578602012
-0.22420498430728913,-0.2107815384864807,1.6045601610094309,11.172425208156787
-0.13289841413497924,-0.0047301113605499046,2.7729742527008057,3.8740626469454726
-0.14943898916244505,-0.22295752465724944,2.0915637582540514,-9.429949091658887
-0.2082972675561905,-0.011230945587158203,3.04794300198555,-22.624915784699716
-0.2449363276362419,-0.2846384558826685,1.8563167601823807,-12.919767145928784
-0.03659082055091856,-0.08108183741569519,2.387535500526428,15.172909690586245
-0.05214421749114989,-0.2403275281190872,2.9389057755470276,-200.0
-0.2651613011956215,-0.14385210871696472,2.194816479086876,20.557941704114814
-0.1534849762916565,-0.15198528170585632,2.695823293924332,20.98492970212522
-0.08995526432991027,-0.06374391317367553,1.5273030485957861,15.452883970976096
-0.11033449172973633,-0.2628856636583805,2.619997501373291,-200.0
-0.16888150870800017,-0.10254190564155577,1.6637244999408722,22.21230738909744
-0.28198545947670933,-0.20266956388950347,2.8021211206912993,19.902607431125332
-0.0733652651309967,-0.031812143325805675,2.271005380153656,7.647932496152151
-0.016244137287139915,-0.1722734749317169,1.7727609157562256,-200.0
-0.2295724734663963,-0.043162930011749256,2.5167456924915315,-32.45047903148925
-0.19143126010894773,-0.2620805472135544,1.9627167761325837,-23.96741946344162
-0.1281762421131134,-0.1223922550678253,3.1311357378959657,17.656034428791333
-0.12265949249267577,-0.1812109887599945,2.409115809202194,14.202123980414044
-0.1951953828334808,-0.053276896476745605,1.8779399052262307,-10.65593100494759
-0.23223735988140104,-0.2508169457316399,3.0164469480514526,19.094082162066595
-0.009481662511825584,-0.11463970541954041,2.0600132912397386,-40.663927866589326
-0.06951245069503784,-0.2741806536912918,1.5621904712170362,-200.0
-0.28760120272636414,-0.11031669974327088,2.730649793148041,-0.2275625121459086
-0.17559534609317778,-0.19373597502708434,2.1765237540006637,20.64209444754268
-0.10772625803947447,-0.02171126604080198,2.9206623971462253,7.467829101188064
-0.08558746576309204,-0.23052885085344316,2.3058829486370085,-200.0
-0.15843467116355894,-0.13522072434425353,2.836957550048828,18.69055603809817
-0.27135557457804677,-0.15945803225040436,1.6454284563660622,16.532691679572405
-0.048874515295028675,-0.0747368574142456,2.6017575681209566,15.393856540635612
-0.03157989978790282,-0.21548886895179747,3.152706116437912,-200.0
-0.24935733675956726,-0.0002512335777282715,1.984349775314331,-200.0
-0.2114725559949875,-0.29446868542581794,2.4852461934089662,-21.72219301133987
-0.1433288276195526,-0.08973560929298399,1.7412137672305108,19.765266379588986
-0.13668710589408875,-0.2892864145338535,2.7946666300296785,-200.0
-0.21867160499095917,-0.07624146938323975,2.263492372632027,6.347785682938309
-0.2556408628821373,-0.21854775846004487,2.6574193120002745,17.579165560473974
-0.023583197593688987,-0.01601652503013612,1.7009840086102486,4.862901863898283
-0.046113485097885154,-0.15650993585586548,1.9469355136156081,-70.3037627950427
-0.27350434586405753,-0.059009116888046276,3.115399718284607,-25.127138535451273
-0.1615722119808197,-0.2357480987906456,1.818353782594204,-26.45756590765951
-0.08425465822219849,-0.14882508516311646,2.562487536668778,13.621674658956309
-0.09961053729057312,-0.19782020151615143,1.840632899105549,-57.618873198751515
-0.18190633356571195,-0.03645105957984923,2.3717026114463806,-0.9378075379171538
-0.2947544714435935,-0.26767993792891503,2.1372535705566404,4.203708084686151
-0.06297143697738647,-0.09814088344573973,3.093587571382523,16.48295255716646
-0.008176320791244529,-0.257354499399662,2.688258558511734,-200.0
-0.23525587767362593,-0.1269255995750427,1.5199005739763378,17.660771266776024
-0.19744486212730405,-0.17723740339279176,2.9762169361114506,19.97561104306276
-0.11985268592834472,-0.03857451081275942,2.2321861565113066,12.586406038095902
-0.11737495064735412,-0.19515723288059234,2.8896185696125034,9.430874517105895
-0.19930444657802582,-0.02034357190132141,2.14615421295166,-59.916440776787724
-0.23751831650733946,-0.27442630156874653,2.7617063879966737,13.235551075617968
-0.005369031429290794,-0.11012864112854004,1.5925724629312754,-82.01825223533804
-0.06541712880134581,-0.2506220072507858,2.0377111732959747,-200.0
-0.29286284800618884,-0.11488763093948365,2.9938852787017822,6.995597112846738
-0.17968509793281556,-0.17985016107559204,1.9002028346061706,20.297019882938326
-0.10245902538299559,-0.05469587445259094,2.4316379606723784,11.584518047391397
-0.081497722864151,-0.2913451351225376,1.7191192954778671,-200.0
-0.16370189487934111,-0.09291658401489258,2.4624774098396305,18.2198968757189
-0.2754509009420872,-0.2111971467733383,2.0064048558473586,14.8850637053929
-0.0436128616333008,-0.0045963943004608265,3.1754357874393464,0.9339596355112301
-0.026298934221267722,-0.16381005048751832,2.5709212601184843,-200.0
-0.25346997678279876,-0.07044283747673036,1.61485168710351,-200.0
-0.21675708889961243,-0.23370297253131866,2.867806220054627,-200.0
-0.13921977281570433,-0.1320994734764099,2.336472371220589,-200.0
-0.1407734513282776,-0.23782224655151366,2.531431144475937,-200.0
-0.21340096592903135,-0.14665687680244446,1.7879716515541078,-200.0
-0.25154207199811934,-0.15741991102695466,3.1464437484741214,-200.0
-0.02884138226509092,-0.05800909996032716,1.9773049533367157,-200.0
-0.05138869285583497,-0.21755002140998841,1.6787212185561657,-200.0
-0.2693859614431858,-0.01691962480545045,2.6348969578742985,-200.0
-0.15628197491168974,-0.2871159251779318,2.2857945919036866,-200.0
-0.08835802674293516,-0.07832248806953429,2.8172280967235563,-200.0
-0.10490076541900634,-0.17448521554470062,2.210130974650383,-200.0
-0.177802973985672,-0.041236495971679665,2.9534874677658083,-200.0
-0.28947926312685013,-0.2534226894378662,1.5419949855655433,-200.0
-0.06708982586860657,-0.13076321482658385,2.7110275447368624,-200.0
-0.012275111675262462,-0.27151525765657425,3.062738698720932,-200.0
-0.22999769300222395,-0.09421593546867371,2.1066642493009566,-200.0
-0.19335852563381195,-0.2004844844341278,2.4025387167930603,-200.0
-0.1251233160495758,-0.03369201421737672,1.8712097316980363,-200.0
-0.1301434278488159,-0.27899315133690833,1.995597779750824,-200.0
-0.1889100819826126,-0.10520487427711486,3.1646869242191316,-200.0
-0.22679489850997925,-0.19068180620670316,1.7530843302607537,-200.0
-0.018394392728805553,-0.02506577968597412,2.4966044425964355,-200.0
-0.07143012285232545,-0.184311443567276,2.848724353313446,-200.0
-0.2845386855304241,-0.04989541769027711,2.3173449575901035,-200.0
-0.17161788940429687,-0.24595917910337448,2.613316851854324,-200.0
-0.10814303755760193,-0.11977949738502502,1.6570979721844197,-200.0
-0.09220165014266968,-0.2062824100255966,2.7425268411636354,-200.0
-0.1506936639547348,-0.009172224998474143,1.5735422290861607,-200.0
-0.2626996278762817,-0.29605858493596315,2.93191688656807,-200.0
-0.05398780703544617,-0.08843244910240172,2.188498076796532,-200.0
-0.03438563346862794,-0.22889381200075148,1.8895056739449503,-200.0
-0.247768834233284,-0.13655199408531188,2.4207788527011873,-200.0
-0.2107268929481506,-0.16871089339256287,2.071786579489708,-200.0
-0.14756335616111754,-0.06578904390335083,3.027902472019196,-200.0
-0.13479704260826111,-0.1528349071741104,1.5045994584448636,-200.0
-0.2217617154121399,-0.06298790574073793,2.6736902415752413,-200.0
-0.2595726951956749,-0.24235216230154036,2.217507594823837,-200.0
-0.023120784759521507,-0.14191596508026122,2.961026060581207,-200.0
-0.038656872510910045,-0.28270916640758514,2.356920289993286,-200.0
-0.2798169806599617,-0.0831041693687439,1.825545783340931,-200.0
-0.1669687360525131,-0.2221946597099304,3.078597730398178,-200.0
-0.07529600858688354,-0.012082868814468406,2.122373974323273,-200.0
-0.09685072302818298,-0.2583922281861305,3.1007276415824894,-200.0
-0.18354077339172364,-0.12616889476776122,1.9317381531000137,-200.0
-0.29547280026599765,-0.16975387036800385,2.5471929013729095,-200.0
-0.05870958566665649,-0.04577602744102477,1.8037789806723594,-200.0
-0.0016077697277069314,-0.20527578592300416,2.248509016633034,-200.0
-0.24304250925779342,-0.02929481863975525,2.779780548810959,-200.0
-0.2060732156038284,-0.26666918098926545,1.6862081721425057,-200.0
-0.11471178531646728,-0.09885131120681762,2.6423257112503054,-200.0
-0.11469043493270872,-0.2587371155619621,2.0200110137462617,-200.0
-0.20612542033195497,-0.12552503943443297,3.1884186267852783,-200.0
-0.2429848864674568,-0.16924476027488708,1.73210107088089,-200.0
-0.0016230762004852406,-0.04654862880706789,2.476084226369858,-200.0
-0.05876269340515136,-0.20579433739185332,2.8809698283672334,-200.0
-0.2954529250971973,-0.02845841646194458,2.3498459815979005,-200.0
-0.1835574835538864,-0.2662793733179569,2.5842938065528873,-200.0
-0.09679393172264097,-0.09952349066734315,1.6280159287154674,-200.0
-0.07557227611541747,-0.1533511698246002,2.774663895368576,-200.0
-0.16673256754875182,-0.06214921474456786,1.6061517499387263,-200.0
-0.2800568506121635,-0.2419646456837654,2.9031972169876097,-200.0
-0.03838378787040708,-0.14259043335914612,2.1591127842664717,-200.0
-0.022885429859161366,-0.28305176720023156,1.9135996490716933,-200.0
-0.25985034853219985,-0.08245802521705628,2.4448297381401063,-200.0
-0.2214900881052017,-0.22168783843517303,2.0509022921323776,-200.0
-0.13503779768943786,-0.012857758998870872,3.0072831571102143,-200.0
-0.14746450781822204,-0.20705702304840087,1.5290106896311044,-200.0
-0.21084751188755035,-0.008665126562118541,2.6974231600761414,-200.0
-0.24763306975364685,-0.2954115721397102,2.196525526046753,-200.0
-0.03446985483169557,-0.08877418041229249,2.9405038177967073,-200.0
-0.054109829664230336,-0.22956743091344833,2.389166980981827,-200.0
-0.26260161101818086,-0.13616362810134888,1.8580447554588317,-200.0
-0.15077878832817077,-0.16787190735340118,3.0495726585388185,-200.0
-0.09206736087799072,-0.066305011510849,2.093293172121048,-200.0
-0.10835089087486266,-0.27966448366642,3.1328626692295076,-200.0
-0.17145921885967255,-0.10481421947479247,1.964348915219307,-200.0
-0.28470964059233667,-0.18984510898590087,2.518474447727203,-200.0
-0.07123517990112305,-0.025584036111831687,1.7743916362524033,-200.0
-0.01823717951774595,-0.18508376777172086,2.2726041823625565,-200.0
-0.2270036369562149,-0.04938603043556211,2.8038294076919557,-200.0
-0.1887159526348114,-0.24531445652246475,1.665321883559227,-200.0
-0.13031576871871947,-0.12012351751327513,2.6217076122760776,-200.0
-0.12535491585731506,-0.17382073402404785,2.91895877122879,-200.0
-0.19307774305343628,-0.041634052991867065,2.1749198853969576,-200.0
-0.23026619106531143,-0.2542525380849838,2.7289479911327366,-200.0
-0.012030601501464844,-0.13023805618286133,1.5605851460248232,-200.0
-0.06680758595466613,-0.27073146924376484,2.058389055728912,-200.0
-0.28970997780561447,-0.09471391439437865,3.014711707830429,-200.0
-0.1775576502084732,-0.20114066898822786,1.876314301788807,-200.0
-0.10516787767410277,-0.03335940241813662,2.407382392883301,-200.0
-0.08831039071083069,-0.23704074919223783,1.7394779190421104,-200.0
-0.15630784034729003,-0.14715714454650877,2.4836230218410495,-200.0
-0.26937524154782294,-0.1580738067626953,1.9826152950525284,-200.0
-0.05145095586776732,-0.05767419934272766,3.151081120967865,-200.0
-0.028865844011306763,-0.21688782870769502,2.6001530408859255,-200.0
-0.2514936044812202,-0.017319470643997192,1.6437258563935757,-200.0
-0.2134623259305954,-0.2879434861242771,2.835351198911667,-200.0
-0.14076125621795654,-0.07779504060745238,2.304181805253029,-200.0
-0.1393829584121704,-0.2908174093812704,2.560772562026978,-200.0
-0.21655380427837373,-0.09374386668205262,1.8167352721095085,-200.0
-0.2536695599555969,-0.21159612536430358,3.1136833250522615,-200.0
-0.02613256573677064,-0.00393333435058596,1.945318877696991,-200.0
-0.0434087634086609,-0.16347430050373077,1.699397099763155,-200.0
-0.2756127007305622,-0.07109588384628296,2.655724602937698,-200.0
-0.1635340690612793,-0.23420294523239135,2.261907249689102,-200.0
-0.08169642090797424,-0.13131768107414246,2.7929705023765568,-200.0
-0.10233389139175414,-0.19482377171516418,2.2304907888174057,-200.0
-0.17977937757968904,-0.02099890708923341,2.974631053209305,-200.0
-0.29277398642152547,-0.27492398768663406,1.5182034219615161,-200.0
-0.06554830670356751,-0.1093445599079132,2.6866740942001344,-200.0
-0.0054624080657958984,-0.2500965714454651,3.0919684529304505,-200.0
-0.23739170730113984,-0.11571720242500305,2.13553965985775,-200.0
-0.19943422079086304,-0.18024685084819791,2.370084911584854,-200.0
-0.11728525757789612,-0.05403052568435668,1.83891711384058,-200.0
-0.1200971245765686,-0.1974295198917389,2.429943251609802,-200.0
-0.1971763551235199,-0.037122416496276844,1.8986158877611161,-200.0
-0.23553671389818193,-0.26819821894168855,2.9921891510486605,-200.0
-0.007944720983505238,-0.09730415940284728,2.03612605035305,-200.0
-0.06270439624786378,-0.2568450853228569,1.5909539904445409,-200.0
-0.2949998131021857,-0.12769795060157776,2.7599914133548737,-200.0
-0.18167556524276735,-0.17758145928382874,2.144537577033043,-200.0
-0.09989277720451353,-0.03792976140975951,2.8879021763801576,-200.0
-0.08419246673583983,-0.28877929151058196,2.334758460521698,-200.0
-0.16158294975757598,-0.07701610922813415,2.8661871016025544,-200.0
-0.273478426784277,-0.21888951659202577,1.6131359398365022,-200.0
-0.0461611211299896,-0.015369486808776867,2.569303560256958,-200.0
-0.023595321178436268,-0.15612154304981232,3.1738499045372013,-200.0
-0.2555794849991798,-0.05968276262283326,2.0047094881534577,-200.0
-0.21872012615203856,-0.2362640932202339,2.4608929455280304,-200.0
-0.1366626441478729,-0.1479860723018646,1.717422103881836,-200.0
-0.1434952139854431,-0.22969013303518293,2.815492856502533,-200.0
-0.21127302646636964,-0.13573701381683348,2.2841703563928606,-200.0
-0.24956060349941253,-0.1601325273513794,2.6331635415554047,-200.0
-0.031416642665863026,-0.0743493139743805,1.677095577120781,-200.0
-0.048675817251205455,-0.2148426979780197,1.9757010847330094,-200.0
-0.2715233467519283,-0.0005938589572906383,3.1447401225566867,-200.0
-0.15827288925647734,-0.2952436007559299,1.7863663643598557,-200.0
-0.08579163551330565,-0.08922876119613646,2.5297293424606324,-200.0
-0.1075950801372528,-0.1805670976638794,1.8695071697235108,-200.0
-0.1756841540336609,-0.05362181067466737,2.400934189558029,-200.0
-0.2875069409608841,-0.2515895739197731,2.104963105916977,-200.0
-0.06963765621185303,-0.11413056850433348,3.061132347583771,-200.0
-0.00957135558128358,-0.2733442269265652,2.7094043731689457,-200.0
-0.23210763931274414,-0.1108352780342102,1.5402590962126852,-200.0
-0.19532197415828706,-0.1944081813097,2.951862472295761,-200.0
-0.12256604433059692,-0.021321433782577504,2.2083964943885803,-200.0
-0.12816093564033507,-0.26354096978902813,1.6588259294629097,-200.0
-0.19148893654346466,-0.10220847129821778,2.614948332309723,-200.0
-0.22952025085687638,-0.20188550949096679,2.3190743714571003,-200.0
-0.01626541614532473,-0.03230980038642883,2.850354009866715,-200.0
-0.07342205643653871,-0.17310301959514618,2.4982043087482455,-200.0
-0.28196869567036625,-0.0426375210285187,1.754792009294033,-200.0
-0.16890140175819396,-0.2614152252674103,3.1662849664688113,-200.0
-0.11028145551681517,-0.12278891801834105,1.997306826710701,-200.0
-0.09022834897041321,-0.2237847805023193,3.0296107590198518,-200.0
-0.15324505269527436,-0.010703247785568248,2.0733853816986083,-200.0
-0.2653974875807762,-0.2839754238724708,2.4224889636039735,-200.0
-0.0518680214881897,-0.0814807891845703,1.8911031082272531,-200.0
-0.036350065469741843,-0.24098054766654967,2.190130215883255,-200.0
-0.24520800858736036,-0.14351638555526733,2.9336438179016113,-200.0
-0.2080195963382721,-0.151203516125679,1.5751729179173708,-200.0
-0.14967427253723145,-0.06424385905265809,2.7442555963993076,-200.0
-0.13281412124633787,-0.1647713005542755,2.1240646809339525,-200.0
-0.22434073090553283,-0.06949982643127442,3.0801886796951297,-200.0
-0.26229818165302277,-0.2252895265817642,1.8272346153855323,-200.0
-0.02099137902259829,-0.14053171277046203,2.358512657880783,-200.0
-0.04064866304397585,-0.2997773797251284,2.962637275457382,-200.0
-0.27724741101264955,-0.08450315594673155,2.21922981441021,-200.0
-0.16425269544124602,-0.21025411784648895,2.675302875041962,-200.0
-0.07743428349494932,-0.0055576443672180065,1.5063198905438184,-200.0
-0.09487699270248412,-0.24674936234951017,2.644048589468002,-200.0
-0.1860922873020172,-0.11877867579460144,1.6878183737397194,-200.0
-0.2981708119623363,-0.18535224795341493,2.7815020084381104,-200.0
-0.05658937096595765,-0.04921159744262693,2.25012099146843,-200.0
-0.003572058677673351,-0.1896729737520218,1.8053705379366876,-200.0
-0.2404821217060089,-0.025845658779144298,2.54888254404068,-200.0
-0.20336633026599882,-0.278317341953516,1.93333158493042,-200.0
-0.1168225586414337,-0.10625597834587097,3.102415865659714,-200.0
-0.11505630612373352,-0.15875322818756102,1.7845570534467696,-200.0
-0.2016547232866287,-0.05703987479209899,2.528231310844421,-200.0
-0.23983252644538877,-0.2389058008790016,1.9674586683511734,-200.0
-0.0030143022537231223,-0.145355486869812,3.1363939464092256,-200.0
-0.058392530679702764,-0.28614644408226014,2.6380986154079435,-200.0
-0.2999187547713518,-0.07965556383132935,1.682134410738945,-200.0
-0.18670497536659242,-0.21624894440174103,2.8272760748863224,-200.0
-0.09539841413497924,-0.01800350546836854,2.295642295479775,-200.0
-0.07916534543037415,-0.25479933321475984,2.9569013059139255,-200.0
-0.1660750240087509,-0.129754900932312,2.213331568241119,-200.0
-0.2777880012989044,-0.17552568912506103,2.7208763122558595,-200.0
-0.04124447107315066,-0.03997440934181212,1.552042317762971,-200.0
-0.019297224283218395,-0.19947642982006072,2.103465074300766,-200.0
-0.26051218807697296,-0.035068899393081665,3.059323036670685,-200.0
-0.223763233423233,-0.27025285363197327,1.8611609935760498,-200.0
-0.132181978225708,-0.0952560782432556,2.3926917731761934,-200.0
-0.1478344917297363,-0.27539800107479095,2.142715296149254,-200.0
-0.2063815176486969,-0.10878862738609313,2.8863911747932436,-200.0
-0.24448545724153517,-0.1964559495449066,1.582698604092002,-200.0
-0.03586526513099669,-0.019266486167907715,2.75163226723671,-200.0
-0.05374413728713989,-0.1785099059343338,2.9971112549304966,-200.0
-0.26707247346639634,-0.05566731691360474,2.041151914000511,-200.0
-0.15393126904964446,-0.24954524785280227,2.441713500022888,-200.0
-0.0906762421131134,-0.11618666052818297,1.9100748568773271,-200.0
-0.11193898916244507,-0.21220298409461974,2.4659188091754913,-200.0
-0.17079725861549377,-0.0032264471054077037,1.722344207763672,-200.0
-0.2824363298714161,-0.2926098983734846,3.185308873653412,-200.0
-0.07409082055091859,-0.09186964631080627,2.0164797365665437,-200.0
-0.014644217491149913,-0.23233327120542524,1.611624938249588,-200.0
-0.2276613011956215,-0.1331055700778961,2.567481279373169,-200.0
-0.19098496735095977,-0.1627627819776535,2.3263993144035338,-200.0
-0.12745526432991028,-0.07170728445053101,2.8579317152500154,-200.0
-0.12308746576309204,-0.2436145395040512,2.676917636394501,-200.0
-0.19593466222286224,-0.14087578654289246,1.508038413245231,-200.0
-0.2338555812835693,-0.15384294390678405,2.9711001813411713,-200.0
-0.011374515295028698,-0.06161098480224608,2.2273814409971235,-200.0
-0.06907989978790283,-0.22115423977375032,1.8221049919724464,-200.0
-0.28685734458267687,-0.013344991207122792,2.3536943137645725,-200.0
-0.17397254705429077,-0.28133257292211056,2.112501952052116,-200.0
-0.10582882761955262,-0.0841125190258026,3.0685221910476685,-200.0
-0.08515949249267576,-0.17105496525764466,1.9285132408142092,-200.0
-0.15769539177417755,-0.04469218254089358,3.097286242246628,-200.0
-0.2697373531758785,-0.2593617349863052,1.7937040492892264,-200.0
-0.04698166251182556,-0.12483585476875306,2.537319815158844,-200.0
-0.03201245069503783,-0.2655855819582939,2.7832205295562744,-200.0
-0.2501011937856674,-0.1001526653766632,2.2517357528209687,-200.0
-0.2130953550338745,-0.20394241511821748,2.6522002160549167,-200.0
-0.14522625803947448,-0.030264008045196522,1.6962812796235085,-200.0
-0.13711053729057313,-0.1917290210723877,3.1678867578506473,-200.0
-0.21940634250640867,-0.023801296949386597,1.999012377858162,-200.0
-0.25725447088479997,-0.28036280795931817,2.5066542446613314,-200.0
-0.025471436977386464,-0.10419874191284179,1.762930665910244,-200.0
-0.04567632079124451,-0.24469444155693054,2.313931778073311,-200.0
-0.27275587543845176,-0.12082647085189818,2.8455226957798008,-200.0
-0.1599448710680008,-0.183305624127388,1.6472502306103707,-200.0
-0.08235268592834472,-0.05126540064811708,2.603268873691559,-200.0
-0.09918710589408875,-0.29713538931682704,1.5703415974974633,-200.0
-0.18117159605026245,-0.08713345527648925,2.739113003015518,-200.0
-0.2931408639997244,-0.20762271881103517,2.178450757265091,-200.0
-0.061083197593688965,-0.008200818300247215,2.9220681190490723,-200.0
-0.00861348509788512,-0.16741215884685515,2.4241945147514343,-200.0
-0.2360043480992317,-0.06686609387397766,1.892704899609089,-200.0
-0.19907220304012296,-0.22792208790779112,3.0377494156360627,-200.0
-0.12175465822219847,-0.13789197206497192,2.081835317611694,-200.0
-0.118997722864151,-0.28568550422787664,3.0447413444519045,-200.0
-0.20120190382003783,-0.07981717586517334,2.0881505787372587,-200.0
-0.23795089423656463,-0.22432758808135986,2.377487522363663,-200.0
-0.00611286163330077,-0.01022520661354065,1.8464690566062927,-200.0
-0.0637989342212677,-0.15072087943553925,2.198231077194214,-200.0
-0.29096996895968913,-0.0647912085056305,2.942105609178543,-200.0
-0.17925709784030913,-0.23932147175073623,1.5371493462473154,-200.0
-0.10171977281570435,-0.14522184133529661,2.7058730959892277,-200.0
-0.07987495064735411,-0.20374653339385984,1.66692368760705,-200.0
-0.1618044376373291,-0.030513328313827526,2.623413163423538,-200.0
-0.275018323212862,-0.26422556564211847,2.2810541182756428,-200.0
-0.04286903142929077,-0.10157010555267335,2.8119680643081666,-200.0
-0.027917146682739258,-0.2607814773917198,2.5133318543434147,-200.0
-0.25536285638809203,-0.12346898317337035,1.7695603221654892,-200.0
-0.21718508899211883,-0.17130198776721953,3.1212869703769686,-200.0
-0.1399590253829956,-0.044503158330917336,1.9526694566011429,-200.0
-0.14240076541900634,-0.18713956475257873,2.579475462436676,-200.0
-0.21530296504497526,-0.0473414182662964,1.6228863053023814,-200.0
-0.25197926759719846,-0.24736024886369704,2.8693033397197727,-200.0
-0.02958982586860659,-0.11806660294532775,2.3382832527160646,-200.0
-0.04977511167526244,-0.2776098132133484,1.733819591999054,-200.0
-0.26749769523739814,-0.10686226487159728,2.477698987722397,-200.0
-0.15585851669311523,-0.18779816329479215,2.028162640333176,-200.0
-0.0876233160495758,-0.027637517452239968,3.1968815326690674,-200.0
-0.10327345132827759,-0.22692568749189376,2.052517053484917,-200.0
-0.17590097486972808,-0.13879417777061462,3.0090016782283784,-200.0
-0.28904207088053224,-0.1652401864528656,1.9220625549554824,-200.0
-0.06634138226509095,-0.0689478635787964,2.4529813647270204,-200.0
-0.013888692855834939,-0.20969763100147248,2.898067593574524,-200.0
-0.23188595920801164,-0.00603114366531371,2.154294440150261,-200.0
-0.19378198385238649,-0.2980444542132318,2.76310116648674,-200.0
-0.12585802674293517,-0.08613476157188416,1.594485267624259,-200.0
-0.12970165014266968,-0.21951926350593565,2.266933113336563,-200.0
-0.1881936728954315,-0.014676332473754883,2.7978926062583924,-200.0
-0.22519961893558502,-0.29058551229536533,1.710856068879366,-200.0
-0.016487807035446167,-0.07516477704048155,2.667494851350784,-200.0
-0.07188563346862792,-0.23440815210342408,3.1121723234653476,-200.0
-0.28526882752776145,-0.14979684948921204,1.943496596813202,-200.0
-0.17322690188884735,-0.15543291270732879,2.5524134159088137,-200.0
-0.11006335616111754,-0.060307896137237554,1.8084798857569695,-200.0
-0.0926434278488159,-0.26868596747517587,2.3682626307010652,-200.0
-0.1514100730419159,-0.09677111506462097,1.837406112253666,-200.0
-0.26429490745067596,-0.19908458590507505,3.0837130665779116,-200.0
-0.05589439272880553,-0.03540372848510742,2.127180513739586,-200.0
-0.03393012285232544,-0.17586739361286163,1.5231255242601036,-200.0
-0.24703869223594666,-0.03958028554916382,2.6916999578475953,-200.0
-0.20911788046360014,-0.25630749464035035,2.2422610372304916,-200.0
-0.1456430375576019,-0.12819029688835143,2.9860900223255156,-200.0
-0.134350723028183,-0.25215009748935696,1.881353135406971,-200.0
-0.2210407644510269,-0.11367030143737791,2.41231746673584,-200.0
-0.25797280222177504,-0.1822949409484863,2.0698609948158264,-200.0
-0.021209585666656483,-0.05197589993476867,3.0264949262142182,-200.0
-0.03910776972770691,-0.19276683032512665,2.7274499595165254,-200.0
-0.2805425092577934,-0.023044663667678822,1.5587758351117373,-200.0
-0.16857320666313172,-0.27287933975458145,2.9106125950813295,-200.0
-0.07721178531646727,-0.1114003300666809,2.1666774690151214,-200.0
-0.09729704260826111,-0.16083483695983886,2.8335418879985808,-200.0
-0.1842617243528366,-0.07372872233390809,2.3026837736368178,-200.0
-0.2970726940780878,-0.23156891763210297,2.5919106245040897,-200.0
-0.060620784759521484,-0.13395824432373046,1.6353796675801278,-200.0
-0.001156872510910012,-0.29346029609441754,1.9875503689050675,-200.0
-0.24231698065996168,-0.09111217260360718,3.1561199545860292,-200.0
-0.20446874499320983,-0.21422670185565948,1.7512611374258995,-200.0
-0.11279600858688354,-0.0012916266918182595,2.4950949609279633,-200.0
-0.11351977586746215,-0.21368317902088163,2.798821783065796,-200.0
-0.20495250821113586,-0.0017734944820403942,2.267651578783989,-200.0
-0.2418118804693222,-0.29407720416784283,2.6632327973842624,-200.0
-0.0004524528980255349,-0.09041072130203245,1.7068048149347306,-200.0
-0.059933280944824224,-0.23086975514888763,1.9394711941480636,-200.0
-0.29662590455263854,-0.13457744121551513,3.1079362094402314,-200.0
-0.18473041355609893,-0.16131441593170165,1.8092242151498794,-200.0
-0.09796462655067442,-0.07318291068077087,2.5533685326576236,-200.0
-0.07674529552459716,-0.2721777454018593,1.833169972896576,-200.0
-0.16790340542793272,-0.11201709508895874,2.364237278699875,-200.0
-0.2812276393175125,-0.19324855506420135,2.1281355798244475,-200.0
-0.03955691456794741,-0.022500997781753518,3.0844574213027958,-200.0
-0.021712338924407937,-0.18174898624420166,2.692418372631073,-200.0
-0.25867958664894103,-0.05245533585548401,1.524054729565978,-200.0
-0.22031923234462736,-0.25276915132999417,2.9820387303829197,-200.0
-0.1338647425174713,-0.11297099590301513,2.2379990339279177,-200.0
-0.14629374146461485,-0.255681574344635,2.4132559657096864,-200.0
-0.20967436730861663,-0.1288827359676361,1.8820873826742173,-200.0
-0.24646001905202863,-0.17642021477222442,3.0222486793994907,-200.0
-0.033299052715301536,-0.03910771608352659,2.065819075703621,-200.0
-0.055280667543411266,-0.19861430525779722,1.5547079000622035,-200.0
-0.2637746885418892,-0.0359588384628296,2.7231777727603914,-200.0
-0.15195191502571107,-0.26937611773610115,2.167385700345039,-200.0
-0.09323809146881104,-0.09614290595054625,2.91152515411377,-200.0
-0.10952387452125548,-0.15496020019054413,2.2984115362167357,-200.0
-0.17262986004352568,-0.06086057424545288,2.829473978281021,-200.0
-0.28588033095002174,-0.23510044813156128,1.6362922012805938,-200.0
-0.07240805625915528,-0.14917078614234924,2.5926189064979557,-200.0
-0.017064267396926902,-0.28995716013014317,3.1568541765213016,-200.0
-0.22583291977643966,-0.0758547842502594,1.988488918542862,-200.0
-0.18754532933235168,-0.22007423043251037,2.49105299115181,-200.0
-0.12914282083511353,-0.014205908775329568,1.7470149159431458,-200.0
-0.12652797102928162,-0.29859713232144713,2.0874195486307143,-200.0
-0.1942485451698303,-0.08566204905509947,3.0437996029853824,-200.0
-0.23143697082996367,-0.20907156765460966,1.8505077585577965,-200.0
-0.013203763961792014,-0.0067234396934509055,2.381737011671066,-200.0
-0.06563445925712585,-0.16593019366264342,2.946381038427353,-200.0
-0.2885392427444458,-0.06831951141357423,2.202295795083046,-200.0
-0.17638679444789884,-0.22645526379346848,2.704957294464111,-200.0
-0.10399478673934937,-0.13934914469718931,1.5364443289116025,-200.0
-0.08713969588279724,-0.18849060237407683,2.6274778306484223,-200.0
-0.1551349639892578,-0.02701159715652468,1.6711991295218467,-200.0
-0.26820224449038504,-0.27713724374771115,2.8112630248069763,-200.0
-0.050280296802520746,-0.10741508603096009,2.280138367414475,-200.0
-0.03003646731376647,-0.24791535884141921,1.7686185553669929,-200.0
-0.2526665568351745,-0.11759632229804992,2.512600874900818,18.02826553976014
-0.2146352559328079,-0.18651135563850402,1.9569188952445984,17.674296017250995
-0.14193198680877686,-0.04803156852722168,3.1253256976604464,11.527743208711104
-0.1405559778213501,-0.17191875278949736,1.622164635360241,18.087089485158323
-0.21772444546222686,-0.04380156397819518,2.5785495281219486,-14.847665471357452
-0.25484022349119184,-0.2602378115057945,2.342337736487389,12.153628221571514
-0.027305477857589744,-0.12395070791244506,2.873562151193619,-1.9330804292956039
-0.042235815525054954,-0.2647050015628338,2.4819318592548374,-200.0
-0.27444199249148366,-0.10102415084838867,1.737848211824894,-75.71778800860271
-0.16236348152160643,-0.20304722785949708,3.1959296584129335,20.7995033923504
-0.08052343726158143,-0.031132382154464733,2.027415093779564,8.891802022588427
-0.10116308927536011,-0.2398033395409584,3.0130302727222444,-52.51570811711045
-0.1786062330007553,-0.1446783185005188,2.056749975681305,20.029890567239253
-0.2916009619832039,-0.15001942813396454,2.4522337675094605,16.951571007755923
-0.06437746882438661,-0.06540811657905579,1.9211107060313224,15.61070518793515
-0.006633281707763672,-0.22494678497314452,2.1533684551715853,-200.0
-0.23856477588415145,-0.009526044130325317,2.8973459362983705,-79.08865501063187
-0.20060731172561647,-0.2851396925747394,1.5987440537661315,-90.41911254075758
-0.11845602393150328,-0.08029675483703613,2.7671557009220127,13.648828342602902
-0.12127007246017454,-0.22840152382850648,1.5120670299045742,-200.0
-0.19834705889225007,-0.13734601736068724,2.681150507926941,19.520137258476307
-0.2367073059082031,-0.16671285331249236,2.226633894443512,21.049130102187085
-0.009117704629898082,-0.06748514771461486,2.9701483070850374,10.782549839822133
-0.06153137683868409,-0.20823948383331298,2.352768379449844,-200.0
-0.2938291758298874,-0.007499223947525002,1.8213833093643188,-200.0
-0.18050490617752074,-0.29659172343090173,3.072781002521515,-29.07326370114743
-0.09871986508369446,-0.08761518001556395,2.1165564358234406,17.30511591896331
-0.08302159309387205,-0.18392482101917268,3.0965645849704746,-1.189671402201654
-0.160409876704216,-0.050566238164901745,1.9275872558355331,12.478045219989363
-0.2723053313791752,-0.24414862990379332,2.5413743495941166,14.586333962208535
-0.04499035477638247,-0.12130604982376098,1.797962835431099,-7.629537302968586
-0.0247661232948303,-0.2808446757495403,2.255968675017357,-200.0
-0.2567526251077652,-0.10365521907806396,2.7872491240501405,13.680262751612705
-0.21989314556121825,-0.19102756977081298,1.6953294180333613,15.090456005289429
-0.13783348202705384,-0.02441820502281189,2.6514526188373564,9.223375573649442
-0.14466832280158995,-0.20463242232799528,2.003077095746994,3.8583787688239255
-0.21244375705718993,-0.029635655879974354,3.172162187099457,-4.613923463616363
-0.2507314547896385,-0.2651151582598686,1.7622256517410277,-1.4960602121865607
-0.032589733600616455,-0.1007076323032379,2.5057384431362153,9.78796682345071
-0.04750276207923887,-0.25991441309452057,2.8445809543132783,-200.0
-0.2703525401651859,-0.12436314225196837,2.3132007479667664,11.007167818518546
-0.15710210502147673,-0.17042890191078186,2.6075183629989622,22.160722927020675
-0.08461847305297851,-0.04538447856903077,1.6512889452278614,12.298817753639376
-0.1064244568347931,-0.28188768289983274,2.738382023572922,-200.0
-0.17451120615005491,-0.08364223837852477,1.5693998370319604,20.987803204237014
-0.28633401542901993,-0.22052603065967558,2.92610684633255,18.288621841808293
-0.06846692562103271,-0.014035141468048073,2.1827001959085464,5.146212780824383
-0.010742050409317028,-0.15453538298606873,1.8969803541898727,-200.0
-0.23328052014112471,-0.06098506450653077,2.428259181976318,-200.0
-0.1964949756860733,-0.24314197003841398,2.0809195667505263,-200.0
-0.1237367033958435,-0.14142860770225524,3.0370443761348724,-200.0
-0.12699009776115416,-0.16229250133037568,2.5239591240882877,-200.0
-0.19031586349010465,-0.07226239442825316,1.7804891183972358,-200.0
-0.22834712862968443,-0.23302342146635055,3.137306505441666,-200.0
-0.015094685554504383,-0.1324773609638214,1.9681668996810915,-200.0
-0.07459282279014587,-0.29198397807776927,1.6828686580061913,-200.0
-0.2831418447196484,-0.09256208539009095,2.6390371143817903,-200.0
-0.17007445693016052,-0.21275580525398252,2.291600376367569,-200.0
-0.11145225763320923,-0.00275387763977053,2.8230298280715944,-200.0
-0.09140126109123228,-0.2489168956875801,2.2142701178789137,-200.0
-0.15441576540470123,-0.11687666773796082,2.9576355278491975,-200.0
-0.2665681064128876,-0.1790648728609085,1.547796096280217,-200.0
-0.05304096937179564,-0.055196893215179454,2.716834342479706,-200.0
-0.035177081823349,-0.19598323702812193,3.055255126953125,-200.0
-0.24403736293315886,-0.01981916427612307,2.099192836880684,-200.0
-0.20684890151023866,-0.27609029710292815,2.3934000551700594,-200.0
-0.14850139617919922,-0.10816256403923033,1.8620735272765159,-200.0
-0.13164353370666504,-0.26955369114875793,2.8821550607681274,-200.0
-0.22316774725914001,-0.09587527513504027,2.1386898934841154,-200.0
-0.2611252471804619,-0.19995600879192352,2.7525873839855195,-200.0
-0.01982068419456484,-0.03452308773994445,1.5834429271519184,-200.0
-0.0418193221092224,-0.1749821662902832,2.041870379447937,-200.0
-0.2784203186631203,-0.04045627713203431,2.9980404317379,-200.0
-0.16542569696903228,-0.25541624128818513,1.9060235902667046,-200.0
-0.07860490679740906,-0.1290534496307373,2.4374514460563663,-200.0
-0.09605008363723755,-0.21570298969745635,1.7232734099030496,-200.0
-0.1872630536556244,-0.01848294138908385,2.466637223958969,-200.0
-0.29934167247265575,-0.28676549792289735,2.0122177332639692,-200.0
-0.057762426137924205,-0.07895625829696654,3.1812575817108155,-200.0
-0.0023990392684936634,-0.23820420652627944,2.5634559273719786,-200.0
-0.23931128829717635,-0.14597225189208984,1.607388786226511,-200.0
-0.2021955460309982,-0.15923495292663573,2.8586760699748996,-200.0
-0.11564943194389343,-0.05649620890617371,2.327354380488396,-200.0
-0.11622692942619323,-0.2787877656519413,2.6090163946151734,-200.0
-0.20282768905162812,-0.10570101141929625,1.6530982434749604,-200.0
-0.24100544303655624,-0.18898296654224395,2.8529271304607393,-200.0
-0.004185032844543468,-0.026474010944366466,2.3214431643486027,-200.0
-0.05722183585166932,-0.1859783113002777,1.7571868181228638,-200.0
-0.29874586472287773,-0.048519301414489735,2.500803369283676,-200.0
-0.18553199172019957,-0.24619668424129484,1.99160515666008,-200.0
-0.09422775506973266,-0.1192513883113861,3.160378968715668,-200.0
-0.07799221873283385,-0.21088232696056364,2.0759844928979874,-200.0
-0.16490428447723388,-0.004867494106292725,3.0320055425167087,-200.0
-0.27661715894937516,-0.29922226974740623,1.8851971358060837,-200.0
-0.04007138013839723,-0.08497343659400938,2.4167872428894044,-200.0
-0.020470279455184925,-0.22576209604740144,2.927916157245636,-200.0
-0.26168300360441205,-0.13997889161109925,2.1841982275247576,-200.0
-0.2249339997768402,-0.16407886147499084,2.7466244399547577,-200.0
-0.13335514068603516,-0.07012574672698973,1.5777460131794214,-200.0
-0.14900536537170408,-0.1519028216600418,3.074292004108429,-200.0
-0.20755457282066345,-0.06362480521202088,2.1183787167072294,-200.0
-0.24565856158733368,-0.24050111174583433,2.3611275255680084,-200.0
-0.03703603148460388,-0.144062340259552,1.829638695716858,-200.0
-0.05257333517074586,-0.2845190897583961,2.221608030796051,-200.0
-0.2658993422985077,-0.0809990644454956,2.9652262032032013,-200.0
-0.15275823175907136,-0.2231680154800415,1.5006080592051148,-200.0
-0.0895054042339325,-0.011404842138290405,2.669380259513855,-200.0
-0.1107660412788391,-0.26196103692054745,1.6904073141515255,-200.0
-0.16962656378746033,-0.12230933904647825,2.6464267551898955,-200.0
-0.28126572780311104,-0.17248382270336152,2.244198426604271,-200.0
-0.07291783690452575,-0.04333668351173403,2.7757901549339294,-200.0
-0.0158172369003296,-0.20258696079254152,2.5431966304779055,-200.0
-0.22883192896842958,-0.03169289231300354,1.799473837018013,-200.0
-0.1921556442975998,-0.263059101998806,3.1048199713230136,-200.0
-0.12862817645072935,-0.1027519941329956,1.9359464019536974,-200.0
-0.12191437482833861,-0.1939286023378372,1.9043050691485406,-200.0
-0.1947639137506485,-0.02186724543571472,2.435836684703827,-200.0
-0.2326847121119499,-0.2740433894097805,2.0337187528610228,-200.0
-0.010201460123062112,-0.11021608114242554,2.989577525854111,-200.0
-0.07025291919708251,-0.2509726658463478,2.7574057281017303,-200.0
-0.2880281701683998,-0.11483201980590821,1.5885725568979978,-200.0
-0.1751433491706848,-0.18111062049865723,2.8938215494155886,-200.0
-0.10700195431709289,-0.05313994288444518,2.1502526223659517,-200.0
-0.08633008003234863,-0.2946245469152927,2.8638056933879854,-200.0
-0.15886835753917694,-0.08992806673049927,2.3321727246046065,-200.0
-0.2709102965891361,-0.2153886526823044,2.575018656253815,-200.0
-0.04815235733985901,-0.00011442303657532849,1.619055274873972,-200.0
-0.030841791629791282,-0.1596508026123047,2.0106029719114304,-200.0
-0.2489282950758934,-0.0748929798603058,3.1795390605926515,-200.0
-0.2119223356246948,-0.23039172738790512,1.7148105040192605,-200.0
-0.14405563473701477,-0.13512024879455567,2.4584855973720554,-200.0
-0.13593762516975402,-0.2355739429593086,2.289894825220108,-200.0
-0.21823561191558838,-0.14861428141593933,2.8214280366897584,-200.0
-0.2560838609933853,-0.15659182369709015,1.6747300140559673,-200.0
-0.024298489093780518,-0.05912765264511108,2.630587178468704,-200.0
-0.04684930443763735,-0.21833669543266296,3.14213781952858,-200.0
-0.27392653226852415,-0.01584205627441404,1.9733094930648805,-200.0
-0.1611155480146408,-0.2894052118062973,2.5356385827064516,-200.0
-0.08352556228637695,-0.07632367014884947,1.7920648172497748,-200.0
-0.10035794377326965,-0.17702649235725404,2.3985426485538484,-200.0
-0.18234468698501588,-0.038400185108184826,1.86690484136343,-200.0
-0.2943139772862196,-0.25747343748807905,3.0668308258056642,-200.0
-0.06225392818450928,-0.1270079433917999,2.110872295498848,-200.0
-0.007442718744277932,-0.2675059229135513,1.5461943048983813,-200.0
-0.2348311901092529,-0.09793022274971008,2.715128791332245,-200.0
-0.19789916574954985,-0.19790223240852356,2.205820181965828,-200.0
-0.12058385610580444,-0.036569738388061546,2.9494968712329865,-200.0
-0.11782473921775818,-0.17969402968883513,2.1725282937288286,-200.0
-0.20003124475479125,-0.05450309514999391,2.916356468200684,-200.0
-0.23678021281957626,-0.2507224917411804,1.5662835925817489,-200.0
-0.004939985275268566,-0.11502476334571837,2.7348572313785553,-200.0
-0.0649718463420868,-0.2742338374257088,3.0206468880176547,-200.0
-0.2921406950801611,-0.10997276902198791,2.06411352455616,-200.0
-0.18042770326137542,-0.19529405236244202,2.4048060297966005,-200.0
-0.1028927206993103,-0.02044379711151123,1.8739487260580063,-200.0
-0.0810457170009613,-0.23351064920425413,2.489347440004349,-200.0
-0.16297760009765624,-0.13194374442100523,1.7454131245613098,-200.0
-0.27619136720895765,-0.16394701302051543,3.1487155199050907,-200.0
-0.0440398335456848,-0.07054320573806763,1.9800389826297762,-200.0
-0.026746290922164906,-0.21104115843772886,1.641123515367508,-200.0
-0.25418976992368697,-0.004403758049011219,2.597761499881744,-200.0
-0.21601198017597198,-0.29144576154649254,2.3100909948349,-200.0
-0.13878829479217528,-0.09305385947227476,2.8410496771335603,-200.0
-0.14122774600982665,-0.2873265780508518,1.8143538385629654,-200.0
-0.2141321450471878,-0.0784964919090271,2.558186876773834,-200.0
-0.25080846548080443,-0.21743135154247284,1.9510339230298996,-200.0
-0.028416699171066262,-0.016837602853775002,3.1196026980876925,-200.0
-0.05094820261001587,-0.15759422779083251,2.661618036031723,-200.0
-0.2686684481799602,-0.05822001099586488,1.7050862938165665,-200.0
-0.157029390335083,-0.23773991167545316,2.790358877182007,-200.0
-0.08879637122154235,-0.1465379476547241,2.259499952197075,-200.0
-0.10444411039352416,-0.20065894424915315,2.9803202092647556,-200.0
-0.17707386910915374,-0.03390306830406187,2.2363842725753784,-200.0
-0.2902150869369507,-0.27143306359648706,2.684266746044159,-200.0
-0.06751200556755066,-0.09409714937210081,1.5155918252654375,-200.0
-0.012718105316162132,-0.2536334842443466,2.1329539239406587,-200.0
-0.23071298897266387,-0.13093736171722412,3.0895870447158815,-200.0
-0.1926090359687805,-0.17436668872833253,1.844836461544037,-200.0
-0.12468733191490172,-0.041154617071151756,2.375800007581711,-200.0
-0.13087245225906372,-0.24585812240839003,3.1910075545310974,-200.0
-0.1893667995929718,-0.11964179277420042,2.022389230132103,-200.0
-0.22637265622615815,-0.18446700274944305,2.4701616108417515,-200.0
-0.017658644914627097,-0.050087624788284296,1.726389242708683,-200.0
-0.07071475982666015,-0.19054441452026366,2.344160017371178,-200.0
-0.28409576676785947,-0.02496498227119448,2.8750731527805327,-200.0
-0.1720537930727005,-0.27918504774570463,1.63042002171278,-200.0
-0.10889258980751038,-0.10536017417907714,2.5869086742401124,-200.0
-0.09147040843963622,-0.16857335865497589,1.6002550553530455,-200.0
-0.15023944973945616,-0.0656881034374237,2.7689779818058016,-200.0
-0.2631242349743843,-0.22908556312322614,2.161727601289749,-200.0
-0.054721480607986456,-0.1367071509361267,2.9056013226509094,-200.0
-0.035103070735931385,-0.29595738379284736,2.4472079038619996,-200.0
-0.24820939153432844,-0.08829460144042969,1.9161886021494867,-200.0
-0.21028848588466642,-0.2064378261566162,3.0015713036060334,-200.0
-0.14681602120399476,-0.009364289045333873,2.044979727268219,-200.0
-0.13552141785621644,-0.2223139017820358,2.7000222206115723,-200.0
-0.22221365869045256,-0.01216546297073362,1.5314054984599352,-200.0
-0.2591457903385162,-0.2824990890920162,2.934597820043564,-200.0
-0.022380244731903087,-0.08293073773384094,2.1908238559961317,-200.0
-0.037937146425247203,-0.2424350693821907,1.8523170694708824,-200.0
-0.2793695479631424,-0.1420354664325714,2.3832350432872773,-200.0
-0.16740029454231262,-0.15266116261482238,2.0956619650125505,-200.0
-0.07604105472564696,-0.06277756690979003,3.052145779132843,-200.0
-0.09612398743629455,-0.2667519427835941,1.9584169268608094,-200.0
-0.18309090435504913,-0.09897066950798034,3.127135008573532,-200.0
-0.2959019229747355,-0.20510189831256864,1.7769647315144539,-200.0
-0.05944762229919434,-0.029084336757659923,2.520843291282654,-200.0
-0.0023299992084503396,-0.1698729693889618,2.8062241911888126,-200.0
-0.24348772466182708,-0.045858478546142556,2.2752032935619355,-200.0
-0.20563958287239076,-0.2581820055842399,2.6160058915615085,-200.0
-0.11396909952163695,-0.1259953200817108,1.6594159111380578,-200.0
-0.11384975910186768,-0.16896272599697112,2.731402963399887,-200.0
-0.20520899891853334,-0.046851396560668945,1.5622674487531185,-200.0
-0.2433129385113716,-0.2584513708949089,2.919909429550171,-200.0
-0.0018805325031280296,-0.12582637667655944,2.176446744799614,-200.0
-0.059604156017303456,-0.26658299267292024,1.8773944064974786,-200.0
-0.2963697058148682,-0.09924003481864929,2.4088311791419983,-200.0
-0.18322850167751312,-0.2060948073863983,2.0605588406324387,-200.0
-0.09653626084327696,-0.028174102306365967,3.0167313754558567,-200.0
-0.0756105065345764,-0.24167904853820799,1.9835982263088228,-200.0
-0.1672809898853302,-0.14289191365242004,3.1526275873184204,-200.0
-0.2789200611412525,-0.15306929647922515,1.741965164244175,-200.0
-0.03776233792304995,-0.062452125549316395,2.48532492518425,-200.0
-0.022847986221313454,-0.2219884693622589,2.8375013768672943,-200.0
-0.25930228382349013,-0.012573587894439686,2.3061691999435423,-200.0
-0.22262594997882842,-0.28335554301738736,2.6012135386466984,-200.0
-0.13565903306007385,-0.08217471241950988,1.6451423697173595,-200.0
-0.14669614434242248,-0.2957143474370241,3.1169813454151156,-200.0
-0.2098573476076126,-0.08849215507507324,1.947844222187996,-200.0
-0.24803515076637267,-0.20735836923122405,2.5609061121940613,-200.0
-0.03465414047241211,-0.008379381895065319,1.8174450233578683,-200.0
-0.05487740635871888,-0.16758846044540404,2.2621183663606645,-200.0
-0.26359141543507575,-0.06660863757133484,2.7935503005981444,-200.0
-0.15037763714790345,-0.22928311675786972,1.7023580528795719,-200.0
-0.09188328981399535,-0.13646410703659057,2.658535438776016,-200.0
-0.1084614336490631,-0.1901465803384781,1.5183173604309559,-200.0
-0.1719338983297348,-0.025298434495925892,2.68735157251358,-200.0
-0.2836468756198883,-0.27996738776564595,2.2337692022323608,-200.0
-0.07054055929183961,-0.10453233718872071,2.977124124765396,-200.0
-0.018125849962234486,-0.2450302854180336,2.3730781376361847,-200.0
-0.226528599858284,-0.1204241394996643,1.8417475566267967,-200.0
-0.18977964520454405,-0.18480044603347778,3.0922118425369263,-200.0
-0.1310106039047241,-0.049689799547195435,2.136139065027237,-200.0
-0.12422069907188416,-0.25395006537437437,1.7294200867414475,-200.0
-0.19245371818542478,-0.13052036762237548,2.4729418456554413,-200.0
-0.23030184656381608,-0.17351911962032318,2.0192493826150892,-200.0
-0.012581598758697521,-0.04191951155662538,3.1883369565010073,-200.0
-0.06794144511222838,-0.20142384767532348,2.5838696479797365,-200.0
-0.2903332136571407,-0.03305549025535581,1.6276491723954678,-200.0
-0.17752220928668977,-0.2710160717368126,2.8782107710838316,-200.0
-0.10461781024932862,-0.09441372156143188,2.3468331485986713,-200.0
-0.08864101767539978,-0.15777203142642973,2.9024678587913515,-200.0
-0.15656272172927857,-0.05795951485633849,2.1590507209300993,-200.0
-0.2685319885611534,-0.23673811554908752,2.7720151841640472,-200.0
-0.050537109375,-0.14743931293487547,1.6030289761722087,-200.0
-0.02853485941886902,-0.2882279399782419,2.0481237292289736,-200.0
-0.2512379363179207,-0.07749470472335815,3.0042380511760713,-200.0
-0.21430580019950868,-0.21717084646224977,1.913155883550644,-200.0
-0.14167603254318237,-0.01701541543006896,2.444430708885193,-200.0
-0.1383221983909607,-0.21187842786312103,2.1946875900030136,-200.0
-0.2158571809530258,-0.003630852699279763,2.9382044851779936,-200.0
-0.2537781000137329,-0.29110286515206096,1.5274319535121321,-200.0
-0.026609247922897317,-0.09344224333763121,2.6965243816375732,-200.0
-0.04446988105773925,-0.2338990241289139,3.0482795119285586,-200.0
-0.27631011307239534,-0.13160085082054138,2.092057427763939,-200.0
-0.1634253144264221,-0.16317409873008729,2.387199193239212,-200.0
-0.08121880888938904,-0.07138048410415648,1.855823090672493,-200.0
-0.10273797512054442,-0.27520930543541905,2.5168761014938354,-200.0
-0.17996166050434112,-0.10904279351234436,1.7734605848789216,-200.0
-0.29200362190604207,-0.1951059490442276,3.1310051262378695,-200.0
-0.06456014513969421,-0.020696282386779785,1.96201730966568,-200.0
-0.005058681964874245,-0.17994652390480043,1.663386381417513,-200.0
-0.23721021115779878,-0.054314982891082775,2.6195055544376373,-200.0
-0.20020437240600586,-0.24979252517223358,2.27134330868721,-200.0
-0.11827250719070434,-0.11600022912025451,2.8026132702827455,-200.0
-0.12013435363769531,-0.267913768440485,2.317838728427887,-200.0
-0.19772433936595918,-0.09760449528694151,2.8490606606006623,-200.0
-0.23440063744783401,-0.19714650213718415,1.656604366004467,-200.0
-0.007323414087295532,-0.03742647171020508,2.612980341911316,-200.0
-0.06266623735427856,-0.17788322567939757,3.16398583650589,-200.0
-0.29445160701870915,-0.03764444589614868,1.9954687893390657,-200.0
-0.18281242847442625,-0.2571477100253105,2.4973057329654695,-200.0
-0.10051444172859192,-0.12741578221321107,1.7532131686806678,-200.0
-0.08335078954696654,-0.21860633790493011,2.420286703109741,-200.0
-0.16066609919071198,-0.015673398971557617,1.889167669415474,-200.0
-0.2738071963191032,-0.2884946845471859,3.0283944189548495,-200.0
-0.04641872048377993,-0.07731630206108092,2.072124609351158,-200.0
-0.024436068534851085,-0.23656657487154006,1.5742417588829993,-200.0
-0.2564961209893227,-0.14770376086235046,2.7426574528217316,-200.0
-0.21839214563369752,-0.156423157453537,2.1877984583377836,-200.0
-0.1364054024219513,-0.059397304058074946,2.9317864775657654,-200.0
-0.14360674023628234,-0.1604328542947769,1.8268679603934288,-200.0
-0.21174813508987428,-0.07406487464904785,2.3580882966518404,-200.0
-0.24849712550640105,-0.22999418824911116,2.121051949262619,-200.0
-0.030721879005432107,-0.13545398712158202,3.077429521083832,-200.0
-0.0485652029514313,-0.29495827965438365,2.6721606969833376,-200.0
-0.27104845046997067,-0.08953052759170532,1.503638809826225,-200.0
-0.15933558046817778,-0.2145605206489563,2.9625558078289034,-200.0
-0.08648604154586792,-0.0008964836597442627,2.2184680819511415,-200.0
-0.10682771801948546,-0.25189348608255385,2.7784566998481752,-200.0
-0.17469441890716553,-0.11384739875793456,2.2473425298929213,-200.0
-0.28790830448269844,-0.1808672994375229,2.6436493575572966,-200.0
-0.06982179880142211,-0.05333721041679382,1.687374709546566,-200.0
-0.0103396475315094,-0.19412587881088256,1.9332694202661513,-200.0
-0.23309758901596067,-0.021623915433883645,3.101686710119248,-200.0
-0.1949198216199875,-0.2730587750673294,1.8022476628422737,-200.0
-0.12238154411315919,-0.11113690137863158,2.5462340354919437,-200.0
-0.12849170565605164,-0.20158488750457765,2.9927691519260406,-200.0
-0.1917445331811905,-0.03259397149085996,2.036337065696716,-200.0
-0.2286765709519386,-0.26323720067739487,2.4327542901039125,-200.0
-0.015350568294525135,-0.10249178409576415,1.901576739549637,-200.0
-0.07309150099754333,-0.2617008179426193,2.147063022851944,-200.0
-0.2817140266299248,-0.12248743772506712,2.891199994087219,-200.0
-0.16974472403526306,-0.17338489294052123,1.5916638493537902,-200.0
-0.1111955165863037,-0.042334610223770164,2.760124760866165,-200.0
-0.08909427523612976,-0.2836717989295721,1.6159662812948228,-200.0
-0.15262174308300017,-0.08176424503326415,2.572296988964081,-200.0
-0.2654327116906643,-0.22348431050777434,2.3353577643632892,-200.0
-0.05241801738739013,-0.010987561941146862,2.8664306938648227,-200.0
-0.03748435378074644,-0.15148555040359496,2.4615702211856845,-200.0
-0.24583224803209303,-0.063941091299057,1.7175361484289169,-200.0
-0.2079840123653412,-0.2412663012742996,3.1763427734375003,-200.0
-0.14912348985671997,-0.14321504831314086,2.007988002896309,-200.0
-0.1332180619239807,-0.22557370662689208,2.6346125304698944,-200.0
-0.2245222985744476,-0.14023109078407286,1.6781755805015564,-200.0
-0.2615282446146011,-0.1650546222925186,2.8175127267837525,-200.0
-0.02000421881675718,-0.06919605731964112,2.286340039968491,-200.0
-0.040244507789611805,-0.20995264649391174,1.7880487620830536,-200.0
-0.2770649157464504,-0.0058432459831238015,2.532184112071991,-200.0
-0.16502299010753632,-0.29947447087615725,1.977228045463562,-200.0
-0.07842223048210142,-0.08478503823280334,3.145690578222275,-200.0
-0.09381608963012694,-0.18563569486141204,2.1069503992795946,-200.0
-0.18539494872093198,-0.04890797138214109,3.0632827281951904,-200.0
-0.29827978285029527,-0.24703366756439207,1.8709235817193985,-200.0
-0.057067054510116566,-0.11847819685935973,2.401994889974594,-200.0
-0.004632747173309304,-0.2780145719647407,2.953408735990524,-200.0
-0.2411785304546356,-0.10653802156448364,2.2093795269727705,-200.0
-0.20325771868228912,-0.18937162756919862,2.711106073856354,-200.0
-0.1163456618785858,-0.02613140344619752,1.542746439576149,-200.0
-0.11582424044609069,-0.23862148672342298,2.974014776945114,-200.0
-0.20264503061771394,-0.14565596580505372,2.2302383303642275,-200.0
-0.2394305884838104,-0.1584697812795639,2.6771865606307985,-200.0
-0.0028295874595641868,-0.05734350085258483,1.5085609121248127,-200.0
-0.05762481093406677,-0.2165502905845642,2.112692803144455,-200.0
-0.29892937783151863,-0.01771776080131532,3.069174134731293,-200.0
-0.1871065557003021,-0.2864492196589708,1.8253569588065148,-200.0
-0.09558234214782715,-0.07937353849411011,2.3562660157680515,-200.0
-0.07905437350273131,-0.17524236738681792,1.7939922764897347,-200.0
-0.16560048758983612,-0.040278178453445446,2.5378748893737795,-200.0
-0.27885090932250023,-0.2545151576399803,1.9314471393823625,-200.0
-0.0419386625289917,-0.13005552291870118,3.1001757085323334,-200.0
-0.019408410787582375,-0.2705557577311993,2.6554196059703825,-200.0
-0.26098765432834625,-0.09497419595718384,1.698833678662777,-200.0
-0.22269997000694275,-0.19977790117263794,2.7833788037300113,-200.0
-0.1314869999885559,-0.034783297777175926,2.252368393540382,-200.0
-0.14867559671401978,-0.1967564195394516,2.508777672052384,-200.0
-0.20729779601097106,-0.0189821720123291,1.7649963617324829,-200.0
-0.24415726214647293,-0.27570161819458006,3.1690246701240543,-200.0
-0.03560823798179624,-0.10850517153739928,2.000403863191605,-200.0
-0.052902817726135254,-0.24925950318574905,1.6482581898570061,-200.0
-0.26615526527166367,-0.11648799777030944,2.60473792552948,-200.0
-0.15425982177257538,-0.17822787165641785,2.316340696811676,-200.0
-0.09093405604362487,-0.05597008466720582,2.8472513496875766,-200.0
-0.11190118789672851,-0.29291367530822754,2.179556092619896,-200.0
-0.17024869322776795,-0.09158633351325987,2.923440301418305,-200.0
-0.28357297740876675,-0.21250361502170562,1.5724324479699134,-200.0
-0.07471269965171815,-0.0029422760009765736,2.741159421205521,-200.0
-0.014681804180145253,-0.16248090863227843,3.0401776373386387,-200.0
-0.22820893675088882,-0.07201019525527955,2.0835965484380723,-200.0
-0.18984867632389069,-0.2320476695895195,2.4252217769622804,-200.0
-0.12683417201042174,-0.13340705037117004,1.8942065283656122,-200.0
-0.12414779663085937,-0.15354274213314056,1.9655485868453981,-200.0
-0.19663142859935762,-0.061895585060119634,3.134114879369736,-200.0
-0.2337471842765808,-0.24331061840057372,1.7832174479961396,-200.0
-0.01089742183685305,-0.14115895628929137,2.5270415186882023,-200.0
-0.068018639087677,-0.2816180281341076,2.8256513833999635,-200.0
-0.28616036362946035,-0.08381089568138123,2.2947899758815766,-200.0
-0.17408173084259032,-0.22143654227256776,2.6363180816173557,-200.0
-0.10630629658699034,-0.01304250955581665,1.6797773718833924,-200.0
-0.08475497961044312,-0.2590576887130737,2.71955600976944,-200.0
-0.15751325190067292,-0.12511888146400452,1.55088509619236,-200.0
-0.2705078601837158,-0.17075463831424711,2.9550105273723606,-200.0
-0.04796939492225649,-0.04497663974761962,2.211085078120232,-200.0
-0.032416033744812,-0.20422459244728086,1.8593478828668595,-200.0
-0.2502831190824509,-0.029961383342742898,2.390315330028534,-200.0
-0.21232563257217407,-0.26587089970707894,2.101807805895805,-200.0
-0.14423888325691223,-0.09985089898109437,3.0584514141082764,-200.0
-0.1382451832294464,-0.28064741045236585,1.5799973607063293,-200.0
-0.22003022432327268,-0.10389854907989501,2.7485620319843296,-200.0
-0.25721867233514784,-0.19201219975948333,2.142244678735733,-200.0
-0.02492086887359618,-0.023497384786605846,2.8860703706741333,-200.0
-0.044542604684829734,-0.18300400972366332,2.4409059166908262,-200.0
-0.2721322104334831,-0.05155085921287536,1.910039645433426,-200.0
-0.15997988283634185,-0.24439196884632108,2.9944876730442047,-200.0
-0.08290289640426635,-0.12110878229141234,2.0379518270492554,-200.0
-0.09885690808296202,-0.20790573656558992,3.1848056793212893,-200.0
-0.18091657161712646,-0.00789676308631898,2.016139629483223,-200.0
-0.2939839717000723,-0.2974198440089822,2.4631849825382233,-200.0
-0.06199747323989868,-0.08683311939239502,1.719254669547081,-200.0
-0.008944612741470348,-0.2276194542646408,2.323795035481453,-200.0
-0.23625959157943727,-0.13817414045333862,2.8547642052173616,21.404001312901737
-0.19822830855846404,-0.1671103835105896,1.6108366578817368,17.950767923736468
-0.1208400249481201,-0.06715140938758851,2.5674786448478697,13.27697249252265
-0.1188866078853607,-0.22404541075229645,1.710820958763361,-200.0
-0.20072665214538574,-0.010527831315994274,2.6666870653629307,-36.270933059742106
-0.23901422917842863,-0.28540018312633036,2.263733127713204,-1.6197131382748426
-0.006808054447174083,-0.08011894226074218,2.7952688217163084,7.418488170638355
-0.06390969157218934,-0.23962552696466444,2.5493433833122254,-200.0
-0.2914444338530302,-0.14493881464004515,1.8057785347104072,-6.323119227374889
-0.1781939774751663,-0.15102120637893676,3.1118517220020294,18.675898842427554
-0.10102550983428954,-0.06450675129890443,1.943025827407837,14.379886188303466
-0.08064274191856383,-0.2639401137828827,3.0805453538894656,-200.0
-0.162794029712677,-0.10187172889709473,2.124576336145401,19.728945537578813
-0.2746168166399002,-0.2034642308950424,2.368259793519974,18.595491982428356
-0.04268531799316405,-0.030815809965133667,1.8366179332137107,8.111249590476165
-0.027148979902267445,-0.17160218954086304,2.241920828819275,-200.0
-0.2543724775314331,-0.04421855807304381,2.985587030649185,-31.02310340497772
-0.21758681237697602,-0.26108538955450056,1.5200358831323684,-18.490890409158805
-0.14014366865158082,-0.12318581342697144,2.6889663338661194,18.502440648917435
-0.14236310720443726,-0.24766287356615066,2.0690087765455245,-71.43324723171574
-0.21475511491298677,-0.11778443455696105,3.0248700320720676,19.642336460406558
-0.2531154826283455,-0.18744134008884428,1.8789961978793146,17.9912673108941
-0.0302107036113739,-0.04705610275268557,2.4105367302894596,11.459868697337773
-0.04981312751770017,-0.1875151455402374,2.908333730697632,-50.5281002749263
-0.2680463299155235,-0.027941572666168202,2.16476728618145,-200.0
-0.15472208261489867,-0.27732536271214486,2.726260370016098,-54.99069561539658
-0.08700150847434998,-0.10716260075569153,1.5574361346662045,22.32783233163277
-0.10411469936370848,-0.16554180085659026,2.589534080028534,15.100029363112643
-0.17681796848773956,-0.06866240501403809,1.6335666708648204,13.87731516307094
-0.28871344663202764,-0.22722816914319993,2.8326700627803802,17.45885849870319
-0.06608335375785829,-0.13851186633110046,2.3010266065597538,6.414449085430999
-0.013047802448272694,-0.297759848088026,1.7501038208603859,-200.0
-0.23096975237131118,-0.08643495440483093,2.493774861097336,11.10828155867064
-0.19411039352416992,-0.20941445231437683,1.9853037774562836,17.559507721974704
-0.12611512541770933,-0.00633505582809446,3.1542293787002564,5.725941587021029
-0.12929813861846923,-0.2902826026082039,2.3789567768573763,-200.0
-0.18801196217536925,-0.07544665932655334,1.847476914525032,15.249485844023898
-0.2259694129228592,-0.21921779215335846,3.0464702010154725,20.052934543157022
-0.017475396394729614,-0.014961934089660622,2.090559396147728,3.85218248309144
-0.0722899317741394,-0.1557162344455719,1.539215175062418,-33.39378720137526
-0.28545089475810526,-0.06000412702560426,2.7079963207244875,-82.25164110821407
-0.17245617806911467,-0.23469233214855195,2.1996226638555525,1.064915871664537
-0.10907555222511292,-0.14949622750282288,2.943243318796158,20.22231141540597
-0.09370476007461548,-0.19878323972225187,2.282815247774124,-37.329273214004616
-0.15210726857185364,-0.035689473152160645,2.8143964886665342,11.125135756551119
-0.2641857951879501,-0.2683831974864006,1.6684252150356769,-5.6759734831840785
-0.05541713833808898,-0.09705314040184021,2.624440628290176,17.03617949888223
-0.032869577407836914,-0.2565917998552322,3.1226589500904085,-200.0
-0.24634185433387756,-0.12788981795310975,1.953774893283844,-200.0
-0.20922606289386747,-0.17615084052085878,2.5153780698776247,-200.0
-0.1461200773715973,-0.03927665948867798,1.7716512739658357,-200.0
-0.13401952385902405,-0.18257681429386138,2.869955486059189,-200.0
-0.22078531086444853,-0.051672989130020136,2.338474002480507,-200.0
-0.25881662517786025,-0.252435690164566,2.5820473670959476,-200.0
-0.022124004364013683,-0.11336882114410399,1.6261381708085536,-200.0
-0.03943818211555483,-0.27257556840777397,2.031019631028175,-200.0
-0.2807976074516773,-0.1116836428642273,3.1997959256172184,-200.0
-0.167730313539505,-0.19246619939804077,1.7343421906232834,-200.0
-0.0762975811958313,-0.023328834772110008,2.477967709302902,-200.0
-0.09843068718910217,-0.2318546712398529,1.924614852666855,-200.0
-0.18488517701625823,-0.133656907081604,2.456200957298279,-200.0
-0.2970376113429665,-0.1611168712377548,2.0531495928764345,-200.0
-0.06007035970687866,-0.07342595458030701,3.0091601550579075,-200.0
-2.244114875793457e-05,-0.21392623186111448,2.763656038045883,-200.0
-0.2416931703686714,-0.0015759408473968728,1.5947735898196698,-200.0
-0.20450475811958313,-0.29315667171031234,2.900956857204437,-200.0
-0.11334664821624754,-0.09139562845230101,2.1572284400463104,-200.0
-0.11267673969268799,-0.29377572555094955,1.8500759497284889,-200.0
-0.2040381610393524,-0.09069632291793822,2.381351560354233,-200.0
-0.24214214980602264,-0.21338027715682983,2.0846533477306366,-200.0
-0.0007074058055877575,-0.0020553767681121826,3.0407684803009034,-200.0
-0.060777246952056885,-0.16159859597682952,2.702268660068512,-200.0
-0.2975404679775238,-0.07288228869438171,1.5332832500338553,-200.0
-0.18439935743808744,-0.23115307688713072,2.9456121623516083,-200.0
-0.09770931601524352,-0.13427367210388183,2.2021958351135256,-200.0
-0.07678116559982298,-0.19294577836990356,2.808464550971985,-200.0
-0.1684539020061493,-0.02278302311897279,2.2770875871181486,-200.0
-0.28009306713938714,-0.27187640592455864,2.627013748884201,-200.0
-0.038932961225509655,-0.11230283975601196,1.6707940712571143,-200.0
-0.021677398681640647,-0.2530525982379913,1.9561696261167527,-200.0
-0.25812930464744566,-0.11266736984252929,3.1252580106258394,-200.0
-0.2214530199766159,-0.18203329145908353,1.7659495025873184,-200.0
-0.1344883382320404,-0.0521548569202423,2.509472072124481,-200.0
-0.14552316069602966,-0.17670580744743347,2.341062879562378,-200.0
-0.20868670642375947,-0.03880623579025266,2.8723336517810822,-200.0
-0.2468644604086876,-0.25596344769001006,1.62021554261446,-200.0
-0.033481264114379905,-0.12857982516288757,2.5763355135917667,-200.0
-0.05605031847953795,-0.2690754935145378,3.1941100120544434,-200.0
-0.264762132614851,-0.09642707705497741,2.025123006105423,-200.0
-0.15154826045036315,-0.1983105272054672,2.480371814966202,-200.0
-0.09305623769760132,-0.036242151260376,1.7369570836424828,-200.0
-0.1096322000026703,-0.23538248240947723,2.4503042817115785,-200.0
-0.17310704290866852,-0.14886801838874816,1.9189289644360543,-200.0
-0.2848199263215065,-0.15524595379829406,3.0117750227451325,-200.0
-0.07171136140823364,-0.06055923700332641,2.055553749203682,-200.0
-0.01695501208305361,-0.21977061331272124,1.597151742875576,-200.0
-0.22535552233457565,-0.014489364624023449,2.766244965791702,-200.0
-0.18860651850700377,-0.28965668231248853,2.1515165358781814,-200.0
-0.12983987331390381,-0.07613909840583802,2.8950342416763304,-200.0
-0.1253913938999176,-0.20878624320030212,2.664305657148361,-200.0
-0.19362659454345704,-0.007025206089019798,1.7082353115081788,-200.0
-0.23147484362125398,-0.2983149580657482,2.8009839177131655,-200.0
-0.01375225782394407,-0.0859646737575531,2.2696525514125825,-200.0
-0.06677082180976868,-0.2267555996775627,1.8116719424724579,-200.0
-0.2891602613031864,-0.13906468749046325,2.5550325393676756,-200.0
-0.17634927928447724,-0.16623423993587494,1.9404142022132875,-200.0
-0.1034470796585083,-0.06803648471832274,3.1094443738460544,-200.0
-0.08746796250343322,-0.27685493901371955,2.1302654415369036,-200.0
-0.1553919196128845,-0.10771756768226623,3.08643878698349,-200.0
-0.26736120879650116,-0.18820515275001526,1.8342105597257614,-200.0
-0.04936394691467283,-0.027313220500946034,2.365648168325424,-200.0
-0.02970798611640929,-0.1868152767419815,2.9830013453960422,-200.0
-0.25240867137908934,-0.047748398780822765,2.239539471268654,-200.0
-0.2154766470193863,-0.248215551674366,2.6948857069015504,-200.0
-0.1428491234779358,-0.1173117220401764,1.5257510139606894,-200.0
-0.13949300050735472,-0.26053957790136334,3.0224784910678864,-200.0
-0.21703032553195953,-0.12366539239883423,2.066406524181366,-200.0
-0.25495112389326097,-0.1722213864326477,2.4162352085113525,-200.0
-0.027780085802078247,-0.04351939558982848,1.8849054634571076,-200.0
-0.04329900741577147,-0.20276277959346772,2.170702415704727,-200.0
-0.2751370444893837,-0.03143271803855896,2.9140581488609314,-200.0
-0.1622522234916687,-0.26442198157310487,1.554859733581543,-200.0
-0.08004804253578185,-0.10132820606231688,2.7238947689533237,-200.0
-0.10156495571136473,-0.15032190084457397,1.639291051030159,-200.0
-0.17879101932048796,-0.06512580513954164,2.5954692602157596,-200.0
-0.29083295837044715,-0.24010496288537977,2.298660954833031,-200.0
-0.06338723301887511,-0.14439285993576048,2.8300936996936796,-200.0
-0.006231629848480247,-0.28485651724040506,2.491172558069229,-200.0
-0.23838091939687728,-0.08060066699981688,1.747712305188179,-200.0
-0.20137495994567872,-0.22466217577457426,3.1601386189460756,-200.0
-0.11944547295570374,-0.009826236963272117,1.991002306342125,-200.0
-0.12130522727966309,-0.1664089322090149,3.1398392975330354,-200.0
-0.19889741241931913,-0.0677683174610138,1.9714837163686751,-200.0
-0.23557373285293579,-0.22810132205486297,2.5246759176254274,-200.0
-0.008494180440902721,-0.1376306176185608,1.780641059577465,-200.0
-0.06149543523788453,-0.296874032355845,2.2921877235174177,-200.0
-0.2932784669101238,-0.08731269836425781,2.8232598423957826,-200.0
-0.18163940906524656,-0.20852493345737455,1.6856866501271726,-200.0
-0.09934360384941102,-0.007197600603103649,2.6420165598392487,-200.0
-0.08217784166336059,-0.2438483029603958,1.5484935900196433,-200.0
-0.15949538648128508,-0.12159050703048704,2.716953706741333,-200.0
-0.27263660430908204,-0.18362077474594116,2.216783607006073,-200.0
-0.045245736837387085,-0.050849264860153204,2.9609197676181793,-200.0
-0.025609087944030773,-0.19131289422512054,2.3962506115436555,-200.0
-0.25766675770282743,-0.024116438627243053,1.865072275698185,-200.0
-0.21956280469894407,-0.2811268463730812,3.055875051021576,-200.0
-0.1375783145427704,-0.10335259437561034,2.0994421541690826,-200.0
-0.14477736353874207,-0.2653983302414417,2.7542511880397798,-200.0
-0.21292108297348022,-0.10040372014045715,1.585890755802393,-200.0
-0.24967005103826523,-0.20491703152656554,2.8836630225181583,-200.0
-0.03189260959625245,-0.02933546304702761,2.1396330028772352,-200.0
-0.04739450812339785,-0.17012642920017243,1.9074539855122565,-200.0
-0.2698755696415901,-0.0456667900085449,2.4385245084762577,-200.0
-0.15816257894039154,-0.2596127986907959,2.0438712507486345,-200.0
-0.08531538248062134,-0.12464860081672668,3.0002027690410618,-200.0
-0.10565459132194518,-0.22081047892570493,2.013758271932602,-200.0
-0.1735236883163452,-0.013734805583953846,3.182219994068146,-200.0
-0.28673745319247246,-0.28217070624232293,1.7249697908759116,-200.0
-0.06864870786666871,-0.08333818316459654,2.4691043555736543,-200.0
-0.01151270270347593,-0.24284019470214843,2.860657638311386,-200.0
-0.23426839560270307,-0.1417139232158661,2.3294841408729554,-200.0
-0.1960906058549881,-0.1542327493429184,2.5648670196533203,-200.0
-0.12355470657348633,-0.061267232894897466,1.6084292717278004,-200.0
-0.12731879353523254,-0.2327399656176567,2.224341705441475,-200.0
-0.1905738204717636,-0.13278098702430724,2.968328762054443,-200.0
-0.22750595211982727,-0.16200819611549377,1.5111757956445218,-200.0
-0.01417762041091919,-0.07256287336349487,2.6795906662940983,-200.0
-0.07426448464393615,-0.2130585819482803,3.0715523004531864,-200.0
-0.2828846722841263,-0.0024718523025512584,2.115281680226326,-200.0
-0.1709154188632965,-0.29228532314300537,2.3505541622638706,-200.0
-0.11236839294433593,-0.09227634072303773,1.819434317946434,-200.0
-0.09026511311531066,-0.17878069281578063,2.5404638171195986,-200.0
-0.15379481613636017,-0.05549751520156859,1.796370416879654,-200.0
-0.2666058339178562,-0.2486335828900337,3.0942530930042267,-200.0
-0.05358874797821045,-0.11718043684959412,1.9257352352142334,-200.0
-0.036313587427139304,-0.27639176845550534,1.6931477777659893,-200.0
-0.24465909898281096,-0.10787696242332459,2.6495229303836823,-200.0
-0.2068109571933746,-0.19628613889217378,2.25477254986763,-200.0
-0.1479526877403259,-0.01953728199005128,2.7859936714172364,-200.0
-0.1320449709892273,-0.20025962591171265,1.7590644747018813,-200.0
-0.22335153222084045,-0.03423963189125062,2.5030500113964083,-200.0
-0.26035738438367845,-0.26985416337847706,2.0029770344495774,-200.0
-0.01883116364479065,-0.09559096097946165,3.1713935136795044,-200.0
-0.04141752719879149,-0.2551342114806175,2.6071327090263368,-200.0
-0.278235749155283,-0.12935621738433836,1.6508572377264499,-200.0
-0.16619377434253693,-0.17469641268253325,2.8415496289730076,-200.0
-0.07959535717964172,-0.040757614374160755,2.310434648394585,-200.0
-0.0949866771697998,-0.2870661277323961,2.9260393619537357,-200.0
-0.18656793236732483,-0.0786720871925354,2.1819508254528044,-200.0
-0.29945271760225295,-0.2160067677497864,2.7352534234523773,-200.0
-0.05823774933815001,-0.018199628591537453,1.5667307145893574,-200.0
-0.0034620881080627552,-0.1589493602514267,2.077868938446045,-200.0
-0.24000562280416488,-0.05679768919944764,3.0342456996440887,-200.0
-0.20208471715450288,-0.23792232424020765,1.8965753972530366,-200.0
-0.1151750385761261,-0.14627516269683838,2.4277948975563053,-200.0
-0.11699736714363099,-0.18867918848991394,2.0321009516716004,-200.0
-0.20381577908992765,-0.026757323741912864,2.9887437999248507,-200.0
-0.24060143083333968,-0.27848714143037795,1.9025318816304209,-200.0
-0.004002678394317616,-0.10598520040512086,2.4334986448287967,-200.0
-0.05645175576210021,-0.24647855758666992,2.891918408870697,-200.0
-0.29775856202468276,-0.11894847750663756,2.1479921489953995,-200.0
-0.18593578934669494,-0.18626390397548676,2.756073468923569,-200.0
-0.09440917968749998,-0.04821782112121581,1.587401757389307,-200.0
-0.0778837502002716,-0.29892179276794195,2.5732261657714846,-200.0
-0.16442752182483672,-0.085257750749588,1.6166846580803393,-200.0
-0.27767799273133276,-0.21057870984077454,2.8621686398983,-200.0
-0.04076793193817141,-0.00515094995498655,2.3313064217567447,-200.0
-0.020579105615615823,-0.16436461508274078,1.7135108217597008,-200.0
-0.2621605485677719,-0.06982440948486329,2.4573341071605683,-200.0
-0.22387295365333557,-0.2260441303253174,2.008732408285141,-200.0
-0.13265765905380247,-0.13967612385749817,3.17729789018631,-200.0
-0.14984854459762573,-0.24078443348407744,1.6739034317433834,-200.0
-0.2084684908390045,-0.1437585711479187,2.6305446207523344,-200.0
-0.24532786309719085,-0.15218700170516966,2.287252649664879,-200.0
-0.03678122162818909,-0.06332418322563171,2.8182210087776185,-200.0
-0.051729798316955566,-0.22286511361598968,2.532918334007263,-200.0
-0.2649846352636814,-0.011686724424362194,1.788987235724926,-200.0
-0.15308914482593536,-0.2842176105827093,3.1416486084461215,-200.0
-0.08976114392280579,-0.08128466606140136,1.9729817479848863,-200.0
-0.11073031425476074,-0.1727681279182434,3.064221227169037,-200.0
-0.1690756380558014,-0.04303620457649232,2.1076845705509184,-200.0
-0.28239987306296827,-0.2622444838285446,2.3977486431598667,-200.0
-0.07354193329811096,-0.12200571298599241,1.866881586611271,-200.0
-0.015852606296539284,-0.2627577647566795,2.205311667919159,-200.0
-0.22938206791877747,-0.10303773880004882,2.9491365492343906,-200.0
-0.1910217136144638,-0.2022841930389404,1.543454759567976,-200.0
-0.12800500988960264,-0.031974917650222756,2.7120186328887943,-200.0
-0.1229772090911865,-0.27376036942005155,2.8531253278255466,-200.0
-0.1954584628343582,-0.11052013635635374,2.322114107012749,-200.0
-0.2325742408633232,-0.19364415407180785,2.6122753024101257,-200.0
-0.009726709127426125,-0.02216758131980895,1.655688551813364,-200.0
-0.06918929815292357,-0.18141325414180753,1.9945270985364916,-200.0
-0.28733326233923434,-0.05285777449607848,3.1632548570632935,-200.0
-0.17525475025177,-0.25127443224191665,1.7574626833200455,-200.0
-0.10747691988945007,-0.11454670429229735,2.501344460248947,-200.0
-0.08592807054519652,-0.21510404348373413,1.8884367406368257,-200.0
-0.15868400037288666,-0.0004146158695220725,2.419344961643219,-200.0
-0.2716787293553352,-0.29434137158095836,2.076163387298584,-200.0
-0.04914245009422302,-0.09023197889328002,3.032643908262253,-200.0
-0.031243014335632313,-0.2306933507323265,2.746932882070541,-200.0
-0.24911229461431503,-0.13483479022979736,1.5783064134418965,-200.0
-0.21115483045578004,-0.15995327532291412,2.9308706760406498,-200.0
-0.14306575655937195,-0.07461068630218506,2.187093418836594,-200.0
-0.1370743453502655,-0.15689586997032165,2.362116891145706,-200.0
-0.21885713338851928,-0.05884462594985962,1.831100806593895,-200.0
-0.2560455590486526,-0.23587427884340284,3.076681923866272,-200.0
-0.02375013828277589,-0.14832982420921326,2.1201000243425367,-200.0
-0.04571337103843687,-0.2891230367124081,1.5027128913439811,-200.0
-0.2733053684234619,-0.0766262948513031,2.6714390397071837,-200.0
-0.16115292012691498,-0.21805137097835542,2.2227269440889357,-200.0
-0.0840736985206604,-0.016143822669982932,2.9666103422641754,-200.0
-0.10002982020378112,-0.25777363032102585,2.246620923280716,-200.0
-0.18208730220794678,-0.12672334313392639,2.7775307655334474,-200.0
-0.29515458215028045,-0.1773304045200348,1.6914292566478253,-200.0
-0.06317042112350463,-0.03811701536178591,2.647908169031143,-200.0
-0.0077716290950775035,-0.197616782784462,3.105919581651688,-200.0
-0.23508893251419066,-0.0368713617324829,1.9372979640960692,-200.0
-0.19705763161182405,-0.2672236181795597,2.5452821612358094,-200.0
-0.1196671485900879,-0.09823270440101622,1.80150004029274,-200.0
-0.11771584153175355,-0.2504208773374557,2.472220188379288,-200.0
-0.1995534896850586,-0.11531022191047668,1.7284941777586937,-200.0
-0.23784118741750715,-0.1793915569782257,3.1923914909362794,-200.0
-0.0056372523307800515,-0.05478540658950806,2.023508244752884,-200.0
-0.06508052945137024,-0.19557866156101228,1.6318820312619209,-200.0
-0.2926175208762288,-0.02014360427856443,2.587898242473602,-200.0
-0.17936708629131315,-0.27451700940728185,2.345881223678589,-200.0
-0.10219624042510986,-0.10966885685920716,2.8774632751941684,-200.0
-0.08181572556495667,-0.16364437937736512,2.163079264760017,-200.0
-0.16396468877792358,-0.07082537412643433,2.9067007303237915,-200.0
-0.27578749805688857,-0.23320887386798858,1.602281366288662,-200.0
-0.04385819435119631,-0.1322290599346161,2.7710633099079134,-200.0
-0.025976067781448342,-0.2917287854477763,3.0033121168613435,-200.0
-0.25320175141096113,-0.09274980425834656,2.047402122616768,-200.0
-0.21641620695590974,-0.21132560670375822,2.4486895203590393,-200.0
-0.13897072076797484,-0.004103422164916992,1.9172104433178903,-200.0
-0.14119244813919066,-0.2177168011665344,2.9374735057353973,-200.0
-0.21358222067356109,-0.01653597950935365,2.1937458992004393,-200.0
-0.25194246768951417,-0.2876088861376047,2.700563108921051,-200.0
-0.029040080308914196,-0.07819401025772094,1.5316814586520195,-200.0
-0.050983715057373036,-0.23743970990180968,2.0963328063488005,-200.0
-0.26921930015087125,-0.14682254791259766,3.0523441791534425,-200.0
-0.15589503049850464,-0.15729030668735502,1.8549072384834289,-200.0
-0.08817220330238343,-0.058503180742263794,2.386494153738022,-200.0
-0.10528771877288817,-0.2717152342200279,1.7775252267718316,-200.0
-0.17798878848552702,-0.09379452466964722,2.521151530742645,-200.0
-0.2898842442780733,-0.2009442687034607,1.9613122195005417,-200.0
-0.06725648045539856,-0.03360130190849303,3.1300893247127535,-200.0
-0.011874711513519265,-0.174062642455101,2.6185638129711153,-200.0
-0.2297989994287491,-0.04143764376640319,1.6626554146409034,-200.0
-0.19293951988220215,-0.2533331573009491,2.8068627595901487,-200.0
-0.1249420702457428,-0.13122181892395018,2.275382086634636,-200.0
-0.13047115802764891,-0.1841812491416931,1.5632059097290039,-200.0
-0.18918258547782896,-0.05038896203041077,2.7321371853351595,-200.0
-0.22714008539915084,-0.24557609707117078,2.172200447320938,-200.0
-0.018648308515548717,-0.1199445605278015,2.9158674597740175,-200.0
-0.07111698389053345,-0.2794855199754238,2.4047632694244383,-200.0
-0.28428019545972344,-0.10507586002349853,1.8731222450733185,-200.0
-0.1712855815887451,-0.1908480316400528,3.0174396574497226,-200.0
-0.10790256857872008,-0.0246815264225006,2.0614714503288267,-200.0
-0.09253395795822142,-0.22880368083715438,3.1483554005622865,-200.0
-0.15093414187431334,-0.13701006174087524,1.979530367255211,-200.0
-0.2630127601325512,-0.16828776597976683,2.486237382888794,-200.0
-0.054246300458908076,-0.06598958373069763,1.742673471570015,-200.0
-0.03404045104980469,-0.20674160420894622,2.306903371214867,-200.0
-0.24751491397619246,-0.009080976247787476,2.838439875841141,-200.0
-0.21039917171001432,-0.2962580133229494,1.641100361943245,-200.0
-0.14729084372520446,-0.08801043033599854,2.5969672918319704,-200.0
-0.1351925790309906,-0.28280043303966523,1.9487733483314513,-200.0
-0.22195613086223603,-0.08264499306678771,3.1176997601985934,-200.0
-0.2599873960018158,-0.2226166784763336,1.8131829440593719,-200.0
-0.023297166824340798,-0.011883437633514404,2.556854820251465,-200.0
-0.038265055418014504,-0.15237685739994047,2.7895249485969544,-200.0
-0.2796268634498119,-0.06307804584503174,2.2578823029994965,-200.0
-0.16655947566032409,-0.24215161800384521,2.6592797935009003,-200.0
-0.07512449026107787,-0.14233909249305723,1.7033132076263429,-200.0
-0.09725999236106872,-0.2054048001766205,2.6831154584884644,-200.0
-0.18371228277683258,-0.028802454471588135,1.51429204326123,-200.0
-0.2958646229468286,-0.2670534163713455,2.978079241514206,-200.0
-0.05889970064163208,-0.09868506789207457,2.234513607621193,-200.0
-0.0011930644512176403,-0.2578986927866936,1.8424659460783004,-200.0
-0.24286613166332244,-0.12629908919334412,2.3740073144435883,-200.0
-0.20567767024040223,-0.16958878934383392,2.1320877224206924,-200.0
-0.11451737880706786,-0.04615910053253175,3.087949788570404,-200.0
-0.11446396708488463,-0.28326454684138297,2.5157318055629734,-200.0
-0.20577056407928468,-0.08252887129783629,1.7721152290701867,-200.0
-0.2427764073014259,-0.2216216504573822,3.1221824049949647,-200.0
-0.0012501597404480091,-0.012640535831451416,1.9534085929393767,-200.0
-0.058993953466415394,-0.15343144834041594,1.6680526323616505,-200.0
-0.2958121446892619,-0.06237137317657471,2.623970770835877,-200.0
-0.18377018272876738,-0.24173791408538817,2.2832725405693055,-200.0
-0.09717178344726562,-0.14251479506492615,2.8147565066814426,-200.0
-0.07506653666496277,-0.20587454438209535,2.1991526037454605,-200.0
-0.16664775609970092,-0.028680503368377686,2.942870533466339,-200.0
-0.27953255027532575,-0.26605257466435434,1.539575395733118,-200.0
-0.03831760883331298,-0.09944778084754943,2.708453816175461,-200.0
-0.02338680624961853,-0.2589498281478882,3.0469339787960052,-200.0
-0.2599303677678108,-0.1255958139896393,2.090912878513336,-200.0
-0.22200946211814881,-0.16917850077152252,2.3785906791687013,-200.0
-0.13509975671768187,-0.046331334114074696,1.8470005467534065,-200.0
-0.14724236726760864,-0.18487082719802855,2.9004930794239048,-200.0
-0.21049741208553313,-0.049314969778060935,2.1568749070167543,-200.0
-0.24742956161499022,-0.245381024479866,2.7640221357345585,-200.0
-0.034101194143295266,-0.12034116983413695,1.5952499322593212,-200.0
-0.05434548854827881,-0.2795845404267311,2.0536196529865265,-200.0
-0.26296565830707547,-0.10459234714508056,3.009532940387726,-200.0
-0.1509963870048523,-0.19007156789302826,1.9242546573281287,-200.0
-0.09244939684867859,-0.025659459829330433,2.4557434618473053,-200.0
-0.10784039497375489,-0.22948741614818574,1.734714798629284,-200.0
-0.17137008011341096,-0.13594168424606323,2.4784375667572025,-200.0
-0.2841810844838619,-0.16809829473495483,2.0305623382329943,-200.0
-0.07116402983665465,-0.06638036370277406,3.1994359076023104,-200.0
-0.018733727931976307,-0.20684401094913482,2.581693631410599,-200.0
-0.22707925736904144,-0.008593994379043568,1.6256741903722287,-200.0
-0.1892311334609985,-0.2954780677333474,2.8704320311546327,-200.0
-0.1303728461265564,-0.08899176120758057,2.3388403028249742,-200.0
-0.12485833168029783,-0.21695398092269896,1.5204931711778045,-200.0
-0.1930020868778229,-0.01753665804862975,2.6893263518810273,-200.0
-0.22975104600191115,-0.2877306718379259,2.2415482461452485,-200.0
-0.011973577737808216,-0.0777241587638855,2.9851171731948853,-200.0
-0.0673181176185608,-0.23726736456155778,2.36778324842453,-200.0
-0.2897991523146629,-0.14723267555236816,1.8362516582012176,-200.0
-0.17808617055416107,-0.15799342095851898,3.080899089574814,-200.0
-0.10523899197578429,-0.05745193362236023,2.125040316581726,-200.0
-0.08807476758956909,-0.27095830366015433,3.111485624313355,-200.0
-0.15594382882118224,-0.09478965997695923,1.9425495356321334,-200.0
-0.26915760710835457,-0.2010604977607727,2.549807161092758,-200.0
-0.051068884134292614,-0.033137351274490356,1.8061320930719376,-200.0
-0.02908794879913329,-0.173887100815773,2.264093348383904,-200.0
-0.2518436685204506,-0.04185145497322085,2.795726317167282,-44.75454798684888
-0.2136658698320389,-0.25403994172811506,1.7103508986532687,-5.832751190503179
-0.14112995266914366,-0.13016738891601562,2.6663142800331117,19.445587474606203
-0.13888161778450012,-0.25002997666597365,1.9849435567855835,-200.0
-0.2164738208055496,-0.11549951434135436,3.153771883249283,19.17730485433426
-0.25315015912055966,-0.18045975565910338,1.750573855638504,18.92015904671604
-0.026070570945739724,-0.05410155057907104,2.494147646427155,12.522504290020764
-0.043914467096328735,-0.1945972055196762,2.8330361604690553,-200.0
-0.27569747641682624,-0.020923376083374023,2.301502948999405,-200.0
-0.16405840516090392,-0.2750038146972656,2.5890703022480013,-44.95761473060077
-0.08176263570785522,-0.10956632494926452,1.6332131378352641,21.573470050634874
-0.10210259556770324,-0.163247948884964,2.726736915111542,15.954674638114525
-0.1794201225042343,-0.07102056741714477,1.5578024350106716,13.250162092290978
-0.2925613224506378,-0.2342829868197441,2.9079799950122833,17.064750388244015
-0.06517049074172973,-0.13153966069221495,2.1643033057451246,8.75865760313193
-0.005688911676406838,-0.2907510280609131,1.8785388797521592,-200.0
-0.23774659931659697,-0.09352639317512512,2.410176712274551,-200.0
-0.19964266419410703,-0.21180924475193025,2.069381359219551,-200.0
-0.11765813827514648,-0.004004573822021462,3.0253398895263675,-200.0
-0.11956824660301207,-0.1558996260166168,2.102284148335457,-200.0
-0.1971055895090103,-0.059602725505828846,3.0588175117969514,-200.0
-0.23502639681100845,-0.23633942306041716,1.858994324505329,-200.0
-0.007855331897735573,-0.14821248650550842,2.3898516535758976,-200.0
-0.06321918368339538,-0.2887081816792488,2.954553031921387,-200.0
-0.2950571939349174,-0.07680307030677794,2.2107248574495317,-200.0
-0.18217236399650572,-0.2191070705652237,2.719928795099259,-200.0
-0.09996821880340576,-0.015436005592346203,1.5513551816344262,-200.0
-0.0839885652065277,-0.25677404701709744,2.6359580636024473,-200.0
-0.1612146109342575,-0.1274849832057953,1.679320104420185,-200.0
-0.2732565365731716,-0.1777990758419037,2.8261212408542633,-200.0
-0.04581084251403811,-0.03799635171890259,2.295162558555603,-200.0
-0.02381259799003599,-0.19720767438411713,1.7835837230086327,-200.0
-0.25596191436052323,-0.0370424509048462,2.5275180637836456,-200.0
-0.21895596385002136,-0.2682736203074455,1.9650846064090728,-200.0
-0.1370264410972595,-0.0975306451320648,3.1337611436843873,-200.0
-0.1429712176322937,-0.2735663406550884,1.6104703322052956,-200.0
-0.21120645403861998,-0.11091545820236207,2.5670020997524263,-200.0
-0.2490546852350235,-0.19433244466781616,2.324259015917778,-200.0
-0.03133208155632017,-0.021094661951065075,2.8551179409027103,-200.0
-0.04919557571411132,-0.18063789904117583,2.463545000553131,-200.0
-0.27158498391509056,-0.0538344919681549,1.7197119876742364,-200.0
-0.15877401530742644,-0.25137224793434143,3.1843358218669895,-200.0
-0.08587183356285094,-0.11406433582305908,2.0157670468091964,-200.0
-0.10738699436187743,-0.2149135708808899,2.9949451684951782,-200.0
-0.17531091570854185,-0.0008066117763519398,2.0383120477199554,-200.0
-0.2872802227735519,-0.2950263502076268,2.4405331313610077,-200.0
-0.06928297877311707,-0.08916260004043577,1.9095695853233337,-200.0
-0.009784376621246316,-0.2299123227596283,2.1417683362960815,-200.0
-0.23248509764671327,-0.1358172655105591,2.8857042729854587,21.22980343184472
-0.19555305540561674,-0.16005686223506926,1.5803508684039116,18.55143583394639
-0.12292551398277282,-0.07412261366844178,2.749025809764862,13.243598580866369
-0.12794787883758543,-0.24090526252985,2.78375158905983,-28.528307381167256
-0.1911114424467087,-0.1432900071144104,2.2528384536504746,20.009627923152582
-0.22928920537233352,-0.15142546892166137,2.654962110519409,21.02274537714699
-0.015905982255935647,-0.06432393193244934,1.6984734326601028,11.118188261614659
-0.07363017797470092,-0.223567333817482,1.9310936063528061,-200.0
-0.28234196975827214,-0.010636836290359497,3.0997119307518006,-200.0
-0.16912808418273925,-0.284046633169055,1.7944686442613602,-200.0
-0.11063609719276427,-0.0816939353942871,2.538240885734558,14.548152504280138
-0.08970862627029419,-0.17288535833358765,1.8248930037021638,-22.082390693649966
-0.153183451294899,-0.04257089495658872,2.355912280082703,12.606910738125904
-0.26489632576704025,-0.2614862188696861,2.113059103488922,7.601531932189973
-0.05178778767585754,-0.12300184965133668,3.0696506798267365,12.812130799508537
-0.03687400817871095,-0.2634654700756073,2.6776564180850984,-200.0
-0.24527454525232315,-0.10198187828063965,1.5089334742166103,-22.25021558732722
-0.208525550365448,-0.20210724771022798,2.9736547589302065,20.52369926901959
-0.14975886940956115,-0.03238965868949889,2.229781037569046,8.700332430501305
-0.13259688019752502,-0.18974874615669252,2.4247519195079805,14.388341435025247
-0.2239583373069763,-0.026072466373443626,1.8938339203596115,-200.0
-0.2620623081922531,-0.2780952639877796,3.040537655353546,16.478682402781416
-0.020627546310424794,-0.10617583394050598,2.0840538412332537,-10.242416514031248
-0.04085252881050111,-0.24696678668260574,1.5728964537382126,-200.0
-0.27761571407318114,-0.11884501576423645,2.7415131568908695,12.107506116396912
-0.16447462141513824,-0.18528155386447906,2.179189792275429,21.242581825995885
-0.07778459787368774,-0.04899902343750001,2.9229637563228605,8.794160994847235
-0.09436216950416565,-0.2999945931136608,2.3166942298412323,-200.0
-0.1860348701477051,-0.08456928133964539,2.847715127468109,17.70464700327117
-0.2976740492507815,-0.2101832091808319,1.6477818727493285,12.21873993902558
-0.056513965129852295,-0.005344855785369862,2.6043718278408052,2.1777450720499316
-0.004100972414016746,-0.16484685838222504,3.1686518847942353,-72.83069669853556
-0.24055291414260863,-0.06972641944885255,1.9999338030815126,-42.303840264929526
-0.20387661159038545,-0.225067238509655,2.5092351675033573,19.097963707875106
-0.1169119119644165,-0.14045135378837584,1.765356582403183,22.576349703547802
-0.11527354717254637,-0.19926348924636839,3.1759896457195285,9.510634579596932
-0.20203711688518522,-0.03499783873558043,2.0075246304273606,-44.52810851461274
-0.24006839990615844,-0.2703194126486778,2.4620469689369204,10.871924350482775
-0.003378152847290039,-0.09547373056411743,1.7179026514291764,-34.18019398176232
-0.05818866491317748,-0.2547193944454193,2.3357309043407444,-200.0
-0.2995504514314234,-0.1295330286026001,2.866901159286499,9.918461089291128
-0.1864830493927002,-0.17575214803218842,1.6155091658234597,18.35371355671796
-0.09504809975624084,-0.040049833059310924,2.571937173604965,9.167843021084582
-0.07968016862869262,-0.28606643714010715,1.5921340867877007,-200.0
-0.16613244116306305,-0.0794336199760437,2.760497748851776,16.58640018326873
-0.27828476428985593,-0.21647533178329467,2.1467034101486204,15.029787558662386
-0.04131987690925598,-0.0180788576602936,2.8907431066036224,3.581111068977166
-0.018768310546875,-0.15854021608829497,2.432290714979172,-200.0
-0.2604413956403732,-0.05696874260902404,1.901223434507847,-200.0
-0.22325295209884644,-0.23897228837013243,2.9931358575820926,-200.0
-0.13209262490272522,-0.1455730676651001,2.0368140161037447,-200.0
-0.14804754853248595,-0.23254604637622833,2.7115696489810945,-200.0
-0.20675901174545286,-0.13317641615867615,1.5430997921153904,-200.0
-0.24471650272607803,-0.16269659399986267,2.9530420303344727,-200.0
-0.03622469902038572,-0.07149006128311158,2.2089025765657424,-200.0
-0.05353601574897765,-0.21228326261043548,1.8704532936215401,-200.0
-0.26669919937849046,-0.0034486055374145508,2.4016219019889835,-200.0
-0.15370458662509917,-0.29238317292183635,2.107310011982918,-200.0
-0.0903216004371643,-0.0917940080165863,3.0637396156787875,-200.0
-0.11245871186256409,-0.1785901129245758,1.9768548548221587,-200.0
-0.17085886001586914,-0.05588940382003785,3.1452201128005983,-200.0
-0.28293749056756495,-0.24931845366954802,1.7885058268904686,-200.0
-0.07417105436325072,-0.11611095070838928,2.5325439274311066,-200.0
-0.014120274782180808,-0.27561070695519446,2.8178658545017243,-200.0
-0.22759476900100706,-0.10885940194129942,2.286803412437439,-200.0
-0.19047901332378386,-0.19638969004154205,2.6341357827186584,-200.0
-0.12737066745758055,-0.019049191474914573,1.6778091028332711,-200.0
-0.12361144423484802,-0.2655189782381058,2.187341418862343,-200.0
-0.19600123465061187,-0.09993497729301451,2.9314266622066496,-200.0
-0.23436149954795837,-0.20415531992912292,1.5746149748563767,-200.0
-0.011459076404571555,-0.03033503293991091,2.7431279182434083,-200.0
-0.06856014132499694,-0.17082839906215666,3.0288711667060855,-200.0
-0.28679570853710173,-0.04461665153503419,2.0724911123514174,-200.0
-0.17347142100334167,-0.2594415709376335,2.4199335753917692,-200.0
-0.10574862957000733,-0.12505761981010435,1.8887042969465258,-200.0
-0.08536757826805114,-0.22092788815498351,2.497672438621521,-200.0
-0.15806863009929656,-0.01326967477798463,1.753690093755722,-200.0
-0.26996407136321066,-0.2814126223325729,3.1635222613811496,-200.0
-0.04733633995056152,-0.08433449864387513,1.9951154589653015,-200.0
-0.031799429655075095,-0.24354815483093262,1.6562447786331176,-200.0
-0.2497237354516983,-0.14065831303596496,2.612523454427719,-200.0
-0.2128642737865448,-0.1540560632944107,2.3183089911937715,-200.0
-0.14486678838729858,-0.06168222427368164,2.849433648586273,-200.0
-0.13763941526412962,-0.16747831106185912,1.8026073008775712,-200.0
-0.21947709918022157,-0.06708328127861024,2.5466909229755403,-200.0
-0.2577647879719734,-0.2277092680335045,1.9327991575002672,-200.0
-0.025560826063156128,-0.137821090221405,3.1013137221336367,-200.0
-0.04516153335571288,-0.29736201055347916,2.643282651901245,-200.0
-0.2726984962821007,-0.08720898628234863,1.6868977338075637,-200.0
-0.1594480723142624,-0.20754233300685881,2.778920274972916,-200.0
-0.08227724432945252,-0.007978552579879783,2.2476958602666857,-200.0
-0.09939100742340087,-0.24492128044366834,2.9620790600776674,-200.0
-0.18153993487358094,-0.12090221643447877,2.218101578950882,-200.0
-0.29336275421082975,-0.18322545289993286,2.6725138247013094,-200.0
-0.061433476209640514,-0.051043349504470814,1.5041021585464478,-200.0
-0.0083962082862854,-0.19179538786411285,2.121509039402008,-200.0
-0.23562191873788835,-0.02401869893074038,3.0777893364429474,-200.0
-0.1988363653421402,-0.28015020713210104,1.8264947950839996,-200.0
-0.12139086127281187,-0.10412807464599608,2.3576178312301637,-200.0
-0.1194990634918213,-0.2610035866498947,1.9126789584755897,-200.0
-0.20128188729286195,-0.12354916334152222,2.4440640032291414,-200.0
-0.23847029507160186,-0.17122625112533568,2.0484770596027375,-200.0
-0.006174856424331687,-0.04427638649940491,3.004701626300812,-200.0
-0.06329323053359986,-0.203817343711853,2.772472071647644,-200.0
-0.2908851932734251,-0.030726009607315086,1.6033885888755322,-200.0
-0.1787327617406845,-0.2640082463622093,2.9020948708057404,-200.0
-0.10165355801582335,-0.10150387287139892,2.158580458164215,-200.0
-0.08010624647140502,-0.1507917523384094,2.8785706877708437,-200.0
-0.1621636927127838,-0.06500396132469177,2.34729023873806,-200.0
-0.2752309888601303,-0.239104226231575,2.58339918255806,-200.0
-0.04324684739112855,-0.14515568017959593,1.6272759817540645,-200.0
-0.02769062519073484,-0.28590768836438657,2.01888287961483,-200.0
-0.2550079643726349,-0.07989742755889892,3.1878602087497714,-200.0
-0.2169766455888748,-0.22425192296504975,1.7298834845423698,-200.0
-0.13958614468574523,-0.009998506307601907,2.473294973373413,-200.0
-0.14289734959602354,-0.20947571396827697,2.2717098116874697,-200.0
-0.21537862122058868,-0.005951106548309326,2.8030900180339815,-200.0
-0.2524944081902504,-0.2981197765097022,1.6629230089485645,-200.0
-0.02964684963226316,-0.08636117577552796,2.6191524267196655,-200.0
-0.0492645800113678,-0.22685458660125732,3.1306453108787538,-200.0
-0.2674085207283497,-0.1385811388492584,1.961560219526291,-200.0
-0.15532999634742736,-0.16545774042606354,2.517346566915512,-200.0
-0.08755220174789427,-0.06901438236236573,1.7738337501883508,-200.0
-0.10350907444953919,-0.2775387838482857,2.3867423057556154,-200.0
-0.17626498639583588,-0.10664931535720826,1.8554634526371956,-200.0
-0.28925970643758775,-0.18801578879356384,3.0486524999141693,-200.0
-0.06672345399856566,-0.027704107761383046,2.092527690529823,-200.0
-0.013666588068008412,-0.18691771924495698,1.527908907085657,-200.0
-0.23153589516878126,-0.0472614526748657,2.6968910872936247,-200.0
-0.19357843995094298,-0.2474356412887573,2.1943342596292497,-200.0
-0.12548933029174805,-0.11829308867454527,2.937740910053253,-200.0
-0.12992379069328308,-0.17594316601753235,2.600840550661087,-200.0
-0.1885437726974487,-0.039807093143463146,1.6446721069514751,-200.0
-0.22540312707424165,-0.25608541220426556,2.837958264350891,-200.0
-0.016856467723846413,-0.12811015248298643,2.306528812646866,-200.0
-0.07164997458457947,-0.26890339627861976,1.742318469285965,-200.0
-0.2849047791212797,-0.09683745503425598,2.4857885003089906,-200.0
-0.17300930321216582,-0.1990138918161392,1.9831212759017944,-200.0
-0.10968132019042967,-0.03519115447998045,3.152260881662369,-200.0
-0.0931539237499237,-0.23462537080049514,2.061022213101387,-200.0
-0.1514992117881775,-0.14986297488212585,3.0170845031738285,-200.0
-0.2648234635591507,-0.15536200404167175,1.877027878165245,-200.0
-0.055965542793273926,-0.06009510755538941,2.4083544313907623,-200.0
-0.03343357443809508,-0.2195948213338852,2.9194388628005985,-200.0
-0.2469630718231201,-0.014902925491332986,2.1760735541582106,-200.0
-0.208602699637413,-0.29036321863532066,2.731762778759003,-200.0
-0.14558597803115844,-0.07508441805839539,1.5627245388925075,-200.0
-0.13457719087600709,-0.29338500313460825,3.092682307958603,-200.0
-0.2213956207036972,-0.09088579416275025,2.1365122556686402,-200.0
-0.25818128138780594,-0.21444865465164184,2.372718322277069,-200.0
-0.021582502126693714,-0.001371699571609486,1.8412904918193818,-200.0
-0.03887650966644285,-0.16061739027500152,2.2333058297634123,-200.0
-0.2801832899451256,-0.07366232872009276,2.9767709970474243,-200.0
-0.16836050748825074,-0.23164013475179673,1.518683861847967,-200.0
-0.07683393359184265,-0.13417139053344726,2.687828320264816,-200.0
-0.09780278205871581,-0.19254916906356812,1.702004722505808,-200.0
-0.1843465358018875,-0.0229780375957489,2.6580718636512755,-200.0
-0.2975969941355288,-0.272950342297554,2.2625953167676927,-200.0
-0.06068696379661559,-0.1116132616996765,2.7939170062541963,-200.0
-0.0006554961204529031,-0.2520745888352394,2.5612791001796724,-200.0
-0.24223696142435072,-0.11344370841979981,1.8179153114557267,-200.0
-0.20394937992095946,-0.1825166791677475,3.1165244579315186,-200.0
-0.11273404955863953,-0.052055758237838756,1.9474846094846727,-200.0
-0.11329334378242492,-0.18181522786617277,1.6406434997916222,-200.0
-0.204597544670105,-0.05267266631126405,2.596607679128647,-200.0
-0.24160350859165192,-0.25255645662546156,2.3072763592004777,-200.0
-7.950067520140491e-05,-0.11290018558502196,2.8389101386070252,-200.0
-0.06016464829444884,-0.2724045306444168,2.4867144346237184,-200.0
-0.2969850878231227,-0.1120928406715393,1.7430401518940926,-200.0
-0.18494314849376678,-0.19316836595535278,3.1480020701885225,-200.0
-0.09834237098693846,-0.02227887511253357,1.9790667921304703,-200.0
-0.07623966336250304,-0.23109646886587143,3.017806160449982,-200.0
-0.16781855821609495,-0.13465311527252197,2.0619481980800627,-200.0
-0.2807033747434616,-0.16123415529727936,2.4042998969554903,-200.0
-0.039490628242492665,-0.0729607343673706,1.8727690920233728,-200.0
-0.022213751077652,-0.21374934911727905,2.1718406319618224,-200.0
-0.2587594985961914,-0.001990753412246693,2.9154103696346283,-200.0
-0.22083870470523834,-0.2938644390553236,1.5636764004826547,-200.0
-0.13392666578292847,-0.09033983945846558,2.7325103759765623,-200.0
-0.14607156515121458,-0.28989064916968343,2.1324475377798082,-200.0
-0.20932437479496002,-0.07563723921775817,3.0884068787097934,-200.0
-0.24625640362501144,-0.22028726041316987,1.841995505988598,-200.0
-0.03293042778968813,-0.014277005195617698,2.3736341238021854,-200.0
-0.05551621913909913,-0.15473379492759703,2.9777127385139464,-200.0
-0.2641387715935707,-0.06078525781631469,2.234036859869957,-200.0
-0.1521694779396057,-0.2351804807782173,2.683578830957413,-200.0
-0.09362023472785949,-0.14939269423484802,1.514645150396973,-200.0
-0.10901327133178709,-0.19838782846927644,2.658802843093872,-200.0
-0.17254075706005095,-0.0358834505081177,1.702946476638317,-200.0
-0.28535173907876016,-0.2694560743868351,2.7898782789707184,-200.0
-0.0723370134830475,-0.09636474251747132,2.258345878124237,-200.0
-0.01756078004837036,-0.2556149885058403,1.8136398315429687,-200.0
-0.2259086474776268,-0.12866511940956116,2.5572144329547886,-200.0
-0.18806040287017822,-0.17663317322731018,1.9484003603458406,-200.0
-0.12919991612434387,-0.03917874097824098,3.117229497432709,-200.0
-0.126031494140625,-0.24812793731689453,2.4483360886573795,-200.0
-0.19417285323143005,-0.1176670253276825,1.9167468935251235,-200.0
-0.2309218615293503,-0.1864450067281723,3.0037890672683716,-200.0
-0.013146632909774802,-0.047814130783081055,2.0477688282728197,-200.0
-0.06614502668380737,-0.18857075572013854,1.602654328942299,-200.0
-0.28862830996513367,-0.027233684062957786,2.771533572673798,-200.0
-0.17691542208194733,-0.2769104316830635,2.1626223772764206,-200.0
-0.10406586527824402,-0.10733932256698608,2.9063411176204683,-200.0
-0.08690410852432251,-0.16601056158542632,2.3463516891002656,-200.0
-0.15477084517478942,-0.0685418128967285,2.8778364658355713,-200.0
-0.26798471733927726,-0.226228666305542,1.6315221905708313,-200.0
-0.049898189306259166,-0.13927357792854309,2.5874411523342133,-200.0
-0.030258679389953635,-0.2988099267706275,3.191928118467331,-200.0
-0.253016585111618,-0.08573296666145325,2.023155117034912,-200.0
-0.21483883559703826,-0.20900543332099913,2.472586691379547,-200.0
-0.1423005759716034,-0.006506216526031505,1.7289709508419038,-200.0
-0.14005452990531922,-0.22473364770412446,2.8073261320590976,-200.0
-0.21764449775218964,-0.009454840421676658,2.2757352143526077,-200.0
-0.25432078689336773,-0.28520609401166436,2.6181973099708555,-200.0
-0.02724359035491941,-0.08051419258117676,1.6621786922216415,-200.0
-0.04274148344993589,-0.23972328007221222,1.960841754078865,-200.0
-0.2745268754661083,-0.14445637464523314,3.12971613407135,-200.0
-0.16288771033287047,-0.15024579763412474,1.777885016798973,-200.0
-0.08058968782424927,-0.06548339724540711,2.5216086208820343,-200.0
-0.10093175768852233,-0.2646251544356346,1.854534250497818,-200.0
-0.17824708521366117,-0.10080242156982422,2.3860238909721376,-200.0
-0.2913881918415427,-0.20327382087707518,2.0967896938323975,-200.0
-0.0639996886253357,-0.03120787739753722,3.052703791856766,-200.0
-0.006859678030014027,-0.17170583009719848,2.700916439294815,-200.0
-0.23891970366239546,-0.04373057484626769,1.5321450591087342,-200.0
-0.20081571936607362,-0.26030442416667937,2.9369965553283692,-200.0
-0.11882901191711426,-0.12416836023330688,2.193379193544388,-200.0
-0.12074123024940489,-0.28076926097273824,2.930497485399246,-200.0
-0.1982761949300766,-0.10342876911163329,2.186622953414917,-200.0
-0.23619709610939027,-0.19124943315982817,2.7473899722099304,-200.0
-0.009028279781341575,-0.02449813485145569,1.578666228801012,-200.0
-0.062046271562576305,-0.18370717763900757,2.076516515016556,-200.0
-0.2938865220174193,-0.05049968361854554,3.033107280731201,-200.0
-0.181001740694046,-0.2442196860909462,1.8879599675536156,-200.0
-0.09879519939422607,-0.12151898145675658,2.4189784586429597,-200.0
-0.08281779885292054,-0.2080219119787216,1.757926233112812,-200.0
-0.16004150211811066,-0.007432740926742565,2.5016977906227114,-200.0
-0.2720834769308567,-0.29666284807026383,1.9941603422164917,-200.0
-0.044639968872070335,-0.0878281831741333,3.1627779066562653,-200.0
-0.02498343586921692,-0.2283261761069298,2.611805039644241,-200.0
-0.257134947180748,-0.1371196389198303,1.655315563827753,-200.0
-0.22012909054756163,-0.1669347882270813,2.85348494052887,-200.0
-0.13819724321365356,-0.0675651490688324,2.3225709944963455,-200.0
-0.1441443085670471,-0.1546110302209854,2.5457524240016935,-200.0
-0.21237729191780091,-0.06121180057525635,1.801873053610325,-200.0
-0.2502254292368889,-0.24291980266571045,3.1055599689483646,-200.0
-0.032505208253860496,-0.1413483202457428,1.9368410766124726,-200.0
-0.0480224132537842,-0.2821049183607101,1.6909656815230847,-200.0
-0.270414213091135,-0.08370843529701233,2.6475548386573795,-200.0
-0.15760319530963898,-0.22045517563819883,2.2469876289367674,-200.0
-0.08469877839088438,-0.013822352886199929,2.7780077159404755,-200.0
-0.10621626377105711,-0.2601317211985588,2.222373816370964,-200.0
-0.17413800358772277,-0.12442941069602967,2.9661469697952274,-200.0
-0.2861072614789009,-0.17035811841487883,1.5031896343454718,-200.0
-0.06811235547065736,-0.04517176151275637,2.6718055427074434,-200.0
-0.01095503568649292,-0.20470814108848573,3.0770551145076754,-200.0
-0.23365808576345443,-0.02986246347427368,2.1205704897642135,-200.0
-0.19672594964504242,-0.26489305794239043,2.3616598010063172,-200.0
-0.12409620881080627,-0.10062741637229919,1.8307410165667535,-200.0
-0.12677714824676514,-0.19576148092746734,2.008255660533905,-200.0
-0.18993833363056184,-0.019739341735839855,3.1769313871860505,-200.0
-0.22811611890792846,-0.27616581693291664,1.7138639748096467,-200.0
-0.014735144376754772,-0.10838912129402159,2.457797479629517,-200.0
-0.07480098009109498,-0.24884588420391082,2.8626257300376894,-200.0
-0.2835150115191936,-0.11666377186775206,2.33166623711586,-200.0
-0.1703012466430664,-0.17928255200386045,2.5728529751300813,-200.0
-0.11180686354637145,-0.055263483524322504,1.6162141926586628,-200.0
-0.09088157415390014,-0.2919127492234111,2.7564330816268923,-200.0
-0.15435405671596528,-0.092348974943161,1.5878586448729037,-200.0
-0.2660670518875122,-0.2129732698202133,2.8914481461048127,-200.0
-0.05296069979667664,-0.002820253372192383,2.1476191610097883,-200.0
-0.03570113182067869,-0.16207053065299987,1.9021652013063433,-200.0
-0.24410386383533478,-0.07218235731124878,2.433021694421768,-200.0
-0.2073548913002014,-0.23309872448444366,2.032564577460289,-200.0
-0.14858588576316833,-0.13270370364189146,2.9890971302986147,-200.0
-0.13142618536949158,-0.23842647671699524,1.5438214652240276,-200.0
-0.22278538942337034,-0.14605264663696288,2.712495583295822,-200.0
-0.26088933795690533,-0.15915941298007966,2.2048480927944185,-200.0
-0.01945695877075193,-0.05626958012580871,2.948783218860626,-200.0
-0.042023152112960815,-0.21577388048171997,2.397389030456543,-200.0
-0.27878872901201246,-0.018695765733718894,1.8664246737957,-200.0
-0.1656475156545639,-0.2865483049303293,3.0646914899349214,-200.0
-0.07895525693893432,-0.07889009714126585,2.1080575585365295,-200.0
-0.09553522467613221,-0.1750528424978256,3.1411915183067323,-200.0
-0.18720574378967286,-0.04066888689994813,1.9726219326257706,-200.0
-0.29884480191394686,-0.2551988303661346,2.5332915246486665,-200.0
-0.057687056064605724,-0.12898707389831543,1.7894576758146286,-200.0
-0.0029278457164764182,-0.2697757467627525,2.287729397416115,-200.0
-0.23938211649656294,-0.09595545530319213,2.818587511777878,-200.0
-0.20270579159259794,-0.19988025426864625,1.6735503040254116,-200.0
-0.11573889255523681,-0.034296244382858276,2.6300812482833864,-200.0
-0.11644427776336669,-0.22569559067487716,2.2552300453186036,-200.0
-0.20321004688739774,-0.139761346578598,2.7863538920879365,-200.0
-0.24124135226011276,-0.16429189145565032,1.6927749924361706,-200.0
-0.004548758268356323,-0.07019684314727784,2.6490528702735903,-200.0
-0.0570180058479309,-0.21065592169761657,3.0937767505645755,-200.0
-0.2983774546533823,-0.004792177677154563,1.9253691375255584,-200.0
-0.18531017303466796,-0.2993022970855236,2.5408173501491547,-200.0
-0.0938774049282074,-0.08519534468650816,1.7968342199921608,-200.0
-0.07850707769393919,-0.1857518345117569,2.3501878619194034,-200.0
-0.1649615854024887,-0.04844391345977783,1.8189577981829643,-200.0
-0.2771140292286873,-0.24627663642168043,3.0720162808895113,-200.0
-0.04014675021171571,-0.11947322487831116,2.1156354159116746,-200.0
-0.01994147300720217,-0.27872118428349496,1.5115358120761813,-200.0
-0.26161217540502546,-0.1054833948612213,2.680047959089279,-200.0
-0.22442375421524047,-0.1891959249973297,2.223871847987175,-200.0
-0.13326568007469178,-0.0265450358390808,2.967956280708313,-200.0
-0.14921831488609313,-0.20265320241451262,1.8962153539061548,-200.0
-0.2079321026802063,-0.03191022276878358,2.4273376047611235,-200.0
-0.24588957130908964,-0.26284641623497007,2.0783387959003448,-200.0
-0.03739557266235349,-0.10268118381500244,3.0346182823181156,-200.0
-0.05236517786979675,-0.2621878132224083,2.7356197237968445,-200.0
-0.2655261754989624,-0.12238508462905884,1.567207259684801,-200.0
-0.15253144204616545,-0.17240363359451294,2.9255753815174104,-200.0
-0.08915079832077025,-0.04311456084251403,2.181597089767456,-200.0
-0.11128572821617125,-0.2847457956522703,2.842025971412659,-200.0
-0.16968827247619628,-0.08107473850250244,2.3108007460832596,-200.0
-0.28176678344607353,-0.2230877548456192,2.60677917599678,-200.0
-0.07299810647964478,-0.011182647943496715,1.6503934599459171,-200.0
-0.015293186902999856,-0.15196899175643921,2.002519538998604,-200.0
-0.22876542806625366,-0.06384206414222718,3.1710332930088043,-200.0
-0.19164965450763702,-0.2402883544564247,1.759437234699726,-200.0
-0.12854368686676024,-0.1439914584159851,2.5035200715065002,-200.0
-0.12243838906288146,-0.1594376653432846,3.0562285840511323,-200.0
-0.19483037889003751,-0.07482177615165711,2.0999059319496154,-200.0
-0.23319073766469955,-0.2304581344127655,2.3957742691040043,-200.0
-0.010285985469818126,-0.1353376865386963,1.864706152677536,-200.0
-0.06973326802253724,-0.29454448241740466,2.2164108216762544,-200.0
-0.28796649612486364,-0.08970612287521362,2.9604497075080873,-200.0
-0.17464225888252258,-0.2156150221824646,1.5489510886371136,-200.0
-0.10692164897918702,-0.00018970370292664684,2.7173139274120333,-200.0
-0.08653827309608458,-0.25089281201362607,1.6852167926728725,-200.0
-0.15924156010150908,-0.11461029052734376,2.6416439771652223,-200.0
-0.27113705053925513,-0.18133720457553865,2.292547741532326,-200.0
-0.048506927490234386,-0.053215438127517695,2.8237170338630677,-200.0
-0.030628806352615334,-0.19371567964553832,2.5251398980617523,-200.0
-0.24855073392391203,-0.02179625630378723,1.7809947699308395,-200.0
-0.21169136166572572,-0.2741100065410137,3.139472997188568,-200.0
-0.143696129322052,-0.11043373346328736,1.9710071712732316,-200.0
-0.13646646738052368,-0.2677185103297233,2.5644030392169954,-200.0
-0.21830647587776184,-0.09800092577934263,1.608075536042452,-200.0
-0.25659407079219815,-0.1978358834981918,2.8610239386558534,-200.0
-0.024387913942337025,-0.03635230064392092,2.3299606859683992,-200.0
-0.04633440971374514,-0.177106636762619,1.7254396736621858,-200.0
-0.27386918440461155,-0.03862227201461793,2.4694769382476807,-200.0
-0.16061871349811555,-0.25724661648273467,2.013398253917694,-200.0
-0.08345022797584534,-0.12693216204643248,3.1817627012729646,-200.0
-0.10056173801422119,-0.21841706335544586,2.044244036078453,-200.0
-0.18271306157112122,-0.01606435775756837,3.0006728291511537,-200.0
-0.29453583173453807,-0.2891786053776741,1.9069965153932573,-200.0
-0.06260431408882142,-0.07624810338020324,2.4381642878055576,-200.0
-0.0072254061698913685,-0.23578674495220184,2.8833094894886018,-200.0
-0.23444886803627013,-0.14868519902229307,2.1391692250967025,-200.0
-0.19766322076320647,-0.1565256893634796,2.754727530479431,-200.0
-0.12022009491920471,-0.05891042947769165,1.586256853491068,-200.0
-0.11832618713378906,-0.21111680567264557,2.695258289575577,-200.0
-0.2001111924648285,-0.004630494117736805,1.5262208476662635,-200.0
-0.23729964941740034,-0.2912235975265503,2.9825440526008604,-200.0
-0.005001872777938843,-0.09297357201576231,2.239179402589798,-200.0
-0.06446617841720581,-0.23372787684202195,1.833856824040413,-200.0
-0.29205581210553644,-0.1320099413394928,2.365184187889099,-200.0
-0.17990348339080808,-0.16387615799903868,2.130741986632347,-200.0
-0.10282647013664245,-0.07033041715621949,3.0868050873279573,-200.0
-0.08127704858779908,-0.2744511365890503,1.9399504244327546,-200.0
-0.16333674788475036,-0.11003903746604918,3.109090840816498,-200.0
-0.2764041356742382,-0.195223268866539,1.8120380654931068,-200.0
-0.04441761374473574,-0.020231080055236828,2.5555088818073273,-200.0
-0.02651989459991455,-0.17976974844932556,2.8014539778232574,-200.0
-0.25383484214544294,-0.05472990274429321,2.2700253367424015,-200.0
-0.21580357253551483,-0.25050040036439897,2.663945436477661,-200.0
-0.13841530680656433,-0.11494454741477966,1.7077777907252312,-200.0
-0.14172422289848327,-0.2535580739378929,3.1596685588359836,-200.0
-0.21420783698558807,-0.13071091175079344,1.9906295210123064,-200.0
-0.2513235747814178,-0.17458855211734772,2.4915327787399293,-200.0
-0.028473830223083474,-0.041234546899795554,1.7481697753071785,-200.0
-0.050437635183334356,-0.20044130086898804,2.2991247326135635,-200.0
-0.26857938095927236,-0.03383651375770569,2.830447232723236,-200.0
-0.15650076270103455,-0.27150411531329155,1.638924978673458,-200.0
-0.0887252926826477,-0.09431008100509644,2.594992917776108,-200.0
-0.1046796977519989,-0.15737665593624114,1.5552134945988656,-200.0
-0.17743798792362214,-0.058153527975082386,2.7243587493896486,-200.0
-0.29043261297047135,-0.23781103044748306,2.1702258706092836,-200.0
-0.06789411306381227,-0.14675095081329345,2.9136918485164642,-200.0
-0.012495893239974964,-0.2872512359172106,2.415862625837326,-200.0
-0.2303629606962204,-0.07827011346817017,1.8844355806708335,-200.0
-0.19240545630455017,-0.21765328645706178,3.0229357838630677,-200.0
-0.12431874275207519,-0.016917604207992543,2.066766542196274,-200.0
-0.13109462857246398,-0.29617966208606955,1.7664260476827622,-200.0
-0.1897167921066284,-0.08837499618530273,2.5098383724689484,-200.0
-0.22657626718282697,-0.20636228621006011,1.955815890431404,-200.0
-0.0180272698402405,-0.009137660264968872,3.1247940301895145,-200.0
-0.07047920823097228,-0.1686442494392395,2.6265564560890198,-200.0
-0.28373168483376504,-0.06590092778205872,1.6704340785741807,-200.0
-0.17183623015880584,-0.22886836230754853,2.808837133646011,-200.0
-0.1085104465484619,-0.13664098978042602,2.2775574952363966,-200.0
-0.0919810116291046,-0.19061509072780608,2.945251941680908,-200.0
-0.1503285527229309,-0.0251775920391083,2.201738339662552,-200.0
-0.2636528268456459,-0.2789676323533058,2.702738720178604,-200.0
-0.05479252338409424,-0.10529379844665526,1.5336560575291514,-200.0
-0.034606558084487926,-0.24608018696308134,2.0850194454193116,-200.0
-0.2481336638331413,-0.11972197294235229,3.041244822740555,20.485176267185366
-0.20977341234683988,-0.18439124822616576,1.849612146615982,17.451954593822737
-0.1467589259147644,-0.0498607814311981,2.3809980273246767,14.621591249027267
-0.13574784994125366,-0.16965121328830718,2.1511504381895064,20.871932568118005
-0.22256862223148344,-0.0457786560058594,2.894557899236679,-5.206425401532522
-0.2593541622161865,-0.25825753211975094,1.5976154953241348,-3.7942877601982454
-0.022753196954727162,-0.12622187733650206,2.7665984988212586,-9.836635550515396
-0.03770577907562256,-0.2666809268295765,3.0121352434158326,-200.0
-0.2790103644132614,-0.0987577736377716,2.0560112446546555,-49.42386584358401
-0.16718755960464476,-0.20531957745552062,2.4498342216014866,18.89705617725857
-0.07566331028938292,-0.029150927066803,1.9185562044382096,8.569220397159683
-0.09662961959838867,-0.2423638343811035,2.4808291077613833,-200.0
-0.1831757515668869,-0.14182235598564147,1.7373171269893646,20.235847577151006
-0.29642618782818314,-0.15287862718105316,3.193737429380417,21.15055033667018
-0.05951390862464906,-0.06284394264221191,2.0246531486511232,14.945557441131848
-0.0018285870552062766,-0.22209193110466002,1.6197389721870423,-200.0
-0.2434078127145767,-0.012085425853729237,2.5759692132472995,-200.0
-0.20512011051177978,-0.2825743965804577,2.3414166152477263,-19.371108471201577
-0.1139071762561798,-0.083157080411911,2.8727976322174076,13.654332752475336
-0.11406252980232237,-0.22192185223102567,2.2426340252161028,-51.196985912873515
-0.20558677911758422,-0.012355935573577892,2.9865602850914,-21.747451691139347
-0.24354427009820936,-0.283568462356925,1.522668628860265,-28.469290538727293
-0.0022396802902221458,-0.08224570155143737,2.6913403451442717,3.712927670239928
-0.0593957483768463,-0.2414524644613266,3.0833597362041476,-200.0
-0.295996718108654,-0.14281641840934753,2.1267169386148455,1.0568520140450808
-0.18300210535526273,-0.1531491458415985,2.3687395811080934,19.880718251075937
-0.09618133306503296,-0.06267385482788085,1.8377728432416915,14.366965749630499
-0.07612994313240051,-0.26635662764310836,2.551950043439865,-200.0
-0.1673428773880005,-0.09916475415229797,1.8081267833709718,21.70973810691002
-0.2794215090572834,-0.20617487132549284,3.112538826465607,19.34299623756892
-0.03784228563308717,-0.02839604616165159,1.943973344564438,7.527306286718224
-0.02232375741004944,-0.1688963234424591,1.7113265216350555,-200.0
-0.2592360332608223,-0.04663395881652832,2.667868041992188,-60.9804442502642
-0.22212028205394746,-0.2586645036935806,2.2665732979774473,8.892382175970216
-0.1355741500854492,-0.12589758038520812,2.7974355161190037,18.750591667403906
-0.14691367149353027,-0.24509641528129578,1.750790646672249,-89.14346542530359
-0.2102394551038742,-0.12064136266708372,2.49472177028656,21.65555870142479
-0.2482707381248474,-0.1845876485109329,1.987910184264183,18.72555870428756
-0.035018259286880515,-0.049618881940841686,3.1565770447254184,9.968467434858274
-0.05467382669448853,-0.19037318229675293,2.5923739969730377,-76.84833352303832
-0.2632228262722492,-0.02537400126457212,1.6357328079640865,-200.0
-0.1501554250717163,-0.27988701984286307,2.833175384998322,-60.07919345541264
-0.09153326153755187,-0.1043100357055664,2.302207025885582,19.821466995198957
-0.10897654294967651,-0.16781527698040008,2.9109659254550935,17.398465156131742
-0.171991029381752,-0.06668441891670226,2.167141044139862,17.21871727375797
-0.2841433525085449,-0.22920296788215638,2.7269730091094972,16.769626692018136
-0.07061625123023987,-0.13624202013015746,1.5584091357886791,-1.8846718957811497
-0.017597222328186057,-0.29578069495037196,2.0694880068302153,-200.0
-0.22645752131938934,-0.08870959281921387,3.026024663448334,-200.0
-0.18926907777786256,-0.20714578628540037,1.8818099975585938,-200.0
-0.13092153668403625,-0.00830867886543274,2.412677079439163,-200.0
-0.12474929094314574,-0.2880149781703949,3.1217639207839967,-200.0
-0.1925247609615326,-0.07742367982864379,1.9530361622571946,-200.0
-0.23081244975328447,-0.2172374278306961,2.5129785239696503,-200.0
-0.012670701742172219,-0.01723303198814391,1.7690967217087745,-200.0
-0.06742637157440184,-0.1576920747756958,2.2805972307920457,-200.0
-0.2902761183679104,-0.05773767828941345,2.811608451604843,-200.0
-0.17702569663524625,-0.23696459680795667,1.6672966755926608,-200.0
-0.10454208254814149,-0.1475147008895874,2.6238834261894226,-200.0
-0.088844633102417,-0.2013438194990158,1.5367895435541867,-200.0
-0.15693134665489197,-0.03283358216285703,2.7054160058498384,-200.0
-0.26875416487455367,-0.27124248147010804,2.1987015426158907,-200.0
-0.05088710188865661,-0.09448903799057007,2.9424787998199466,-200.0
-0.028317296504974387,-0.2537370353937149,2.377854025363922,-200.0
-0.25085579305887223,-0.1304492712020874,1.8469457790255546,-200.0
-0.21407023966312408,-0.1735856294631958,3.044277971982956,-200.0
-0.14131194949150086,-0.04213705658912659,2.087797451019287,-200.0
-0.1388464629650116,-0.1801592856645584,2.762734663486481,-200.0
-0.21592346727848052,-0.05438586473464965,1.594008507207036,-200.0
-0.254283732175827,-0.2497263506054878,2.8985309660434724,-200.0
-0.026694095134735085,-0.11578297019004821,2.1546475678682326,-200.0
-0.043950408697128296,-0.27528956830501555,1.922422395646572,-200.0
-0.27624818980693816,-0.10926498770713805,2.4534384548664097,-200.0
-0.1629239022731781,-0.19487923979759214,2.05204658806324,-200.0
-0.08113889694213866,-0.02062060832977297,3.008628487586975,-200.0
-0.10294634699821473,-0.2339792177081108,2.0286195278167725,-200.0
-0.18033461272716522,-0.13182297348976135,3.197241145372391,-200.0
-0.2922300539910793,-0.16294731795787812,1.733446629345417,-200.0
-0.06491510868072509,-0.07130473852157593,2.477228724956513,-200.0
-0.004845947027206421,-0.2120911180973053,2.868826389312744,-200.0
-0.23683246672153474,-0.003701663017272927,2.337916547060013,-200.0
-0.19997300505638121,-0.2910366218537092,2.5798287928104404,-200.0
-0.11791330575942993,-0.0932249128818512,1.623349880427122,-200.0
-0.12063122391700745,-0.236642324924469,2.6526573061943055,-200.0
-0.19779970943927766,-0.14793060421943663,1.69664106965065,-200.0
-0.23491549640893936,-0.15620109736919402,2.7828473389148716,-200.0
-0.00738072395324707,-0.05931712388992311,2.251265287399292,-200.0
-0.06215599179267883,-0.21882374882698058,1.7932273268699646,-200.0
-0.2943621464073658,-0.01573977470397947,2.5369533121585848,-200.0
-0.1822836220264435,-0.28842400945723057,1.928866368532181,-200.0
-0.1004436135292053,-0.0771036922931671,3.0977496147155765,-200.0
-0.08358669877052308,-0.17810042202472687,2.1121352463960648,-200.0
-0.16102982461452484,-0.037710607051849365,3.0680452406406404,-200.0
-0.2740245446562767,-0.25707682371139523,1.822568592429161,-200.0
-0.04680107831954955,-0.12720295786857605,2.354047644138336,-200.0
-0.02421424984931947,-0.2679893083870411,2.9714597940444945,-200.0
-0.2561457708477974,-0.09783112406730651,2.2278383284807206,-200.0
-0.2181883156299591,-0.19692422747611998,2.6764473736286165,-200.0
-0.13603699207305908,-0.03734607696533204,1.5076654078438878,-200.0
-0.14410779476165772,-0.19405057132244108,3.0373898029327395,-200.0
-0.21182840466499328,-0.02139757275581361,2.0813784301280975,-200.0
-0.2490168124437332,-0.2732807412743568,2.424664777517319,-200.0
-0.030783587694168113,-0.11121693849563599,1.893077862262726,-200.0
-0.048059213161468495,-0.25167602598667144,2.1788174629211428,-200.0
-0.27096396088600155,-0.11378102302551268,2.922545069456101,-200.0
-0.1588115304708481,-0.1809385299682617,1.569878041371703,-200.0
-0.086419540643692,-0.053550320863723744,2.7387596726417542,-200.0
-0.10705872774124145,-0.29474060386419293,1.6477270036935807,-200.0
-0.17505396008491514,-0.08946393728256224,2.6036353766918183,-200.0
-0.2881212539970875,-0.21463153660297393,2.313578650355339,-200.0
-0.07019932866096495,-0.0011093795299529918,2.845059323310852,-200.0
-0.010112857818603493,-0.16035733222961426,2.506197154521942,-200.0
-0.23274298310279845,-0.07383829951286316,1.7625708252191543,-200.0
-0.19471166431903839,-0.2302159398794174,3.16825994849205,-200.0
-0.12200837731361389,-0.13553380966186523,1.9994828432798386,-200.0
-0.12871845960617065,-0.15170764625072478,1.8615140959620475,-200.0
-0.19209911227226256,-0.06402130722999572,2.3931551456451414,-200.0
-0.2288847640156746,-0.24119057804346083,2.10298832654953,-200.0
-0.015723770856857278,-0.14298824071884156,3.0589565336704254,-200.0
-0.07286052703857421,-0.2837425835430622,2.720503121614456,-200.0
-0.281354521214962,-0.08197696208953856,1.5515718650072814,-200.0
-0.16953173875808716,-0.22326700687408446,2.9573583960533143,-200.0
-0.11081795096397398,-0.010921293497085593,2.213691383600235,-200.0
-0.0896003007888794,-0.2617716774344444,2.826805812120438,-200.0
-0.15270626842975615,-0.12270022630691527,2.2952693074941637,-200.0
-0.26595672592520714,-0.1731676608324051,2.638458228111267,-200.0
-0.052484482526779175,-0.04226841330528258,1.6825913235545158,-200.0
-0.03698326349258424,-0.20180704593658447,1.967922243475914,-200.0
-0.24575194269418715,-0.032674258947372414,3.1367472767829896,-200.0
-0.2074643611907959,-0.263161551207304,1.784190322458744,-200.0
-0.14906181693077086,-0.10226504802703856,2.5277543604373935,-200.0
-0.13343993425369263,-0.27779263257980347,2.325935739278793,-200.0
-0.22487268447875974,-0.10645800232887268,2.857578384876251,-200.0
-0.2617320388555527,-0.18944697082042694,1.6119916185736656,-200.0
-0.02037259340286257,-0.026357781887054454,2.5679582297801975,-200.0
-0.04000856280326842,-0.1855645716190338,3.1857791364192964,-200.0
-0.27670115455985067,-0.04869496822357178,2.0168527245521544,-200.0
-0.1648056775331497,-0.2472512438893318,2.465559196472168,-200.0
-0.07803990840911865,-0.1185446798801422,1.7218873456120491,-200.0
-0.0943262994289398,-0.20988159477710722,2.4420866906642917,-200.0
-0.18548437356948852,-0.005630314350128174,1.9105453476309777,-200.0
-0.2988086253404617,-0.29969211732968687,2.9966541647911074,-200.0
-0.05713791847229005,-0.08485159277915955,2.0407920986413957,-200.0
-0.004135912656784035,-0.2253518387675285,1.5823454637080432,-200.0
-0.241103196144104,-0.14015116095542907,2.751168894767761,-200.0
-0.2027428239583969,-0.16513003706932067,2.14319204390049,-200.0
-0.1162883162498474,-0.06942250728607177,2.886757677793503,-200.0
-0.1156023859977722,-0.2706218920648098,1.5748001452535392,-200.0
-0.2022946447134018,-0.09519141912460327,2.743785536289215,-200.0
-0.23922679424285886,-0.19956510365009306,2.1905877113342287,-200.0
-0.002461212873458851,-0.03471238017082212,2.9340040385723114,-200.0
-0.05786075592041015,-0.17546896934509276,2.42284249663353,-200.0
-0.2992931387387216,-0.040353745222091675,1.8915668606758118,-200.0
-0.18732386827468872,-0.25443478524684904,3.0291344165802006,-200.0
-0.09596466422080993,-0.12983322143554688,2.0730192840099333,-200.0
-0.07854416370391845,-0.21677710711956022,3.166748946905136,-200.0
-0.1655110627412796,-0.017793542146682717,1.9976605623960495,-200.0
-0.2783220671117306,-0.286369065195322,2.4978380084037783,-200.0
-0.041867798566818215,-0.079151451587677,1.7543154388666153,-200.0
-0.019905245304107644,-0.23868784010410307,2.3186045140028,-200.0
-0.26106298863887784,-0.14587340354919434,2.849981427192688,-200.0
-0.22321486473083496,-0.15825719833374022,1.6591859728097915,-200.0
-0.1315443456172943,-0.057272797822952276,2.6154056251049043,-200.0
-0.14844884276390075,-0.16241429150104522,1.9338014423847198,-200.0
-0.20694322586059571,-0.07179254293441772,3.1027884483337402,-200.0
-0.24394906908273695,-0.23226059675216676,1.8050105452537537,-200.0
-0.0352350354194641,-0.13347803950309753,2.548425251245499,-200.0
-0.053133791685104376,-0.29268708787858483,2.7810380280017855,-200.0
-0.2665147684514522,-0.09151083827018738,2.2497672557830812,-200.0
-0.15447280704975128,-0.212583464384079,2.6444148898124693,-200.0
-0.09131162166595458,-0.0031640052795410267,1.6882948935031892,-200.0
-0.11139516234397887,-0.24903312921524046,2.6749493420124058,-200.0
-0.17016416788101196,-0.11641271710395812,1.5058560985140503,-200.0
-0.2830489631742239,-0.1783079355955124,2.963113617897034,-200.0
-0.0746462345123291,-0.056192028522491444,2.2195959120988844,-200.0
-0.015182894468307506,-0.19669001698493957,1.8276074260473252,-200.0
-0.2282892420887947,-0.018764734268188477,2.3589827179908753,-200.0
-0.19036832749843596,-0.2759147599339485,2.123607185482979,-200.0
-0.12689584493637085,-0.10857637524604796,3.0798284590244296,-200.0
-0.12364674210548401,-0.20443735420703887,2.460416603088379,-200.0
-0.1965511590242386,-0.030032265186309803,1.717056031525135,-200.0
-0.23322749733924864,-0.2658047296106815,3.1742034375667574,-200.0
-0.010835695266723622,-0.09963364005088807,2.0051732659339905,-200.0
-0.06852462887763977,-0.25913794487714764,1.6135934099555016,-200.0
-0.28624485321342946,-0.1253410756587982,2.569663780927658,-200.0
-0.17460578083992004,-0.1705279290676117,2.3343856751918795,-200.0
-0.10637279748916625,-0.044900965690612804,2.865717041492462,-200.0
-0.08452396988868713,-0.28169821724295613,2.1448975950479507,-200.0
-0.15715371072292328,-0.0840330183506012,2.888359469175339,-200.0
-0.27029491066932676,-0.2212097615003586,1.5904841139912604,-200.0
-0.04759186506271362,-0.012966763973236095,2.7596188306808473,-200.0
-0.03264282345771791,-0.15375543236732483,2.9918228507041933,-200.0
-0.2506377249956131,-0.0619663953781128,2.0356495052576067,-200.0
-0.21253378987312316,-0.24324438124895095,2.4304072320461274,-200.0
-0.14461205005645753,-0.14094162583351136,1.8989696487784387,-200.0
-0.13774831295013426,-0.2274065002799034,2.952228772640228,-200.0
-0.2199548542499542,-0.13810311555862426,2.208873039484024,-200.0
-0.2567038133740425,-0.16717696487903594,2.7089403927326203,-200.0
-0.024863559007644642,-0.06736902594566346,1.5399053763598203,-200.0
-0.045052850246429466,-0.20782577991485596,2.104603087902069,-200.0
-0.2722216710448265,-0.007674926519393943,3.0606750547885895,-200.0
-0.16050868928432463,-0.29764631716534495,1.8699770018458366,-200.0
-0.08297372460365296,-0.08690850734710692,2.401306772232056,-200.0
-0.0986209988594055,-0.18292398154735565,1.7859088435769082,-200.0
-0.18055284619331358,-0.05132895112037658,2.5293691217899323,-200.0
-0.29376662392169234,-0.2446183696389198,1.976073870062828,-200.0
-0.061615115404129034,-0.12118409872055053,3.1452101826667787,-200.0
-0.009166431427001964,-0.28043438494205475,2.6336398839950563,-200.0
-0.23660993725061416,-0.10382745265960694,1.6774617001414298,-200.0
-0.19843213856220243,-0.19207870960235596,2.8151393234729767,-200.0
-0.12120843529701233,-0.023714929819107056,2.2837065786123274,-200.0
-0.11836234331130982,-0.17152688205242156,2.834893906116486,-200.0
-0.20066036581993102,-0.04399221539497378,2.303821787238121,-200.0
-0.23850859701633453,-0.2613073647022247,2.600525623559952,-200.0
-0.006723207235336315,-0.12326585054397582,1.6441957138478756,-200.0
-0.06442916393280029,-0.2637226447463035,1.9830918401479722,-200.0
-0.2915063576772809,-0.10180535316467285,3.1514474213123322,-200.0
-0.17869538962841033,-0.20353546142578124,1.7391241580247878,-200.0
-0.10110542178153992,-0.03102892041206362,2.483159041404724,-200.0
-0.08043437004089354,-0.2394078433513641,1.8766803741455078,-200.0
-0.1624210774898529,-0.1448722243309021,2.4078587353229524,-200.0
-0.274390384554863,-0.1510922223329544,2.0579252779483794,-200.0
-0.04233035445213318,-0.06471964716911316,3.014358174800873,-200.0
-0.027361714839935325,-0.2239698886871338,2.7285877704620365,-200.0
-0.25475022196769714,-0.010301274061203014,1.5601276632398366,-200.0
-0.21781817972660064,-0.2856219425797462,2.9194288313388825,-200.0
-0.14050285220146178,-0.08019876480102539,2.175292670726776,-200.0
-0.14183451533317565,-0.2978356034494936,2.370445132255554,-200.0
-0.21468407213687896,-0.0866617977619171,1.8393746346235276,-200.0
-0.2526048794388771,-0.20919239223003389,3.0914983928203585,-200.0
-0.030121600627899148,-0.006254875659942649,2.1351668745279313,-200.0
-0.05032820105552674,-0.16575921177864075,1.5178373131901026,-200.0
-0.2681034252047539,-0.06872878074645997,2.686197751760483,-200.0
-0.15521859526634216,-0.22715748846530914,2.2309545665979384,-200.0
-0.08707723617553711,-0.13829925656318665,2.974984586238861,-200.0
-0.10391108393669127,-0.1877323418855667,2.261430704593659,-200.0
-0.17644934356212616,-0.028007733821868885,2.7926042020320896,-200.0
-0.28849127031862737,-0.2772544719278812,1.6997508354485036,-200.0
-0.06573336124420165,-0.10694977641105652,2.6561885833740235,-200.0
-0.01326536536216738,-0.2477384179830551,3.114140617847443,-200.0
-0.23135189563035963,-0.11801106333732606,1.945678895711899,-200.0
-0.19434594511985778,-0.18721906542778016,2.560399979352951,-200.0
-0.12647920846939087,-0.04697570800781248,1.8162654399871827,-200.0
-0.12908061146736144,-0.25636986941099166,2.050548556447029,-200.0
-0.18762985467910764,-0.1278098165988922,3.0068191766738894,-200.0
-0.22573382556438445,-0.1762261927127838,1.9140762194991112,-200.0
-0.017111277580261208,-0.03950303792953491,2.4451960384845735,-200.0
-0.07249351143836974,-0.19871211647987364,2.9035697996616365,-200.0
-0.2858194839209318,-0.03547646999359133,2.159582641720772,-200.0
-0.1726783901453018,-0.2686007648706436,2.774206602573395,-200.0
-0.1094255805015564,-0.09711962342262268,1.6057917255908252,-200.0
-0.09318965077400207,-0.1556451827287674,2.5847638666629793,-200.0
-0.15205013751983643,-0.05979119539260863,1.6283887013792993,-200.0
-0.26368931606411933,-0.2349099710583687,2.8806096076965333,-200.0
-0.055341446399688715,-0.14956278204917908,2.349388486146927,-200.0
-0.03339822292327882,-0.29006074368953705,1.731637318432331,-200.0
-0.24641293287277222,-0.07536672949790954,2.4757306933403016,-200.0
-0.209736630320549,-0.21929320693016052,2.0203771114349367,-200.0
-0.14620914459228515,-0.015188384056091297,3.18889496922493,-200.0
-0.13380675315856932,-0.21414832770824432,1.6657856740057468,-200.0
-0.22040753066539764,-0.0016561567783355824,2.6220611453056337,-200.0
-0.2585852980613708,-0.29308095350861546,2.272238084673882,-200.0
-0.021764856576919567,-0.09116882085800171,2.8033530652523044,-200.0
-0.039646589756011985,-0.23192545026540756,2.518004387617111,-200.0
-0.2811705954372883,-0.13386962413787842,1.7740188255906104,-200.0
-0.16795670986175537,-0.16089956760406493,3.1332228899002077,-200.0
-0.0766525089740753,-0.07335968613624572,1.9648064106702805,-200.0
-0.09791125059127806,-0.2726464234292507,3.049200075864792,-200.0
-0.18482328951358795,-0.11189643144607545,2.092823314666748,-200.0
-0.2965361631475389,-0.19224896728992463,2.389624273777008,-200.0
-0.059990411996841436,-0.023262637853622425,1.8584047481417656,-200.0
-0.0005466699600219505,-0.18279898166656494,2.1968792617321014,-200.0
-0.24175942093133926,-0.05175327658653259,2.9409677982330322,-200.0
-0.20501042604446412,-0.2523600473999977,1.528534154035151,-200.0
-0.11343153119087218,-0.1131420850753784,2.697056859731674,-200.0
-0.1128894031047821,-0.25283948332071304,3.0010947585105896,-200.0
-0.20441597700119019,-0.11259613037109376,2.044613426923752,-200.0
-0.24237344563007354,-0.18209967613220213,2.447561639547348,-200.0
-0.0010666608810424583,-0.052372330427169794,1.9166526079177857,-200.0
-0.06056880354881286,-0.19286573231220244,2.1621848940849304,-200.0
-0.29716758700087664,-0.02256104350090027,2.9059613406658173,-200.0
-0.1841728538274765,-0.2721027575433254,1.599882460013032,-200.0
-0.09735442399978636,-0.11237815618515015,2.7685081243515013,-200.0
-0.07730056643486022,-0.1615187644958496,1.630780217051506,-200.0
-0.16851589679718018,-0.07266052365303038,2.587366169691086,-200.0
-0.2805944077670574,-0.23137963861227034,2.343689957261086,-200.0
-0.03901294469833372,-0.13434920310974122,2.874700367450714,-200.0
-0.02115306258201599,-0.29356282129883765,2.4697955131530764,-200.0
-0.2580630898475647,-0.09062529802322386,1.7259129256010055,-200.0
-0.22094731628894804,-0.2134468764066696,3.1914713323116306,-200.0
-0.13440356254577637,-0.0022730648517608754,2.0227427631616592,-200.0
-0.14574079513549804,-0.21998321413993835,2.616371989250183,-200.0
-0.20906877815723418,-0.01456003189086913,1.6598922789096833,-200.0
-0.24710008352994917,-0.28959031999111173,2.8057604134082794,-200.0
-0.03384527564048767,-0.07592169642448424,2.274849760532379,-200.0
-0.05584677457809448,-0.235462649166584,1.7766044855117797,-200.0
-0.26439343616366384,-0.1490900695323944,2.5203857958316807,-200.0
-0.15132615566253663,-0.1550191193819046,1.9588869869709016,-200.0
-0.09270617365837097,-0.060483491420745855,3.127507793903351,-200.0
-0.11014734506607055,-0.2691558748483658,2.095204672217369,-200.0
-0.17316406667232512,-0.09664934277534484,3.0517857611179355,-200.0
-0.2853165104985237,-0.19808390736579895,1.852689626812935,-200.0
-0.07178701758384703,-0.03616662025451661,2.383704900741577,-200.0
-0.01642649173736571,-0.17691863179206846,2.9350743651390077,-200.0
-0.22528440803289412,-0.03887711763381957,2.191190156340599,-200.0
-0.18809598684310913,-0.25589729994535443,2.6996684849262236,-200.0
-0.12975069880485535,-0.128362637758255,1.530941530689597,-200.0
-0.12591995000839232,-0.18674878478050233,2.3097184121608736,-200.0
-0.1936977446079254,-0.04753081798553466,2.8405798196792604,-200.0
-0.23198533952236175,-0.2484285682439804,1.6415808334946633,-200.0
-0.013841396570205666,-0.11738285422325134,2.5981215178966526,-200.0
-0.06625564098358155,-0.2766285516321659,3.149069255590439,-200.0
-0.2891032017767429,-0.10764221549034117,1.980502963066101,-200.0
-0.1758527308702469,-0.18828516304492948,2.488870894908905,-200.0
-0.10337145924568175,-0.02753516435623171,1.7450467988848686,-200.0
-0.08767147064208983,-0.22652913630008698,2.4052698075771333,-200.0
-0.15576058030128478,-0.13898926377296447,1.8743022337555886,-200.0
-0.26758334934711453,-0.16631417870521545,3.0202807903289797,-200.0
-0.04971404671669005,-0.06825835704803468,2.0636371821165085,-200.0
-0.02949038743972776,-0.2087196797132492,1.5658135514706373,-200.0
-0.2520266354084015,-0.006807553768157948,2.7344844460487367,-200.0
-0.21524098813533782,-0.29852789947763086,2.1728885143995287,-200.0
-0.14248507618904113,-0.08603573441505433,2.9168139636516575,-200.0
-0.1400173008441925,-0.2849227800965309,1.845306546986103,-200.0
-0.21709650456905366,-0.08081796169281005,2.3761727929115297,-200.0
-0.25545686334371565,-0.2244494676589966,2.1325937032699587,-200.0
-0.027864897251129173,-0.009755462408065796,3.089129549264908,-200.0
-0.04277964234352111,-0.15054869949817656,2.683802968263626,-200.0
-0.2750750854611397,-0.06520151495933532,1.515238274820149,-200.0
-0.16175084710121154,-0.2400247514247894,2.98068630695343,-200.0
-0.07996802330017089,-0.14417077302932738,2.23686061501503,-200.0
-0.10177343487739562,-0.20298950672149657,2.7900051414966587,-200.0
-0.1791639357805252,-0.03150835633277893,2.25903597176075,-200.0
-0.29105942621827124,-0.26434169858694073,2.6620945811271666,-200.0
-0.0637420892715454,-0.10110604763031006,1.7054525688290596,-200.0
-0.006018930673599265,-0.26060577034950255,1.9514065057039263,-200.0
-0.23800306767225266,-0.12388261556625366,3.1200725555419924,-200.0
-0.20114369988441466,-0.17200860679149627,1.813896571099758,-200.0
-0.11908625364303588,-0.04344854950904847,2.5578268587589266,-200.0
-0.12180199027061461,-0.19153518676757814,1.7144569963216783,-200.0
-0.1989728182554245,-0.024196797609329246,2.458021819591522,-200.0
-0.23608855605125428,-0.28105129301548004,2.0110793143510817,-200.0
-0.008551597595214844,-0.10312600135803221,3.1799051582813265,-200.0
-0.06098515391349793,-0.24391920715570448,2.5753914415836334,-200.0
-0.293189113587141,-0.12180329561233519,1.6195253349840641,-200.0
-0.1811104953289032,-0.18340356051921844,2.863348197937012,-200.0
-0.09927281141281127,-0.05078313946723939,2.3318125039339064,-200.0
-0.08241371512413023,-0.2969447228126228,2.8942914068698884,-200.0
-0.15985921919345855,-0.08752527236938476,2.150625205039978,-200.0
-0.27285384535789486,-0.20830750465393066,2.757045710086823,-200.0
-0.045628130435943604,-0.007131260633468639,1.5881152514368295,-200.0
-0.025387161970138572,-0.16663101017475127,2.033254772424698,-200.0
-0.25731644332408904,-0.06784846186637877,2.9892237901687624,-200.0
-0.2193589389324188,-0.2280255541205406,1.9046713948249816,-200.0
-0.13721001148223877,-0.13740381002426147,2.4363132297992705,-200.0
-0.145278525352478,-0.2426184609532356,2.206284162402153,-200.0
-0.21300131678581236,-0.141634064912796,2.949850606918335,-200.0
-0.25018977373838425,-0.15430825352668762,1.545828017219901,-200.0
-0.03195421099662782,-0.0614938259124756,2.7146522462368012,-200.0
-0.046888554096221946,-0.22073948085308076,3.0663609683513644,-200.0
-0.2697909727692604,-0.013521873950958274,2.1104997128248213,-200.0
-0.1576386362314224,-0.28238836750388147,2.3989026665687563,-200.0
-0.08524884581565856,-0.08340480923652649,1.8673621088266372,-200.0
-0.10588563680648802,-0.17005521655082703,2.535265797376633,-200.0
-0.17388312220573424,-0.0454536437988281,1.7915947318077088,-200.0
-0.2869505099952221,-0.2598302409052849,3.1425953149795536,-200.0
-0.06902620196342468,-0.12471501231193541,1.9736697137355805,-200.0
-0.011286020278930664,-0.26517637744545935,1.6750835470855236,-200.0
-0.233913753926754,-0.1003236472606659,2.6310509562492372,-200.0
-0.19588248431682587,-0.2049923211336136,2.289418482780457,-200.0
-0.12318143248558044,-0.029561841487884544,2.8210619390010834,-200.0
-0.1275455117225647,-0.27646743804216384,2.746166944503784,-200.0
-0.19092849791049957,-0.1081036627292633,1.5773857988417148,-200.0
-0.22771403789520261,-0.19606395363807677,2.928288942575455,-200.0
-0.01455085873603823,-0.019457030296325672,2.1846682876348495,-200.0
-0.07403340339660644,-0.17899794280529022,1.8856734529137613,-200.0
-0.28252520263195036,-0.055563676357269276,2.4171533405780794,-200.0
-0.17070239782333374,-0.24856270551681517,2.0756309598684313,-200.0
-0.11199093461036683,-0.11696768403053284,3.0315417647361755,-200.0
-0.09077103137969969,-0.21327590346336364,1.9919714570045473,-200.0
-0.153879377245903,-0.0025380849838256836,3.1608555138111116,-200.0
-0.2671298123896122,-0.29221451841294765,1.7567228123545646,-200.0
-0.05365532040596008,-0.09206365942955017,2.5004496335983277,-200.0
-0.03581246137619021,-0.2328157067298889,2.8525671124458314,-200.0
-0.24457890093326567,-0.1330077588558197,2.320985871553421,-200.0
-0.20629119873046875,-0.1617860823869705,2.6094862520694733,-200.0
-0.1478910505771637,-0.072482693195343,1.653470838814974,-200.0
-0.13226686120033262,-0.15887396335601806,3.1051799893379215,-200.0
-0.22370181083679197,-0.05657120347023009,1.9364036947488785,-200.0
-0.26056128591299055,-0.2381441742181778,2.542726773023605,-200.0
-0.019199502468109142,-0.14635512828826905,1.7991012796759605,-200.0
-0.041181689500808694,-0.2868485011160374,2.2438321262598038,-200.0
-0.2778719522058964,-0.07860549688339233,2.775313609838486,-200.0
-0.16597649753093718,-0.21607780158519746,1.6908712819218636,-200.0
-0.07921292781829833,-0.018412595987319924,2.646780490875244,-200.0
-0.09549699425697325,-0.25491665303707123,1.5001317088492214,-200.0
-0.1866573214530945,-0.12928969860076903,2.66901416182518,-200.0
-0.2999815952964127,-0.17476751804351806,2.2219615638256074,-200.0
-0.058308506011962885,-0.04097065329551697,2.9656899809837345,-200.0
-0.0029652893543243297,-0.20018430054187775,2.361585021018982,-200.0
-0.23993018120527265,-0.03401321768760679,1.829998941719532,-200.0
-0.20156992971897125,-0.2700760804116726,3.0739192187786104,9.261558608911646
-0.11511765718460082,-0.09567099809646606,2.1179086565971375,17.7887262113168
-0.11677547693252563,-0.16457721590995789,2.3938768029212953,18.723747392834778
-0.20346550047397613,-0.06989507675170897,1.8624400049448013,1.0470064324308694
-0.24039752930402755,-0.22597775906324385,3.0549019992351534,19.326115349635828
-0.0036343395709991233,-0.13945872187614441,2.0987294644117354,-200.0
-0.05668759346008301,-0.2990019670687616,1.5473390156403184,-200.0
-0.29812235925346614,-0.08547980189323426,2.7164745271205906,-45.69878434262253
-0.1861530661582947,-0.21035187542438505,2.214643308520317,18.765260301910732
-0.09479160904884337,-0.005075204372405995,2.958105993270874,4.598715400655571
-0.07737343311309813,-0.2465589478611946,2.291240763664246,-200.0
-0.16433813273906708,-0.119170743227005,2.822572940587998,17.43070086638042
-0.27714911475777626,-0.1860372841358185,1.6833389334380626,18.01656337409415
-0.04069717526435851,-0.04814229011535642,2.6394101023674015,10.630533234271654
-0.021075904369354248,-0.18889200389385224,3.1376732110977175,-200.0
-0.26223598569631573,-0.026828205585479714,1.9686438500881196,-200.0
-0.22438774108886717,-0.27842098474502563,2.523495548963547,3.796787807791853
-0.13271504044532775,-0.10576799511909485,1.7801357626914978,19.548677236817465
-0.14962182641029356,-0.2625446431338787,2.8583093643188477,-28.94657445652038
-0.20811381340026855,-0.10296649932861326,2.3268774300813675,21.31756865785416
-0.24511977732181547,-0.20235056877136232,2.563919502496719,18.317818600296622
-0.036407983303070046,-0.03219239115715028,1.607742103934288,9.373523646349412
-0.05196087956428527,-0.1726880818605423,2.012577345967293,-200.0
-0.26534410715103146,-0.0428142249584198,3.1817144691944126,-33.300699759751716
-0.15330216586589812,-0.26247083991765974,1.722803172469139,-200.0
-0.09013860225677489,-0.1220810294151306,2.4662642359733584,20.42106404893269
-0.1102243959903717,-0.22278528213500975,1.9064807057380677,-200.0
-0.16899107694625853,-0.011464959383010842,2.4378112614154817,-14.000419387261125
-0.28187589459121226,-0.28444417789578436,2.0414971888065336,-0.6674866795279573
-0.07347536087036133,-0.08136019706726075,2.9975699663162234,14.52396842952652
-0.01635373234748838,-0.24057152420282363,2.7521106362342835,-200.0
-0.22946226596832275,-0.14368754625320435,1.5830764178186656,22.91339640102911
-0.19154147207736968,-0.15225360095500945,2.8825081884860992,18.979948097210524
-0.12806664705276488,-0.0635418713092804,2.139153265953064,15.651253629938493
-0.12247604727745057,-0.2307596057653427,1.6957026086747646,-200.0
-0.19537822902202606,-0.13505208492279053,2.6519230842590336,19.485233352775197
-0.2320545181632042,-0.15974056720733643,2.2555115848779677,21.478330936017553
-0.009665107727050759,-0.07453989386558532,2.786889308691025,9.82498045774621
-0.06969525218009948,-0.21533084213733672,2.5410212218761448,-200.0
-0.28741785921156404,-0.0004903256893157848,1.7974994882941246,-200.0
-0.1757786929607391,-0.2942611679434776,3.0970413327217106,-30.06465495901304
-0.10754345655441283,-0.09000989198684692,1.9279537588357925,17.888359450090867
-0.08569702506065369,-0.18163998126983644,3.0723174273967744,1.8498079601619182
-0.15832457542419434,-0.05293341279029845,2.1162031054496766,14.807615470274516
-0.2714656725525856,-0.25119415819644925,2.353135085105896,12.105838658712651
-0.04876495599746705,-0.11432454586029053,1.821860285103321,4.42693572680437
-0.031469696760177635,-0.273826552927494,2.2271041572093964,-200.0
-0.24946693629026412,-0.1107373595237732,2.9705212950706485,18.920082820291807
-0.21136295199394226,-0.19343137443065644,1.511707406118512,13.643043344223553
-0.14343903064727784,-0.022096735239028942,2.6806936204433445,8.06624091896498
-0.13657758235931397,-0.19755029082298278,2.080449303984642,6.063304288139918
-0.21878172755241393,-0.036653780937194846,3.0366713881492617,-6.365160699376396
-0.25553073585033415,-0.26743663027882575,1.897339941561222,1.5339011527104536
-0.023692721128463767,-0.09830383658409117,2.4287160694599152,5.42673559854358
-0.0462236523628235,-0.25754724740982055,2.9265704214572907,-200.0
-0.2733947217464447,-0.12664799094200133,2.1830535262823103,7.3535842120184185
-0.16168183386325835,-0.177410414814949,2.7380153179168705,22.06185182988098
-0.08414449095726012,-0.03833895921707153,1.5689228992909192,11.799971229555654
-0.09979394674301148,-0.28889657892286774,2.607871490716934,-200.0
-0.1817234694957733,-0.07655087113380432,1.6517523176968099,16.632971167742717
-0.29493734054267406,-0.2181313097476959,2.8441042065620423,18.846072762498114
-0.06278802752494811,-0.016365694999694813,2.312834244966507,4.636288699654052
-0.007993555068969704,-0.15682930648326873,1.7618524357676506,-200.0
-0.23543924689292905,-0.0586269736289978,2.5052679777145386,-200.0
-0.1972614973783493,-0.23608721494674684,2.003534185886383,-200.0
-0.12003545165061949,-0.14840088486671446,3.1725220024585727,-200.0
-0.11719154119491576,-0.2915070455521345,1.9572722256183623,-200.0
-0.1994873106479645,-0.09266994595527647,3.125789272785187,-200.0
-0.2373354524374008,-0.21140111088752744,1.7681415796279907,-200.0
-0.005552440881729126,-0.004330015182495095,2.512234169244766,-200.0
-0.06559989452362061,-0.1635733813047409,2.810890036821365,-200.0
-0.2926794793456793,-0.07061244249343873,2.2796681046485903,-200.0
-0.1798684626817703,-0.23342653959989546,2.6279347181320194,-200.0
-0.10227625966072082,-0.132295686006546,1.6715587675571442,-200.0
-0.08160724639892578,-0.19550744891166688,2.704486829042435,-200.0
-0.16359177231788635,-0.019930458068847634,1.536071154102683,-200.0
-0.2755610302090645,-0.2747344583272934,2.9467408537864683,-200.0
-0.04350333809852602,-0.10973526835441588,2.202752885222435,-200.0
-0.026188766956329323,-0.25019892007112504,1.8509711056947709,-200.0
-0.25357960313558575,-0.11523014903068543,2.382090139389038,-200.0
-0.21664746701717374,-0.17946684658527373,2.087053045630455,-200.0
-0.1393299400806427,-0.055011785030364996,3.0433228552341465,-200.0
-0.14066389203071594,-0.1742849349975586,1.5982806622982024,-200.0
-0.2135110706090927,-0.04151800274848938,2.766802573204041,-200.0
-0.25143197178840637,-0.2532575994729996,2.1537349581718446,-200.0
-0.0289509415626526,-0.13099522590637205,2.8978226840496064,-200.0
-0.051498895883560186,-0.2717861473560333,2.4527042329311373,-200.0
-0.2692763596773147,-0.09400731325149536,1.9214839220046998,-200.0
-0.15639157891273497,-0.20072705447673797,3.0126704573631287,-200.0
-0.08824782371520995,-0.033535176515579246,2.056292885541916,-200.0
-0.10508421063423157,-0.2375104084610939,3.1963026463985447,-200.0
-0.17762012779712677,-0.1470351219177246,2.027885356545448,-200.0
-0.2896621037274599,-0.15707287788391114,2.4814749717712403,-200.0
-0.06690638065338134,-0.058436840772628784,1.7374886244535446,-200.0
-0.012092310190200795,-0.2179388791322708,2.3419844061136246,-200.0
-0.23018103539943696,-0.016616123914718617,2.8730985760688785,-200.0
-0.19317517876625062,-0.2875331103801727,1.622641560435295,-200.0
-0.12530611753463744,-0.07796720266342164,2.578916233778,-200.0
-0.13025352358818054,-0.20666620731353758,2.9824956178665163,-200.0
-0.18880051374435425,-0.008854490518569957,2.238358646631241,-200.0
-0.22690446227788924,-0.2964798574335873,2.6920453846454624,-200.0
-0.018284296989440896,-0.0880903959274292,1.5235844525508582,-200.0
-0.07132052779197692,-0.2285860598087311,2.1276586294174193,-200.0
-0.2846488919109106,-0.13694347143173216,3.084090715646744,-200.0
-0.17150767743587494,-0.1683587998151779,1.833523328602314,-200.0
-0.10825263261795043,-0.0662025511264801,2.3647008538246155,-200.0
-0.09201881289482117,-0.27926796600222586,1.8088577374815942,-200.0
-0.15087711811065674,-0.1050093412399292,2.5528917849063877,-200.0
-0.26251617819070816,-0.19091913700103758,1.939934566617012,-200.0
-0.05417064428329468,-0.02489456534385681,3.108289337158203,-200.0
-0.03456897139549253,-0.1841059237718582,2.6635926127433778,-200.0
-0.247586028277874,-0.05016254782676696,1.7072618797421455,-200.0
-0.210909703373909,-0.24579800963401793,2.7983513176441193,-200.0
-0.14738001823425292,-0.12002459764480591,2.2672783881425858,-200.0
-0.13497991561889647,-0.25797435343265535,2.4906931757926944,-200.0
-0.22157831490039825,-0.12652578949928284,1.7465578004717828,-200.0
-0.2597561001777649,-0.16936660408973694,3.157324641942978,-200.0
-0.022937911748886097,-0.04607884883880614,1.9888621091842653,-200.0
-0.038473498821258556,-0.20562205016613005,1.6366587296128272,-200.0
-0.2799997441470623,-0.02886861562728882,2.5930956542491916,-200.0
-0.16678597927093505,-0.2669825479388237,2.2979481637477877,-200.0
-0.07547938227653503,-0.0984723150730133,2.8291208505630494,-200.0
-0.09674059152603148,-0.1525941789150238,2.1678626507520677,-200.0
-0.18365028798580169,-0.06314427852630616,2.9118918597698213,-200.0
-0.2953632825985551,-0.24208081662654876,1.5543545823544265,-200.0
-0.05881971716880799,-0.1421264111995697,2.722714197635651,-200.0
-0.0017174005508422963,-0.2828761663287878,3.0217917919158936,-200.0
-0.2429323464632034,-0.08287176489830017,2.0654594630002974,-200.0
-0.20618337392807007,-0.22239456474781036,2.413628953695297,-200.0
-0.11460215449333191,-0.011803257465362538,1.8825576201081278,-200.0
-0.11480056643486022,-0.15293849408626556,2.959698361158371,-200.0
-0.20601588785648345,-0.06249985098838806,2.2163320899009706,-200.0
-0.24309441447257996,-0.24157113432884214,2.7180654764175416,-200.0
-0.0015129446983337402,-0.14289844036102295,1.5490296367555856,-200.0
-0.058653062582016,-0.28339414671063423,2.100449961423874,-200.0
-0.29556309822946786,-0.08203479051589965,3.056514632701874,-200.0
-0.18344730734825132,-0.2220041871070862,1.8641623258590698,-200.0
-0.09690356254577637,-0.012474864721298218,2.3954880177974704,-200.0
-0.0753894031047821,-0.2584900438785553,1.7817478388547898,-200.0
-0.1669159859418869,-0.12568652629852295,2.5252170085906984,-200.0
-0.279873438924551,-0.16897851526737212,1.9702541023492812,-200.0
-0.03856666088104249,-0.04675274491310122,3.1393960893154147,-200.0
-0.023068803548812855,-0.20596407651901244,2.641098326444626,-200.0
-0.2596675783395767,-0.028221899271011375,1.6849322766065598,-200.0
-0.22167286276817322,-0.2664751522243023,2.824262583255768,-200.0
-0.13485442399978637,-0.09924663305282591,2.2928322702646255,-200.0
-0.14764734506607055,-0.28004315346479414,2.467893892526627,-200.0
-0.21066407561302186,-0.10450281500816344,1.7245324850082397,-200.0
-0.2478165104985237,-0.19027269780635833,3.183345949649811,-200.0
-0.03428701758384706,-0.025236868858337425,2.014305239915848,-200.0
-0.05392649173736572,-0.1847801148891449,1.6094512522220612,-200.0
-0.2627844080328941,-0.04977475404739379,2.565517544746399,-200.0
-0.15059599578380584,-0.2449595957994461,2.328585159778595,-200.0
-0.09225069880485534,-0.1205411374568939,2.8599092304706577,-200.0
-0.10824079513549803,-0.2073381096124649,2.140750750899315,-200.0
-0.17156876921653746,-0.008464407920837413,2.884218299388886,-200.0
-0.2846000846475363,-0.2956437315791845,1.5846753086894751,-200.0
-0.07134527564048768,-0.08860922455787659,2.75381892323494,-200.0
-0.01834677457809447,-0.2293589562177658,2.999298721551895,-200.0
-0.22689343839883802,-0.13643465638160704,2.043127807974815,-200.0
-0.1888261467218399,-0.16771464943885803,2.4395381927490236,-200.0
-0.13020617365837098,-0.06654714345932006,1.9081127434968947,-200.0
-0.12517147064208983,-0.23684535473585128,1.9263282060623168,-200.0
-0.19326057136058805,-0.14743210673332213,3.0953079164028168,-200.0
-0.2300833582878113,-0.1579021543264389,1.7958753034472466,-200.0
-0.012214064598083496,-0.05791110992431642,2.539285981655121,-200.0
-0.0669903874397278,-0.21715452075004577,2.7851875066757206,-200.0
-0.2895266432315111,-0.017113530635833762,2.25390619635582,-200.0
-0.1777409791946411,-0.28818872384727,2.6502194583415983,-200.0
-0.10498507618904113,-0.07763401865959166,1.6940986767411232,-200.0
-0.08841995000839234,-0.17350286543369292,2.6790872693061827,-200.0
-0.15619775354862211,-0.04201769828796387,1.5100062009878457,-200.0
-0.269485330581665,-0.25391091853380204,2.9689167678356174,-200.0
-0.0513413965702057,-0.13065975308418273,2.2254014939069746,-200.0
-0.02875564098358152,-0.2711233824491501,1.8201258555054665,-200.0
-0.25160319507122036,-0.09440658688545225,2.351510089635849,-200.0
-0.2133527398109436,-0.20155404210090638,2.1144673079252243,-200.0
-0.14087145924568176,-0.03300715684890748,3.0706942558288577,-200.0
-0.13927343487739563,-0.1949802964925766,1.5673378333449364,-200.0
-0.2166639447212219,-0.020758312940597545,2.7363191902637483,-200.0
-0.25355942398309705,-0.2751340091228485,2.181466680765152,-200.0
-0.02624208927154542,-0.10907278060913086,2.9248757123947144,-200.0
-0.04351893067359924,-0.24986374676227568,2.4269996762275694,-200.0
-0.27550306767225263,-0.11588376760482788,1.8957232549786567,-200.0
-0.1636437088251114,-0.17996739149093627,3.034956413507462,-200.0
-0.08158625364303587,-0.05423056483268737,2.0788307428359984,-200.0
-0.1025173008441925,-0.29117415603250263,3.1709043025970463,-200.0
-0.17959649562835694,-0.09332585334777832,2.001818349957466,-200.0
-0.29295686446130276,-0.21189936697483064,2.5036488592624666,-200.0
-0.06536489725112915,-0.00354650616645813,1.7601384744048119,-200.0
-0.005279642343521129,-0.16304851770401,2.311137154698372,-200.0
-0.23757508993148801,-0.07144258618354798,2.8425197422504427,-200.0
-0.1992508381605148,-0.2338238015770912,1.6500570133328438,-200.0
-0.11746802330017089,-0.1316309094429016,2.606285607814789,-200.0
-0.11991371512413024,-0.28850647062063217,1.6699420429766179,-200.0
-0.19735922813415527,-0.07722280025482178,2.6262183248996736,-200.0
-0.23535383641719818,-0.21865016520023345,2.2780495434999466,-200.0
-0.008128130435943626,-0.015529543161392212,2.8091750621795653,-200.0
-0.06288716197013855,-0.15632046461105345,2.5105380415916443,-200.0
-0.2948164355009794,-0.059399896860122675,1.7665565580129623,-200.0
-0.18185894787311552,-0.23643183410167695,3.1240945637226107,-200.0
-0.09971001148223876,-0.14775670766830443,1.955685380101204,-200.0
-0.08430199027061461,-0.19704373776912687,3.0417383909225464,-200.0
-0.16147280931472777,-0.037428992986679066,2.0853559553623198,-200.0
-0.273588564991951,-0.2677789583802223,2.380504256486893,-200.0
-0.04605159759521482,-0.09765737056732177,1.8492758393287658,-200.0
-0.023485153913497925,-0.25715942680835724,2.201037049293518,-200.0
-0.25568912029266355,-0.12732220888137816,2.945123153924942,-200.0
-0.21861048638820646,-0.1779269814491272,1.5343571547418833,-200.0
-0.13677281141281128,-0.037500518560409535,2.702867710590363,-200.0
-0.14338563680648803,-0.1808006912469864,2.054687497019768,-200.0
-0.21138311326503753,-0.05344913005828858,3.010968655347824,-200.0
-0.24945051223039627,-0.2518680810928345,1.9198799520730971,-200.0
-0.031526201963424705,-0.11393643021583558,2.4510006070137025,-200.0
-0.04878602027893064,-0.2731798119843006,2.896089267730713,-200.0
-0.271413753926754,-0.11107941269874572,2.152109405398369,-200.0
-0.15838247537612915,-0.1942057192325592,2.7650673329830173,-200.0
-0.08568143248558044,-0.02158931493759153,1.596656521782279,-200.0
-0.10777852535247803,-0.23011515140533445,2.5772912383079527,-200.0
-0.1755013257265091,-0.13539642691612244,1.6209071688354015,-200.0
-0.28768977262079715,-0.1605126231908798,2.8714754045009614,-200.0
-0.0694542109966278,-0.07403018474578857,2.3402486085891727,-200.0
-0.009388554096221913,-0.21449384093284607,1.7357873797416687,-200.0
-0.23229097276926042,-0.0010083317756652832,2.479868620634079,-200.0
-0.19513864517211915,-0.2949328009039163,2.026182693243027,-200.0
-0.12274884581565856,-0.08961948752403259,3.1946981191635135,-200.0
-0.1282710313796997,-0.22344116270542144,2.366298896074295,-200.0
-0.19137938618659972,-0.011132097244262673,1.835232426226139,-200.0
-0.22962980568408964,-0.28366069681942463,3.085690581798554,-200.0
-0.016155320405960072,-0.08185842633247375,2.129366359114647,-200.0
-0.07331246137619019,-0.24140164107084272,1.5253138015046717,-200.0
-0.28207889311015605,-0.14316270947456358,2.6936750411987305,-200.0
-0.16879120767116546,-0.1515888512134552,2.240086540579796,-200.0
-0.1103910505771637,-0.063939106464386,2.984127098321915,-200.0
-0.0900455117225647,-0.26337246894836425,2.2689090073108673,-200.0
-0.15342848896980285,-0.10243937373161316,2.8000800728797914,-200.0
-0.26521404683589933,-0.20168810784816743,1.7088939554989337,-200.0
-0.05205085873603821,-0.03259191513061521,2.6653195440769197,-200.0
-0.036533403396606434,-0.1733416736125946,3.1099994480609894,-200.0
-0.2450252115726471,-0.042479074001312234,1.941532051563263,-200.0
-0.20820238888263704,-0.2616896465420723,2.5546000719070436,-200.0
-0.1494909346103668,-0.12258154749870301,1.8104565903544425,-200.0
-0.13299699425697326,-0.24705861657857894,2.83073348402977,-200.0
-0.22415731251239776,-0.11838870048522948,2.299668660759926,-200.0
-0.26248159557580947,-0.18570183813571928,2.5947068691253663,-200.0
-0.02080850601196288,-0.04879558682441709,1.6383809998631478,-200.0
-0.04046528935432436,-0.189291250705719,1.9905508905649185,-200.0
-0.27743018344044684,-0.026165467500686657,3.158917009830475,-200.0
-0.16406992077827454,-0.2778929941356182,1.7482484564185143,-200.0
-0.07761765718460081,-0.1065949559211731,2.4922841250896455,-200.0
-0.09476686120033265,-0.16497417390346528,1.884151001274586,-200.0
-0.1862018197774887,-0.06923004984855652,2.415317177772522,-200.0
-0.298061285354197,-0.22545205503702165,2.0670509696006776,-200.0
-0.05669950246810912,-0.14028797149658204,3.023481434583664,-200.0
-0.003681689500808716,-0.2994993461295962,2.724435657262802,-200.0
-0.2403719499707222,-0.08469547033309935,1.5559666205197573,-200.0
-0.2034765064716339,-0.21001871824264526,2.913614737987518,-200.0
-0.11671292781829834,-0.005730789899826061,2.1694729030132294,-200.0
-0.11487343311309814,-0.25451767444610596,2.770209926366806,-200.0
-0.20183814167976377,-0.12995275855064392,1.6014878295361996,-200.0
-0.23964911252260207,-0.17529524266719818,2.907664966583252,-200.0
-0.0031971752643585316,-0.040143370628356934,2.163788864016533,-200.0
-0.058575904369354254,-0.19968432784080503,1.9182781606912613,-200.0
-0.299735985416919,-0.03479501008987429,2.4492950558662416,-200.0
-0.1868877500295639,-0.2704118326306343,2.0462375611066816,-200.0
-0.09521504044532775,-0.09501795172691344,3.002829998731613,-200.0
-0.07927547693252562,-0.15837627947330474,2.0244771420955656,-200.0
-0.1659654915332794,-0.057355284690856934,3.1930963277816775,-200.0
-0.2778975315392017,-0.23847763538360595,1.7276487231254578,-200.0
-0.04113433957099916,-0.14569979310035705,2.471418684720993,-200.0
-0.01918759346008303,-0.28645181022584437,2.8763067185878755,-200.0
-0.2606223598122597,-0.07927084565162659,2.3453912019729612,-200.0
-0.22365305721759796,-0.21660323739051818,2.588970696926117,-200.0
-0.13229160904884338,-0.017583024501800548,1.6324828676879406,-200.0
-0.1477243959903717,-0.212446054816246,3.1292241871356965,-200.0
-0.20649106800556183,-0.003063243627548229,1.960503724217415,-200.0
-0.2443759024143219,-0.2928790010511875,2.5221007704734806,-200.0
-0.03597536087036135,-0.09166610240936279,1.7782230466604232,-200.0
-0.053853732347488414,-0.2321595221757889,2.2764347821474074,-200.0
-0.26696227267384526,-0.1333403706550598,2.807456541061401,-200.0
-0.15404146313667297,-0.1625698685646057,1.6614791244268416,-200.0
-0.09056664705276488,-0.07198471426963807,2.6180666983127594,-200.0
-0.11212182641029358,-0.275813540071249,1.5326386336237192,-200.0
-0.17061382234096525,-0.10843856334686278,2.7012529492378237,-200.0
-0.28261976838111874,-0.1968454509973526,2.192885422706604,-200.0
-0.07390798330307008,-0.018956762552261364,2.9366602480411528,-200.0
-0.014460879564285267,-0.17817038297653198,2.3853226006031036,-200.0
-0.22784409821033477,-0.05609112381935119,1.8544054627418518,-200.0
-0.19080217480659484,-0.24922489821910856,3.0534048795700075,-200.0
-0.1276386022567749,-0.11656783819198607,2.096918684244156,-200.0
-0.12319702506065369,-0.17070222795009612,1.7433263525366782,-200.0
-0.19582457542419435,-0.04511191248893737,2.4872582614421845,-200.0
-0.2339656725525856,-0.2590556278824806,1.9787806421518326,-200.0
-0.011264955997467019,-0.125222110748291,3.1474580407142643,-200.0
-0.06896969676017761,-0.2660153657197952,2.5965291500091556,-200.0
-0.28696693405508994,-0.09980767965316772,1.639892014116049,-200.0
-0.17386296093463896,-0.20431870222091675,2.838988870382309,-200.0
-0.10593903064727783,-0.029950207471847512,2.3080278068780897,-200.0
-0.08497604727745056,-0.24345515817403793,2.9151257395744326,-200.0
-0.15787822008132935,-0.14111580848693847,2.1712951838970183,-200.0
-0.2695545181632042,-0.15363692343235016,2.7327948033809664,-200.0
-0.04716510772705079,-0.06188448071479796,1.5642220068722963,-200.0
-0.0321952521800995,-0.22138420343399046,2.0620251059532166,-200.0
-0.24991786032915114,-0.013177853822708141,3.0185593307018284,-200.0
-0.21327869296073915,-0.28161604106426236,1.8726920321583749,-200.0
-0.14504345655441284,-0.08391419649124146,2.403546929359436,-200.0
-0.13729394674301146,-0.2974538343027234,2.235151466727257,-200.0
-0.21922346055507658,-0.08675267100334166,2.9790882647037504,-200.0
-0.2574373483657837,-0.20796261727809906,1.513530584704131,-200.0
-0.02528802752494813,-0.007775115966796864,2.6822031021118162,-200.0
-0.04549355506896974,-0.1670208156108856,3.0874998927116395,-200.0
-0.27293925583362577,-0.06717628240585327,2.1308643907308578,-200.0
-0.1597614884376526,-0.22750700265169144,2.374541312456131,-200.0
-0.08253545165061951,-0.13824021220207214,1.8435786023736,-200.0
-0.09907758235931396,-0.19192270338535308,2.5560981035232544,-200.0
-0.18128173649311063,-0.023522329330444347,1.8122659012675286,-200.0
-0.2930307291448116,-0.28053502812981607,3.1183456242084504,-200.0
-0.061192721128463745,-0.10396469235420228,1.9497744679450988,-200.0
-0.008723652362823464,-0.24442602843046188,1.7038551218807698,-200.0
-0.23589471280574797,-0.12102840542793272,2.660384470224381,-200.0
-0.19918184280395507,-0.1830609619617462,2.257437068223953,-200.0
-0.12164450883865355,-0.05142928361892701,2.7882968544960023,-200.0
-0.11910724639892578,-0.2033243805170059,2.330083191394806,-200.0
-0.20109176337718965,-0.03085448741912844,2.8617185413837434,-200.0
-0.23806103020906447,-0.26384145990014074,1.617797428369522,-200.0
-0.00600333809852599,-0.10188751816749572,2.5737599611282347,-200.0
-0.06368876695632936,-0.26113319098949433,3.1783071160316467,-200.0
-0.29107960537075994,-0.12305508255958555,2.0093701660633085,-200.0
-0.17914745807647703,-0.17160878777503966,2.4564219534397127,-200.0
-0.1018299400806427,-0.04411071538925171,1.7127492666244506,-200.0
-0.07969154119491575,-0.2854479108005762,2.4346031188964847,-200.0
-0.1619873195886612,-0.07998813986778258,1.9030739098787308,-200.0
-0.27483544796705245,-0.22405193746089935,2.9875155031681064,-200.0
-0.043052440881729104,-0.010419917106628429,2.0316558688879014,-200.0
-0.028099894523620605,-0.15088128447532653,1.586484619602561,-200.0
-0.25517947822809217,-0.06454535722732543,2.7553169548511507,-200.0
-0.21736847162246703,-0.2395267993211746,2.1489931672811506,-200.0
-0.13977625966072083,-0.14495453238487244,2.8925644755363464,-200.0
-0.14258421063423157,-0.22731319069862366,1.8656733274459838,-200.0
-0.2151201367378235,-0.13849160671234131,2.3973102986812593,-200.0
-0.2521620959043503,-0.1656588703393936,2.108809107542038,-200.0
-0.02940638065338136,-0.06859179139137267,3.064770019054413,-200.0
-0.04959231019020083,-0.2093850016593933,2.7130396127700807,-200.0
-0.2676810264587402,-0.006410890817642234,1.544107529707253,-200.0
-0.15567518770694733,-0.29769835621118546,2.94823939204216,-200.0
-0.08780611753463743,-0.08656114339828491,2.2045618414878847,-200.0
-0.10316389203071594,-0.18741181790828704,2.819340479373932,-200.0
-0.17601106166839597,-0.047131866216659546,2.2878064066171646,-200.0
-0.2889319784939289,-0.2476013123989105,2.62932807803154,-200.0
-0.06645094156265258,-0.1179105520248413,1.6734733074903487,-200.0
-0.01399889588356018,-0.277410314977169,1.9720763832330706,-200.0
-0.23177636861801149,-0.10714226961135864,3.1409070909023287,-200.0
-0.19389156997203827,-0.18763214349746704,1.7900032252073288,-200.0
-0.12574782371520996,-0.0278708875179291,2.5335761547088627,-200.0
-0.12951881289482117,-0.26848138198256494,3.0332378923892978,-200.0
-0.18837710916996003,-0.09703688621520995,2.0772159814834597,-200.0
-0.22501617819070815,-0.19892262518405912,2.4188480496406557,-200.0
-0.016670644283294678,-0.035650330781936634,1.8872603490948676,-200.0
-0.07206897139549256,-0.17614370584487915,2.186285024881363,-200.0
-0.285086028277874,-0.0393839657306671,2.9300053358078006,-200.0
-0.17340969443321227,-0.2565434709191322,1.5790043283253907,-200.0
-0.10988001823425292,-0.12802001237869262,2.747881919145584,-200.0
-0.09275352358818054,-0.2192105859518051,1.6551866367459298,-200.0
-0.15130052268505095,-0.015069168806076061,2.6111039519309998,-200.0
-0.26440446004271506,-0.29023419991135596,2.322699883580208,-200.0
-0.05578429698944093,-0.0755767822265625,2.854186230897904,-200.0
-0.03382052779197692,-0.23479044288396833,2.5020340979099274,-200.0
-0.2471488907933235,-0.1494799017906189,1.7584199532866478,-200.0
-0.20900768637657163,-0.1558555483818054,3.162441396713257,-200.0
-0.14575263261795043,-0.05996491312980651,1.993666723370552,-200.0
-0.1342405915260315,-0.16100048124790192,2.648513907194138,-200.0
-0.2211502969264984,-0.07349724769592286,1.6924968853592872,-200.0
-0.2578632742166519,-0.23177032023668287,2.7770488500595096,-200.0
-0.021319717168807983,-0.1336778461933136,2.245456260442734,-200.0
-0.039217400550842274,-0.293218776024878,1.8007066175341606,-200.0
-0.2804323397576809,-0.09127004742622374,2.5444285750389097,-200.0
-0.16868338286876677,-0.21395629048347473,1.9380076646804811,-200.0
-0.07710215449333191,-0.001500713825225819,3.106883615255356,-200.0
-0.09747991561889649,-0.25249772518873215,2.1196099013090133,-200.0
-0.18407830595970154,-0.11324316859245301,3.0755255699157718,-200.0
-0.29725610883906484,-0.1826068103313446,1.8317015543580055,-200.0
-0.0604379117488861,-0.051597690582275396,2.363189548254013,-200.0
-0.0009734988212585227,-0.1923497378826141,2.967314976453781,-200.0
-0.24249975085258482,-0.02340005636215209,2.2236959427595138,-200.0
-0.20428597033023832,-0.2724911481142044,2.6706373333930973,-200.0
-0.11297938227653503,-0.11170451045036314,1.5018675427883863,-200.0
-0.11362994313240052,-0.27202086746692655,2.0713230043649675,-200.0
-0.20484288632869718,-0.11225962042808532,3.027549141645432,-200.0
-0.24192150682210922,-0.19303988814353942,1.8898724049329758,-200.0
-0.000342285633087136,-0.022771847248077404,2.4212558031082154,-200.0
-0.059823757410049444,-0.18198089003562928,2.932387149333954,-200.0
-0.29673603242263197,-0.05229012966156005,2.1888710647821426,-200.0
-0.18462029099464417,-0.25305054634809493,2.7421672284603122,-200.0
-0.0980741500854492,-0.11277059912681578,1.5730853352695704,-200.0
-0.0765625298023224,-0.21332793831825256,2.613690042495728,-200.0
-0.1680867701768875,-0.002190721035003673,1.6575684249401093,-200.0
-0.2810442723333835,-0.2937737429514527,2.848267263174057,-200.0
-0.03973968029022218,-0.09079962372779846,2.3169851422309877,-200.0
-0.021895748376846325,-0.2312976077198982,1.7527312278747558,-200.0
-0.25849672257900236,-0.13423052430152893,2.4961410701274875,-200.0
-0.22050209641456603,-0.16169277727603912,1.99607452750206,-200.0
-0.13368133306503296,-0.07287118434906006,3.165053427219391,-200.0
-0.14647654294967652,-0.15515638589859007,1.6865613125264645,-200.0
-0.20949102044105528,-0.0605841100215912,2.6427890837192534,-200.0
-0.24664336144924162,-0.23527002185583112,2.248032268881798,-200.0
-0.03311625123023987,-0.14893409013748168,2.7794140458106993,-200.0
-0.055097222328186035,-0.28969067707657814,2.5468197107315067,-200.0
-0.26395752802491185,-0.07605865001678466,1.8033084899187088,-200.0
-0.15176906883716582,-0.21982749402523039,3.101184731721878,-200.0
-0.09342153668403624,-0.014367717504501332,1.9320979684591295,-200.0
-0.10941367149353026,-0.25599751621484756,3.078127467632294,-200.0
-0.1727394640445709,-0.12849944829940796,2.1220009863376617,-200.0
-0.2857707303017378,-0.17676275968551636,2.3572799026966096,-200.0
-0.0725182592868805,-0.038684660196304343,1.8260026454925538,-200.0
-0.017173826694488525,-0.19822103083133696,2.217971169948578,-200.0
-0.22572281956672668,-0.0362670958042145,2.9613793909549715,-14.187873278317884
-0.18765543401241302,-0.26896310672163964,1.5042327607050539,-80.72971823652409
-0.12903326153755187,-0.09649322032928467,2.6732132911682127,15.756299019686686
-0.12634463310241698,-0.18811157941818235,2.867446607351303,16.19834294792548
-0.19443135559558866,-0.027324932813644398,2.336015483736992,-23.873583267919017
-0.2312541648745537,-0.27671100944280624,2.571391522884369,8.17564118430478
-0.013387101888656605,-0.10776132345199585,1.6152246750891208,-45.93388577318993
-0.06581729650497437,-0.24821807742118834,2.0067715615034105,-200.0
-0.28835579194128513,-0.11720895767211914,3.1759127378463745,13.134441632566705
-0.1765702486038208,-0.18686815202236173,1.7186556950211525,18.953731031971518
-0.10381194949150085,-0.04761359095573425,2.462124079465866,10.93369565178464
-0.08724929094314574,-0.2983175531029701,1.9006795570254327,-200.0
-0.15502475202083588,-0.08586198091506958,2.432004463672638,17.41710130996556
-0.26831244975328444,-0.20883919000625611,2.037358045578003,15.265123651215582
-0.05017070174217225,-0.006890469789505027,2.993421906232834,1.618424316633702
-0.029926371574401867,-0.16614073812961577,2.761249297857285,-56.53224327560932
-0.2527761206030846,-0.06804826855659485,1.5922126602381468,-200.0
-0.21452568769454955,-0.22661173939704893,2.8899917602539062,20.371078810624013
-0.14204208254814146,-0.1391085147857666,2.1466246783733367,21.654526457292356
-0.1404463469982147,-0.24021680653095245,2.4029958069324495,-31.10901590138135
-0.21783460378646852,-0.14432618021965027,1.871569572389126,22.57728416513122
-0.25473006069660187,-0.15041086077690125,3.062365508079529,21.427068620930335
-0.02741510868072511,-0.06510032415390016,2.10619378387928,14.485147622888151
-0.0423459470272064,-0.22460461556911468,1.5415182251483202,-200.0
-0.27433247566223146,-0.009947204589843772,2.7106610417366026,-200.0
-0.1624729961156845,-0.2848218474537134,2.210484102368355,-200.0
-0.08041330575942993,-0.0806804358959198,2.9539508402347563,14.219206724390872
-0.1013464629650116,-0.17216389775276184,2.2854278862476347,5.9671187963229215
-0.17842347621917726,-0.04364043474197388,2.8167511463165287,10.43484424588626
-0.29178372491151094,-0.2605049818754196,1.6791847936809063,-5.674638776605798
-0.06419409513473512,-0.12374523282051086,2.635250288248062,15.197461480874399
-0.006450408697128318,-0.2645338989794254,3.1468033611774446,-200.0
-0.23874818086624144,-0.10126159787178038,1.9777618408203126,6.039455405531331
-0.20042391121387482,-0.2028518110513687,2.530960881710053,20.633424752615273
-0.11863889694213867,-0.03140730857849122,1.7875986889004707,12.360713666249328
-0.12108669877052305,-0.18361364006996156,2.484879690408707,12.992174824708087
-0.1985298156738281,-0.05095657110214233,1.7407370448112487,-26.43505798291151
-0.2365245446562767,-0.24379996508359908,3.1531694889068604,19.74441660257182
-0.009301078319549572,-0.12172070145606995,1.984702903032303,-65.30071973797465
-0.06171424984931945,-0.28122503533959387,1.6457882463932036,-200.0
-0.293645772524178,-0.10333634018898011,2.602214658260346,-19.53806527739328
-0.1806883066892624,-0.1914522796869278,2.305412483215332,21.202983941799953
-0.09853699207305908,-0.024077296257019043,2.836584359407425,7.161930810821277
-0.08313122391700745,-0.22819944173097612,2.1769806414842607,-200.0
-0.16029971837997437,-0.1376142919063568,2.9210220098495485,18.62770726113151
-0.27241549640893936,-0.1665482461452484,1.5618174642324447,16.867574872216686
-0.04488072395324705,-0.06772910356521605,2.7301795303821565,13.976177208271569
-0.024655991792678855,-0.20851772725582124,3.0159699976444245,-200.0
-0.2568621441721916,-0.007304835319519032,2.0596465855836867,-200.0
-0.2197836309671402,-0.2968256251886487,2.4094691395759584,-200.0
-0.1379436135292053,-0.08744282126426697,1.8784035056829453,-200.0
-0.14455872774124146,-0.2822328060865402,2.976693886518478,-200.0
-0.21255396902561186,-0.08321260213851928,2.2325528621673585,-200.0
-0.25062124729156493,-0.22084053754806518,2.68790522813797,-200.0
-0.03269932866096498,-0.013659578561782848,1.5194370162673294,-200.0
-0.04761285781860353,-0.15411635935306547,2.136796683073044,-200.0
-0.27024297416210175,-0.06133852601051332,3.0932279586791993,-200.0
-0.1572116732597351,-0.24275585263967514,1.8410058617591858,-200.0
-0.08450837731361388,-0.14173486232757568,2.372172874212265,-200.0
-0.10660779476165771,-0.2048005700111389,1.8179939419031144,-200.0
-0.17432839572429656,-0.02940668463706969,2.5620304465293886,-200.0
-0.28651682026684283,-0.2653139144182205,1.9474059790372849,-200.0
-0.06828358769416809,-0.10042458772659302,3.11577290892601,-200.0
-0.010559213161468517,-0.2596748247742653,2.6577858150005342,-200.0
-0.23346396982669831,-0.12452294826507568,1.7014607816934586,-200.0
-0.19631152153015136,-0.1701564162969589,2.79420325756073,-200.0
-0.12391954064369201,-0.04559149146080016,2.263139244914055,-200.0
-0.12710030078887938,-0.24868137538433074,1.6040897082537413,-200.0
-0.19020625948905945,-0.11704970598220824,2.772601062059403,-200.0
-0.22845672816038132,-0.17878729104995728,2.157879167795181,-200.0
-0.014984482526779197,-0.05538967251777649,2.901966083049774,-200.0
-0.07448326349258422,-0.19614628851413726,2.4435702323913575,-200.0
-0.28325194381177426,-0.019575959444046,1.9123426005244255,-200.0
-0.1699643611907959,-0.27629311904311177,3.0051951944828037,-200.0
-0.11156181693077086,-0.10789275169372559,2.0488135695457457,-200.0
-0.09121845960617064,-0.16186827421188354,3.1871607422828676,-200.0
-0.15459911227226256,-0.0726014792919159,2.0187523692846296,-200.0
-0.2663847617805004,-0.2326412469148636,2.473994642496109,-200.0
-0.05322377085685731,-0.13279670476913452,1.730013944208622,-200.0
-0.03536052703857423,-0.2923330463469028,2.3477822870016096,-200.0
-0.24385452121496198,-0.09214553833007813,2.8789086163043978,-200.0
-0.20703174769878385,-0.21306510865688322,1.6267839714884758,-200.0
-0.148317950963974,-0.0023639380931854137,2.5830610513687136,-200.0
-0.1318262994289398,-0.21597731709480283,1.9630897641181946,-200.0
-0.22298438251018524,-0.018275463581085227,3.1316060006618502,-200.0
-0.261308616399765,-0.28700463138520715,1.7723040536046029,-200.0
-0.019637918472290017,-0.07879827618598936,2.516386079788208,-200.0
-0.04163591265678407,-0.23800735473632811,2.8017677903175358,-200.0
-0.2786031894385815,-0.14625490307807923,2.2705418050289152,-200.0
-0.1652428328990936,-0.15906642973423005,2.6204744517803196,-200.0
-0.07878831624984742,-0.05672707557678222,1.6640911802649498,-200.0
-0.09593991637229918,-0.26993912011384963,2.6953599214553834,-200.0
-0.18737267553806303,-0.09557062983512879,1.5269499082118272,-200.0
-0.29923204695805905,-0.20037662386894226,2.9392722785472873,-200.0
-0.05787259340286255,-0.034168946743011464,2.195293226838112,-200.0
-0.0025085628032684437,-0.174666890501976,1.8567872509360313,-200.0
-0.23920116126537322,-0.04083337783813479,2.3879086911678318,-200.0
-0.202305668592453,-0.25507264137268065,2.0912039428949356,-200.0
-0.11553990840911865,-0.12948233485221863,3.0474859118461612,-200.0
-0.11604416370391846,-0.21056238412857053,1.8361745476722717,-200.0
-0.20301105380058287,-0.005249065160751354,2.3670302808284758,-200.0
-0.2408220738172531,-0.2988825811073184,2.12511722445488,-200.0
-0.004367798566818237,-0.08539706468582153,3.0816522598266602,-200.0
-0.05740524530410768,-0.2261513605713844,2.689610779285431,-200.0
-0.29856299757957455,-0.13966891765594483,1.521038806065917,-200.0
-0.18571485579013824,-0.16449473798274994,2.984832543134689,-200.0
-0.0940443456172943,-0.06977600455284119,2.2410027980804443,-200.0
-0.07810238599777222,-0.2785944454371929,2.795805048942566,-200.0
-0.1647946536540985,-0.10597804784774781,2.264844796061516,-200.0
-0.2767267875373363,-0.18880938291549682,2.66623575091362,-200.0
-0.039961212873458885,-0.026708990335464478,1.7095994383096695,-200.0
-0.020360755920410145,-0.1862476497888565,1.9422633856534959,-200.0
-0.2617931306362152,-0.0483160078525543,3.110941594839096,-200.0
-0.22482387721538544,-0.24643941968679428,1.8064182430505753,-200.0
-0.13346466422080994,-0.11908786296844481,2.5503509879112247,-200.0
-0.14889516234397887,-0.2623157098889351,2.300594139099121,-200.0
-0.20766417682170868,-0.12188925147056578,2.831454735994339,-200.0
-0.2455489620566368,-0.17278899550437926,1.6341217577457428,-200.0
-0.037146234512329124,-0.042951786518096946,2.5906519293785095,-200.0
-0.052682894468307484,-0.2021585315465927,3.1548880100250245,-200.0
-0.2657892398536205,-0.032036948204040516,1.986317664384842,-200.0
-0.1528683364391327,-0.2626824617385864,2.493031316995621,-200.0
-0.08939584493637084,-0.10306772589683533,1.7491999506950378,-200.0
-0.11094884276390074,-0.1520614206790924,2.4110839009284977,-200.0
-0.16944321691989897,-0.06338628530502319,1.8801220268011094,-200.0
-0.281449069082737,-0.24070920199155807,3.0244329035282136,-200.0
-0.0727350354194641,-0.14378862977027893,2.067798212170601,-200.0
-0.01563379168510437,-0.2842889059334993,1.5566878471523524,-200.0
-0.22901477068662643,-0.08116827607154845,2.7253611862659453,-200.0
-0.19197279810905454,-0.2228860527276993,2.1654179126024244,-200.0
-0.12881162166595458,-0.011602377891540505,2.9093555212020874,-200.0
-0.12202396988868713,-0.29437997974455354,2.6255003154277805,-200.0
-0.19465370178222657,-0.0900920569896698,1.6690132841467857,-200.0
-0.2327949196100235,-0.2151197612285614,2.8132267594337463,-200.0
-0.010091865062713645,-0.00031589269638060413,2.282312053442001,-200.0
-0.07014282345771788,-0.15982247292995452,1.7707930520176887,-200.0
-0.2881377317011356,-0.07465839385986328,2.514563798904419,-200.0
-0.17503378093242644,-0.23058543205261228,1.9547306180000306,-200.0
-0.10711205005645752,-0.13484131693840026,3.1233506143093113,-200.0
-0.08614674210548401,-0.193513423204422,2.0893816620111467,-200.0
-0.1590511679649353,-0.022215378284454357,3.045974910259247,-200.0
-0.27072748839855193,-0.2736525245010853,1.8485318645834923,-200.0
-0.048335695266723655,-0.11052673459053039,2.3795495450496675,-200.0
-0.031024628877639793,-0.25131311416625973,2.944194382429123,-200.0
-0.24874484539031982,-0.11440685391426086,2.2003190904855727,-200.0
-0.21210578978061675,-0.18142904341220856,2.7071301698684693,-200.0
-0.14387279748916626,-0.05275912284851075,1.5384088741615414,-200.0
-0.1361209988594055,-0.1773100733757019,3.0102340281009674,-200.0
-0.2180528551340103,-0.038201969861984264,2.053748643398285,-200.0
-0.2562666222453117,-0.25770294964313506,2.4550421714782713,-200.0
-0.02411511540412903,-0.126840341091156,1.9241258189082147,-200.0
-0.04666643142700194,-0.2672993794083595,2.1563811361789704,-200.0
-0.27410993725061417,-0.09820318222045898,2.9001567721366883,-200.0
-0.16093214750289916,-0.1977429002523422,1.5957435321062803,-200.0
-0.08370843529701233,-0.03680979609489443,2.7643586456775666,-200.0
-0.10024831295013428,-0.23595010936260224,1.6249746605753899,-200.0
-0.18245484530925749,-0.14830037355422973,2.581563019752503,-200.0
-0.29420381560921666,-0.15702205896377563,2.339539870619774,-200.0
-0.06236355900764465,-0.05878313183784484,2.8705624401569367,-200.0
-0.007552850246429432,-0.21803111135959624,2.4789297163486483,-200.0
-0.2347216710448265,-0.016228848695755027,1.7350527778267861,-200.0
-0.19800868034362792,-0.2890524253249168,3.1989439606666568,-200.0
-0.12047372460365294,-0.07674336433410645,2.030224308371544,-200.0
-0.11793437004089355,-0.2333442226052284,3.0993754208087925,-200.0
-0.19992108643054962,-0.1321767210960388,1.9305999368429183,-200.0
-0.23689037561416626,-0.16374768018722533,2.5385772943496705,-200.0
-0.004830354452133201,-0.0708233892917633,1.7949623137712478,-200.0
-0.0648617148399353,-0.21128245890140535,2.252967342734337,-200.0
-0.2922502152621746,-0.004247957468032859,2.784452879428864,-200.0
-0.18031818866729737,-0.29171767886728045,1.6983445309102536,-200.0
-0.1030028522014618,-0.09284398555755616,2.6542610228061676,-200.0
-0.08086234331130981,-0.17934833765029906,1.5092715959064662,-200.0
-0.1631603568792343,-0.05492987036705016,2.678148365020752,-200.0
-0.27600860595703125,-0.25040970146656033,2.229443109035492,-200.0
-0.04422320723533629,-0.11540433168411254,2.97316260933876,-200.0
-0.026929163932800315,-0.2746522843837738,2.3557818710803984,-200.0
-0.25400636494159695,-0.10961644649505614,1.8241933345794679,-200.0
-0.2161953806877136,-0.19568189084529874,3.069781291484833,-200.0
-0.13860542178153992,-0.02014154791831968,2.113758569955826,-200.0
-0.14141108393669127,-0.20086389183998107,2.740344947576523,-200.0
-0.21394933462142945,-0.03363536596298217,1.5715743336826562,-200.0
-0.2509912714362144,-0.2715936630964279,2.924131762981415,-200.0
-0.02823336124420167,-0.0938514769077301,2.1805119186639788,-200.0
-0.05076536536216736,-0.2533580973744392,1.8947945088148117,-200.0
-0.26885189563035966,-0.13113232254981994,2.4262816667556764,-200.0
-0.15684593617916107,-0.17412878572940826,2.0830932527780535,-200.0
-0.08897920846939086,-0.04132525920867919,3.0390081107616425,-200.0
-0.10433451533317564,-0.2876337569206953,2.001100391149521,-200.0
-0.17718408107757566,-0.07810444235801697,3.169975531101227,-200.0
-0.2901048772037029,-0.21778287291526793,1.7641901969909668,-200.0
-0.06762160062789918,-0.016423523426055908,2.5079113185405735,-200.0
-0.012828201055526733,-0.1572098582983017,2.846756261587143,-200.0
-0.23060342520475385,-0.05853717327117919,2.315162861347199,-200.0
-0.19271860420703887,-0.23731806725263593,2.6053308963775637,-200.0
-0.12457723617553709,-0.1468794286251068,1.6493130512535572,-200.0
-0.13068965077400208,-0.16818507313728331,2.212098863720894,-200.0
-0.18955014646053314,-0.06599217653274536,2.9556693613529204,-200.0
-0.2261893093585968,-0.22866894900798795,1.5499811310321092,-200.0
-0.01784144639968871,-0.1370630085468292,2.718812668323517,-200.0
-0.07089820504188538,-0.2962697949260473,3.057235884666443,-200.0
-0.2839129239320755,-0.08791692852973937,2.101375439763069,-200.0
-0.17223663926124572,-0.20678543150424955,2.3914330780506132,-200.0
-0.10870914459228515,-0.00893712043762207,1.8599030837416648,-200.0
-0.09158061146736143,-0.2455878049135208,2.5261425375938416,-200.0
-0.15012984573841096,-0.11985098719596862,1.7824690654873847,-200.0
-0.263233832269907,-0.18422500491142274,3.1351368725299835,-200.0
-0.05461127758026124,-0.05024503469467162,1.9661991119384767,-200.0
-0.03499351143836976,-0.19074526727199553,1.6809033021330833,-200.0
-0.24831949174404144,-0.024684047698974587,2.636865049600601,-200.0
-0.21017838120460508,-0.27935071438550946,2.2935795128345493,-200.0
-0.14692558050155638,-0.10512873530387878,2.8252140522003177,-200.0
-0.13541125059127807,-0.26717445775866505,1.7202574864029885,-200.0
-0.22232328057289125,-0.0986275792121887,2.4638296306133274,-200.0
-0.2590361639857292,-0.20548464059829713,2.0152214974164964,-200.0
-0.02249041199684143,-0.02876785397529602,3.1840513944625854,-200.0
-0.038046669960021984,-0.16952218115329742,2.56624892950058,-200.0
-0.2792594231665134,-0.04627102017402651,1.6103933610022068,-200.0
-0.16751041710376738,-0.2578732788562775,2.855870908498764,-200.0
-0.07593153119087218,-0.1263881206512451,2.3243360251188276,-200.0
-0.09630675315856932,-0.22254999876022338,2.885160446166992,-200.0
-0.18290753960609435,-0.011995285749435425,2.1414820849895477,-200.0
-0.2960852935910225,-0.28277494981884954,2.7495698392391206,-200.0
-0.059264856576919545,-0.08273395299911498,1.5806369550526143,-200.0
-0.002146589756011952,-0.24227258563041687,2.039063596725464,-200.0
-0.2436705932021141,-0.14228153228759766,2.99502369761467,-200.0
-0.2054567188024521,-0.1524566262960434,1.9088182136416436,-200.0
-0.1141525089740753,-0.06304337382316588,2.440454399585724,-200.0
-0.11373966336250305,-0.2418750375509262,1.7984600260853767,-200.0
-0.20531854927539825,-0.142615270614624,2.54255096912384,-200.0
-0.2432033836841583,-0.15323867797851562,1.9269931703805923,-200.0
-0.001990628242492687,-0.06221525073051454,3.095511788129807,-200.0
-0.05971375107765198,-0.2217218667268753,2.650754874944687,-200.0
-0.29625950641930104,-0.012777346372604359,1.694380520284176,-200.0
-0.18333869576454162,-0.28310868591070176,2.7880573153495787,-200.0
-0.09642666578292847,-0.08233641386032103,2.256833711266518,-200.0
-0.07579334378242492,-0.16927886009216309,2.969562429189682,-200.0
-0.1670975536108017,-0.04646828770637512,2.2255727887153625,-200.0
-0.2791034996509552,-0.2587941080331802,2.681652688980103,-200.0
-0.03757950067520144,-0.1254034996032715,1.5132386131212114,-200.0
-0.022664648294448864,-0.2661898389458656,2.117369693517685,-200.0
-0.25948508083820343,-0.09954839944839478,3.073641073703766,-200.0
-0.2224431574344635,-0.20568191707134248,1.820693849027157,-200.0
-0.13584237098693847,-0.028524523973464944,2.3518112361431123,-200.0
-0.1465132713317871,-0.18998953700065613,2.183182415366173,-200.0
-0.21004076600074767,-0.025540781021118175,2.9272717118263243,-200.0
-0.24785173684358597,-0.27975855544209477,1.5687939658761025,-200.0
-0.03483701348304746,-0.10480300784111021,2.7373142302036286,-200.0
-0.05506078004837037,-0.24526208639144897,3.036334878206253,-200.0
-0.26340864747762677,-0.12025882601737975,2.0799556344747545,-200.0
-0.15056041181087493,-0.185081747174263,2.4290523767471317,-200.0
-0.09169991612434386,-0.049489295482635476,1.8978336617350577,-200.0
-0.1085715651512146,-0.29535927129909395,2.5051375687122346,-200.0
-0.1718243658542633,-0.08890956044197082,1.7611527919769288,-200.0
-0.28375640586018563,-0.20705507397651673,3.172652614116669,-200.0
-0.07043042778968811,-0.008768463134765647,2.0042336523532867,-200.0
-0.01801621913909912,-0.16801640689373015,1.652090410888195,-200.0
-0.2266387715935707,-0.06626182794570923,2.6083634376525877,-200.0
-0.189669468998909,-0.2296615719795227,2.312496316432953,-200.0
-0.1311202347278595,-0.13615248799324034,2.8436120569705965,-200.0
-0.12440410852432252,-0.15818561911582946,2.7157213568687437,-200.0
-0.1922708362340927,-0.05760748386383058,1.547262015938759,-200.0
-0.2304847240447998,-0.2371296688914299,2.9588589608669285,-200.0
-0.012398189306259133,-0.14713162779808045,2.214720317721367,-200.0
-0.06775867938995361,-0.28788596391677856,1.8629855543375016,-200.0
-0.29051659293472765,-0.0779160439968109,2.394161331653595,-200.0
-0.17733882665634154,-0.216853192448616,2.0981839150190353,-200.0
-0.10480057597160339,-0.017399275302886985,3.05461757183075,-200.0
-0.088531494140625,-0.2541950896382332,1.969395399093628,-200.0
-0.15667286217212675,-0.13035913109779357,3.137751740217209,-200.0
-0.26842185482382774,-0.1737861692905426,1.7793844163417816,-200.0
-0.05064663290977478,-0.041713929176330544,2.523416817188263,-200.0
-0.028645026683807362,-0.20125255286693572,2.8220291137695312,-200.0
-0.25112830102443695,-0.03329275846481322,2.290954512357712,-200.0
-0.21441543102264404,-0.2708204627037048,2.6399541318416597,-200.0
-0.14156586527824402,-0.09468846917152404,1.6836249947547912,-200.0
-0.13843175768852234,-0.2748303763568401,3.180132842063904,-200.0
-0.2157470941543579,-0.10935623645782469,2.011668637394905,-200.0
-0.25388819128274914,-0.1946798086166382,2.4678456604480745,-200.0
-0.026499688625335693,-0.02104262709617616,1.7237118810415268,-200.0
-0.04435967803001406,-0.1802494078874588,2.32825143635273,-200.0
-0.2764197014272213,-0.05392779707908629,2.8594256937503815,-200.0
-0.16331572830677032,-0.25014948695898054,1.6063680976629258,-200.0
-0.08132901191711425,-0.11558243036270141,2.5628033757209776,-200.0
-0.10255452990531921,-0.21159875392913818,1.5846596598625182,-200.0
-0.18014448881149292,-0.00383067727088926,2.753017622232437,-200.0
-0.29182078801095485,-0.2908703941851854,2.1375702202320097,-200.0
-0.06474359035491944,-0.09360916614532469,2.8816009998321537,-200.0
-0.005241483449935913,-0.23410940319299697,2.4364357352256776,-200.0
-0.2370268777012825,-0.13132942914962767,1.9053659975528716,-200.0
-0.20038770139217377,-0.1633304089307785,2.9989456951618196,-200.0
-0.11808968782424925,-0.07113967537879945,2.0426116943359376,-200.0
-0.12031779885292052,-0.2189516544342041,3.0852068424224854,-200.0
-0.19754151105880735,-0.015243941545486472,2.129032737016678,-200.0
-0.23458347022533416,-0.28880938366055486,2.3635845243930818,-200.0
-0.007139968872070301,-0.07694091796875,1.8321493729948997,-200.0
-0.062483435869216924,-0.2361476719379425,2.237449836730957,-200.0
-0.29463493935763835,-0.1480573296546936,2.9809141933917997,-200.0
-0.18262909948825834,-0.1560371607542038,1.524493094626814,-200.0
-0.10069724321365356,-0.05970366597175597,2.6936270117759706,-200.0
-0.08324123024940491,-0.2680817238986492,1.7061473108828067,-200.0
-0.16077618598937987,-0.09737534523010252,2.6622168838977815,-200.0
-0.2736971028149128,-0.19734506607055663,2.2683929949998856,-200.0
-0.04652827978134155,-0.03714324831962584,2.7997268438339233,-200.0
-0.02454628944396975,-0.17764351665973663,2.5537989735603333,-200.0
-0.2563865303993225,-0.037804144620895375,1.8104408338665963,-200.0
-0.2185017317533493,-0.2568751037120819,3.10738235116005,-200.0
-0.13629519939422607,-0.12762268781661987,1.9383513689041139,-200.0
-0.14371626377105712,-0.251582470536232,2.593380081653595,-200.0
-0.21163799464702604,-0.1142379105091095,1.6372043423354625,-200.0
-0.24860726594924926,-0.1805188000202179,2.828836220502853,-200.0
-0.030612355470657326,-0.053752040863037115,2.2974027156829835,-200.0
-0.0484550356864929,-0.19450633227825165,1.7464807406067848,-200.0
-0.2711580879986286,-0.0213051438331604,2.48994020819664,-200.0
-0.1592259407043457,-0.27348357886075975,1.9889390170574188,-200.0
-0.08659620881080626,-0.11079609990119935,3.1580778121948243,-200.0
-0.10664430856704712,-0.1602306067943573,2.06517331302166,-200.0
-0.17487730085849762,-0.07433295249938965,3.0212477624416354,-200.0
-0.2877254281193018,-0.22982941567897797,1.8828438207507134,-200.0
-0.07000520825386047,-0.13569776415824888,2.4141727805137636,-200.0
-0.010522413253784169,-0.2952364280819893,2.911970591545105,-200.0
-0.23291421085596084,-0.08933603167533874,2.16861409842968,-200.0
-0.19510320425033567,-0.21479432880878446,2.7226356685161592,-200.0
-0.12219877839088439,-0.0007240176200866699,1.5536031030118465,-200.0
-0.12838157415390014,-0.2839460067451,2.2791743338108064,-200.0
-0.19185406565666197,-0.08155665993690489,2.810553729534149,-200.0
-0.22856704294681549,-0.22372332215309143,1.6720523484051228,-200.0
-0.015460699796676636,-0.010829472541809104,2.6282712280750276,-200.0
-0.07320113182067872,-0.15128850638866423,3.1264903604984284,-200.0
-0.28160385712981223,-0.06422356367111207,1.9574012160301208,-200.0
-0.16985490024089814,-0.24109758585691451,2.5115328788757325,-200.0
-0.11108588576316833,-0.14344573616981507,1.7680127918720245,-200.0
-0.08927714824676514,-0.2019704282283783,2.382582288980484,-200.0
-0.1524383246898651,-0.03228943347930907,1.851309135556221,-200.0
-0.26561612784862515,-0.2636579342186451,3.042830908298493,-200.0
-0.05223514437675475,-0.10213775038719178,2.0867150157690046,-200.0
-0.03730098009109495,-0.2613857343792915,1.5353716053068638,-200.0
-0.24601501822471616,-0.12286471724510192,2.7043562173843387,-200.0
-0.2078012377023697,-0.17304148972034453,2.203452453017235,-200.0
-0.14930686354637146,-0.04276367425918581,2.9468712627887728,-200.0
-0.13303522467613219,-0.18540008068084718,1.9201616942882538,-200.0
-0.22470573484897613,-0.049080902338027976,2.451536226272583,-200.0
-0.26134480386972425,-0.24675599187612532,2.0576149106025694,-200.0
-0.02018705606460569,-0.11867086887359618,3.0138386666774752,-200.0
-0.04042784571647645,-0.2781774580478668,2.7683321177959446,-200.0
-0.27688211649656297,-0.10629462003707885,1.5992413394153118,-200.0
-0.16520578265190125,-0.18957428634166718,2.8962929368019106,-200.0
-0.0782388925552368,-0.025861412286758423,2.1527744710445402,-200.0
-0.09392618536949157,-0.22514957338571548,2.8744224250316623,-200.0
-0.18528539836406707,-0.1405702829360962,2.3431508928537372,-200.0
-0.2983893368393183,-0.16467254161834716,2.5775925874710084,-200.0
-0.056956958770751964,-0.06951550841331483,1.6214750610291957,-200.0
-0.004523152112960838,-0.21030187904834746,2.0263540893793106,-200.0
-0.24128872901201248,-0.00542687773704531,3.1953435778617862,-200.0
-0.20314752459526061,-0.299783939961344,1.7390198916196824,-200.0
-0.11645525693893433,-0.08439527750015258,2.4824338376522066,-200.0
-0.1160070776939392,-0.1755968749523163,1.980787390470505,-200.0
-0.20246159434318542,-0.03985791206359862,3.1496149063110352,-200.0
-0.23961402922868727,-0.25482016503810884,1.7447622194886208,-200.0
-0.002646750211715676,-0.12967044711112977,2.488325446844101,-200.0
-0.05744147300720215,-0.2701272346079349,2.8405027091503143,-200.0
-0.29911217344924806,-0.09531814455986024,2.3089654445648193,-200.0
-0.18692376315593717,-0.19940116703510286,2.598198425769806,-200.0
-0.09576568007469177,-0.03509892225265504,1.6423339657485485,-200.0
-0.07894427776336668,-0.23878025114536283,2.734198397397995,-200.0
-0.16571003794670106,-0.14541762471199035,1.5652695916593076,-200.0
-0.27874135226011276,-0.15867803692817686,2.9171002149581913,-200.0
-0.0420487582683563,-0.057069969177246105,2.1734324425458906,-200.0
-0.019518005847930897,-0.21632020175457,1.8743809148669244,-200.0
-0.2608774557709694,-0.017887079715728782,2.4060211539268495,-200.0
-0.22281016409397125,-0.28616734966635704,2.0635585516691206,-200.0
-0.1313774049282074,-0.07957118153572082,3.0195292413234713,-200.0
-0.14878572821617125,-0.2925935391336679,1.516354436427355,-200.0
-0.20718826353549957,-0.09196772575378417,2.6851770758628843,-200.0
-0.24426679015159605,-0.21216373443603515,2.235744285583496,-200.0
-0.0354981064796448,-0.00336572527885437,2.979312402009964,-200.0
-0.05279318690299989,-0.16287005245685576,2.375263983011246,-200.0
-0.2662654370069504,-0.07170011401176452,1.8437250718474387,-200.0
-0.1541496455669403,-0.2324634253978729,3.0900381565093995,-200.0
-0.09104368686676026,-0.13305720090866088,2.134175330400467,-200.0
-0.11171831488609313,-0.1965632915496826,3.118958050012589,-200.0
-0.17043211162090302,-0.019259387254714988,1.950030878186226,-200.0
-0.2833895646035671,-0.27552822679281236,2.5589415669441227,-200.0
-0.07489557266235353,-0.10874032974243164,1.8152721479535103,-200.0
-0.014865177869796742,-0.2495289623737335,2.2599430590867997,-200.0
-0.22802616655826569,-0.11628481149673461,2.7915881872177124,-200.0
-0.1900314509868622,-0.17847072780132295,1.7045455195009709,-200.0
-0.12665079832077025,-0.05580666661262512,2.6605113327503203,-200.0
-0.12403827309608459,-0.2593413725495338,2.904639112949371,-200.0
-0.1967415690422058,-0.12492077350616454,2.1610168874263764,-200.0
-0.23363704830408094,-0.17098424434661866,2.7698301494121553,-200.0
-0.011006927490234353,-0.044809144735336315,1.6010506503283977,-200.0
-0.06812880635261537,-0.20401821434497833,2.0461429715156556,-200.0
-0.2860507294535637,-0.030234521627426125,3.002055448293686,-200.0
-0.17419137060642242,-0.26571173295378686,1.9151228606700896,-200.0
-0.106196129322052,-0.10009113550186158,2.446601152420044,-200.0
-0.08493838906288145,-0.15391881465911864,1.7272366732358932,-200.0
-0.15733036994934083,-0.06158156991004943,2.4709618985652924,-200.0
-0.27069073989987374,-0.2437407597899437,2.0214190155267717,-200.0
-0.047785985469818104,-0.14081432819366455,3.190304744243622,-200.0
-0.03223326802253723,-0.2813122797757387,2.5858350038528446,-200.0
-0.2504664972424507,-0.08419750928878783,1.6298212371766567,-73.14397465156485
-0.21214224994182584,-0.22108359038829803,2.876231634616852,20.562112782084863
-0.144421648979187,-0.013462024927139271,2.344648924469948,0.8044570822143013
-0.1380617380142212,-0.2076612889766693,2.5198920249938963,7.503209126804482
-0.2202130526304245,-0.008060860633850087,1.7762681782245635,-200.0
-0.2570358395576477,-0.29715107353404163,3.1280013620853424,13.380433249717449
-0.02510431408882141,-0.08703469634056091,1.95922349691391,7.776331254891776
-0.044725406169891346,-0.22779132127761842,1.6605933792889118,-200.0
-0.2719488747417927,-0.13793973326683043,2.6165009796619416,20.216052373243514
-0.16016321182250975,-0.16730428040027617,2.2741484701633454,22.062457666861356
-0.0827200949192047,-0.06687265634536743,2.805631625652313,12.058742120876541
-0.09896646738052367,-0.28023211061954495,2.191682204604149,-200.0
-0.18080648481845857,-0.10424657464027404,2.9354122936725617,17.404428848253904
-0.294094062410295,-0.19162121415138245,1.530449498258531,13.036813587751423
-0.06188791394233703,-0.023807930946350087,2.699330353736878,4.96827220043355
-0.008834409713745106,-0.18334426581859586,3.0510862946510318,-200.0
-0.23636917769908905,-0.05112551450729369,2.095074161887169,-71.73351612777435
-0.19811872243881223,-0.24471019953489304,2.384404569864273,10.842956093285611
-0.12095022797584534,-0.12072778344154358,1.852820137143135,21.829450797868066
-0.11877704858779906,-0.26414522677659985,2.4172821283340458,-200.0
-0.20083674788475037,-0.10160422325134277,1.8863746672868729,21.751461856907454
-0.23890413790941237,-0.20362499356269836,3.0314127743244175,19.035452451363405
-0.006917613744735707,-0.030570316314697255,2.0749297708272936,9.159437310410704
-0.06401989459991456,-0.17132689654827118,1.5770493522286415,-200.0
-0.2913348427042365,-0.044413626194000244,2.7456733763217924,-200.0
-0.1783035635948181,-0.26084758043289186,2.1850046455860137,-25.989193077962668
-0.10091530680656433,-0.12335656285285948,2.9287827134132387,19.458714535530156
-0.08082618713378906,-0.22435242533683775,2.3208554625511173,-200.0
-0.1626112014055252,-0.010135602951049816,2.8518674433231355,-0.8101941475259373
-0.27479964718222616,-0.2857515379786491,1.653601412475109,-14.530703433725776
-0.04250187277793882,-0.07970468401908873,2.610185718536377,15.537045091183424
-0.026966178417205833,-0.23924106359481812,3.161193645000458,-200.0
-0.2545558109879494,-0.1452558696269989,1.992463403940201,21.84458740974834
-0.21740348339080812,-0.150599268078804,2.5001117050647736,20.626033861279385
-0.14032647013664246,-0.06484812498092651,1.7562307134270667,18.73522951625985
-0.14217971563339232,-0.16537556648254395,2.77627409696579,21.94021833992177
-0.21493799686431886,-0.06889556050300599,2.2453617721796038,2.1200949686153265
-0.25293260514736177,-0.2270290285348892,2.6458198010921476,17.336250525188117
-0.030394113063812234,-0.13879222869873045,1.6893416866660118,-200.0
-0.049995893239975,-0.29800126841291785,1.9352355867624285,-200.0
-0.26786295399069787,-0.08627926111221312,3.1038579642772675,4.061940481503068
-0.15490546524524687,-0.20968649089336394,1.8002693369984626,1.6048574970172744
-0.08681874275207518,-0.006125289201736439,2.5440490007400514,5.011991810554932
-0.10422422289848327,-0.24731698930263518,1.8290400251746177,-200.0
-0.17670782804489135,-0.11821103096008301,2.3600536525249485,19.601233669475175
-0.28882358372211453,-0.18712835311889647,2.118867725133896,20.84335340906842
-0.06597383022308351,-0.047435492277145386,3.075450384616852,8.390199503937543
-0.01293763518333435,-0.18793348073959348,2.6701807498931887,-200.0
-0.2310793876647949,-0.027585142850875877,1.501455396320671,-200.0
-0.19400075376033782,-0.2777130827307701,2.964523595571518,-1.623141118660829
-0.1262252926826477,-0.1068602442741394,2.2206377148628236,18.521891325297627
